sensor_id,location_name,locality,latitude,longitude,datetime_utc,datetime_local,pm25_ugm3,coverage
6909373,Manila,N/A,14.57711,120.9778,2023-09-06 21:00:00+00:00,2023-09-07T05:00:00+08:00,13.7,100.0
6909373,Manila,N/A,14.57711,120.9778,2023-09-06 22:00:00+00:00,2023-09-07T06:00:00+08:00,14.8,100.0
6909373,Manila,N/A,14.57711,120.9778,2023-09-06 23:00:00+00:00,2023-09-07T07:00:00+08:00,13.8,100.0
6909373,Manila,N/A,14.57711,120.9778,2023-09-07 00:00:00+00:00,2023-09-07T08:00:00+08:00,16.3,100.0
6909373,Manila,N/A,14.57711,120.9778,2023-09-07 01:00:00+00:00,2023-09-07T09:00:00+08:00,16.6,100.0
6909373,Manila,N/A,14.57711,120.9778,2023-09-07 02:00:00+00:00,2023-09-07T10:00:00+08:00,19.0,100.0
6909373,Manila,N/A,14.57711,120.9778,2023-09-07 03:00:00+00:00,2023-09-07T11:00:00+08:00,20.6,100.0
6909373,Manila,N/A,14.57711,120.9778,2023-09-07 04:00:00+00:00,2023-09-07T12:00:00+08:00,15.4,100.0
6909373,Manila,N/A,14.57711,120.9778,2023-09-07 05:00:00+00:00,2023-09-07T13:00:00+08:00,14.8,100.0
6909373,Manila,N/A,14.57711,120.9778,2023-09-07 06:00:00+00:00,2023-09-07T14:00:00+08:00,19.4,100.0
6909373,Manila,N/A,14.57711,120.9778,2023-09-07 07:00:00+00:00,2023-09-07T15:00:00+08:00,15.5,100.0
6909373,Manila,N/A,14.57711,120.9778,2023-09-07 08:00:00+00:00,2023-09-07T16:00:00+08:00,30.2,100.0
6909373,Manila,N/A,14.57711,120.9778,2023-09-07 09:00:00+00:00,2023-09-07T17:00:00+08:00,52.5,100.0
6909373,Manila,N/A,14.57711,120.9778,2023-09-07 10:00:00+00:00,2023-09-07T18:00:00+08:00,45.6,100.0
6909373,Manila,N/A,14.57711,120.9778,2023-09-07 11:00:00+00:00,2023-09-07T19:00:00+08:00,54.0,100.0
6909373,Manila,N/A,14.57711,120.9778,2023-09-07 12:00:00+00:00,2023-09-07T20:00:00+08:00,14.3,100.0
6909373,Manila,N/A,14.57711,120.9778,2023-09-07 13:00:00+00:00,2023-09-07T21:00:00+08:00,11.3,100.0
6909373,Manila,N/A,14.57711,120.9778,2023-09-07 14:00:00+00:00,2023-09-07T22:00:00+08:00,10.6,100.0
6909373,Manila,N/A,14.57711,120.9778,2023-09-07 15:00:00+00:00,2023-09-07T23:00:00+08:00,15.6,100.0
6909373,Manila,N/A,14.57711,120.9778,2023-09-07 16:00:00+00:00,2023-09-08T00:00:00+08:00,19.5,100.0
6909373,Manila,N/A,14.57711,120.9778,2023-09-07 17:00:00+00:00,2023-09-08T01:00:00+08:00,23.5,100.0
6909373,Manila,N/A,14.57711,120.9778,2023-09-07 18:00:00+00:00,2023-09-08T02:00:00+08:00,22.9,100.0
6909373,Manila,N/A,14.57711,120.9778,2023-09-07 19:00:00+00:00,2023-09-08T03:00:00+08:00,28.6,100.0
6909373,Manila,N/A,14.57711,120.9778,2023-09-07 20:00:00+00:00,2023-09-08T04:00:00+08:00,25.8,100.0
6909373,Manila,N/A,14.57711,120.9778,2023-09-07 21:00:00+00:00,2023-09-08T05:00:00+08:00,33.2,100.0
6909373,Manila,N/A,14.57711,120.9778,2023-09-07 22:00:00+00:00,2023-09-08T06:00:00+08:00,40.9,100.0
6909373,Manila,N/A,14.57711,120.9778,2023-09-07 23:00:00+00:00,2023-09-08T07:00:00+08:00,33.1,100.0
6909373,Manila,N/A,14.57711,120.9778,2023-09-08 00:00:00+00:00,2023-09-08T08:00:00+08:00,18.3,100.0
6909373,Manila,N/A,14.57711,120.9778,2023-09-08 01:00:00+00:00,2023-09-08T09:00:00+08:00,23.8,100.0
6909373,Manila,N/A,14.57711,120.9778,2023-09-08 02:00:00+00:00,2023-09-08T10:00:00+08:00,40.9,100.0
6909373,Manila,N/A,14.57711,120.9778,2023-09-08 03:00:00+00:00,2023-09-08T11:00:00+08:00,46.1,100.0
6909373,Manila,N/A,14.57711,120.9778,2023-09-08 04:00:00+00:00,2023-09-08T12:00:00+08:00,40.1,100.0
6909373,Manila,N/A,14.57711,120.9778,2023-09-08 05:00:00+00:00,2023-09-08T13:00:00+08:00,36.6,100.0
6909373,Manila,N/A,14.57711,120.9778,2023-09-08 06:00:00+00:00,2023-09-08T14:00:00+08:00,22.5,100.0
6909373,Manila,N/A,14.57711,120.9778,2023-09-08 07:00:00+00:00,2023-09-08T15:00:00+08:00,28.8,100.0
6909373,Manila,N/A,14.57711,120.9778,2023-09-08 08:00:00+00:00,2023-09-08T16:00:00+08:00,35.7,100.0
6909373,Manila,N/A,14.57711,120.9778,2023-09-08 09:00:00+00:00,2023-09-08T17:00:00+08:00,11.8,100.0
6909373,Manila,N/A,14.57711,120.9778,2023-09-08 10:00:00+00:00,2023-09-08T18:00:00+08:00,10.5,100.0
6909373,Manila,N/A,14.57711,120.9778,2023-09-08 11:00:00+00:00,2023-09-08T19:00:00+08:00,9.5,100.0
6909373,Manila,N/A,14.57711,120.9778,2023-09-08 12:00:00+00:00,2023-09-08T20:00:00+08:00,8.4,100.0
6909373,Manila,N/A,14.57711,120.9778,2023-09-08 13:00:00+00:00,2023-09-08T21:00:00+08:00,15.4,100.0
6909373,Manila,N/A,14.57711,120.9778,2023-09-08 14:00:00+00:00,2023-09-08T22:00:00+08:00,24.3,100.0
6909373,Manila,N/A,14.57711,120.9778,2023-09-08 15:00:00+00:00,2023-09-08T23:00:00+08:00,31.7,100.0
6909373,Manila,N/A,14.57711,120.9778,2023-09-08 16:00:00+00:00,2023-09-09T00:00:00+08:00,31.7,100.0
6909373,Manila,N/A,14.57711,120.9778,2023-09-08 17:00:00+00:00,2023-09-09T01:00:00+08:00,33.3,100.0
6909373,Manila,N/A,14.57711,120.9778,2023-09-08 18:00:00+00:00,2023-09-09T02:00:00+08:00,34.5,100.0
6909373,Manila,N/A,14.57711,120.9778,2023-09-08 19:00:00+00:00,2023-09-09T03:00:00+08:00,31.9,100.0
6909373,Manila,N/A,14.57711,120.9778,2023-09-08 20:00:00+00:00,2023-09-09T04:00:00+08:00,34.6,100.0
6909373,Manila,N/A,14.57711,120.9778,2023-09-08 21:00:00+00:00,2023-09-09T05:00:00+08:00,31.9,100.0
6909373,Manila,N/A,14.57711,120.9778,2023-09-08 22:00:00+00:00,2023-09-09T06:00:00+08:00,38.3,100.0
6909373,Manila,N/A,14.57711,120.9778,2023-09-08 23:00:00+00:00,2023-09-09T07:00:00+08:00,36.1,100.0
6909373,Manila,N/A,14.57711,120.9778,2023-09-09 00:00:00+00:00,2023-09-09T08:00:00+08:00,33.0,100.0
6909373,Manila,N/A,14.57711,120.9778,2023-09-09 01:00:00+00:00,2023-09-09T09:00:00+08:00,31.9,100.0
6909373,Manila,N/A,14.57711,120.9778,2023-09-09 02:00:00+00:00,2023-09-09T10:00:00+08:00,27.7,100.0
6909373,Manila,N/A,14.57711,120.9778,2023-09-09 03:00:00+00:00,2023-09-09T11:00:00+08:00,25.8,100.0
6909373,Manila,N/A,14.57711,120.9778,2023-09-09 04:00:00+00:00,2023-09-09T12:00:00+08:00,27.1,100.0
6909373,Manila,N/A,14.57711,120.9778,2023-09-09 05:00:00+00:00,2023-09-09T13:00:00+08:00,30.8,100.0
6909373,Manila,N/A,14.57711,120.9778,2023-09-09 06:00:00+00:00,2023-09-09T14:00:00+08:00,34.4,100.0
6909373,Manila,N/A,14.57711,120.9778,2023-09-09 07:00:00+00:00,2023-09-09T15:00:00+08:00,38.6,100.0
6909373,Manila,N/A,14.57711,120.9778,2023-09-09 08:00:00+00:00,2023-09-09T16:00:00+08:00,27.3,100.0
6909373,Manila,N/A,14.57711,120.9778,2023-09-09 09:00:00+00:00,2023-09-09T17:00:00+08:00,33.4,100.0
6909373,Manila,N/A,14.57711,120.9778,2023-09-09 10:00:00+00:00,2023-09-09T18:00:00+08:00,41.9,100.0
6909373,Manila,N/A,14.57711,120.9778,2023-09-09 11:00:00+00:00,2023-09-09T19:00:00+08:00,43.9,100.0
6909373,Manila,N/A,14.57711,120.9778,2023-09-09 12:00:00+00:00,2023-09-09T20:00:00+08:00,44.2,100.0
6909373,Manila,N/A,14.57711,120.9778,2023-09-09 13:00:00+00:00,2023-09-09T21:00:00+08:00,38.8,100.0
6909373,Manila,N/A,14.57711,120.9778,2023-09-09 14:00:00+00:00,2023-09-09T22:00:00+08:00,48.7,100.0
6909373,Manila,N/A,14.57711,120.9778,2023-09-09 15:00:00+00:00,2023-09-09T23:00:00+08:00,34.9,100.0
6909373,Manila,N/A,14.57711,120.9778,2023-09-09 16:00:00+00:00,2023-09-10T00:00:00+08:00,31.2,100.0
6909373,Manila,N/A,14.57711,120.9778,2023-09-09 17:00:00+00:00,2023-09-10T01:00:00+08:00,32.2,100.0
6909373,Manila,N/A,14.57711,120.9778,2023-09-09 18:00:00+00:00,2023-09-10T02:00:00+08:00,54.9,100.0
6909373,Manila,N/A,14.57711,120.9778,2023-09-09 19:00:00+00:00,2023-09-10T03:00:00+08:00,58.0,100.0
6909373,Manila,N/A,14.57711,120.9778,2023-09-09 20:00:00+00:00,2023-09-10T04:00:00+08:00,57.6,100.0
6909373,Manila,N/A,14.57711,120.9778,2023-09-09 21:00:00+00:00,2023-09-10T05:00:00+08:00,40.6,100.0
6909373,Manila,N/A,14.57711,120.9778,2023-09-09 22:00:00+00:00,2023-09-10T06:00:00+08:00,28.2,100.0
6909373,Manila,N/A,14.57711,120.9778,2023-09-09 23:00:00+00:00,2023-09-10T07:00:00+08:00,24.4,100.0
6909373,Manila,N/A,14.57711,120.9778,2023-09-10 00:00:00+00:00,2023-09-10T08:00:00+08:00,20.7,100.0
6909373,Manila,N/A,14.57711,120.9778,2023-09-10 01:00:00+00:00,2023-09-10T09:00:00+08:00,19.4,100.0
6909373,Manila,N/A,14.57711,120.9778,2023-09-10 02:00:00+00:00,2023-09-10T10:00:00+08:00,23.1,100.0
6909373,Manila,N/A,14.57711,120.9778,2023-09-10 03:00:00+00:00,2023-09-10T11:00:00+08:00,24.8,100.0
6909373,Manila,N/A,14.57711,120.9778,2023-09-10 04:00:00+00:00,2023-09-10T12:00:00+08:00,22.2,100.0
6909373,Manila,N/A,14.57711,120.9778,2023-09-10 05:00:00+00:00,2023-09-10T13:00:00+08:00,18.6,100.0
6909373,Manila,N/A,14.57711,120.9778,2023-09-10 06:00:00+00:00,2023-09-10T14:00:00+08:00,15.2,100.0
6909373,Manila,N/A,14.57711,120.9778,2023-09-10 07:00:00+00:00,2023-09-10T15:00:00+08:00,12.9,100.0
6909373,Manila,N/A,14.57711,120.9778,2023-09-10 08:00:00+00:00,2023-09-10T16:00:00+08:00,6.7,100.0
6909373,Manila,N/A,14.57711,120.9778,2023-09-10 09:00:00+00:00,2023-09-10T17:00:00+08:00,6.3,100.0
6909373,Manila,N/A,14.57711,120.9778,2023-09-10 10:00:00+00:00,2023-09-10T18:00:00+08:00,5.9,100.0
6909373,Manila,N/A,14.57711,120.9778,2023-09-10 11:00:00+00:00,2023-09-10T19:00:00+08:00,6.1,100.0
6909373,Manila,N/A,14.57711,120.9778,2023-09-10 12:00:00+00:00,2023-09-10T20:00:00+08:00,10.1,100.0
6909373,Manila,N/A,14.57711,120.9778,2023-09-10 13:00:00+00:00,2023-09-10T21:00:00+08:00,6.6,100.0
6909373,Manila,N/A,14.57711,120.9778,2023-09-10 14:00:00+00:00,2023-09-10T22:00:00+08:00,7.3,100.0
6909373,Manila,N/A,14.57711,120.9778,2023-09-10 15:00:00+00:00,2023-09-10T23:00:00+08:00,9.6,100.0
6909373,Manila,N/A,14.57711,120.9778,2023-09-10 16:00:00+00:00,2023-09-11T00:00:00+08:00,14.5,100.0
6909373,Manila,N/A,14.57711,120.9778,2023-09-10 17:00:00+00:00,2023-09-11T01:00:00+08:00,15.8,100.0
6909373,Manila,N/A,14.57711,120.9778,2023-09-10 18:00:00+00:00,2023-09-11T02:00:00+08:00,11.0,100.0
6909373,Manila,N/A,14.57711,120.9778,2023-09-10 19:00:00+00:00,2023-09-11T03:00:00+08:00,9.1,100.0
6909373,Manila,N/A,14.57711,120.9778,2023-09-10 20:00:00+00:00,2023-09-11T04:00:00+08:00,12.4,100.0
6909373,Manila,N/A,14.57711,120.9778,2023-09-10 21:00:00+00:00,2023-09-11T05:00:00+08:00,14.5,100.0
6909373,Manila,N/A,14.57711,120.9778,2023-09-10 22:00:00+00:00,2023-09-11T06:00:00+08:00,18.3,100.0
6909373,Manila,N/A,14.57711,120.9778,2023-09-10 23:00:00+00:00,2023-09-11T07:00:00+08:00,16.3,100.0
6909373,Manila,N/A,14.57711,120.9778,2023-09-11 00:00:00+00:00,2023-09-11T08:00:00+08:00,18.4,100.0
6909373,Manila,N/A,14.57711,120.9778,2023-09-11 01:00:00+00:00,2023-09-11T09:00:00+08:00,15.7,100.0
6909373,Manila,N/A,14.57711,120.9778,2023-09-11 02:00:00+00:00,2023-09-11T10:00:00+08:00,11.2,100.0
6909373,Manila,N/A,14.57711,120.9778,2023-09-11 03:00:00+00:00,2023-09-11T11:00:00+08:00,10.7,100.0
6909373,Manila,N/A,14.57711,120.9778,2023-09-11 04:00:00+00:00,2023-09-11T12:00:00+08:00,11.3,100.0
6909373,Manila,N/A,14.57711,120.9778,2023-09-11 05:00:00+00:00,2023-09-11T13:00:00+08:00,13.8,100.0
6909373,Manila,N/A,14.57711,120.9778,2023-09-11 06:00:00+00:00,2023-09-11T14:00:00+08:00,6.3,100.0
6909373,Manila,N/A,14.57711,120.9778,2023-09-11 07:00:00+00:00,2023-09-11T15:00:00+08:00,3.9,100.0
6909373,Manila,N/A,14.57711,120.9778,2023-09-11 08:00:00+00:00,2023-09-11T16:00:00+08:00,4.3,100.0
6909373,Manila,N/A,14.57711,120.9778,2023-09-11 09:00:00+00:00,2023-09-11T17:00:00+08:00,3.9,100.0
6909373,Manila,N/A,14.57711,120.9778,2023-09-11 10:00:00+00:00,2023-09-11T18:00:00+08:00,4.4,100.0
6909373,Manila,N/A,14.57711,120.9778,2023-09-11 11:00:00+00:00,2023-09-11T19:00:00+08:00,4.6,100.0
6909373,Manila,N/A,14.57711,120.9778,2023-09-11 12:00:00+00:00,2023-09-11T20:00:00+08:00,6.4,100.0
6909373,Manila,N/A,14.57711,120.9778,2023-09-11 13:00:00+00:00,2023-09-11T21:00:00+08:00,13.9,100.0
6909373,Manila,N/A,14.57711,120.9778,2023-09-11 14:00:00+00:00,2023-09-11T22:00:00+08:00,14.8,100.0
6909373,Manila,N/A,14.57711,120.9778,2023-09-11 15:00:00+00:00,2023-09-11T23:00:00+08:00,15.1,100.0
6909373,Manila,N/A,14.57711,120.9778,2023-09-11 16:00:00+00:00,2023-09-12T00:00:00+08:00,12.8,100.0
6909373,Manila,N/A,14.57711,120.9778,2023-09-11 17:00:00+00:00,2023-09-12T01:00:00+08:00,12.6,100.0
6909373,Manila,N/A,14.57711,120.9778,2023-09-11 18:00:00+00:00,2023-09-12T02:00:00+08:00,10.5,100.0
6909373,Manila,N/A,14.57711,120.9778,2023-09-11 19:00:00+00:00,2023-09-12T03:00:00+08:00,7.7,100.0
6909373,Manila,N/A,14.57711,120.9778,2023-09-11 20:00:00+00:00,2023-09-12T04:00:00+08:00,6.0,100.0
6909373,Manila,N/A,14.57711,120.9778,2023-09-11 21:00:00+00:00,2023-09-12T05:00:00+08:00,7.2,100.0
6909373,Manila,N/A,14.57711,120.9778,2023-09-11 22:00:00+00:00,2023-09-12T06:00:00+08:00,8.9,100.0
6909373,Manila,N/A,14.57711,120.9778,2023-09-11 23:00:00+00:00,2023-09-12T07:00:00+08:00,7.5,100.0
6909373,Manila,N/A,14.57711,120.9778,2023-09-12 00:00:00+00:00,2023-09-12T08:00:00+08:00,7.0,100.0
6909373,Manila,N/A,14.57711,120.9778,2023-09-12 01:00:00+00:00,2023-09-12T09:00:00+08:00,8.0,100.0
6909373,Manila,N/A,14.57711,120.9778,2023-09-12 02:00:00+00:00,2023-09-12T10:00:00+08:00,9.2,100.0
6909373,Manila,N/A,14.57711,120.9778,2023-09-12 03:00:00+00:00,2023-09-12T11:00:00+08:00,6.1,100.0
6909373,Manila,N/A,14.57711,120.9778,2023-09-12 04:00:00+00:00,2023-09-12T12:00:00+08:00,8.6,100.0
6909373,Manila,N/A,14.57711,120.9778,2023-09-12 05:00:00+00:00,2023-09-12T13:00:00+08:00,7.4,100.0
6909373,Manila,N/A,14.57711,120.9778,2023-09-12 06:00:00+00:00,2023-09-12T14:00:00+08:00,8.1,100.0
6909373,Manila,N/A,14.57711,120.9778,2023-09-12 07:00:00+00:00,2023-09-12T15:00:00+08:00,7.4,100.0
6909373,Manila,N/A,14.57711,120.9778,2023-09-12 08:00:00+00:00,2023-09-12T16:00:00+08:00,12.8,100.0
6909373,Manila,N/A,14.57711,120.9778,2023-09-12 09:00:00+00:00,2023-09-12T17:00:00+08:00,14.9,100.0
6909373,Manila,N/A,14.57711,120.9778,2023-09-12 10:00:00+00:00,2023-09-12T18:00:00+08:00,15.7,100.0
6909373,Manila,N/A,14.57711,120.9778,2023-09-12 11:00:00+00:00,2023-09-12T19:00:00+08:00,17.2,100.0
6909373,Manila,N/A,14.57711,120.9778,2023-09-12 12:00:00+00:00,2023-09-12T20:00:00+08:00,21.7,100.0
6909373,Manila,N/A,14.57711,120.9778,2023-09-12 13:00:00+00:00,2023-09-12T21:00:00+08:00,17.1,100.0
6909373,Manila,N/A,14.57711,120.9778,2023-09-12 14:00:00+00:00,2023-09-12T22:00:00+08:00,26.5,100.0
6909373,Manila,N/A,14.57711,120.9778,2023-09-12 15:00:00+00:00,2023-09-12T23:00:00+08:00,25.5,100.0
6909373,Manila,N/A,14.57711,120.9778,2023-09-12 16:00:00+00:00,2023-09-13T00:00:00+08:00,22.2,100.0
6909373,Manila,N/A,14.57711,120.9778,2023-09-12 17:00:00+00:00,2023-09-13T01:00:00+08:00,20.6,100.0
6909373,Manila,N/A,14.57711,120.9778,2023-09-12 18:00:00+00:00,2023-09-13T02:00:00+08:00,21.7,100.0
6909373,Manila,N/A,14.57711,120.9778,2023-09-12 19:00:00+00:00,2023-09-13T03:00:00+08:00,22.6,100.0
6909373,Manila,N/A,14.57711,120.9778,2023-09-12 20:00:00+00:00,2023-09-13T04:00:00+08:00,7.8,100.0
6909373,Manila,N/A,14.57711,120.9778,2023-09-12 21:00:00+00:00,2023-09-13T05:00:00+08:00,7.8,100.0
6909373,Manila,N/A,14.57711,120.9778,2023-09-12 22:00:00+00:00,2023-09-13T06:00:00+08:00,13.2,100.0
6909373,Manila,N/A,14.57711,120.9778,2023-09-12 23:00:00+00:00,2023-09-13T07:00:00+08:00,14.7,100.0
6909373,Manila,N/A,14.57711,120.9778,2023-09-13 00:00:00+00:00,2023-09-13T08:00:00+08:00,11.7,100.0
6909373,Manila,N/A,14.57711,120.9778,2023-09-13 01:00:00+00:00,2023-09-13T09:00:00+08:00,9.4,100.0
6909373,Manila,N/A,14.57711,120.9778,2023-09-13 02:00:00+00:00,2023-09-13T10:00:00+08:00,8.3,100.0
6909373,Manila,N/A,14.57711,120.9778,2023-09-13 03:00:00+00:00,2023-09-13T11:00:00+08:00,6.8,100.0
6909373,Manila,N/A,14.57711,120.9778,2023-09-13 04:00:00+00:00,2023-09-13T12:00:00+08:00,5.6,100.0
6909373,Manila,N/A,14.57711,120.9778,2023-09-13 05:00:00+00:00,2023-09-13T13:00:00+08:00,4.3,100.0
6909373,Manila,N/A,14.57711,120.9778,2023-09-13 06:00:00+00:00,2023-09-13T14:00:00+08:00,4.4,100.0
6909373,Manila,N/A,14.57711,120.9778,2023-09-13 07:00:00+00:00,2023-09-13T15:00:00+08:00,4.6,100.0
6909373,Manila,N/A,14.57711,120.9778,2023-09-13 08:00:00+00:00,2023-09-13T16:00:00+08:00,4.8,100.0
6909373,Manila,N/A,14.57711,120.9778,2023-09-13 09:00:00+00:00,2023-09-13T17:00:00+08:00,4.8,100.0
6909373,Manila,N/A,14.57711,120.9778,2023-09-13 10:00:00+00:00,2023-09-13T18:00:00+08:00,5.0,100.0
6909373,Manila,N/A,14.57711,120.9778,2023-09-13 11:00:00+00:00,2023-09-13T19:00:00+08:00,4.1,100.0
6909373,Manila,N/A,14.57711,120.9778,2023-09-13 12:00:00+00:00,2023-09-13T20:00:00+08:00,6.2,100.0
6909373,Manila,N/A,14.57711,120.9778,2023-09-13 13:00:00+00:00,2023-09-13T21:00:00+08:00,7.0,100.0
6909373,Manila,N/A,14.57711,120.9778,2023-09-13 14:00:00+00:00,2023-09-13T22:00:00+08:00,6.9,100.0
6909373,Manila,N/A,14.57711,120.9778,2023-09-13 15:00:00+00:00,2023-09-13T23:00:00+08:00,4.6,100.0
6909373,Manila,N/A,14.57711,120.9778,2023-09-13 16:00:00+00:00,2023-09-14T00:00:00+08:00,4.3,100.0
6909373,Manila,N/A,14.57711,120.9778,2023-09-13 17:00:00+00:00,2023-09-14T01:00:00+08:00,3.4,100.0
6909373,Manila,N/A,14.57711,120.9778,2023-09-13 18:00:00+00:00,2023-09-14T02:00:00+08:00,4.0,100.0
6909373,Manila,N/A,14.57711,120.9778,2023-09-13 19:00:00+00:00,2023-09-14T03:00:00+08:00,5.5,100.0
6909373,Manila,N/A,14.57711,120.9778,2023-09-13 20:00:00+00:00,2023-09-14T04:00:00+08:00,6.6,100.0
6909373,Manila,N/A,14.57711,120.9778,2023-09-13 21:00:00+00:00,2023-09-14T05:00:00+08:00,7.8,100.0
6909373,Manila,N/A,14.57711,120.9778,2023-09-13 22:00:00+00:00,2023-09-14T06:00:00+08:00,9.9,100.0
6909373,Manila,N/A,14.57711,120.9778,2023-09-13 23:00:00+00:00,2023-09-14T07:00:00+08:00,10.5,100.0
6909373,Manila,N/A,14.57711,120.9778,2023-09-14 00:00:00+00:00,2023-09-14T08:00:00+08:00,9.1,100.0
6909373,Manila,N/A,14.57711,120.9778,2023-09-14 01:00:00+00:00,2023-09-14T09:00:00+08:00,8.9,100.0
6909373,Manila,N/A,14.57711,120.9778,2023-09-14 02:00:00+00:00,2023-09-14T10:00:00+08:00,8.6,100.0
6909373,Manila,N/A,14.57711,120.9778,2023-09-14 03:00:00+00:00,2023-09-14T11:00:00+08:00,6.5,100.0
6909373,Manila,N/A,14.57711,120.9778,2023-09-14 04:00:00+00:00,2023-09-14T12:00:00+08:00,5.5,100.0
6909373,Manila,N/A,14.57711,120.9778,2023-09-14 05:00:00+00:00,2023-09-14T13:00:00+08:00,5.2,100.0
6909373,Manila,N/A,14.57711,120.9778,2023-09-14 06:00:00+00:00,2023-09-14T14:00:00+08:00,6.2,100.0
6909373,Manila,N/A,14.57711,120.9778,2023-09-14 07:00:00+00:00,2023-09-14T15:00:00+08:00,5.7,100.0
6909373,Manila,N/A,14.57711,120.9778,2023-09-14 08:00:00+00:00,2023-09-14T16:00:00+08:00,5.8,100.0
6909373,Manila,N/A,14.57711,120.9778,2023-09-14 09:00:00+00:00,2023-09-14T17:00:00+08:00,5.3,100.0
6909373,Manila,N/A,14.57711,120.9778,2023-09-14 10:00:00+00:00,2023-09-14T18:00:00+08:00,5.5,100.0
6909373,Manila,N/A,14.57711,120.9778,2023-09-14 11:00:00+00:00,2023-09-14T19:00:00+08:00,5.7,100.0
6909373,Manila,N/A,14.57711,120.9778,2023-09-14 12:00:00+00:00,2023-09-14T20:00:00+08:00,10.0,100.0
6909373,Manila,N/A,14.57711,120.9778,2023-09-14 13:00:00+00:00,2023-09-14T21:00:00+08:00,10.5,100.0
6909373,Manila,N/A,14.57711,120.9778,2023-09-14 14:00:00+00:00,2023-09-14T22:00:00+08:00,11.4,100.0
6909373,Manila,N/A,14.57711,120.9778,2023-09-14 15:00:00+00:00,2023-09-14T23:00:00+08:00,8.8,100.0
6909373,Manila,N/A,14.57711,120.9778,2023-09-14 16:00:00+00:00,2023-09-15T00:00:00+08:00,8.7,100.0
6909373,Manila,N/A,14.57711,120.9778,2023-09-14 17:00:00+00:00,2023-09-15T01:00:00+08:00,9.0,100.0
6909373,Manila,N/A,14.57711,120.9778,2023-09-14 18:00:00+00:00,2023-09-15T02:00:00+08:00,7.9,100.0
6909373,Manila,N/A,14.57711,120.9778,2023-09-14 19:00:00+00:00,2023-09-15T03:00:00+08:00,10.3,100.0
6909373,Manila,N/A,14.57711,120.9778,2023-09-14 20:00:00+00:00,2023-09-15T04:00:00+08:00,10.7,100.0
6909373,Manila,N/A,14.57711,120.9778,2023-09-14 21:00:00+00:00,2023-09-15T05:00:00+08:00,11.2,100.0
6909373,Manila,N/A,14.57711,120.9778,2023-09-14 22:00:00+00:00,2023-09-15T06:00:00+08:00,13.4,100.0
6909373,Manila,N/A,14.57711,120.9778,2023-09-14 23:00:00+00:00,2023-09-15T07:00:00+08:00,13.0,100.0
6909373,Manila,N/A,14.57711,120.9778,2023-09-15 00:00:00+00:00,2023-09-15T08:00:00+08:00,9.8,100.0
6909373,Manila,N/A,14.57711,120.9778,2023-09-15 01:00:00+00:00,2023-09-15T09:00:00+08:00,8.8,100.0
6909373,Manila,N/A,14.57711,120.9778,2023-09-15 02:00:00+00:00,2023-09-15T10:00:00+08:00,7.8,100.0
6909373,Manila,N/A,14.57711,120.9778,2023-09-15 03:00:00+00:00,2023-09-15T11:00:00+08:00,11.9,100.0
6909373,Manila,N/A,14.57711,120.9778,2023-09-15 04:00:00+00:00,2023-09-15T12:00:00+08:00,10.7,100.0
6909373,Manila,N/A,14.57711,120.9778,2023-09-15 05:00:00+00:00,2023-09-15T13:00:00+08:00,12.1,100.0
6909373,Manila,N/A,14.57711,120.9778,2023-09-15 06:00:00+00:00,2023-09-15T14:00:00+08:00,17.7,100.0
6909373,Manila,N/A,14.57711,120.9778,2023-09-15 07:00:00+00:00,2023-09-15T15:00:00+08:00,7.4,100.0
6909373,Manila,N/A,14.57711,120.9778,2023-09-15 08:00:00+00:00,2023-09-15T16:00:00+08:00,5.5,100.0
6909373,Manila,N/A,14.57711,120.9778,2023-09-15 09:00:00+00:00,2023-09-15T17:00:00+08:00,5.5,100.0
6909373,Manila,N/A,14.57711,120.9778,2023-09-15 10:00:00+00:00,2023-09-15T18:00:00+08:00,5.4,100.0
6909373,Manila,N/A,14.57711,120.9778,2023-09-15 11:00:00+00:00,2023-09-15T19:00:00+08:00,9.6,100.0
6909373,Manila,N/A,14.57711,120.9778,2023-09-15 12:00:00+00:00,2023-09-15T20:00:00+08:00,13.8,100.0
6909373,Manila,N/A,14.57711,120.9778,2023-09-15 13:00:00+00:00,2023-09-15T21:00:00+08:00,18.7,100.0
6909373,Manila,N/A,14.57711,120.9778,2023-09-15 14:00:00+00:00,2023-09-15T22:00:00+08:00,25.3,100.0
6909373,Manila,N/A,14.57711,120.9778,2023-09-15 15:00:00+00:00,2023-09-15T23:00:00+08:00,28.6,100.0
6909373,Manila,N/A,14.57711,120.9778,2023-09-15 16:00:00+00:00,2023-09-16T00:00:00+08:00,32.6,100.0
6909373,Manila,N/A,14.57711,120.9778,2023-09-15 17:00:00+00:00,2023-09-16T01:00:00+08:00,29.6,100.0
6909373,Manila,N/A,14.57711,120.9778,2023-09-15 18:00:00+00:00,2023-09-16T02:00:00+08:00,30.2,100.0
6909373,Manila,N/A,14.57711,120.9778,2023-09-15 19:00:00+00:00,2023-09-16T03:00:00+08:00,36.5,100.0
6909373,Manila,N/A,14.57711,120.9778,2023-09-15 20:00:00+00:00,2023-09-16T04:00:00+08:00,33.9,100.0
6909373,Manila,N/A,14.57711,120.9778,2023-09-15 21:00:00+00:00,2023-09-16T05:00:00+08:00,37.3,100.0
6909373,Manila,N/A,14.57711,120.9778,2023-09-15 22:00:00+00:00,2023-09-16T06:00:00+08:00,39.0,100.0
6909373,Manila,N/A,14.57711,120.9778,2023-09-15 23:00:00+00:00,2023-09-16T07:00:00+08:00,38.8,100.0
6909373,Manila,N/A,14.57711,120.9778,2023-09-16 00:00:00+00:00,2023-09-16T08:00:00+08:00,30.7,100.0
6909373,Manila,N/A,14.57711,120.9778,2023-09-16 01:00:00+00:00,2023-09-16T09:00:00+08:00,29.0,100.0
6909373,Manila,N/A,14.57711,120.9778,2023-09-16 02:00:00+00:00,2023-09-16T10:00:00+08:00,28.7,100.0
6909373,Manila,N/A,14.57711,120.9778,2023-09-16 03:00:00+00:00,2023-09-16T11:00:00+08:00,27.4,100.0
6909373,Manila,N/A,14.57711,120.9778,2023-09-16 04:00:00+00:00,2023-09-16T12:00:00+08:00,26.3,100.0
6909373,Manila,N/A,14.57711,120.9778,2023-09-16 05:00:00+00:00,2023-09-16T13:00:00+08:00,30.2,100.0
6909373,Manila,N/A,14.57711,120.9778,2023-09-16 06:00:00+00:00,2023-09-16T14:00:00+08:00,37.2,100.0
6909373,Manila,N/A,14.57711,120.9778,2023-09-16 07:00:00+00:00,2023-09-16T15:00:00+08:00,38.1,100.0
6909373,Manila,N/A,14.57711,120.9778,2023-09-16 08:00:00+00:00,2023-09-16T16:00:00+08:00,34.1,100.0
6909373,Manila,N/A,14.57711,120.9778,2023-09-16 09:00:00+00:00,2023-09-16T17:00:00+08:00,32.5,100.0
6909373,Manila,N/A,14.57711,120.9778,2023-09-16 10:00:00+00:00,2023-09-16T18:00:00+08:00,32.6,100.0
6909373,Manila,N/A,14.57711,120.9778,2023-09-16 11:00:00+00:00,2023-09-16T19:00:00+08:00,37.7,100.0
6909373,Manila,N/A,14.57711,120.9778,2023-09-16 12:00:00+00:00,2023-09-16T20:00:00+08:00,42.7,100.0
6909373,Manila,N/A,14.57711,120.9778,2023-09-16 13:00:00+00:00,2023-09-16T21:00:00+08:00,45.6,100.0
6909373,Manila,N/A,14.57711,120.9778,2023-09-16 14:00:00+00:00,2023-09-16T22:00:00+08:00,50.9,100.0
6909373,Manila,N/A,14.57711,120.9778,2023-09-16 15:00:00+00:00,2023-09-16T23:00:00+08:00,58.5,100.0
6909373,Manila,N/A,14.57711,120.9778,2023-09-16 16:00:00+00:00,2023-09-17T00:00:00+08:00,51.3,100.0
6909373,Manila,N/A,14.57711,120.9778,2023-09-16 17:00:00+00:00,2023-09-17T01:00:00+08:00,57.3,100.0
6909373,Manila,N/A,14.57711,120.9778,2023-09-16 18:00:00+00:00,2023-09-17T02:00:00+08:00,58.9,100.0
6909373,Manila,N/A,14.57711,120.9778,2023-09-16 19:00:00+00:00,2023-09-17T03:00:00+08:00,43.1,100.0
6909373,Manila,N/A,14.57711,120.9778,2023-09-16 20:00:00+00:00,2023-09-17T04:00:00+08:00,40.5,100.0
6909373,Manila,N/A,14.57711,120.9778,2023-09-16 21:00:00+00:00,2023-09-17T05:00:00+08:00,41.2,100.0
6909373,Manila,N/A,14.57711,120.9778,2023-09-16 22:00:00+00:00,2023-09-17T06:00:00+08:00,39.6,100.0
6909373,Manila,N/A,14.57711,120.9778,2023-09-16 23:00:00+00:00,2023-09-17T07:00:00+08:00,42.2,100.0
6909373,Manila,N/A,14.57711,120.9778,2023-09-17 00:00:00+00:00,2023-09-17T08:00:00+08:00,45.3,100.0
6909373,Manila,N/A,14.57711,120.9778,2023-09-17 01:00:00+00:00,2023-09-17T09:00:00+08:00,49.4,100.0
6909373,Manila,N/A,14.57711,120.9778,2023-09-17 02:00:00+00:00,2023-09-17T10:00:00+08:00,50.8,100.0
6909373,Manila,N/A,14.57711,120.9778,2023-09-17 03:00:00+00:00,2023-09-17T11:00:00+08:00,56.3,100.0
6909373,Manila,N/A,14.57711,120.9778,2023-09-17 04:00:00+00:00,2023-09-17T12:00:00+08:00,34.2,100.0
6909373,Manila,N/A,14.57711,120.9778,2023-09-17 05:00:00+00:00,2023-09-17T13:00:00+08:00,38.1,100.0
6909373,Manila,N/A,14.57711,120.9778,2023-09-17 06:00:00+00:00,2023-09-17T14:00:00+08:00,36.7,100.0
6909373,Manila,N/A,14.57711,120.9778,2023-09-17 07:00:00+00:00,2023-09-17T15:00:00+08:00,35.2,100.0
6909373,Manila,N/A,14.57711,120.9778,2023-09-17 08:00:00+00:00,2023-09-17T16:00:00+08:00,31.2,100.0
6909373,Manila,N/A,14.57711,120.9778,2023-09-17 09:00:00+00:00,2023-09-17T17:00:00+08:00,33.1,100.0
6909373,Manila,N/A,14.57711,120.9778,2023-09-17 10:00:00+00:00,2023-09-17T18:00:00+08:00,47.0,100.0
6909373,Manila,N/A,14.57711,120.9778,2023-09-17 11:00:00+00:00,2023-09-17T19:00:00+08:00,30.0,100.0
6909373,Manila,N/A,14.57711,120.9778,2023-09-17 12:00:00+00:00,2023-09-17T20:00:00+08:00,25.6,100.0
6909373,Manila,N/A,14.57711,120.9778,2023-09-17 13:00:00+00:00,2023-09-17T21:00:00+08:00,8.3,100.0
6909373,Manila,N/A,14.57711,120.9778,2023-09-17 14:00:00+00:00,2023-09-17T22:00:00+08:00,7.2,100.0
6909373,Manila,N/A,14.57711,120.9778,2023-09-17 15:00:00+00:00,2023-09-17T23:00:00+08:00,8.9,100.0
6909373,Manila,N/A,14.57711,120.9778,2023-09-17 16:00:00+00:00,2023-09-18T00:00:00+08:00,8.8,100.0
6909373,Manila,N/A,14.57711,120.9778,2023-09-17 17:00:00+00:00,2023-09-18T01:00:00+08:00,7.2,100.0
6909373,Manila,N/A,14.57711,120.9778,2023-09-17 18:00:00+00:00,2023-09-18T02:00:00+08:00,9.8,100.0
6909373,Manila,N/A,14.57711,120.9778,2023-09-17 19:00:00+00:00,2023-09-18T03:00:00+08:00,11.3,100.0
6909373,Manila,N/A,14.57711,120.9778,2023-09-17 20:00:00+00:00,2023-09-18T04:00:00+08:00,14.7,100.0
6909373,Manila,N/A,14.57711,120.9778,2023-09-17 21:00:00+00:00,2023-09-18T05:00:00+08:00,24.2,100.0
6909373,Manila,N/A,14.57711,120.9778,2023-09-17 22:00:00+00:00,2023-09-18T06:00:00+08:00,22.4,100.0
6909373,Manila,N/A,14.57711,120.9778,2023-09-17 23:00:00+00:00,2023-09-18T07:00:00+08:00,23.1,100.0
6909373,Manila,N/A,14.57711,120.9778,2023-09-18 00:00:00+00:00,2023-09-18T08:00:00+08:00,16.8,100.0
6909373,Manila,N/A,14.57711,120.9778,2023-09-18 01:00:00+00:00,2023-09-18T09:00:00+08:00,15.1,100.0
6909373,Manila,N/A,14.57711,120.9778,2023-09-18 02:00:00+00:00,2023-09-18T10:00:00+08:00,18.5,100.0
6909373,Manila,N/A,14.57711,120.9778,2023-09-18 03:00:00+00:00,2023-09-18T11:00:00+08:00,20.6,100.0
6909373,Manila,N/A,14.57711,120.9778,2023-09-18 04:00:00+00:00,2023-09-18T12:00:00+08:00,14.0,100.0
6909373,Manila,N/A,14.57711,120.9778,2023-09-18 05:00:00+00:00,2023-09-18T13:00:00+08:00,15.5,100.0
6909373,Manila,N/A,14.57711,120.9778,2023-09-18 06:00:00+00:00,2023-09-18T14:00:00+08:00,14.2,100.0
6909373,Manila,N/A,14.57711,120.9778,2023-09-18 07:00:00+00:00,2023-09-18T15:00:00+08:00,11.9,100.0
6909373,Manila,N/A,14.57711,120.9778,2023-09-18 08:00:00+00:00,2023-09-18T16:00:00+08:00,13.9,100.0
6909373,Manila,N/A,14.57711,120.9778,2023-09-18 09:00:00+00:00,2023-09-18T17:00:00+08:00,14.0,100.0
6909373,Manila,N/A,14.57711,120.9778,2023-09-18 10:00:00+00:00,2023-09-18T18:00:00+08:00,22.7,100.0
6909373,Manila,N/A,14.57711,120.9778,2023-09-18 11:00:00+00:00,2023-09-18T19:00:00+08:00,19.9,100.0
6909373,Manila,N/A,14.57711,120.9778,2023-09-18 12:00:00+00:00,2023-09-18T20:00:00+08:00,21.3,100.0
6909373,Manila,N/A,14.57711,120.9778,2023-09-18 13:00:00+00:00,2023-09-18T21:00:00+08:00,14.4,100.0
6909373,Manila,N/A,14.57711,120.9778,2023-09-18 14:00:00+00:00,2023-09-18T22:00:00+08:00,12.7,100.0
6909373,Manila,N/A,14.57711,120.9778,2023-09-18 15:00:00+00:00,2023-09-18T23:00:00+08:00,10.6,100.0
6909373,Manila,N/A,14.57711,120.9778,2023-09-18 16:00:00+00:00,2023-09-19T00:00:00+08:00,11.1,100.0
6909373,Manila,N/A,14.57711,120.9778,2023-09-18 17:00:00+00:00,2023-09-19T01:00:00+08:00,13.0,100.0
6909373,Manila,N/A,14.57711,120.9778,2023-09-18 18:00:00+00:00,2023-09-19T02:00:00+08:00,20.2,100.0
6909373,Manila,N/A,14.57711,120.9778,2023-09-18 19:00:00+00:00,2023-09-19T03:00:00+08:00,18.4,100.0
6909373,Manila,N/A,14.57711,120.9778,2023-09-18 20:00:00+00:00,2023-09-19T04:00:00+08:00,17.0,100.0
6909373,Manila,N/A,14.57711,120.9778,2023-09-18 21:00:00+00:00,2023-09-19T05:00:00+08:00,16.9,100.0
6909373,Manila,N/A,14.57711,120.9778,2023-09-18 22:00:00+00:00,2023-09-19T06:00:00+08:00,21.6,100.0
6909373,Manila,N/A,14.57711,120.9778,2023-09-18 23:00:00+00:00,2023-09-19T07:00:00+08:00,20.2,100.0
6909373,Manila,N/A,14.57711,120.9778,2023-09-19 00:00:00+00:00,2023-09-19T08:00:00+08:00,22.2,100.0
6909373,Manila,N/A,14.57711,120.9778,2023-09-19 01:00:00+00:00,2023-09-19T09:00:00+08:00,22.2,100.0
6909373,Manila,N/A,14.57711,120.9778,2023-09-19 02:00:00+00:00,2023-09-19T10:00:00+08:00,27.6,100.0
6909373,Manila,N/A,14.57711,120.9778,2023-09-19 03:00:00+00:00,2023-09-19T11:00:00+08:00,29.5,100.0
6909373,Manila,N/A,14.57711,120.9778,2023-09-19 04:00:00+00:00,2023-09-19T12:00:00+08:00,21.3,100.0
6909373,Manila,N/A,14.57711,120.9778,2023-09-19 05:00:00+00:00,2023-09-19T13:00:00+08:00,12.8,100.0
6909373,Manila,N/A,14.57711,120.9778,2023-09-19 06:00:00+00:00,2023-09-19T14:00:00+08:00,7.9,100.0
6909373,Manila,N/A,14.57711,120.9778,2023-09-19 07:00:00+00:00,2023-09-19T15:00:00+08:00,11.5,100.0
6909373,Manila,N/A,14.57711,120.9778,2023-09-19 08:00:00+00:00,2023-09-19T16:00:00+08:00,21.2,100.0
6909373,Manila,N/A,14.57711,120.9778,2023-09-19 09:00:00+00:00,2023-09-19T17:00:00+08:00,21.2,100.0
6909373,Manila,N/A,14.57711,120.9778,2023-09-19 10:00:00+00:00,2023-09-19T18:00:00+08:00,14.2,100.0
6909373,Manila,N/A,14.57711,120.9778,2023-09-19 11:00:00+00:00,2023-09-19T19:00:00+08:00,23.3,100.0
6909373,Manila,N/A,14.57711,120.9778,2023-09-19 12:00:00+00:00,2023-09-19T20:00:00+08:00,38.5,100.0
6909373,Manila,N/A,14.57711,120.9778,2023-09-19 13:00:00+00:00,2023-09-19T21:00:00+08:00,33.2,100.0
6909373,Manila,N/A,14.57711,120.9778,2023-09-19 14:00:00+00:00,2023-09-19T22:00:00+08:00,23.8,100.0
6909373,Manila,N/A,14.57711,120.9778,2023-09-19 15:00:00+00:00,2023-09-19T23:00:00+08:00,24.6,100.0
6909373,Manila,N/A,14.57711,120.9778,2023-09-19 16:00:00+00:00,2023-09-20T00:00:00+08:00,21.8,100.0
6909373,Manila,N/A,14.57711,120.9778,2023-09-19 17:00:00+00:00,2023-09-20T01:00:00+08:00,13.6,100.0
6909373,Manila,N/A,14.57711,120.9778,2023-09-19 18:00:00+00:00,2023-09-20T02:00:00+08:00,12.9,100.0
6909373,Manila,N/A,14.57711,120.9778,2023-09-19 19:00:00+00:00,2023-09-20T03:00:00+08:00,15.0,100.0
6909373,Manila,N/A,14.57711,120.9778,2023-09-19 20:00:00+00:00,2023-09-20T04:00:00+08:00,17.8,100.0
6909373,Manila,N/A,14.57711,120.9778,2023-09-19 21:00:00+00:00,2023-09-20T05:00:00+08:00,17.8,100.0
6909373,Manila,N/A,14.57711,120.9778,2023-09-19 22:00:00+00:00,2023-09-20T06:00:00+08:00,21.4,100.0
6909373,Manila,N/A,14.57711,120.9778,2023-09-19 23:00:00+00:00,2023-09-20T07:00:00+08:00,27.6,100.0
6909373,Manila,N/A,14.57711,120.9778,2023-09-20 00:00:00+00:00,2023-09-20T08:00:00+08:00,26.8,100.0
6909373,Manila,N/A,14.57711,120.9778,2023-09-20 01:00:00+00:00,2023-09-20T09:00:00+08:00,19.9,100.0
6909373,Manila,N/A,14.57711,120.9778,2023-09-20 02:00:00+00:00,2023-09-20T10:00:00+08:00,14.9,100.0
6909373,Manila,N/A,14.57711,120.9778,2023-09-20 03:00:00+00:00,2023-09-20T11:00:00+08:00,9.5,100.0
6909373,Manila,N/A,14.57711,120.9778,2023-09-20 04:00:00+00:00,2023-09-20T12:00:00+08:00,10.3,100.0
6909373,Manila,N/A,14.57711,120.9778,2023-09-20 05:00:00+00:00,2023-09-20T13:00:00+08:00,13.4,100.0
6909373,Manila,N/A,14.57711,120.9778,2023-09-20 06:00:00+00:00,2023-09-20T14:00:00+08:00,10.9,100.0
6909373,Manila,N/A,14.57711,120.9778,2023-09-20 07:00:00+00:00,2023-09-20T15:00:00+08:00,10.5,100.0
6909373,Manila,N/A,14.57711,120.9778,2023-09-20 08:00:00+00:00,2023-09-20T16:00:00+08:00,13.6,100.0
6909373,Manila,N/A,14.57711,120.9778,2023-09-20 09:00:00+00:00,2023-09-20T17:00:00+08:00,22.8,100.0
6909373,Manila,N/A,14.57711,120.9778,2023-09-20 10:00:00+00:00,2023-09-20T18:00:00+08:00,26.8,100.0
6909373,Manila,N/A,14.57711,120.9778,2023-09-20 11:00:00+00:00,2023-09-20T19:00:00+08:00,35.3,100.0
6909373,Manila,N/A,14.57711,120.9778,2023-09-20 12:00:00+00:00,2023-09-20T20:00:00+08:00,46.8,100.0
6909373,Manila,N/A,14.57711,120.9778,2023-09-20 13:00:00+00:00,2023-09-20T21:00:00+08:00,33.8,100.0
6909373,Manila,N/A,14.57711,120.9778,2023-09-20 14:00:00+00:00,2023-09-20T22:00:00+08:00,37.5,100.0
6909373,Manila,N/A,14.57711,120.9778,2023-09-20 15:00:00+00:00,2023-09-20T23:00:00+08:00,37.0,100.0
6909373,Manila,N/A,14.57711,120.9778,2023-09-20 16:00:00+00:00,2023-09-21T00:00:00+08:00,19.3,100.0
6909373,Manila,N/A,14.57711,120.9778,2023-09-20 17:00:00+00:00,2023-09-21T01:00:00+08:00,16.6,100.0
6909373,Manila,N/A,14.57711,120.9778,2023-09-20 18:00:00+00:00,2023-09-21T02:00:00+08:00,14.7,100.0
6909373,Manila,N/A,14.57711,120.9778,2023-09-20 19:00:00+00:00,2023-09-21T03:00:00+08:00,13.9,100.0
6909373,Manila,N/A,14.57711,120.9778,2023-09-20 20:00:00+00:00,2023-09-21T04:00:00+08:00,16.5,100.0
6909373,Manila,N/A,14.57711,120.9778,2023-09-20 21:00:00+00:00,2023-09-21T05:00:00+08:00,22.1,100.0
6909373,Manila,N/A,14.57711,120.9778,2023-09-20 22:00:00+00:00,2023-09-21T06:00:00+08:00,20.8,100.0
6909373,Manila,N/A,14.57711,120.9778,2023-09-20 23:00:00+00:00,2023-09-21T07:00:00+08:00,19.2,100.0
6909373,Manila,N/A,14.57711,120.9778,2023-09-21 00:00:00+00:00,2023-09-21T08:00:00+08:00,17.8,100.0
6909373,Manila,N/A,14.57711,120.9778,2023-09-21 01:00:00+00:00,2023-09-21T09:00:00+08:00,23.2,100.0
6909373,Manila,N/A,14.57711,120.9778,2023-09-21 02:00:00+00:00,2023-09-21T10:00:00+08:00,28.9,100.0
6909373,Manila,N/A,14.57711,120.9778,2023-09-21 03:00:00+00:00,2023-09-21T11:00:00+08:00,32.3,100.0
6909373,Manila,N/A,14.57711,120.9778,2023-09-21 04:00:00+00:00,2023-09-21T12:00:00+08:00,36.3,100.0
6909373,Manila,N/A,14.57711,120.9778,2023-09-21 05:00:00+00:00,2023-09-21T13:00:00+08:00,33.8,100.0
6909373,Manila,N/A,14.57711,120.9778,2023-09-21 06:00:00+00:00,2023-09-21T14:00:00+08:00,28.9,100.0
6909373,Manila,N/A,14.57711,120.9778,2023-09-21 07:00:00+00:00,2023-09-21T15:00:00+08:00,27.2,100.0
6909373,Manila,N/A,14.57711,120.9778,2023-09-21 08:00:00+00:00,2023-09-21T16:00:00+08:00,29.8,100.0
6909373,Manila,N/A,14.57711,120.9778,2023-09-21 09:00:00+00:00,2023-09-21T17:00:00+08:00,34.1,100.0
6909373,Manila,N/A,14.57711,120.9778,2023-09-21 10:00:00+00:00,2023-09-21T18:00:00+08:00,99.2,100.0
6909373,Manila,N/A,14.57711,120.9778,2023-09-21 11:00:00+00:00,2023-09-21T19:00:00+08:00,147.5,100.0
6909373,Manila,N/A,14.57711,120.9778,2023-09-21 12:00:00+00:00,2023-09-21T20:00:00+08:00,157.3,100.0
6909373,Manila,N/A,14.57711,120.9778,2023-09-21 13:00:00+00:00,2023-09-21T21:00:00+08:00,31.5,100.0
6909373,Manila,N/A,14.57711,120.9778,2023-09-21 14:00:00+00:00,2023-09-21T22:00:00+08:00,32.4,100.0
6909373,Manila,N/A,14.57711,120.9778,2023-09-21 15:00:00+00:00,2023-09-21T23:00:00+08:00,30.5,100.0
6909373,Manila,N/A,14.57711,120.9778,2023-09-21 16:00:00+00:00,2023-09-22T00:00:00+08:00,27.0,100.0
6909373,Manila,N/A,14.57711,120.9778,2023-09-21 17:00:00+00:00,2023-09-22T01:00:00+08:00,32.0,100.0
6909373,Manila,N/A,14.57711,120.9778,2023-09-21 18:00:00+00:00,2023-09-22T02:00:00+08:00,34.4,100.0
6909373,Manila,N/A,14.57711,120.9778,2023-09-21 19:00:00+00:00,2023-09-22T03:00:00+08:00,40.1,100.0
6909373,Manila,N/A,14.57711,120.9778,2023-09-21 20:00:00+00:00,2023-09-22T04:00:00+08:00,39.2,100.0
6909373,Manila,N/A,14.57711,120.9778,2023-09-21 21:00:00+00:00,2023-09-22T05:00:00+08:00,51.5,100.0
6909373,Manila,N/A,14.57711,120.9778,2023-09-21 22:00:00+00:00,2023-09-22T06:00:00+08:00,47.4,100.0
6909373,Manila,N/A,14.57711,120.9778,2023-09-21 23:00:00+00:00,2023-09-22T07:00:00+08:00,47.6,100.0
6909373,Manila,N/A,14.57711,120.9778,2023-09-22 00:00:00+00:00,2023-09-22T08:00:00+08:00,71.5,100.0
6909373,Manila,N/A,14.57711,120.9778,2023-09-22 01:00:00+00:00,2023-09-22T09:00:00+08:00,69.9,100.0
6909373,Manila,N/A,14.57711,120.9778,2023-09-22 02:00:00+00:00,2023-09-22T10:00:00+08:00,68.5,100.0
6909373,Manila,N/A,14.57711,120.9778,2023-09-22 03:00:00+00:00,2023-09-22T11:00:00+08:00,64.9,100.0
6909373,Manila,N/A,14.57711,120.9778,2023-09-22 04:00:00+00:00,2023-09-22T12:00:00+08:00,58.8,100.0
6909373,Manila,N/A,14.57711,120.9778,2023-09-22 05:00:00+00:00,2023-09-22T13:00:00+08:00,55.6,100.0
6909373,Manila,N/A,14.57711,120.9778,2023-09-22 06:00:00+00:00,2023-09-22T14:00:00+08:00,40.2,100.0
6909373,Manila,N/A,14.57711,120.9778,2023-09-22 07:00:00+00:00,2023-09-22T15:00:00+08:00,50.9,100.0
6909373,Manila,N/A,14.57711,120.9778,2023-09-22 08:00:00+00:00,2023-09-22T16:00:00+08:00,33.8,100.0
6909373,Manila,N/A,14.57711,120.9778,2023-09-22 09:00:00+00:00,2023-09-22T17:00:00+08:00,40.8,100.0
6909373,Manila,N/A,14.57711,120.9778,2023-09-22 10:00:00+00:00,2023-09-22T18:00:00+08:00,44.7,100.0
6909373,Manila,N/A,14.57711,120.9778,2023-09-22 11:00:00+00:00,2023-09-22T19:00:00+08:00,45.6,100.0
6909373,Manila,N/A,14.57711,120.9778,2023-09-22 12:00:00+00:00,2023-09-22T20:00:00+08:00,42.9,100.0
6909373,Manila,N/A,14.57711,120.9778,2023-09-22 13:00:00+00:00,2023-09-22T21:00:00+08:00,53.2,100.0
6909373,Manila,N/A,14.57711,120.9778,2023-09-22 14:00:00+00:00,2023-09-22T22:00:00+08:00,50.7,100.0
6909373,Manila,N/A,14.57711,120.9778,2023-09-22 15:00:00+00:00,2023-09-22T23:00:00+08:00,54.5,100.0
6909373,Manila,N/A,14.57711,120.9778,2023-09-22 16:00:00+00:00,2023-09-23T00:00:00+08:00,51.9,100.0
6909373,Manila,N/A,14.57711,120.9778,2023-09-22 17:00:00+00:00,2023-09-23T01:00:00+08:00,58.2,100.0
6909373,Manila,N/A,14.57711,120.9778,2023-09-22 18:00:00+00:00,2023-09-23T02:00:00+08:00,53.1,100.0
6909373,Manila,N/A,14.57711,120.9778,2023-09-22 19:00:00+00:00,2023-09-23T03:00:00+08:00,39.6,100.0
6909373,Manila,N/A,14.57711,120.9778,2023-09-22 20:00:00+00:00,2023-09-23T04:00:00+08:00,18.7,100.0
6909373,Manila,N/A,14.57711,120.9778,2023-09-22 21:00:00+00:00,2023-09-23T05:00:00+08:00,16.6,100.0
6909373,Manila,N/A,14.57711,120.9778,2023-09-22 22:00:00+00:00,2023-09-23T06:00:00+08:00,12.2,100.0
6909373,Manila,N/A,14.57711,120.9778,2023-09-22 23:00:00+00:00,2023-09-23T07:00:00+08:00,11.7,100.0
6909373,Manila,N/A,14.57711,120.9778,2023-09-23 00:00:00+00:00,2023-09-23T08:00:00+08:00,9.4,100.0
6909373,Manila,N/A,14.57711,120.9778,2023-09-23 01:00:00+00:00,2023-09-23T09:00:00+08:00,11.5,100.0
6909373,Manila,N/A,14.57711,120.9778,2023-09-23 02:00:00+00:00,2023-09-23T10:00:00+08:00,8.7,100.0
6909373,Manila,N/A,14.57711,120.9778,2023-09-23 03:00:00+00:00,2023-09-23T11:00:00+08:00,8.9,100.0
6909373,Manila,N/A,14.57711,120.9778,2023-09-23 04:00:00+00:00,2023-09-23T12:00:00+08:00,6.1,100.0
6909373,Manila,N/A,14.57711,120.9778,2023-09-23 05:00:00+00:00,2023-09-23T13:00:00+08:00,4.7,100.0
6909373,Manila,N/A,14.57711,120.9778,2023-09-23 06:00:00+00:00,2023-09-23T14:00:00+08:00,7.8,100.0
6909373,Manila,N/A,14.57711,120.9778,2023-09-23 07:00:00+00:00,2023-09-23T15:00:00+08:00,12.0,100.0
6909373,Manila,N/A,14.57711,120.9778,2023-09-23 08:00:00+00:00,2023-09-23T16:00:00+08:00,10.0,100.0
6909373,Manila,N/A,14.57711,120.9778,2023-09-23 09:00:00+00:00,2023-09-23T17:00:00+08:00,8.5,100.0
6909373,Manila,N/A,14.57711,120.9778,2023-09-23 10:00:00+00:00,2023-09-23T18:00:00+08:00,12.1,100.0
6909373,Manila,N/A,14.57711,120.9778,2023-09-23 11:00:00+00:00,2023-09-23T19:00:00+08:00,13.3,100.0
6909373,Manila,N/A,14.57711,120.9778,2023-09-23 12:00:00+00:00,2023-09-23T20:00:00+08:00,16.4,100.0
6909373,Manila,N/A,14.57711,120.9778,2023-09-23 13:00:00+00:00,2023-09-23T21:00:00+08:00,22.5,100.0
6909373,Manila,N/A,14.57711,120.9778,2023-09-23 14:00:00+00:00,2023-09-23T22:00:00+08:00,24.1,100.0
6909373,Manila,N/A,14.57711,120.9778,2023-09-23 15:00:00+00:00,2023-09-23T23:00:00+08:00,22.0,100.0
6909373,Manila,N/A,14.57711,120.9778,2023-09-23 16:00:00+00:00,2023-09-24T00:00:00+08:00,16.7,100.0
6909373,Manila,N/A,14.57711,120.9778,2023-09-23 17:00:00+00:00,2023-09-24T01:00:00+08:00,14.2,100.0
6909373,Manila,N/A,14.57711,120.9778,2023-09-23 18:00:00+00:00,2023-09-24T02:00:00+08:00,13.2,100.0
6909373,Manila,N/A,14.57711,120.9778,2023-09-23 19:00:00+00:00,2023-09-24T03:00:00+08:00,14.7,100.0
6909373,Manila,N/A,14.57711,120.9778,2023-09-23 20:00:00+00:00,2023-09-24T04:00:00+08:00,16.8,100.0
6909373,Manila,N/A,14.57711,120.9778,2023-09-23 21:00:00+00:00,2023-09-24T05:00:00+08:00,15.4,100.0
6909373,Manila,N/A,14.57711,120.9778,2023-09-23 22:00:00+00:00,2023-09-24T06:00:00+08:00,20.0,100.0
6909373,Manila,N/A,14.57711,120.9778,2023-09-23 23:00:00+00:00,2023-09-24T07:00:00+08:00,26.4,100.0
6909373,Manila,N/A,14.57711,120.9778,2023-09-24 00:00:00+00:00,2023-09-24T08:00:00+08:00,21.9,100.0
6909373,Manila,N/A,14.57711,120.9778,2023-09-24 01:00:00+00:00,2023-09-24T09:00:00+08:00,16.7,100.0
6909373,Manila,N/A,14.57711,120.9778,2023-09-24 02:00:00+00:00,2023-09-24T10:00:00+08:00,25.1,100.0
6909373,Manila,N/A,14.57711,120.9778,2023-09-24 03:00:00+00:00,2023-09-24T11:00:00+08:00,26.6,100.0
6909373,Manila,N/A,14.57711,120.9778,2023-09-24 04:00:00+00:00,2023-09-24T12:00:00+08:00,15.1,100.0
6909373,Manila,N/A,14.57711,120.9778,2023-09-24 05:00:00+00:00,2023-09-24T13:00:00+08:00,17.3,100.0
6909373,Manila,N/A,14.57711,120.9778,2023-09-24 06:00:00+00:00,2023-09-24T14:00:00+08:00,24.4,100.0
6909373,Manila,N/A,14.57711,120.9778,2023-09-24 07:00:00+00:00,2023-09-24T15:00:00+08:00,21.3,100.0
6909373,Manila,N/A,14.57711,120.9778,2023-09-24 08:00:00+00:00,2023-09-24T16:00:00+08:00,17.2,100.0
6909373,Manila,N/A,14.57711,120.9778,2023-09-24 09:00:00+00:00,2023-09-24T17:00:00+08:00,16.2,100.0
6909373,Manila,N/A,14.57711,120.9778,2023-09-24 10:00:00+00:00,2023-09-24T18:00:00+08:00,14.0,100.0
6909373,Manila,N/A,14.57711,120.9778,2023-09-24 11:00:00+00:00,2023-09-24T19:00:00+08:00,19.8,100.0
6909373,Manila,N/A,14.57711,120.9778,2023-09-24 12:00:00+00:00,2023-09-24T20:00:00+08:00,33.5,100.0
6909373,Manila,N/A,14.57711,120.9778,2023-09-24 13:00:00+00:00,2023-09-24T21:00:00+08:00,18.8,100.0
6909373,Manila,N/A,14.57711,120.9778,2023-09-24 14:00:00+00:00,2023-09-24T22:00:00+08:00,23.8,100.0
6909373,Manila,N/A,14.57711,120.9778,2023-09-24 15:00:00+00:00,2023-09-24T23:00:00+08:00,22.7,100.0
6909373,Manila,N/A,14.57711,120.9778,2023-09-24 16:00:00+00:00,2023-09-25T00:00:00+08:00,19.8,100.0
6909373,Manila,N/A,14.57711,120.9778,2023-09-24 17:00:00+00:00,2023-09-25T01:00:00+08:00,14.4,100.0
6909373,Manila,N/A,14.57711,120.9778,2023-09-24 18:00:00+00:00,2023-09-25T02:00:00+08:00,10.4,100.0
6909373,Manila,N/A,14.57711,120.9778,2023-09-24 19:00:00+00:00,2023-09-25T03:00:00+08:00,13.0,100.0
6909373,Manila,N/A,14.57711,120.9778,2023-09-24 20:00:00+00:00,2023-09-25T04:00:00+08:00,17.9,100.0
6909373,Manila,N/A,14.57711,120.9778,2023-09-24 21:00:00+00:00,2023-09-25T05:00:00+08:00,22.4,100.0
6909373,Manila,N/A,14.57711,120.9778,2023-09-24 22:00:00+00:00,2023-09-25T06:00:00+08:00,33.0,100.0
6909373,Manila,N/A,14.57711,120.9778,2023-09-24 23:00:00+00:00,2023-09-25T07:00:00+08:00,31.4,100.0
6909373,Manila,N/A,14.57711,120.9778,2023-09-25 00:00:00+00:00,2023-09-25T08:00:00+08:00,24.7,100.0
6909373,Manila,N/A,14.57711,120.9778,2023-09-25 01:00:00+00:00,2023-09-25T09:00:00+08:00,21.1,100.0
6909373,Manila,N/A,14.57711,120.9778,2023-09-25 02:00:00+00:00,2023-09-25T10:00:00+08:00,29.3,100.0
6909373,Manila,N/A,14.57711,120.9778,2023-09-25 03:00:00+00:00,2023-09-25T11:00:00+08:00,23.4,100.0
6909373,Manila,N/A,14.57711,120.9778,2023-09-25 04:00:00+00:00,2023-09-25T12:00:00+08:00,20.7,100.0
6909373,Manila,N/A,14.57711,120.9778,2023-09-25 05:00:00+00:00,2023-09-25T13:00:00+08:00,24.9,100.0
6909373,Manila,N/A,14.57711,120.9778,2023-09-25 06:00:00+00:00,2023-09-25T14:00:00+08:00,23.2,100.0
6909373,Manila,N/A,14.57711,120.9778,2023-09-25 07:00:00+00:00,2023-09-25T15:00:00+08:00,23.0,100.0
6909373,Manila,N/A,14.57711,120.9778,2023-09-25 08:00:00+00:00,2023-09-25T16:00:00+08:00,11.0,100.0
6909373,Manila,N/A,14.57711,120.9778,2023-09-25 09:00:00+00:00,2023-09-25T17:00:00+08:00,4.3,100.0
6909373,Manila,N/A,14.57711,120.9778,2023-09-25 10:00:00+00:00,2023-09-25T18:00:00+08:00,5.7,100.0
6909373,Manila,N/A,14.57711,120.9778,2023-09-25 11:00:00+00:00,2023-09-25T19:00:00+08:00,7.0,100.0
6909373,Manila,N/A,14.57711,120.9778,2023-09-25 12:00:00+00:00,2023-09-25T20:00:00+08:00,7.8,100.0
6909373,Manila,N/A,14.57711,120.9778,2023-09-25 13:00:00+00:00,2023-09-25T21:00:00+08:00,10.7,100.0
6909373,Manila,N/A,14.57711,120.9778,2023-09-25 14:00:00+00:00,2023-09-25T22:00:00+08:00,11.8,100.0
6909373,Manila,N/A,14.57711,120.9778,2023-09-25 15:00:00+00:00,2023-09-25T23:00:00+08:00,9.8,100.0
6909373,Manila,N/A,14.57711,120.9778,2023-09-25 16:00:00+00:00,2023-09-26T00:00:00+08:00,12.5,100.0
6909373,Manila,N/A,14.57711,120.9778,2023-09-25 17:00:00+00:00,2023-09-26T01:00:00+08:00,12.2,100.0
6909373,Manila,N/A,14.57711,120.9778,2023-09-25 18:00:00+00:00,2023-09-26T02:00:00+08:00,13.4,100.0
6909373,Manila,N/A,14.57711,120.9778,2023-09-25 19:00:00+00:00,2023-09-26T03:00:00+08:00,13.8,100.0
6909373,Manila,N/A,14.57711,120.9778,2023-09-25 20:00:00+00:00,2023-09-26T04:00:00+08:00,15.3,100.0
6909373,Manila,N/A,14.57711,120.9778,2023-09-25 21:00:00+00:00,2023-09-26T05:00:00+08:00,15.0,100.0
6909373,Manila,N/A,14.57711,120.9778,2023-09-25 22:00:00+00:00,2023-09-26T06:00:00+08:00,18.9,100.0
6909373,Manila,N/A,14.57711,120.9778,2023-09-25 23:00:00+00:00,2023-09-26T07:00:00+08:00,27.3,100.0
6909373,Manila,N/A,14.57711,120.9778,2023-09-26 00:00:00+00:00,2023-09-26T08:00:00+08:00,20.2,100.0
6909373,Manila,N/A,14.57711,120.9778,2023-09-26 01:00:00+00:00,2023-09-26T09:00:00+08:00,16.4,100.0
6909373,Manila,N/A,14.57711,120.9778,2023-09-26 02:00:00+00:00,2023-09-26T10:00:00+08:00,10.0,100.0
6909373,Manila,N/A,14.57711,120.9778,2023-09-26 03:00:00+00:00,2023-09-26T11:00:00+08:00,8.6,100.0
6909373,Manila,N/A,14.57711,120.9778,2023-09-26 04:00:00+00:00,2023-09-26T12:00:00+08:00,10.4,100.0
6909373,Manila,N/A,14.57711,120.9778,2023-09-26 05:00:00+00:00,2023-09-26T13:00:00+08:00,12.3,100.0
6909373,Manila,N/A,14.57711,120.9778,2023-09-26 06:00:00+00:00,2023-09-26T14:00:00+08:00,11.3,100.0
6909373,Manila,N/A,14.57711,120.9778,2023-09-26 07:00:00+00:00,2023-09-26T15:00:00+08:00,8.0,100.0
6909373,Manila,N/A,14.57711,120.9778,2023-09-26 08:00:00+00:00,2023-09-26T16:00:00+08:00,6.0,100.0
6909373,Manila,N/A,14.57711,120.9778,2023-09-26 09:00:00+00:00,2023-09-26T17:00:00+08:00,5.7,100.0
6909373,Manila,N/A,14.57711,120.9778,2023-09-26 10:00:00+00:00,2023-09-26T18:00:00+08:00,6.5,100.0
6909373,Manila,N/A,14.57711,120.9778,2023-09-26 11:00:00+00:00,2023-09-26T19:00:00+08:00,5.6,100.0
6909373,Manila,N/A,14.57711,120.9778,2023-09-26 12:00:00+00:00,2023-09-26T20:00:00+08:00,5.5,100.0
6909373,Manila,N/A,14.57711,120.9778,2023-09-26 13:00:00+00:00,2023-09-26T21:00:00+08:00,5.8,100.0
6909373,Manila,N/A,14.57711,120.9778,2023-09-26 14:00:00+00:00,2023-09-26T22:00:00+08:00,10.1,100.0
6909373,Manila,N/A,14.57711,120.9778,2023-09-26 15:00:00+00:00,2023-09-26T23:00:00+08:00,9.1,100.0
6909373,Manila,N/A,14.57711,120.9778,2023-09-26 16:00:00+00:00,2023-09-27T00:00:00+08:00,7.4,100.0
6909373,Manila,N/A,14.57711,120.9778,2023-09-26 17:00:00+00:00,2023-09-27T01:00:00+08:00,7.1,100.0
6909373,Manila,N/A,14.57711,120.9778,2023-09-26 18:00:00+00:00,2023-09-27T02:00:00+08:00,8.0,100.0
6909373,Manila,N/A,14.57711,120.9778,2023-09-26 19:00:00+00:00,2023-09-27T03:00:00+08:00,7.6,100.0
6909373,Manila,N/A,14.57711,120.9778,2023-09-26 20:00:00+00:00,2023-09-27T04:00:00+08:00,7.6,100.0
6909373,Manila,N/A,14.57711,120.9778,2023-09-26 21:00:00+00:00,2023-09-27T05:00:00+08:00,9.3,100.0
6909373,Manila,N/A,14.57711,120.9778,2023-09-26 22:00:00+00:00,2023-09-27T06:00:00+08:00,14.8,100.0
6909373,Manila,N/A,14.57711,120.9778,2023-09-26 23:00:00+00:00,2023-09-27T07:00:00+08:00,16.2,100.0
6909373,Manila,N/A,14.57711,120.9778,2023-09-27 00:00:00+00:00,2023-09-27T08:00:00+08:00,14.5,100.0
6909373,Manila,N/A,14.57711,120.9778,2023-09-27 01:00:00+00:00,2023-09-27T09:00:00+08:00,9.3,100.0
6909373,Manila,N/A,14.57711,120.9778,2023-09-27 02:00:00+00:00,2023-09-27T10:00:00+08:00,11.8,100.0
6909373,Manila,N/A,14.57711,120.9778,2023-09-27 03:00:00+00:00,2023-09-27T11:00:00+08:00,13.6,100.0
6909373,Manila,N/A,14.57711,120.9778,2023-09-27 04:00:00+00:00,2023-09-27T12:00:00+08:00,9.9,100.0
6909373,Manila,N/A,14.57711,120.9778,2023-09-27 05:00:00+00:00,2023-09-27T13:00:00+08:00,6.8,100.0
6909373,Manila,N/A,14.57711,120.9778,2023-09-27 06:00:00+00:00,2023-09-27T14:00:00+08:00,7.4,100.0
6909373,Manila,N/A,14.57711,120.9778,2023-09-27 07:00:00+00:00,2023-09-27T15:00:00+08:00,7.1,100.0
6909373,Manila,N/A,14.57711,120.9778,2023-09-27 08:00:00+00:00,2023-09-27T16:00:00+08:00,5.8,100.0
6909373,Manila,N/A,14.57711,120.9778,2023-09-27 09:00:00+00:00,2023-09-27T17:00:00+08:00,6.2,100.0
6909373,Manila,N/A,14.57711,120.9778,2023-09-27 10:00:00+00:00,2023-09-27T18:00:00+08:00,5.5,100.0
6909373,Manila,N/A,14.57711,120.9778,2023-09-27 11:00:00+00:00,2023-09-27T19:00:00+08:00,5.4,100.0
6909373,Manila,N/A,14.57711,120.9778,2023-09-27 12:00:00+00:00,2023-09-27T20:00:00+08:00,6.0,100.0
6909373,Manila,N/A,14.57711,120.9778,2023-09-27 13:00:00+00:00,2023-09-27T21:00:00+08:00,11.9,100.0
6909373,Manila,N/A,14.57711,120.9778,2023-09-27 14:00:00+00:00,2023-09-27T22:00:00+08:00,7.9,100.0
6909373,Manila,N/A,14.57711,120.9778,2023-09-27 15:00:00+00:00,2023-09-27T23:00:00+08:00,8.6,100.0
6909373,Manila,N/A,14.57711,120.9778,2023-09-27 16:00:00+00:00,2023-09-28T00:00:00+08:00,10.7,100.0
6909373,Manila,N/A,14.57711,120.9778,2023-09-27 17:00:00+00:00,2023-09-28T01:00:00+08:00,10.3,100.0
6909373,Manila,N/A,14.57711,120.9778,2023-09-27 18:00:00+00:00,2023-09-28T02:00:00+08:00,12.2,100.0
6909373,Manila,N/A,14.57711,120.9778,2023-09-27 19:00:00+00:00,2023-09-28T03:00:00+08:00,12.4,100.0
6909373,Manila,N/A,14.57711,120.9778,2023-09-27 20:00:00+00:00,2023-09-28T04:00:00+08:00,14.3,100.0
6909373,Manila,N/A,14.57711,120.9778,2023-09-27 21:00:00+00:00,2023-09-28T05:00:00+08:00,16.4,100.0
6909373,Manila,N/A,14.57711,120.9778,2023-09-27 22:00:00+00:00,2023-09-28T06:00:00+08:00,18.2,100.0
6909373,Manila,N/A,14.57711,120.9778,2023-09-27 23:00:00+00:00,2023-09-28T07:00:00+08:00,27.8,100.0
6909373,Manila,N/A,14.57711,120.9778,2023-09-28 00:00:00+00:00,2023-09-28T08:00:00+08:00,20.6,100.0
6909373,Manila,N/A,14.57711,120.9778,2023-09-28 01:00:00+00:00,2023-09-28T09:00:00+08:00,15.8,100.0
6909373,Manila,N/A,14.57711,120.9778,2023-09-28 02:00:00+00:00,2023-09-28T10:00:00+08:00,16.0,100.0
6909373,Manila,N/A,14.57711,120.9778,2023-09-28 03:00:00+00:00,2023-09-28T11:00:00+08:00,13.0,100.0
6909373,Manila,N/A,14.57711,120.9778,2023-09-28 04:00:00+00:00,2023-09-28T12:00:00+08:00,9.1,100.0
6909373,Manila,N/A,14.57711,120.9778,2023-09-28 05:00:00+00:00,2023-09-28T13:00:00+08:00,9.2,100.0
6909373,Manila,N/A,14.57711,120.9778,2023-09-28 06:00:00+00:00,2023-09-28T14:00:00+08:00,14.1,100.0
6909373,Manila,N/A,14.57711,120.9778,2023-09-28 07:00:00+00:00,2023-09-28T15:00:00+08:00,14.4,100.0
6909373,Manila,N/A,14.57711,120.9778,2023-09-28 08:00:00+00:00,2023-09-28T16:00:00+08:00,16.4,100.0
6909373,Manila,N/A,14.57711,120.9778,2023-09-28 09:00:00+00:00,2023-09-28T17:00:00+08:00,11.8,100.0
6909373,Manila,N/A,14.57711,120.9778,2023-09-28 10:00:00+00:00,2023-09-28T18:00:00+08:00,9.8,100.0
6909373,Manila,N/A,14.57711,120.9778,2023-09-28 11:00:00+00:00,2023-09-28T19:00:00+08:00,10.2,100.0
6909373,Manila,N/A,14.57711,120.9778,2023-09-28 12:00:00+00:00,2023-09-28T20:00:00+08:00,19.6,100.0
6909373,Manila,N/A,14.57711,120.9778,2023-09-28 13:00:00+00:00,2023-09-28T21:00:00+08:00,20.2,100.0
6909373,Manila,N/A,14.57711,120.9778,2023-09-28 14:00:00+00:00,2023-09-28T22:00:00+08:00,24.2,100.0
6909373,Manila,N/A,14.57711,120.9778,2023-09-28 15:00:00+00:00,2023-09-28T23:00:00+08:00,26.4,100.0
6909373,Manila,N/A,14.57711,120.9778,2023-09-28 16:00:00+00:00,2023-09-29T00:00:00+08:00,29.5,100.0
6909373,Manila,N/A,14.57711,120.9778,2023-09-28 17:00:00+00:00,2023-09-29T01:00:00+08:00,29.5,100.0
6909373,Manila,N/A,14.57711,120.9778,2023-09-28 18:00:00+00:00,2023-09-29T02:00:00+08:00,31.2,100.0
6909373,Manila,N/A,14.57711,120.9778,2023-09-28 19:00:00+00:00,2023-09-29T03:00:00+08:00,29.3,100.0
6909373,Manila,N/A,14.57711,120.9778,2023-09-28 20:00:00+00:00,2023-09-29T04:00:00+08:00,26.1,100.0
6909373,Manila,N/A,14.57711,120.9778,2023-09-28 21:00:00+00:00,2023-09-29T05:00:00+08:00,23.8,100.0
6909373,Manila,N/A,14.57711,120.9778,2023-09-28 22:00:00+00:00,2023-09-29T06:00:00+08:00,26.4,100.0
6909373,Manila,N/A,14.57711,120.9778,2023-09-28 23:00:00+00:00,2023-09-29T07:00:00+08:00,33.8,100.0
6909373,Manila,N/A,14.57711,120.9778,2023-09-29 00:00:00+00:00,2023-09-29T08:00:00+08:00,25.3,100.0
6909373,Manila,N/A,14.57711,120.9778,2023-09-29 01:00:00+00:00,2023-09-29T09:00:00+08:00,24.2,100.0
6909373,Manila,N/A,14.57711,120.9778,2023-09-29 02:00:00+00:00,2023-09-29T10:00:00+08:00,27.8,100.0
6909373,Manila,N/A,14.57711,120.9778,2023-09-29 03:00:00+00:00,2023-09-29T11:00:00+08:00,27.6,100.0
6909373,Manila,N/A,14.57711,120.9778,2023-09-29 04:00:00+00:00,2023-09-29T12:00:00+08:00,27.7,100.0
6909373,Manila,N/A,14.57711,120.9778,2023-09-29 05:00:00+00:00,2023-09-29T13:00:00+08:00,30.0,100.0
6909373,Manila,N/A,14.57711,120.9778,2023-09-29 06:00:00+00:00,2023-09-29T14:00:00+08:00,28.1,100.0
6909373,Manila,N/A,14.57711,120.9778,2023-09-29 07:00:00+00:00,2023-09-29T15:00:00+08:00,26.4,100.0
6909373,Manila,N/A,14.57711,120.9778,2023-09-29 08:00:00+00:00,2023-09-29T16:00:00+08:00,30.6,100.0
6909373,Manila,N/A,14.57711,120.9778,2023-09-29 09:00:00+00:00,2023-09-29T17:00:00+08:00,24.1,100.0
6909373,Manila,N/A,14.57711,120.9778,2023-09-29 10:00:00+00:00,2023-09-29T18:00:00+08:00,20.8,100.0
6909373,Manila,N/A,14.57711,120.9778,2023-09-29 11:00:00+00:00,2023-09-29T19:00:00+08:00,27.9,100.0
6909373,Manila,N/A,14.57711,120.9778,2023-09-29 12:00:00+00:00,2023-09-29T20:00:00+08:00,34.9,100.0
6909373,Manila,N/A,14.57711,120.9778,2023-09-29 13:00:00+00:00,2023-09-29T21:00:00+08:00,74.5,100.0
6909373,Manila,N/A,14.57711,120.9778,2023-09-29 14:00:00+00:00,2023-09-29T22:00:00+08:00,73.2,100.0
6909373,Manila,N/A,14.57711,120.9778,2023-09-29 15:00:00+00:00,2023-09-29T23:00:00+08:00,69.6,100.0
6909373,Manila,N/A,14.57711,120.9778,2023-09-29 16:00:00+00:00,2023-09-30T00:00:00+08:00,73.2,100.0
6909373,Manila,N/A,14.57711,120.9778,2023-09-29 17:00:00+00:00,2023-09-30T01:00:00+08:00,78.0,100.0
6909373,Manila,N/A,14.57711,120.9778,2023-09-29 18:00:00+00:00,2023-09-30T02:00:00+08:00,50.8,100.0
6909373,Manila,N/A,14.57711,120.9778,2023-09-29 19:00:00+00:00,2023-09-30T03:00:00+08:00,35.8,100.0
6909373,Manila,N/A,14.57711,120.9778,2023-09-29 20:00:00+00:00,2023-09-30T04:00:00+08:00,41.4,100.0
6909373,Manila,N/A,14.57711,120.9778,2023-09-29 21:00:00+00:00,2023-09-30T05:00:00+08:00,39.7,100.0
6909373,Manila,N/A,14.57711,120.9778,2023-09-29 22:00:00+00:00,2023-09-30T06:00:00+08:00,45.6,100.0
6909373,Manila,N/A,14.57711,120.9778,2023-09-29 23:00:00+00:00,2023-09-30T07:00:00+08:00,35.8,100.0
6909373,Manila,N/A,14.57711,120.9778,2023-09-30 00:00:00+00:00,2023-09-30T08:00:00+08:00,20.5,100.0
6909373,Manila,N/A,14.57711,120.9778,2023-09-30 01:00:00+00:00,2023-09-30T09:00:00+08:00,18.2,100.0
6909373,Manila,N/A,14.57711,120.9778,2023-09-30 02:00:00+00:00,2023-09-30T10:00:00+08:00,15.5,100.0
6909373,Manila,N/A,14.57711,120.9778,2023-09-30 03:00:00+00:00,2023-09-30T11:00:00+08:00,15.5,100.0
6909373,Manila,N/A,14.57711,120.9778,2023-09-30 04:00:00+00:00,2023-09-30T12:00:00+08:00,14.1,100.0
6909373,Manila,N/A,14.57711,120.9778,2023-09-30 05:00:00+00:00,2023-09-30T13:00:00+08:00,11.0,100.0
6909373,Manila,N/A,14.57711,120.9778,2023-09-30 06:00:00+00:00,2023-09-30T14:00:00+08:00,12.8,100.0
6909373,Manila,N/A,14.57711,120.9778,2023-09-30 07:00:00+00:00,2023-09-30T15:00:00+08:00,13.6,100.0
6909373,Manila,N/A,14.57711,120.9778,2023-09-30 08:00:00+00:00,2023-09-30T16:00:00+08:00,12.1,100.0
6909373,Manila,N/A,14.57711,120.9778,2023-09-30 09:00:00+00:00,2023-09-30T17:00:00+08:00,8.9,100.0
6909373,Manila,N/A,14.57711,120.9778,2023-09-30 10:00:00+00:00,2023-09-30T18:00:00+08:00,8.2,100.0
6909373,Manila,N/A,14.57711,120.9778,2023-09-30 11:00:00+00:00,2023-09-30T19:00:00+08:00,9.7,100.0
6909373,Manila,N/A,14.57711,120.9778,2023-09-30 12:00:00+00:00,2023-09-30T20:00:00+08:00,13.1,100.0
6909373,Manila,N/A,14.57711,120.9778,2023-09-30 13:00:00+00:00,2023-09-30T21:00:00+08:00,13.1,100.0
6909373,Manila,N/A,14.57711,120.9778,2023-09-30 14:00:00+00:00,2023-09-30T22:00:00+08:00,13.0,100.0
6909373,Manila,N/A,14.57711,120.9778,2023-09-30 15:00:00+00:00,2023-09-30T23:00:00+08:00,12.6,100.0
6909373,Manila,N/A,14.57711,120.9778,2023-09-30 16:00:00+00:00,2023-10-01T00:00:00+08:00,12.3,100.0
6909373,Manila,N/A,14.57711,120.9778,2023-09-30 17:00:00+00:00,2023-10-01T01:00:00+08:00,11.3,100.0
6909373,Manila,N/A,14.57711,120.9778,2023-09-30 18:00:00+00:00,2023-10-01T02:00:00+08:00,10.2,100.0
6909373,Manila,N/A,14.57711,120.9778,2023-09-30 19:00:00+00:00,2023-10-01T03:00:00+08:00,9.9,100.0
6909373,Manila,N/A,14.57711,120.9778,2023-09-30 20:00:00+00:00,2023-10-01T04:00:00+08:00,11.2,100.0
6909373,Manila,N/A,14.57711,120.9778,2023-09-30 21:00:00+00:00,2023-10-01T05:00:00+08:00,12.7,100.0
6909373,Manila,N/A,14.57711,120.9778,2023-09-30 22:00:00+00:00,2023-10-01T06:00:00+08:00,12.6,100.0
6909373,Manila,N/A,14.57711,120.9778,2023-09-30 23:00:00+00:00,2023-10-01T07:00:00+08:00,12.2,100.0
6909373,Manila,N/A,14.57711,120.9778,2023-10-01 00:00:00+00:00,2023-10-01T08:00:00+08:00,9.9,100.0
6909373,Manila,N/A,14.57711,120.9778,2023-10-01 01:00:00+00:00,2023-10-01T09:00:00+08:00,12.8,100.0
6909373,Manila,N/A,14.57711,120.9778,2023-10-01 02:00:00+00:00,2023-10-01T10:00:00+08:00,14.8,100.0
6909373,Manila,N/A,14.57711,120.9778,2023-10-01 03:00:00+00:00,2023-10-01T11:00:00+08:00,10.3,100.0
6909373,Manila,N/A,14.57711,120.9778,2023-10-01 04:00:00+00:00,2023-10-01T12:00:00+08:00,5.5,100.0
6909373,Manila,N/A,14.57711,120.9778,2023-10-01 05:00:00+00:00,2023-10-01T13:00:00+08:00,4.5,100.0
6909373,Manila,N/A,14.57711,120.9778,2023-10-01 06:00:00+00:00,2023-10-01T14:00:00+08:00,4.3,100.0
6909373,Manila,N/A,14.57711,120.9778,2023-10-01 07:00:00+00:00,2023-10-01T15:00:00+08:00,4.3,100.0
6909373,Manila,N/A,14.57711,120.9778,2023-10-01 08:00:00+00:00,2023-10-01T16:00:00+08:00,5.0,100.0
6909373,Manila,N/A,14.57711,120.9778,2023-10-01 09:00:00+00:00,2023-10-01T17:00:00+08:00,4.9,100.0
6909373,Manila,N/A,14.57711,120.9778,2023-10-01 10:00:00+00:00,2023-10-01T18:00:00+08:00,4.8,100.0
6909373,Manila,N/A,14.57711,120.9778,2023-10-01 11:00:00+00:00,2023-10-01T19:00:00+08:00,5.0,100.0
6909373,Manila,N/A,14.57711,120.9778,2023-10-01 12:00:00+00:00,2023-10-01T20:00:00+08:00,7.4,100.0
6909373,Manila,N/A,14.57711,120.9778,2023-10-01 13:00:00+00:00,2023-10-01T21:00:00+08:00,4.1,100.0
6909373,Manila,N/A,14.57711,120.9778,2023-10-01 14:00:00+00:00,2023-10-01T22:00:00+08:00,4.0,100.0
6909373,Manila,N/A,14.57711,120.9778,2023-10-01 15:00:00+00:00,2023-10-01T23:00:00+08:00,5.3,100.0
6909373,Manila,N/A,14.57711,120.9778,2023-10-01 16:00:00+00:00,2023-10-02T00:00:00+08:00,4.6,100.0
6909373,Manila,N/A,14.57711,120.9778,2023-10-01 17:00:00+00:00,2023-10-02T01:00:00+08:00,4.8,100.0
6909373,Manila,N/A,14.57711,120.9778,2023-10-01 18:00:00+00:00,2023-10-02T02:00:00+08:00,4.9,100.0
6909373,Manila,N/A,14.57711,120.9778,2023-10-01 19:00:00+00:00,2023-10-02T03:00:00+08:00,4.9,100.0
6909373,Manila,N/A,14.57711,120.9778,2023-10-01 20:00:00+00:00,2023-10-02T04:00:00+08:00,11.5,100.0
6909373,Manila,N/A,14.57711,120.9778,2023-10-01 21:00:00+00:00,2023-10-02T05:00:00+08:00,10.6,100.0
6909373,Manila,N/A,14.57711,120.9778,2023-10-01 22:00:00+00:00,2023-10-02T06:00:00+08:00,5.1,100.0
6909373,Manila,N/A,14.57711,120.9778,2023-10-01 23:00:00+00:00,2023-10-02T07:00:00+08:00,4.4,100.0
6909373,Manila,N/A,14.57711,120.9778,2023-10-02 00:00:00+00:00,2023-10-02T08:00:00+08:00,3.5,100.0
6909373,Manila,N/A,14.57711,120.9778,2023-10-02 01:00:00+00:00,2023-10-02T09:00:00+08:00,4.0,100.0
6909373,Manila,N/A,14.57711,120.9778,2023-10-02 02:00:00+00:00,2023-10-02T10:00:00+08:00,5.5,100.0
6909373,Manila,N/A,14.57711,120.9778,2023-10-02 03:00:00+00:00,2023-10-02T11:00:00+08:00,5.1,100.0
6909373,Manila,N/A,14.57711,120.9778,2023-10-02 04:00:00+00:00,2023-10-02T12:00:00+08:00,4.5,100.0
6909373,Manila,N/A,14.57711,120.9778,2023-10-02 05:00:00+00:00,2023-10-02T13:00:00+08:00,5.1,100.0
6909373,Manila,N/A,14.57711,120.9778,2023-10-02 06:00:00+00:00,2023-10-02T14:00:00+08:00,5.2,100.0
6909373,Manila,N/A,14.57711,120.9778,2023-10-02 07:00:00+00:00,2023-10-02T15:00:00+08:00,4.7,100.0
6909373,Manila,N/A,14.57711,120.9778,2023-10-02 08:00:00+00:00,2023-10-02T16:00:00+08:00,5.2,100.0
6909373,Manila,N/A,14.57711,120.9778,2023-10-02 09:00:00+00:00,2023-10-02T17:00:00+08:00,4.8,100.0
6909373,Manila,N/A,14.57711,120.9778,2023-10-02 10:00:00+00:00,2023-10-02T18:00:00+08:00,5.6,100.0
6909373,Manila,N/A,14.57711,120.9778,2023-10-02 11:00:00+00:00,2023-10-02T19:00:00+08:00,5.5,100.0
6909373,Manila,N/A,14.57711,120.9778,2023-10-02 12:00:00+00:00,2023-10-02T20:00:00+08:00,5.3,100.0
6909373,Manila,N/A,14.57711,120.9778,2023-10-02 13:00:00+00:00,2023-10-02T21:00:00+08:00,4.7,100.0
6909373,Manila,N/A,14.57711,120.9778,2023-10-02 14:00:00+00:00,2023-10-02T22:00:00+08:00,5.0,100.0
6909373,Manila,N/A,14.57711,120.9778,2023-10-02 15:00:00+00:00,2023-10-02T23:00:00+08:00,6.2,100.0
6909373,Manila,N/A,14.57711,120.9778,2023-10-02 16:00:00+00:00,2023-10-03T00:00:00+08:00,7.4,100.0
6909373,Manila,N/A,14.57711,120.9778,2023-10-02 17:00:00+00:00,2023-10-03T01:00:00+08:00,3.6,100.0
6909373,Manila,N/A,14.57711,120.9778,2023-10-02 18:00:00+00:00,2023-10-03T02:00:00+08:00,4.0,100.0
6909373,Manila,N/A,14.57711,120.9778,2023-10-02 19:00:00+00:00,2023-10-03T03:00:00+08:00,5.4,100.0
6909373,Manila,N/A,14.57711,120.9778,2023-10-02 20:00:00+00:00,2023-10-03T04:00:00+08:00,5.4,100.0
6909373,Manila,N/A,14.57711,120.9778,2023-10-02 21:00:00+00:00,2023-10-03T05:00:00+08:00,5.0,100.0
6909373,Manila,N/A,14.57711,120.9778,2023-10-02 22:00:00+00:00,2023-10-03T06:00:00+08:00,4.9,100.0
6909373,Manila,N/A,14.57711,120.9778,2023-10-02 23:00:00+00:00,2023-10-03T07:00:00+08:00,6.1,100.0
6909373,Manila,N/A,14.57711,120.9778,2023-10-03 00:00:00+00:00,2023-10-03T08:00:00+08:00,7.0,100.0
6909373,Manila,N/A,14.57711,120.9778,2023-10-03 01:00:00+00:00,2023-10-03T09:00:00+08:00,7.2,100.0
6909373,Manila,N/A,14.57711,120.9778,2023-10-03 02:00:00+00:00,2023-10-03T10:00:00+08:00,8.7,100.0
6909373,Manila,N/A,14.57711,120.9778,2023-10-03 03:00:00+00:00,2023-10-03T11:00:00+08:00,6.9,100.0
6909373,Manila,N/A,14.57711,120.9778,2023-10-03 04:00:00+00:00,2023-10-03T12:00:00+08:00,6.4,100.0
6909373,Manila,N/A,14.57711,120.9778,2023-10-03 05:00:00+00:00,2023-10-03T13:00:00+08:00,7.5,100.0
6909373,Manila,N/A,14.57711,120.9778,2023-10-03 06:00:00+00:00,2023-10-03T14:00:00+08:00,7.1,100.0
6909373,Manila,N/A,14.57711,120.9778,2023-10-03 07:00:00+00:00,2023-10-03T15:00:00+08:00,7.0,100.0
6909373,Manila,N/A,14.57711,120.9778,2023-10-03 08:00:00+00:00,2023-10-03T16:00:00+08:00,6.4,100.0
6909373,Manila,N/A,14.57711,120.9778,2023-10-03 09:00:00+00:00,2023-10-03T17:00:00+08:00,6.9,100.0
6909373,Manila,N/A,14.57711,120.9778,2023-10-03 10:00:00+00:00,2023-10-03T18:00:00+08:00,6.4,100.0
6909373,Manila,N/A,14.57711,120.9778,2023-10-03 11:00:00+00:00,2023-10-03T19:00:00+08:00,6.5,100.0
6909373,Manila,N/A,14.57711,120.9778,2023-10-03 12:00:00+00:00,2023-10-03T20:00:00+08:00,6.8,100.0
6909373,Manila,N/A,14.57711,120.9778,2023-10-03 13:00:00+00:00,2023-10-03T21:00:00+08:00,6.7,100.0
6909373,Manila,N/A,14.57711,120.9778,2023-10-03 14:00:00+00:00,2023-10-03T22:00:00+08:00,7.8,100.0
6909373,Manila,N/A,14.57711,120.9778,2023-10-03 15:00:00+00:00,2023-10-03T23:00:00+08:00,8.2,100.0
6909373,Manila,N/A,14.57711,120.9778,2023-10-03 16:00:00+00:00,2023-10-04T00:00:00+08:00,5.2,100.0
6909373,Manila,N/A,14.57711,120.9778,2023-10-03 17:00:00+00:00,2023-10-04T01:00:00+08:00,5.7,100.0
6909373,Manila,N/A,14.57711,120.9778,2023-10-03 18:00:00+00:00,2023-10-04T02:00:00+08:00,6.9,100.0
6909373,Manila,N/A,14.57711,120.9778,2023-10-03 19:00:00+00:00,2023-10-04T03:00:00+08:00,6.3,100.0
6909373,Manila,N/A,14.57711,120.9778,2023-10-03 20:00:00+00:00,2023-10-04T04:00:00+08:00,4.8,100.0
6909373,Manila,N/A,14.57711,120.9778,2023-10-03 21:00:00+00:00,2023-10-04T05:00:00+08:00,4.4,100.0
6909373,Manila,N/A,14.57711,120.9778,2023-10-03 22:00:00+00:00,2023-10-04T06:00:00+08:00,4.5,100.0
6909373,Manila,N/A,14.57711,120.9778,2023-10-03 23:00:00+00:00,2023-10-04T07:00:00+08:00,5.6,100.0
6909373,Manila,N/A,14.57711,120.9778,2023-10-04 00:00:00+00:00,2023-10-04T08:00:00+08:00,4.6,100.0
6909373,Manila,N/A,14.57711,120.9778,2023-10-04 01:00:00+00:00,2023-10-04T09:00:00+08:00,7.0,100.0
6909373,Manila,N/A,14.57711,120.9778,2023-10-04 02:00:00+00:00,2023-10-04T10:00:00+08:00,7.7,100.0
6909373,Manila,N/A,14.57711,120.9778,2023-10-04 03:00:00+00:00,2023-10-04T11:00:00+08:00,6.3,100.0
6909373,Manila,N/A,14.57711,120.9778,2023-10-04 04:00:00+00:00,2023-10-04T12:00:00+08:00,4.9,100.0
6909373,Manila,N/A,14.57711,120.9778,2023-10-04 05:00:00+00:00,2023-10-04T13:00:00+08:00,4.8,100.0
6909373,Manila,N/A,14.57711,120.9778,2023-10-04 06:00:00+00:00,2023-10-04T14:00:00+08:00,6.8,100.0
6909373,Manila,N/A,14.57711,120.9778,2023-10-04 07:00:00+00:00,2023-10-04T15:00:00+08:00,6.0,100.0
6909373,Manila,N/A,14.57711,120.9778,2023-10-04 08:00:00+00:00,2023-10-04T16:00:00+08:00,8.1,100.0
6909373,Manila,N/A,14.57711,120.9778,2023-10-04 09:00:00+00:00,2023-10-04T17:00:00+08:00,6.7,100.0
6909373,Manila,N/A,14.57711,120.9778,2023-10-04 10:00:00+00:00,2023-10-04T18:00:00+08:00,6.5,100.0
6909373,Manila,N/A,14.57711,120.9778,2023-10-04 11:00:00+00:00,2023-10-04T19:00:00+08:00,7.0,100.0
6909373,Manila,N/A,14.57711,120.9778,2023-10-04 12:00:00+00:00,2023-10-04T20:00:00+08:00,8.0,100.0
6909373,Manila,N/A,14.57711,120.9778,2023-10-04 13:00:00+00:00,2023-10-04T21:00:00+08:00,7.3,100.0
6909373,Manila,N/A,14.57711,120.9778,2023-10-04 14:00:00+00:00,2023-10-04T22:00:00+08:00,6.3,100.0
6909373,Manila,N/A,14.57711,120.9778,2023-10-04 15:00:00+00:00,2023-10-04T23:00:00+08:00,5.9,100.0
6909373,Manila,N/A,14.57711,120.9778,2023-10-04 16:00:00+00:00,2023-10-05T00:00:00+08:00,6.4,100.0
6909373,Manila,N/A,14.57711,120.9778,2023-10-04 17:00:00+00:00,2023-10-05T01:00:00+08:00,6.4,100.0
6909373,Manila,N/A,14.57711,120.9778,2023-10-04 18:00:00+00:00,2023-10-05T02:00:00+08:00,7.0,100.0
6909373,Manila,N/A,14.57711,120.9778,2023-10-04 19:00:00+00:00,2023-10-05T03:00:00+08:00,6.5,100.0
6909373,Manila,N/A,14.57711,120.9778,2023-10-04 20:00:00+00:00,2023-10-05T04:00:00+08:00,4.8,100.0
6909373,Manila,N/A,14.57711,120.9778,2023-10-04 21:00:00+00:00,2023-10-05T05:00:00+08:00,5.5,100.0
6909373,Manila,N/A,14.57711,120.9778,2023-10-04 22:00:00+00:00,2023-10-05T06:00:00+08:00,12.4,100.0
6909373,Manila,N/A,14.57711,120.9778,2023-10-04 23:00:00+00:00,2023-10-05T07:00:00+08:00,16.7,100.0
6909373,Manila,N/A,14.57711,120.9778,2023-10-05 00:00:00+00:00,2023-10-05T08:00:00+08:00,16.4,100.0
6909373,Manila,N/A,14.57711,120.9778,2023-10-05 01:00:00+00:00,2023-10-05T09:00:00+08:00,8.2,100.0
6909373,Manila,N/A,14.57711,120.9778,2023-10-05 02:00:00+00:00,2023-10-05T10:00:00+08:00,7.6,100.0
6909373,Manila,N/A,14.57711,120.9778,2023-10-05 03:00:00+00:00,2023-10-05T11:00:00+08:00,6.5,100.0
6909373,Manila,N/A,14.57711,120.9778,2023-10-05 04:00:00+00:00,2023-10-05T12:00:00+08:00,5.7,100.0
6909373,Manila,N/A,14.57711,120.9778,2023-10-05 05:00:00+00:00,2023-10-05T13:00:00+08:00,7.0,100.0
6909373,Manila,N/A,14.57711,120.9778,2023-10-05 06:00:00+00:00,2023-10-05T14:00:00+08:00,7.7,100.0
6909373,Manila,N/A,14.57711,120.9778,2023-10-05 07:00:00+00:00,2023-10-05T15:00:00+08:00,8.0,100.0
6909373,Manila,N/A,14.57711,120.9778,2023-10-05 08:00:00+00:00,2023-10-05T16:00:00+08:00,8.8,100.0
6909373,Manila,N/A,14.57711,120.9778,2023-10-05 09:00:00+00:00,2023-10-05T17:00:00+08:00,15.8,100.0
6909373,Manila,N/A,14.57711,120.9778,2023-10-05 10:00:00+00:00,2023-10-05T18:00:00+08:00,17.2,100.0
6909373,Manila,N/A,14.57711,120.9778,2023-10-05 11:00:00+00:00,2023-10-05T19:00:00+08:00,8.8,100.0
6909373,Manila,N/A,14.57711,120.9778,2023-10-05 12:00:00+00:00,2023-10-05T20:00:00+08:00,14.5,100.0
6909373,Manila,N/A,14.57711,120.9778,2023-10-05 13:00:00+00:00,2023-10-05T21:00:00+08:00,20.5,100.0
6909373,Manila,N/A,14.57711,120.9778,2023-10-05 14:00:00+00:00,2023-10-05T22:00:00+08:00,26.0,100.0
6909373,Manila,N/A,14.57711,120.9778,2023-10-05 15:00:00+00:00,2023-10-05T23:00:00+08:00,19.5,100.0
6909373,Manila,N/A,14.57711,120.9778,2023-10-05 16:00:00+00:00,2023-10-06T00:00:00+08:00,17.9,100.0
6909373,Manila,N/A,14.57711,120.9778,2023-10-05 17:00:00+00:00,2023-10-06T01:00:00+08:00,16.8,100.0
6909373,Manila,N/A,14.57711,120.9778,2023-10-05 18:00:00+00:00,2023-10-06T02:00:00+08:00,8.5,100.0
6909373,Manila,N/A,14.57711,120.9778,2023-10-05 19:00:00+00:00,2023-10-06T03:00:00+08:00,4.7,100.0
6909373,Manila,N/A,14.57711,120.9778,2023-10-05 20:00:00+00:00,2023-10-06T04:00:00+08:00,5.3,100.0
6909373,Manila,N/A,14.57711,120.9778,2023-10-05 21:00:00+00:00,2023-10-06T05:00:00+08:00,6.3,100.0
6909373,Manila,N/A,14.57711,120.9778,2023-10-05 22:00:00+00:00,2023-10-06T06:00:00+08:00,10.4,100.0
6909373,Manila,N/A,14.57711,120.9778,2023-10-05 23:00:00+00:00,2023-10-06T07:00:00+08:00,13.3,100.0
6909373,Manila,N/A,14.57711,120.9778,2023-10-06 00:00:00+00:00,2023-10-06T08:00:00+08:00,12.9,100.0
6909373,Manila,N/A,14.57711,120.9778,2023-10-06 01:00:00+00:00,2023-10-06T09:00:00+08:00,9.7,100.0
6909373,Manila,N/A,14.57711,120.9778,2023-10-06 02:00:00+00:00,2023-10-06T10:00:00+08:00,7.3,100.0
6909373,Manila,N/A,14.57711,120.9778,2023-10-06 03:00:00+00:00,2023-10-06T11:00:00+08:00,3.9,100.0
6909373,Manila,N/A,14.57711,120.9778,2023-10-06 04:00:00+00:00,2023-10-06T12:00:00+08:00,4.3,100.0
6909373,Manila,N/A,14.57711,120.9778,2023-10-06 05:00:00+00:00,2023-10-06T13:00:00+08:00,3.5,100.0
6909373,Manila,N/A,14.57711,120.9778,2023-10-06 06:00:00+00:00,2023-10-06T14:00:00+08:00,4.7,100.0
6909373,Manila,N/A,14.57711,120.9778,2023-10-06 07:00:00+00:00,2023-10-06T15:00:00+08:00,6.1,100.0
6909373,Manila,N/A,14.57711,120.9778,2023-10-06 08:00:00+00:00,2023-10-06T16:00:00+08:00,6.7,100.0
6909373,Manila,N/A,14.57711,120.9778,2023-10-06 09:00:00+00:00,2023-10-06T17:00:00+08:00,5.4,100.0
6909373,Manila,N/A,14.57711,120.9778,2023-10-06 10:00:00+00:00,2023-10-06T18:00:00+08:00,5.6,100.0
6909373,Manila,N/A,14.57711,120.9778,2023-10-06 11:00:00+00:00,2023-10-06T19:00:00+08:00,6.2,100.0
6909373,Manila,N/A,14.57711,120.9778,2023-10-06 12:00:00+00:00,2023-10-06T20:00:00+08:00,7.4,100.0
6909373,Manila,N/A,14.57711,120.9778,2023-10-06 13:00:00+00:00,2023-10-06T21:00:00+08:00,6.1,100.0
6909373,Manila,N/A,14.57711,120.9778,2023-10-06 14:00:00+00:00,2023-10-06T22:00:00+08:00,10.8,100.0
6909373,Manila,N/A,14.57711,120.9778,2023-10-06 15:00:00+00:00,2023-10-06T23:00:00+08:00,13.5,100.0
6909373,Manila,N/A,14.57711,120.9778,2023-10-06 16:00:00+00:00,2023-10-07T00:00:00+08:00,14.3,100.0
6909373,Manila,N/A,14.57711,120.9778,2023-10-06 17:00:00+00:00,2023-10-07T01:00:00+08:00,11.5,100.0
6909373,Manila,N/A,14.57711,120.9778,2023-10-06 18:00:00+00:00,2023-10-07T02:00:00+08:00,11.0,100.0
6909373,Manila,N/A,14.57711,120.9778,2023-10-06 19:00:00+00:00,2023-10-07T03:00:00+08:00,11.7,100.0
6909373,Manila,N/A,14.57711,120.9778,2023-10-06 20:00:00+00:00,2023-10-07T04:00:00+08:00,12.6,100.0
6909373,Manila,N/A,14.57711,120.9778,2023-10-06 21:00:00+00:00,2023-10-07T05:00:00+08:00,14.9,100.0
6909373,Manila,N/A,14.57711,120.9778,2023-10-06 22:00:00+00:00,2023-10-07T06:00:00+08:00,18.0,100.0
6909373,Manila,N/A,14.57711,120.9778,2023-10-06 23:00:00+00:00,2023-10-07T07:00:00+08:00,19.2,100.0
6909373,Manila,N/A,14.57711,120.9778,2023-10-07 00:00:00+00:00,2023-10-07T08:00:00+08:00,41.6,100.0
6909373,Manila,N/A,14.57711,120.9778,2023-10-07 01:00:00+00:00,2023-10-07T09:00:00+08:00,16.1,100.0
6909373,Manila,N/A,14.57711,120.9778,2023-10-07 02:00:00+00:00,2023-10-07T10:00:00+08:00,11.0,100.0
6909373,Manila,N/A,14.57711,120.9778,2023-10-07 03:00:00+00:00,2023-10-07T11:00:00+08:00,6.3,100.0
6909373,Manila,N/A,14.57711,120.9778,2023-10-07 04:00:00+00:00,2023-10-07T12:00:00+08:00,7.4,100.0
6909373,Manila,N/A,14.57711,120.9778,2023-10-07 05:00:00+00:00,2023-10-07T13:00:00+08:00,6.5,100.0
6909373,Manila,N/A,14.57711,120.9778,2023-10-07 06:00:00+00:00,2023-10-07T14:00:00+08:00,8.1,100.0
6909373,Manila,N/A,14.57711,120.9778,2023-10-07 07:00:00+00:00,2023-10-07T15:00:00+08:00,10.2,100.0
6909373,Manila,N/A,14.57711,120.9778,2023-10-07 08:00:00+00:00,2023-10-07T16:00:00+08:00,10.3,100.0
6909373,Manila,N/A,14.57711,120.9778,2023-10-07 09:00:00+00:00,2023-10-07T17:00:00+08:00,8.4,100.0
6909373,Manila,N/A,14.57711,120.9778,2023-10-07 10:00:00+00:00,2023-10-07T18:00:00+08:00,7.0,100.0
6909373,Manila,N/A,14.57711,120.9778,2023-10-07 11:00:00+00:00,2023-10-07T19:00:00+08:00,8.4,100.0
6909373,Manila,N/A,14.57711,120.9778,2023-10-07 12:00:00+00:00,2023-10-07T20:00:00+08:00,6.0,100.0
6909373,Manila,N/A,14.57711,120.9778,2023-10-07 13:00:00+00:00,2023-10-07T21:00:00+08:00,5.3,100.0
6909373,Manila,N/A,14.57711,120.9778,2023-10-07 14:00:00+00:00,2023-10-07T22:00:00+08:00,6.9,100.0
6909373,Manila,N/A,14.57711,120.9778,2023-10-07 15:00:00+00:00,2023-10-07T23:00:00+08:00,7.8,100.0
6909373,Manila,N/A,14.57711,120.9778,2023-10-07 16:00:00+00:00,2023-10-08T00:00:00+08:00,8.9,100.0
6909373,Manila,N/A,14.57711,120.9778,2023-10-07 17:00:00+00:00,2023-10-08T01:00:00+08:00,9.9,100.0
6909373,Manila,N/A,14.57711,120.9778,2023-10-07 18:00:00+00:00,2023-10-08T02:00:00+08:00,7.4,100.0
6909373,Manila,N/A,14.57711,120.9778,2023-10-07 19:00:00+00:00,2023-10-08T03:00:00+08:00,8.4,100.0
6909373,Manila,N/A,14.57711,120.9778,2023-10-07 20:00:00+00:00,2023-10-08T04:00:00+08:00,9.1,100.0
6909373,Manila,N/A,14.57711,120.9778,2023-10-07 21:00:00+00:00,2023-10-08T05:00:00+08:00,9.4,100.0
6909373,Manila,N/A,14.57711,120.9778,2023-10-07 22:00:00+00:00,2023-10-08T06:00:00+08:00,13.9,100.0
6909373,Manila,N/A,14.57711,120.9778,2023-10-07 23:00:00+00:00,2023-10-08T07:00:00+08:00,25.1,100.0
6909373,Manila,N/A,14.57711,120.9778,2023-10-08 00:00:00+00:00,2023-10-08T08:00:00+08:00,20.8,100.0
6909373,Manila,N/A,14.57711,120.9778,2023-10-08 01:00:00+00:00,2023-10-08T09:00:00+08:00,18.4,100.0
6909373,Manila,N/A,14.57711,120.9778,2023-10-08 02:00:00+00:00,2023-10-08T10:00:00+08:00,18.1,100.0
6909373,Manila,N/A,14.57711,120.9778,2023-10-08 03:00:00+00:00,2023-10-08T11:00:00+08:00,18.9,100.0
6909373,Manila,N/A,14.57711,120.9778,2023-10-08 04:00:00+00:00,2023-10-08T12:00:00+08:00,17.9,100.0
6909373,Manila,N/A,14.57711,120.9778,2023-10-08 05:00:00+00:00,2023-10-08T13:00:00+08:00,21.7,100.0
6909373,Manila,N/A,14.57711,120.9778,2023-10-08 06:00:00+00:00,2023-10-08T14:00:00+08:00,24.0,100.0
6909373,Manila,N/A,14.57711,120.9778,2023-10-08 07:00:00+00:00,2023-10-08T15:00:00+08:00,23.5,100.0
6909373,Manila,N/A,14.57711,120.9778,2023-10-08 08:00:00+00:00,2023-10-08T16:00:00+08:00,15.5,100.0
6909373,Manila,N/A,14.57711,120.9778,2023-10-08 09:00:00+00:00,2023-10-08T17:00:00+08:00,8.5,100.0
6909373,Manila,N/A,14.57711,120.9778,2023-10-08 10:00:00+00:00,2023-10-08T18:00:00+08:00,7.9,100.0
6909373,Manila,N/A,14.57711,120.9778,2023-10-08 11:00:00+00:00,2023-10-08T19:00:00+08:00,22.7,100.0
6909373,Manila,N/A,14.57711,120.9778,2023-10-08 12:00:00+00:00,2023-10-08T20:00:00+08:00,30.5,100.0
6909373,Manila,N/A,14.57711,120.9778,2023-10-08 13:00:00+00:00,2023-10-08T21:00:00+08:00,26.8,100.0
6909373,Manila,N/A,14.57711,120.9778,2023-10-08 14:00:00+00:00,2023-10-08T22:00:00+08:00,40.5,100.0
6909373,Manila,N/A,14.57711,120.9778,2023-10-08 15:00:00+00:00,2023-10-08T23:00:00+08:00,40.9,100.0
6909373,Manila,N/A,14.57711,120.9778,2023-10-08 16:00:00+00:00,2023-10-09T00:00:00+08:00,46.9,100.0
6909373,Manila,N/A,14.57711,120.9778,2023-10-08 17:00:00+00:00,2023-10-09T01:00:00+08:00,48.2,100.0
6909373,Manila,N/A,14.57711,120.9778,2023-10-08 18:00:00+00:00,2023-10-09T02:00:00+08:00,46.3,100.0
6909373,Manila,N/A,14.57711,120.9778,2023-10-08 19:00:00+00:00,2023-10-09T03:00:00+08:00,38.4,100.0
6909373,Manila,N/A,14.57711,120.9778,2023-10-08 20:00:00+00:00,2023-10-09T04:00:00+08:00,32.0,100.0
6909373,Manila,N/A,14.57711,120.9778,2023-10-08 21:00:00+00:00,2023-10-09T05:00:00+08:00,30.3,100.0
6909373,Manila,N/A,14.57711,120.9778,2023-10-08 22:00:00+00:00,2023-10-09T06:00:00+08:00,26.8,100.0
6909373,Manila,N/A,14.57711,120.9778,2023-10-08 23:00:00+00:00,2023-10-09T07:00:00+08:00,28.7,100.0
6909373,Manila,N/A,14.57711,120.9778,2023-10-09 00:00:00+00:00,2023-10-09T08:00:00+08:00,23.9,100.0
6909373,Manila,N/A,14.57711,120.9778,2023-10-09 01:00:00+00:00,2023-10-09T09:00:00+08:00,23.2,100.0
6909373,Manila,N/A,14.57711,120.9778,2023-10-09 02:00:00+00:00,2023-10-09T10:00:00+08:00,24.9,100.0
6909373,Manila,N/A,14.57711,120.9778,2023-10-09 03:00:00+00:00,2023-10-09T11:00:00+08:00,23.4,100.0
6909373,Manila,N/A,14.57711,120.9778,2023-10-09 04:00:00+00:00,2023-10-09T12:00:00+08:00,21.8,100.0
6909373,Manila,N/A,14.57711,120.9778,2023-10-09 05:00:00+00:00,2023-10-09T13:00:00+08:00,20.7,100.0
6909373,Manila,N/A,14.57711,120.9778,2023-10-09 06:00:00+00:00,2023-10-09T14:00:00+08:00,11.0,100.0
6909373,Manila,N/A,14.57711,120.9778,2023-10-09 07:00:00+00:00,2023-10-09T15:00:00+08:00,11.3,100.0
6909373,Manila,N/A,14.57711,120.9778,2023-10-09 08:00:00+00:00,2023-10-09T16:00:00+08:00,17.4,100.0
6909373,Manila,N/A,14.57711,120.9778,2023-10-09 09:00:00+00:00,2023-10-09T17:00:00+08:00,13.7,100.0
6909373,Manila,N/A,14.57711,120.9778,2023-10-09 10:00:00+00:00,2023-10-09T18:00:00+08:00,16.8,100.0
6909373,Manila,N/A,14.57711,120.9778,2023-10-09 11:00:00+00:00,2023-10-09T19:00:00+08:00,20.7,100.0
6909373,Manila,N/A,14.57711,120.9778,2023-10-09 12:00:00+00:00,2023-10-09T20:00:00+08:00,16.6,100.0
6909373,Manila,N/A,14.57711,120.9778,2023-10-09 13:00:00+00:00,2023-10-09T21:00:00+08:00,23.1,100.0
6909373,Manila,N/A,14.57711,120.9778,2023-10-09 14:00:00+00:00,2023-10-09T22:00:00+08:00,23.5,100.0
6909373,Manila,N/A,14.57711,120.9778,2023-10-09 15:00:00+00:00,2023-10-09T23:00:00+08:00,20.0,100.0
6909373,Manila,N/A,14.57711,120.9778,2023-10-09 16:00:00+00:00,2023-10-10T00:00:00+08:00,22.7,100.0
6909373,Manila,N/A,14.57711,120.9778,2023-10-09 17:00:00+00:00,2023-10-10T01:00:00+08:00,21.2,100.0
6909373,Manila,N/A,14.57711,120.9778,2023-10-09 18:00:00+00:00,2023-10-10T02:00:00+08:00,19.8,100.0
6909373,Manila,N/A,14.57711,120.9778,2023-10-09 19:00:00+00:00,2023-10-10T03:00:00+08:00,19.7,100.0
6909373,Manila,N/A,14.57711,120.9778,2023-10-09 20:00:00+00:00,2023-10-10T04:00:00+08:00,20.3,100.0
6909373,Manila,N/A,14.57711,120.9778,2023-10-09 21:00:00+00:00,2023-10-10T05:00:00+08:00,15.6,100.0
6909373,Manila,N/A,14.57711,120.9778,2023-10-09 22:00:00+00:00,2023-10-10T06:00:00+08:00,16.2,100.0
6909373,Manila,N/A,14.57711,120.9778,2023-10-09 23:00:00+00:00,2023-10-10T07:00:00+08:00,16.8,100.0
6909373,Manila,N/A,14.57711,120.9778,2023-10-10 00:00:00+00:00,2023-10-10T08:00:00+08:00,12.7,100.0
6909373,Manila,N/A,14.57711,120.9778,2023-10-10 01:00:00+00:00,2023-10-10T09:00:00+08:00,11.1,100.0
6909373,Manila,N/A,14.57711,120.9778,2023-10-10 02:00:00+00:00,2023-10-10T10:00:00+08:00,16.9,100.0
6909373,Manila,N/A,14.57711,120.9778,2023-10-10 03:00:00+00:00,2023-10-10T11:00:00+08:00,15.6,100.0
6909373,Manila,N/A,14.57711,120.9778,2023-10-10 04:00:00+00:00,2023-10-10T12:00:00+08:00,12.3,100.0
6909373,Manila,N/A,14.57711,120.9778,2023-10-10 05:00:00+00:00,2023-10-10T13:00:00+08:00,9.1,100.0
6909373,Manila,N/A,14.57711,120.9778,2023-10-10 06:00:00+00:00,2023-10-10T14:00:00+08:00,5.8,100.0
6909373,Manila,N/A,14.57711,120.9778,2023-10-10 07:00:00+00:00,2023-10-10T15:00:00+08:00,6.3,100.0
6909373,Manila,N/A,14.57711,120.9778,2023-10-10 08:00:00+00:00,2023-10-10T16:00:00+08:00,7.7,100.0
6909373,Manila,N/A,14.57711,120.9778,2023-10-10 09:00:00+00:00,2023-10-10T17:00:00+08:00,8.5,100.0
6909373,Manila,N/A,14.57711,120.9778,2023-10-10 10:00:00+00:00,2023-10-10T18:00:00+08:00,12.5,100.0
6909373,Manila,N/A,14.57711,120.9778,2023-10-10 11:00:00+00:00,2023-10-10T19:00:00+08:00,12.5,100.0
6909373,Manila,N/A,14.57711,120.9778,2023-10-10 12:00:00+00:00,2023-10-10T20:00:00+08:00,15.9,100.0
6909373,Manila,N/A,14.57711,120.9778,2023-10-10 13:00:00+00:00,2023-10-10T21:00:00+08:00,11.8,100.0
6909373,Manila,N/A,14.57711,120.9778,2023-10-10 14:00:00+00:00,2023-10-10T22:00:00+08:00,9.7,100.0
6909373,Manila,N/A,14.57711,120.9778,2023-10-10 15:00:00+00:00,2023-10-10T23:00:00+08:00,11.0,100.0
6909373,Manila,N/A,14.57711,120.9778,2023-10-10 16:00:00+00:00,2023-10-11T00:00:00+08:00,13.3,100.0
6909373,Manila,N/A,14.57711,120.9778,2023-10-10 17:00:00+00:00,2023-10-11T01:00:00+08:00,10.8,100.0
6909373,Manila,N/A,14.57711,120.9778,2023-10-10 18:00:00+00:00,2023-10-11T02:00:00+08:00,12.7,100.0
6909373,Manila,N/A,14.57711,120.9778,2023-10-10 19:00:00+00:00,2023-10-11T03:00:00+08:00,10.4,100.0
6909373,Manila,N/A,14.57711,120.9778,2023-10-10 20:00:00+00:00,2023-10-11T04:00:00+08:00,13.7,100.0
6909373,Manila,N/A,14.57711,120.9778,2023-10-10 21:00:00+00:00,2023-10-11T05:00:00+08:00,17.4,100.0
6909373,Manila,N/A,14.57711,120.9778,2023-10-10 22:00:00+00:00,2023-10-11T06:00:00+08:00,16.7,100.0
6909373,Manila,N/A,14.57711,120.9778,2023-10-10 23:00:00+00:00,2023-10-11T07:00:00+08:00,12.0,100.0
6909373,Manila,N/A,14.57711,120.9778,2023-10-11 00:00:00+00:00,2023-10-11T08:00:00+08:00,8.9,100.0
6909373,Manila,N/A,14.57711,120.9778,2023-10-11 01:00:00+00:00,2023-10-11T09:00:00+08:00,12.7,100.0
6909373,Manila,N/A,14.57711,120.9778,2023-10-11 02:00:00+00:00,2023-10-11T10:00:00+08:00,11.4,100.0
6909373,Manila,N/A,14.57711,120.9778,2023-10-11 03:00:00+00:00,2023-10-11T11:00:00+08:00,12.4,100.0
6909373,Manila,N/A,14.57711,120.9778,2023-10-11 04:00:00+00:00,2023-10-11T12:00:00+08:00,17.0,100.0
6909373,Manila,N/A,14.57711,120.9778,2023-10-11 05:00:00+00:00,2023-10-11T13:00:00+08:00,16.7,100.0
6909373,Manila,N/A,14.57711,120.9778,2023-10-11 06:00:00+00:00,2023-10-11T14:00:00+08:00,14.1,100.0
6909373,Manila,N/A,14.57711,120.9778,2023-10-11 07:00:00+00:00,2023-10-11T15:00:00+08:00,7.6,100.0
6909373,Manila,N/A,14.57711,120.9778,2023-10-11 08:00:00+00:00,2023-10-11T16:00:00+08:00,9.6,100.0
6909373,Manila,N/A,14.57711,120.9778,2023-10-11 09:00:00+00:00,2023-10-11T17:00:00+08:00,11.8,100.0
6909373,Manila,N/A,14.57711,120.9778,2023-10-11 10:00:00+00:00,2023-10-11T18:00:00+08:00,10.6,100.0
6909373,Manila,N/A,14.57711,120.9778,2023-10-11 11:00:00+00:00,2023-10-11T19:00:00+08:00,14.7,100.0
6909373,Manila,N/A,14.57711,120.9778,2023-10-11 12:00:00+00:00,2023-10-11T20:00:00+08:00,11.3,100.0
6909373,Manila,N/A,14.57711,120.9778,2023-10-11 13:00:00+00:00,2023-10-11T21:00:00+08:00,11.9,100.0
6909373,Manila,N/A,14.57711,120.9778,2023-10-11 14:00:00+00:00,2023-10-11T22:00:00+08:00,9.1,100.0
6909373,Manila,N/A,14.57711,120.9778,2023-10-11 15:00:00+00:00,2023-10-11T23:00:00+08:00,8.0,100.0
6909373,Manila,N/A,14.57711,120.9778,2023-10-11 16:00:00+00:00,2023-10-12T00:00:00+08:00,5.9,100.0
6909373,Manila,N/A,14.57711,120.9778,2023-10-11 17:00:00+00:00,2023-10-12T01:00:00+08:00,6.0,100.0
6909373,Manila,N/A,14.57711,120.9778,2023-10-11 18:00:00+00:00,2023-10-12T02:00:00+08:00,5.6,100.0
6909373,Manila,N/A,14.57711,120.9778,2023-10-11 19:00:00+00:00,2023-10-12T03:00:00+08:00,6.6,100.0
6909373,Manila,N/A,14.57711,120.9778,2023-10-11 20:00:00+00:00,2023-10-12T04:00:00+08:00,8.9,100.0
6909373,Manila,N/A,14.57711,120.9778,2023-10-11 21:00:00+00:00,2023-10-12T05:00:00+08:00,10.8,100.0
6909373,Manila,N/A,14.57711,120.9778,2023-10-11 22:00:00+00:00,2023-10-12T06:00:00+08:00,14.1,100.0
6909373,Manila,N/A,14.57711,120.9778,2023-10-11 23:00:00+00:00,2023-10-12T07:00:00+08:00,17.8,100.0
6909373,Manila,N/A,14.57711,120.9778,2023-10-16 17:00:00+00:00,2023-10-17T01:00:00+08:00,11.9,100.0
6909373,Manila,N/A,14.57711,120.9778,2023-10-16 18:00:00+00:00,2023-10-17T02:00:00+08:00,12.6,100.0
6909373,Manila,N/A,14.57711,120.9778,2023-10-16 19:00:00+00:00,2023-10-17T03:00:00+08:00,11.9,100.0
6909373,Manila,N/A,14.57711,120.9778,2023-10-16 20:00:00+00:00,2023-10-17T04:00:00+08:00,12.7,100.0
6909373,Manila,N/A,14.57711,120.9778,2023-10-16 21:00:00+00:00,2023-10-17T05:00:00+08:00,16.8,100.0
6909373,Manila,N/A,14.57711,120.9778,2023-10-16 22:00:00+00:00,2023-10-17T06:00:00+08:00,21.8,100.0
6909373,Manila,N/A,14.57711,120.9778,2023-10-16 23:00:00+00:00,2023-10-17T07:00:00+08:00,23.8,100.0
6909373,Manila,N/A,14.57711,120.9778,2023-10-17 00:00:00+00:00,2023-10-17T08:00:00+08:00,19.5,100.0
6909373,Manila,N/A,14.57711,120.9778,2023-10-17 01:00:00+00:00,2023-10-17T09:00:00+08:00,20.4,100.0
6909373,Manila,N/A,14.57711,120.9778,2023-10-17 02:00:00+00:00,2023-10-17T10:00:00+08:00,23.2,100.0
6909373,Manila,N/A,14.57711,120.9778,2023-10-17 03:00:00+00:00,2023-10-17T11:00:00+08:00,24.3,100.0
6909373,Manila,N/A,14.57711,120.9778,2023-10-17 04:00:00+00:00,2023-10-17T12:00:00+08:00,20.7,100.0
6909373,Manila,N/A,14.57711,120.9778,2023-10-17 05:00:00+00:00,2023-10-17T13:00:00+08:00,20.7,100.0
6909373,Manila,N/A,14.57711,120.9778,2023-10-17 06:00:00+00:00,2023-10-17T14:00:00+08:00,28.1,100.0
6909373,Manila,N/A,14.57711,120.9778,2023-10-17 07:00:00+00:00,2023-10-17T15:00:00+08:00,18.7,100.0
6909373,Manila,N/A,14.57711,120.9778,2023-10-17 08:00:00+00:00,2023-10-17T16:00:00+08:00,13.7,100.0
6909373,Manila,N/A,14.57711,120.9778,2023-10-17 09:00:00+00:00,2023-10-17T17:00:00+08:00,13.9,100.0
6909373,Manila,N/A,14.57711,120.9778,2023-10-17 10:00:00+00:00,2023-10-17T18:00:00+08:00,12.4,100.0
6909373,Manila,N/A,14.57711,120.9778,2023-10-17 11:00:00+00:00,2023-10-17T19:00:00+08:00,11.8,100.0
6909373,Manila,N/A,14.57711,120.9778,2023-10-17 12:00:00+00:00,2023-10-17T20:00:00+08:00,12.5,100.0
6909373,Manila,N/A,14.57711,120.9778,2023-10-17 13:00:00+00:00,2023-10-17T21:00:00+08:00,10.2,100.0
6909373,Manila,N/A,14.57711,120.9778,2023-10-17 14:00:00+00:00,2023-10-17T22:00:00+08:00,7.7,100.0
6909373,Manila,N/A,14.57711,120.9778,2023-10-17 15:00:00+00:00,2023-10-17T23:00:00+08:00,8.0,100.0
6909373,Manila,N/A,14.57711,120.9778,2023-10-17 16:00:00+00:00,2023-10-18T00:00:00+08:00,7.8,100.0
6909373,Manila,N/A,14.57711,120.9778,2023-10-17 17:00:00+00:00,2023-10-18T01:00:00+08:00,10.8,100.0
6909373,Manila,N/A,14.57711,120.9778,2023-10-17 18:00:00+00:00,2023-10-18T02:00:00+08:00,10.2,100.0
6909373,Manila,N/A,14.57711,120.9778,2023-10-17 19:00:00+00:00,2023-10-18T03:00:00+08:00,8.5,100.0
6909373,Manila,N/A,14.57711,120.9778,2023-10-17 20:00:00+00:00,2023-10-18T04:00:00+08:00,11.3,100.0
6909373,Manila,N/A,14.57711,120.9778,2023-10-17 21:00:00+00:00,2023-10-18T05:00:00+08:00,13.4,100.0
6909373,Manila,N/A,14.57711,120.9778,2023-10-17 22:00:00+00:00,2023-10-18T06:00:00+08:00,24.2,100.0
6909373,Manila,N/A,14.57711,120.9778,2023-10-17 23:00:00+00:00,2023-10-18T07:00:00+08:00,26.1,100.0
6909373,Manila,N/A,14.57711,120.9778,2023-10-18 00:00:00+00:00,2023-10-18T08:00:00+08:00,20.6,100.0
6909373,Manila,N/A,14.57711,120.9778,2023-10-18 01:00:00+00:00,2023-10-18T09:00:00+08:00,15.2,100.0
6909373,Manila,N/A,14.57711,120.9778,2023-10-18 02:00:00+00:00,2023-10-18T10:00:00+08:00,16.9,100.0
6909373,Manila,N/A,14.57711,120.9778,2023-10-18 03:00:00+00:00,2023-10-18T11:00:00+08:00,16.2,100.0
6909373,Manila,N/A,14.57711,120.9778,2023-10-18 04:00:00+00:00,2023-10-18T12:00:00+08:00,10.0,100.0
6909373,Manila,N/A,14.57711,120.9778,2023-10-18 05:00:00+00:00,2023-10-18T13:00:00+08:00,9.3,100.0
6909373,Manila,N/A,14.57711,120.9778,2023-10-18 06:00:00+00:00,2023-10-18T14:00:00+08:00,10.3,100.0
6909373,Manila,N/A,14.57711,120.9778,2023-10-18 07:00:00+00:00,2023-10-18T15:00:00+08:00,11.4,100.0
6909373,Manila,N/A,14.57711,120.9778,2023-10-18 08:00:00+00:00,2023-10-18T16:00:00+08:00,11.5,100.0
6909373,Manila,N/A,14.57711,120.9778,2023-10-18 09:00:00+00:00,2023-10-18T17:00:00+08:00,12.6,100.0
6909373,Manila,N/A,14.57711,120.9778,2023-10-18 10:00:00+00:00,2023-10-18T18:00:00+08:00,13.4,100.0
6909373,Manila,N/A,14.57711,120.9778,2023-10-18 11:00:00+00:00,2023-10-18T19:00:00+08:00,19.2,100.0
6909373,Manila,N/A,14.57711,120.9778,2023-10-18 12:00:00+00:00,2023-10-18T20:00:00+08:00,28.1,100.0
6909373,Manila,N/A,14.57711,120.9778,2023-10-18 13:00:00+00:00,2023-10-18T21:00:00+08:00,25.1,100.0
6909373,Manila,N/A,14.57711,120.9778,2023-10-18 14:00:00+00:00,2023-10-18T22:00:00+08:00,25.3,100.0
6909373,Manila,N/A,14.57711,120.9778,2023-10-18 15:00:00+00:00,2023-10-18T23:00:00+08:00,26.8,100.0
6909373,Manila,N/A,14.57711,120.9778,2023-10-18 16:00:00+00:00,2023-10-19T00:00:00+08:00,24.6,100.0
6909373,Manila,N/A,14.57711,120.9778,2023-10-18 17:00:00+00:00,2023-10-19T01:00:00+08:00,16.9,100.0
6909373,Manila,N/A,14.57711,120.9778,2023-10-18 18:00:00+00:00,2023-10-19T02:00:00+08:00,12.5,100.0
6909373,Manila,N/A,14.57711,120.9778,2023-10-18 19:00:00+00:00,2023-10-19T03:00:00+08:00,8.6,100.0
6909373,Manila,N/A,14.57711,120.9778,2023-10-18 20:00:00+00:00,2023-10-19T04:00:00+08:00,9.2,100.0
6909373,Manila,N/A,14.57711,120.9778,2023-10-18 21:00:00+00:00,2023-10-19T05:00:00+08:00,8.2,100.0
6909373,Manila,N/A,14.57711,120.9778,2023-10-18 22:00:00+00:00,2023-10-19T06:00:00+08:00,10.2,100.0
6909373,Manila,N/A,14.57711,120.9778,2023-10-18 23:00:00+00:00,2023-10-19T07:00:00+08:00,10.9,100.0
6909373,Manila,N/A,14.57711,120.9778,2023-10-19 00:00:00+00:00,2023-10-19T08:00:00+08:00,11.0,100.0
6909373,Manila,N/A,14.57711,120.9778,2023-10-19 01:00:00+00:00,2023-10-19T09:00:00+08:00,12.0,100.0
6909373,Manila,N/A,14.57711,120.9778,2023-10-19 02:00:00+00:00,2023-10-19T10:00:00+08:00,21.3,100.0
6909373,Manila,N/A,14.57711,120.9778,2023-10-19 03:00:00+00:00,2023-10-19T11:00:00+08:00,24.0,100.0
6909373,Manila,N/A,14.57711,120.9778,2023-10-19 04:00:00+00:00,2023-10-19T12:00:00+08:00,26.3,100.0
6909373,Manila,N/A,14.57711,120.9778,2023-10-19 05:00:00+00:00,2023-10-19T13:00:00+08:00,28.8,100.0
6909373,Manila,N/A,14.57711,120.9778,2023-10-19 06:00:00+00:00,2023-10-19T14:00:00+08:00,33.7,100.0
6909373,Manila,N/A,14.57711,120.9778,2023-10-19 07:00:00+00:00,2023-10-19T15:00:00+08:00,34.4,100.0
6909373,Manila,N/A,14.57711,120.9778,2023-10-19 08:00:00+00:00,2023-10-19T16:00:00+08:00,18.8,100.0
6909373,Manila,N/A,14.57711,120.9778,2023-10-19 09:00:00+00:00,2023-10-19T17:00:00+08:00,21.5,100.0
6909373,Manila,N/A,14.57711,120.9778,2023-10-19 10:00:00+00:00,2023-10-19T18:00:00+08:00,19.4,100.0
6909373,Manila,N/A,14.57711,120.9778,2023-10-19 11:00:00+00:00,2023-10-19T19:00:00+08:00,27.4,100.0
6909373,Manila,N/A,14.57711,120.9778,2023-10-19 12:00:00+00:00,2023-10-19T20:00:00+08:00,28.1,100.0
6909373,Manila,N/A,14.57711,120.9778,2023-10-19 13:00:00+00:00,2023-10-19T21:00:00+08:00,32.3,100.0
6909373,Manila,N/A,14.57711,120.9778,2023-10-19 14:00:00+00:00,2023-10-19T22:00:00+08:00,34.7,100.0
6909373,Manila,N/A,14.57711,120.9778,2023-10-19 15:00:00+00:00,2023-10-19T23:00:00+08:00,36.2,100.0
6909373,Manila,N/A,14.57711,120.9778,2023-10-19 16:00:00+00:00,2023-10-20T00:00:00+08:00,39.0,100.0
6909373,Manila,N/A,14.57711,120.9778,2023-10-19 17:00:00+00:00,2023-10-20T01:00:00+08:00,39.8,100.0
6909373,Manila,N/A,14.57711,120.9778,2023-10-19 18:00:00+00:00,2023-10-20T02:00:00+08:00,45.4,100.0
6909373,Manila,N/A,14.57711,120.9778,2023-10-19 19:00:00+00:00,2023-10-20T03:00:00+08:00,45.0,100.0
6909373,Manila,N/A,14.57711,120.9778,2023-10-19 20:00:00+00:00,2023-10-20T04:00:00+08:00,47.0,100.0
6909373,Manila,N/A,14.57711,120.9778,2023-10-19 21:00:00+00:00,2023-10-20T05:00:00+08:00,48.1,100.0
6909373,Manila,N/A,14.57711,120.9778,2023-10-19 22:00:00+00:00,2023-10-20T06:00:00+08:00,52.4,100.0
6909373,Manila,N/A,14.57711,120.9778,2023-10-19 23:00:00+00:00,2023-10-20T07:00:00+08:00,50.8,100.0
6909373,Manila,N/A,14.57711,120.9778,2023-10-20 00:00:00+00:00,2023-10-20T08:00:00+08:00,28.0,100.0
6909373,Manila,N/A,14.57711,120.9778,2023-10-20 01:00:00+00:00,2023-10-20T09:00:00+08:00,16.5,100.0
6909373,Manila,N/A,14.57711,120.9778,2023-10-20 02:00:00+00:00,2023-10-20T10:00:00+08:00,26.1,100.0
6909373,Manila,N/A,14.57711,120.9778,2023-10-20 03:00:00+00:00,2023-10-20T11:00:00+08:00,25.4,100.0
6909373,Manila,N/A,14.57711,120.9778,2023-10-20 04:00:00+00:00,2023-10-20T12:00:00+08:00,18.6,100.0
6909373,Manila,N/A,14.57711,120.9778,2023-10-20 05:00:00+00:00,2023-10-20T13:00:00+08:00,13.6,100.0
6909373,Manila,N/A,14.57711,120.9778,2023-10-20 06:00:00+00:00,2023-10-20T14:00:00+08:00,14.5,100.0
6909373,Manila,N/A,14.57711,120.9778,2023-10-20 07:00:00+00:00,2023-10-20T15:00:00+08:00,12.8,100.0
6909373,Manila,N/A,14.57711,120.9778,2023-10-20 08:00:00+00:00,2023-10-20T16:00:00+08:00,17.9,100.0
6909373,Manila,N/A,14.57711,120.9778,2023-10-20 09:00:00+00:00,2023-10-20T17:00:00+08:00,24.4,100.0
6909373,Manila,N/A,14.57711,120.9778,2023-10-20 10:00:00+00:00,2023-10-20T18:00:00+08:00,21.4,100.0
6909373,Manila,N/A,14.57711,120.9778,2023-10-20 11:00:00+00:00,2023-10-20T19:00:00+08:00,38.7,100.0
6909373,Manila,N/A,14.57711,120.9778,2023-10-20 12:00:00+00:00,2023-10-20T20:00:00+08:00,35.7,100.0
6909373,Manila,N/A,14.57711,120.9778,2023-10-20 13:00:00+00:00,2023-10-20T21:00:00+08:00,34.0,100.0
6909373,Manila,N/A,14.57711,120.9778,2023-10-20 14:00:00+00:00,2023-10-20T22:00:00+08:00,24.3,100.0
6909373,Manila,N/A,14.57711,120.9778,2023-10-20 15:00:00+00:00,2023-10-20T23:00:00+08:00,21.4,100.0
6909373,Manila,N/A,14.57711,120.9778,2023-10-20 16:00:00+00:00,2023-10-21T00:00:00+08:00,15.2,100.0
6909373,Manila,N/A,14.57711,120.9778,2023-10-20 17:00:00+00:00,2023-10-21T01:00:00+08:00,16.4,100.0
6909373,Manila,N/A,14.57711,120.9778,2023-10-20 18:00:00+00:00,2023-10-21T02:00:00+08:00,14.4,100.0
6909373,Manila,N/A,14.57711,120.9778,2023-10-20 19:00:00+00:00,2023-10-21T03:00:00+08:00,16.4,100.0
6909373,Manila,N/A,14.57711,120.9778,2023-10-20 20:00:00+00:00,2023-10-21T04:00:00+08:00,15.3,100.0
6909373,Manila,N/A,14.57711,120.9778,2023-10-20 21:00:00+00:00,2023-10-21T05:00:00+08:00,20.4,100.0
6909373,Manila,N/A,14.57711,120.9778,2023-10-20 22:00:00+00:00,2023-10-21T06:00:00+08:00,18.3,100.0
6909373,Manila,N/A,14.57711,120.9778,2023-10-20 23:00:00+00:00,2023-10-21T07:00:00+08:00,15.2,100.0
6909373,Manila,N/A,14.57711,120.9778,2023-10-21 00:00:00+00:00,2023-10-21T08:00:00+08:00,15.0,100.0
6909373,Manila,N/A,14.57711,120.9778,2023-10-21 01:00:00+00:00,2023-10-21T09:00:00+08:00,20.1,100.0
6909373,Manila,N/A,14.57711,120.9778,2023-10-21 02:00:00+00:00,2023-10-21T10:00:00+08:00,15.9,100.0
6909373,Manila,N/A,14.57711,120.9778,2023-10-21 03:00:00+00:00,2023-10-21T11:00:00+08:00,15.7,100.0
6909373,Manila,N/A,14.57711,120.9778,2023-10-21 04:00:00+00:00,2023-10-21T12:00:00+08:00,14.7,100.0
6909373,Manila,N/A,14.57711,120.9778,2023-10-21 05:00:00+00:00,2023-10-21T13:00:00+08:00,12.9,100.0
6909373,Manila,N/A,14.57711,120.9778,2023-10-21 06:00:00+00:00,2023-10-21T14:00:00+08:00,12.0,100.0
6909373,Manila,N/A,14.57711,120.9778,2023-10-21 07:00:00+00:00,2023-10-21T15:00:00+08:00,13.2,100.0
6909373,Manila,N/A,14.57711,120.9778,2023-10-21 08:00:00+00:00,2023-10-21T16:00:00+08:00,11.1,100.0
6909373,Manila,N/A,14.57711,120.9778,2023-10-21 09:00:00+00:00,2023-10-21T17:00:00+08:00,17.2,100.0
6909373,Manila,N/A,14.57711,120.9778,2023-10-21 10:00:00+00:00,2023-10-21T18:00:00+08:00,26.5,100.0
6909373,Manila,N/A,14.57711,120.9778,2023-10-21 11:00:00+00:00,2023-10-21T19:00:00+08:00,25.8,100.0
6909373,Manila,N/A,14.57711,120.9778,2023-10-21 12:00:00+00:00,2023-10-21T20:00:00+08:00,35.9,100.0
6909373,Manila,N/A,14.57711,120.9778,2023-10-21 13:00:00+00:00,2023-10-21T21:00:00+08:00,33.5,100.0
6909373,Manila,N/A,14.57711,120.9778,2023-10-21 14:00:00+00:00,2023-10-21T22:00:00+08:00,28.7,100.0
6909373,Manila,N/A,14.57711,120.9778,2023-10-21 15:00:00+00:00,2023-10-21T23:00:00+08:00,14.6,100.0
6909373,Manila,N/A,14.57711,120.9778,2023-10-21 16:00:00+00:00,2023-10-22T00:00:00+08:00,11.4,100.0
6909373,Manila,N/A,14.57711,120.9778,2023-10-21 17:00:00+00:00,2023-10-22T01:00:00+08:00,7.9,100.0
6909373,Manila,N/A,14.57711,120.9778,2023-10-21 18:00:00+00:00,2023-10-22T02:00:00+08:00,12.6,100.0
6909373,Manila,N/A,14.57711,120.9778,2023-10-21 19:00:00+00:00,2023-10-22T03:00:00+08:00,12.6,100.0
6909373,Manila,N/A,14.57711,120.9778,2023-10-21 20:00:00+00:00,2023-10-22T04:00:00+08:00,13.4,100.0
6909373,Manila,N/A,14.57711,120.9778,2023-10-21 21:00:00+00:00,2023-10-22T05:00:00+08:00,13.2,100.0
6909373,Manila,N/A,14.57711,120.9778,2023-10-21 22:00:00+00:00,2023-10-22T06:00:00+08:00,19.2,100.0
6909373,Manila,N/A,14.57711,120.9778,2023-10-21 23:00:00+00:00,2023-10-22T07:00:00+08:00,20.1,100.0
6909373,Manila,N/A,14.57711,120.9778,2023-10-22 00:00:00+00:00,2023-10-22T08:00:00+08:00,18.2,100.0
6909373,Manila,N/A,14.57711,120.9778,2023-10-22 01:00:00+00:00,2023-10-22T09:00:00+08:00,14.4,100.0
6909373,Manila,N/A,14.57711,120.9778,2023-10-22 02:00:00+00:00,2023-10-22T10:00:00+08:00,9.4,100.0
6909373,Manila,N/A,14.57711,120.9778,2023-10-22 03:00:00+00:00,2023-10-22T11:00:00+08:00,14.0,100.0
6909373,Manila,N/A,14.57711,120.9778,2023-10-22 04:00:00+00:00,2023-10-22T12:00:00+08:00,10.2,100.0
6909373,Manila,N/A,14.57711,120.9778,2023-10-22 05:00:00+00:00,2023-10-22T13:00:00+08:00,8.5,100.0
6909373,Manila,N/A,14.57711,120.9778,2023-10-22 06:00:00+00:00,2023-10-22T14:00:00+08:00,7.3,100.0
6909373,Manila,N/A,14.57711,120.9778,2023-10-22 07:00:00+00:00,2023-10-22T15:00:00+08:00,6.7,100.0
6909373,Manila,N/A,14.57711,120.9778,2023-10-22 08:00:00+00:00,2023-10-22T16:00:00+08:00,10.1,100.0
6909373,Manila,N/A,14.57711,120.9778,2023-10-22 09:00:00+00:00,2023-10-22T17:00:00+08:00,14.1,100.0
6909373,Manila,N/A,14.57711,120.9778,2023-10-22 10:00:00+00:00,2023-10-22T18:00:00+08:00,13.3,100.0
6909373,Manila,N/A,14.57711,120.9778,2023-10-22 11:00:00+00:00,2023-10-22T19:00:00+08:00,16.1,100.0
6909373,Manila,N/A,14.57711,120.9778,2023-10-22 12:00:00+00:00,2023-10-22T20:00:00+08:00,21.9,100.0
6909373,Manila,N/A,14.57711,120.9778,2023-10-22 13:00:00+00:00,2023-10-22T21:00:00+08:00,28.3,100.0
6909373,Manila,N/A,14.57711,120.9778,2023-10-22 14:00:00+00:00,2023-10-22T22:00:00+08:00,27.3,100.0
6909373,Manila,N/A,14.57711,120.9778,2023-10-22 15:00:00+00:00,2023-10-22T23:00:00+08:00,34.2,100.0
6909373,Manila,N/A,14.57711,120.9778,2023-10-22 16:00:00+00:00,2023-10-23T00:00:00+08:00,34.5,100.0
6909373,Manila,N/A,14.57711,120.9778,2023-10-22 17:00:00+00:00,2023-10-23T01:00:00+08:00,25.2,100.0
6909373,Manila,N/A,14.57711,120.9778,2023-10-22 18:00:00+00:00,2023-10-23T02:00:00+08:00,21.0,100.0
6909373,Manila,N/A,14.57711,120.9778,2023-10-22 19:00:00+00:00,2023-10-23T03:00:00+08:00,20.1,100.0
6909373,Manila,N/A,14.57711,120.9778,2023-10-22 20:00:00+00:00,2023-10-23T04:00:00+08:00,20.2,100.0
6909373,Manila,N/A,14.57711,120.9778,2023-10-22 21:00:00+00:00,2023-10-23T05:00:00+08:00,18.9,100.0
6909373,Manila,N/A,14.57711,120.9778,2023-10-22 22:00:00+00:00,2023-10-23T06:00:00+08:00,23.3,100.0
6909373,Manila,N/A,14.57711,120.9778,2023-10-22 23:00:00+00:00,2023-10-23T07:00:00+08:00,35.0,100.0
6909373,Manila,N/A,14.57711,120.9778,2023-10-23 00:00:00+00:00,2023-10-23T08:00:00+08:00,32.1,100.0
6909373,Manila,N/A,14.57711,120.9778,2023-10-23 01:00:00+00:00,2023-10-23T09:00:00+08:00,27.8,100.0
6909373,Manila,N/A,14.57711,120.9778,2023-10-23 02:00:00+00:00,2023-10-23T10:00:00+08:00,30.1,100.0
6909373,Manila,N/A,14.57711,120.9778,2023-10-23 03:00:00+00:00,2023-10-23T11:00:00+08:00,21.8,100.0
6909373,Manila,N/A,14.57711,120.9778,2023-10-23 04:00:00+00:00,2023-10-23T12:00:00+08:00,11.8,100.0
6909373,Manila,N/A,14.57711,120.9778,2023-10-23 05:00:00+00:00,2023-10-23T13:00:00+08:00,9.3,100.0
7411741,Mall of Asia Sensor,,14.536036,120.985543,2023-11-16 10:00:00+00:00,2023-11-16T18:00:00+08:00,12.579166730244955,100.0
7411741,Mall of Asia Sensor,,14.536036,120.985543,2023-11-16 11:00:00+00:00,2023-11-16T19:00:00+08:00,19.054166475931805,100.0
7411741,Mall of Asia Sensor,,14.536036,120.985543,2023-11-16 12:00:00+00:00,2023-11-16T20:00:00+08:00,23.68750015894572,100.0
7411741,Mall of Asia Sensor,,14.536036,120.985543,2023-11-16 13:00:00+00:00,2023-11-16T21:00:00+08:00,25.34583330154419,100.0
7411741,Mall of Asia Sensor,,14.536036,120.985543,2023-11-16 14:00:00+00:00,2023-11-16T22:00:00+08:00,24.24166663487752,100.0
7411741,Mall of Asia Sensor,,14.536036,120.985543,2023-11-16 15:00:00+00:00,2023-11-16T23:00:00+08:00,22.09166669845581,100.0
7411741,Mall of Asia Sensor,,14.536036,120.985543,2023-11-16 16:00:00+00:00,2023-11-17T00:00:00+08:00,20.758333206176758,100.0
7411741,Mall of Asia Sensor,,14.536036,120.985543,2023-11-16 17:00:00+00:00,2023-11-17T01:00:00+08:00,18.58333357175191,100.0
7411741,Mall of Asia Sensor,,14.536036,120.985543,2023-11-16 18:00:00+00:00,2023-11-17T02:00:00+08:00,16.699999968210857,100.0
7411741,Mall of Asia Sensor,,14.536036,120.985543,2023-11-16 19:00:00+00:00,2023-11-17T03:00:00+08:00,14.59583298365275,100.0
7411741,Mall of Asia Sensor,,14.536036,120.985543,2023-11-16 20:00:00+00:00,2023-11-17T04:00:00+08:00,11.495833476384481,100.0
7411741,Mall of Asia Sensor,,14.536036,120.985543,2023-11-16 21:00:00+00:00,2023-11-17T05:00:00+08:00,10.78333338101705,100.0
7411741,Mall of Asia Sensor,,14.536036,120.985543,2023-11-16 22:00:00+00:00,2023-11-17T06:00:00+08:00,12.954166650772095,100.0
7411741,Mall of Asia Sensor,,14.536036,120.985543,2023-11-16 23:00:00+00:00,2023-11-17T07:00:00+08:00,17.37083347638448,100.0
7411741,Mall of Asia Sensor,,14.536036,120.985543,2023-11-17 01:00:00+00:00,2023-11-17T09:00:00+08:00,16.654166380564373,100.0
7411741,Mall of Asia Sensor,,14.536036,120.985543,2023-11-17 02:00:00+00:00,2023-11-17T10:00:00+08:00,10.295833428700766,100.0
7411741,Mall of Asia Sensor,,14.536036,120.985543,2023-11-17 03:00:00+00:00,2023-11-17T11:00:00+08:00,10.049999872843424,100.0
7411741,Mall of Asia Sensor,,14.536036,120.985543,2023-11-17 04:00:00+00:00,2023-11-17T12:00:00+08:00,9.379166523615519,100.0
7411741,Mall of Asia Sensor,,14.536036,120.985543,2023-11-17 05:00:00+00:00,2023-11-17T13:00:00+08:00,7.479166626930237,100.0
7411741,Mall of Asia Sensor,,14.536036,120.985543,2023-11-17 07:00:00+00:00,2023-11-17T15:00:00+08:00,9.166666507720947,100.0
7411741,Mall of Asia Sensor,,14.536036,120.985543,2023-11-17 08:00:00+00:00,2023-11-17T16:00:00+08:00,7.125,100.0
7411741,Mall of Asia Sensor,,14.536036,120.985543,2023-11-17 09:00:00+00:00,2023-11-17T17:00:00+08:00,8.412499984105429,100.0
7411741,Mall of Asia Sensor,,14.536036,120.985543,2023-11-17 10:00:00+00:00,2023-11-17T18:00:00+08:00,11.237500111262003,100.0
7411741,Mall of Asia Sensor,,14.536036,120.985543,2023-11-17 11:00:00+00:00,2023-11-17T19:00:00+08:00,26.34583314259847,100.0
7411741,Mall of Asia Sensor,,14.536036,120.985543,2023-11-17 13:00:00+00:00,2023-11-17T21:00:00+08:00,42.19166707992554,100.0
7411741,Mall of Asia Sensor,,14.536036,120.985543,2023-11-17 14:00:00+00:00,2023-11-17T22:00:00+08:00,36.8833335240682,100.0
7411741,Mall of Asia Sensor,,14.536036,120.985543,2023-11-17 15:00:00+00:00,2023-11-17T23:00:00+08:00,28.116666952768963,100.0
7411741,Mall of Asia Sensor,,14.536036,120.985543,2023-11-17 16:00:00+00:00,2023-11-18T00:00:00+08:00,21.875,100.0
7411741,Mall of Asia Sensor,,14.536036,120.985543,2023-11-17 17:00:00+00:00,2023-11-18T01:00:00+08:00,30.200000286102295,100.0
7411741,Mall of Asia Sensor,,14.536036,120.985543,2023-11-17 18:00:00+00:00,2023-11-18T02:00:00+08:00,23.475000222524006,100.0
7411741,Mall of Asia Sensor,,14.536036,120.985543,2023-11-17 19:00:00+00:00,2023-11-18T03:00:00+08:00,19.97083282470703,100.0
7411741,Mall of Asia Sensor,,14.536036,120.985543,2023-11-17 20:00:00+00:00,2023-11-18T04:00:00+08:00,23.666666825612385,100.0
7411741,Mall of Asia Sensor,,14.536036,120.985543,2023-11-17 21:00:00+00:00,2023-11-18T05:00:00+08:00,24.454166412353516,100.0
7411741,Mall of Asia Sensor,,14.536036,120.985543,2023-11-17 22:00:00+00:00,2023-11-18T06:00:00+08:00,24.916666666666668,100.0
7411741,Mall of Asia Sensor,,14.536036,120.985543,2023-11-17 23:00:00+00:00,2023-11-18T07:00:00+08:00,28.479166825612385,100.0
7411741,Mall of Asia Sensor,,14.536036,120.985543,2023-11-18 00:00:00+00:00,2023-11-18T08:00:00+08:00,33.5541664759318,100.0
7411741,Mall of Asia Sensor,,14.536036,120.985543,2023-11-18 01:00:00+00:00,2023-11-18T09:00:00+08:00,31.41250006357829,100.0
7411741,Mall of Asia Sensor,,14.536036,120.985543,2023-11-18 02:00:00+00:00,2023-11-18T10:00:00+08:00,32.62083339691162,100.0
7411741,Mall of Asia Sensor,,14.536036,120.985543,2023-11-18 03:00:00+00:00,2023-11-18T11:00:00+08:00,38.3125,100.0
7411741,Mall of Asia Sensor,,14.536036,120.985543,2023-11-18 04:00:00+00:00,2023-11-18T12:00:00+08:00,37.79583326975504,100.0
7411741,Mall of Asia Sensor,,14.536036,120.985543,2023-11-18 05:00:00+00:00,2023-11-18T13:00:00+08:00,28.329166889190674,100.0
7411741,Mall of Asia Sensor,,14.536036,120.985543,2023-11-18 06:00:00+00:00,2023-11-18T14:00:00+08:00,12.96250025431315,100.0
7411741,Mall of Asia Sensor,,14.536036,120.985543,2023-11-18 07:00:00+00:00,2023-11-18T15:00:00+08:00,12.287500063578287,100.0
7411741,Mall of Asia Sensor,,14.536036,120.985543,2023-11-18 08:00:00+00:00,2023-11-18T16:00:00+08:00,14.458333651224772,100.0
7411741,Mall of Asia Sensor,,14.536036,120.985543,2023-11-18 09:00:00+00:00,2023-11-18T17:00:00+08:00,13.804166793823242,100.0
7411741,Mall of Asia Sensor,,14.536036,120.985543,2023-11-18 10:00:00+00:00,2023-11-18T18:00:00+08:00,15.112500031789144,100.0
7411741,Mall of Asia Sensor,,14.536036,120.985543,2023-11-18 11:00:00+00:00,2023-11-18T19:00:00+08:00,25.0041667620341,100.0
7411741,Mall of Asia Sensor,,14.536036,120.985543,2023-11-18 12:00:00+00:00,2023-11-18T20:00:00+08:00,28.608332951863606,100.0
7411741,Mall of Asia Sensor,,14.536036,120.985543,2023-11-18 13:00:00+00:00,2023-11-18T21:00:00+08:00,25.77916653951009,100.0
7411741,Mall of Asia Sensor,,14.536036,120.985543,2023-11-18 14:00:00+00:00,2023-11-18T22:00:00+08:00,30.770833651224773,100.0
7411741,Mall of Asia Sensor,,14.536036,120.985543,2023-11-18 15:00:00+00:00,2023-11-18T23:00:00+08:00,22.52916685740153,100.0
7411741,Mall of Asia Sensor,,14.536036,120.985543,2023-11-18 16:00:00+00:00,2023-11-19T00:00:00+08:00,21.16250006357829,100.0
7411741,Mall of Asia Sensor,,14.536036,120.985543,2023-11-18 17:00:00+00:00,2023-11-19T01:00:00+08:00,13.525000095367432,100.0
7411741,Mall of Asia Sensor,,14.536036,120.985543,2023-11-18 19:00:00+00:00,2023-11-19T03:00:00+08:00,11.087499936421713,100.0
7411741,Mall of Asia Sensor,,14.536036,120.985543,2023-11-18 20:00:00+00:00,2023-11-19T04:00:00+08:00,10.68749992052714,100.0
7411741,Mall of Asia Sensor,,14.536036,120.985543,2023-11-18 21:00:00+00:00,2023-11-19T05:00:00+08:00,9.900000015894571,100.0
7411741,Mall of Asia Sensor,,14.536036,120.985543,2023-11-18 22:00:00+00:00,2023-11-19T06:00:00+08:00,14.474999904632568,100.0
7411741,Mall of Asia Sensor,,14.536036,120.985543,2023-11-18 23:00:00+00:00,2023-11-19T07:00:00+08:00,19.516666730244953,100.0
7411741,Mall of Asia Sensor,,14.536036,120.985543,2023-11-19 00:00:00+00:00,2023-11-19T08:00:00+08:00,21.908332983652752,100.0
7411741,Mall of Asia Sensor,,14.536036,120.985543,2023-11-19 01:00:00+00:00,2023-11-19T09:00:00+08:00,26.191666920979817,100.0
7411741,Mall of Asia Sensor,,14.536036,120.985543,2023-11-19 03:00:00+00:00,2023-11-19T11:00:00+08:00,22.049999872843426,100.0
7411741,Mall of Asia Sensor,,14.536036,120.985543,2023-11-19 04:00:00+00:00,2023-11-19T12:00:00+08:00,18.483333428700764,100.0
7411741,Mall of Asia Sensor,,14.536036,120.985543,2023-11-19 05:00:00+00:00,2023-11-19T13:00:00+08:00,14.050000190734863,100.0
7411741,Mall of Asia Sensor,,14.536036,120.985543,2023-11-19 06:00:00+00:00,2023-11-19T14:00:00+08:00,15.008333524068197,100.0
7411741,Mall of Asia Sensor,,14.536036,120.985543,2023-11-19 07:00:00+00:00,2023-11-19T15:00:00+08:00,13.354166666666666,100.0
7411741,Mall of Asia Sensor,,14.536036,120.985543,2023-11-19 08:00:00+00:00,2023-11-19T16:00:00+08:00,14.53333322207133,100.0
7411741,Mall of Asia Sensor,,14.536036,120.985543,2023-11-19 09:00:00+00:00,2023-11-19T17:00:00+08:00,20.770833333333332,100.0
7411741,Mall of Asia Sensor,,14.536036,120.985543,2023-11-19 10:00:00+00:00,2023-11-19T18:00:00+08:00,23.59166669845581,100.0
7411741,Mall of Asia Sensor,,14.536036,120.985543,2023-11-19 11:00:00+00:00,2023-11-19T19:00:00+08:00,33.12916707992554,100.0
7411741,Mall of Asia Sensor,,14.536036,120.985543,2023-11-19 12:00:00+00:00,2023-11-19T20:00:00+08:00,37.854166984558105,100.0
7411741,Mall of Asia Sensor,,14.536036,120.985543,2023-11-19 13:00:00+00:00,2023-11-19T21:00:00+08:00,34.083333015441895,100.0
7411741,Mall of Asia Sensor,,14.536036,120.985543,2023-11-19 14:00:00+00:00,2023-11-19T22:00:00+08:00,35.04999955495199,100.0
7411741,Mall of Asia Sensor,,14.536036,120.985543,2023-11-19 15:00:00+00:00,2023-11-19T23:00:00+08:00,39.395833015441895,100.0
7411741,Mall of Asia Sensor,,14.536036,120.985543,2023-11-19 16:00:00+00:00,2023-11-20T00:00:00+08:00,29.78333314259847,100.0
7411741,Mall of Asia Sensor,,14.536036,120.985543,2023-11-19 17:00:00+00:00,2023-11-20T01:00:00+08:00,31.983333269755047,100.0
7411741,Mall of Asia Sensor,,14.536036,120.985543,2023-11-19 18:00:00+00:00,2023-11-20T02:00:00+08:00,32.21666749318441,100.0
7411741,Mall of Asia Sensor,,14.536036,120.985543,2023-11-19 19:00:00+00:00,2023-11-20T03:00:00+08:00,30.670833428700764,100.0
7411741,Mall of Asia Sensor,,14.536036,120.985543,2023-11-19 21:00:00+00:00,2023-11-20T05:00:00+08:00,37.499999809265134,100.0
7411741,Mall of Asia Sensor,,14.536036,120.985543,2023-11-19 22:00:00+00:00,2023-11-20T06:00:00+08:00,30.487499713897705,100.0
7411741,Mall of Asia Sensor,,14.536036,120.985543,2023-11-19 23:00:00+00:00,2023-11-20T07:00:00+08:00,35.32916673024496,100.0
7411741,Mall of Asia Sensor,,14.536036,120.985543,2023-11-20 00:00:00+00:00,2023-11-20T08:00:00+08:00,34.84583361943563,100.0
7411741,Mall of Asia Sensor,,14.536036,120.985543,2023-11-20 01:00:00+00:00,2023-11-20T09:00:00+08:00,34.78333346048991,100.0
7411741,Mall of Asia Sensor,,14.536036,120.985543,2023-11-20 02:00:00+00:00,2023-11-20T10:00:00+08:00,46.99583339691162,100.0
7411741,Mall of Asia Sensor,,14.536036,120.985543,2023-11-20 03:00:00+00:00,2023-11-20T11:00:00+08:00,50.145833015441895,100.0
7411741,Mall of Asia Sensor,,14.536036,120.985543,2023-11-20 04:00:00+00:00,2023-11-20T12:00:00+08:00,38.379166762034096,100.0
7411741,Mall of Asia Sensor,,14.536036,120.985543,2023-11-20 05:00:00+00:00,2023-11-20T13:00:00+08:00,30.633333524068195,100.0
7411741,Mall of Asia Sensor,,14.536036,120.985543,2023-11-20 06:00:00+00:00,2023-11-20T14:00:00+08:00,30.016666094462078,100.0
7411741,Mall of Asia Sensor,,14.536036,120.985543,2023-11-20 07:00:00+00:00,2023-11-20T15:00:00+08:00,13.34166669845581,100.0
7411741,Mall of Asia Sensor,,14.536036,120.985543,2023-11-20 08:00:00+00:00,2023-11-20T16:00:00+08:00,15.112499872843424,100.0
7411741,Mall of Asia Sensor,,14.536036,120.985543,2023-11-20 09:00:00+00:00,2023-11-20T17:00:00+08:00,13.945833444595337,100.0
7411741,Mall of Asia Sensor,,14.536036,120.985543,2023-11-20 10:00:00+00:00,2023-11-20T18:00:00+08:00,17.65000033378601,100.0
7411741,Mall of Asia Sensor,,14.536036,120.985543,2023-11-20 11:00:00+00:00,2023-11-20T19:00:00+08:00,33.69583288828532,100.0
7411741,Mall of Asia Sensor,,14.536036,120.985543,2023-11-20 12:00:00+00:00,2023-11-20T20:00:00+08:00,29.09583346048991,100.0
7411741,Mall of Asia Sensor,,14.536036,120.985543,2023-11-20 13:00:00+00:00,2023-11-20T21:00:00+08:00,28.3083332379659,100.0
7411741,Mall of Asia Sensor,,14.536036,120.985543,2023-11-20 14:00:00+00:00,2023-11-20T22:00:00+08:00,18.108333667119343,100.0
7411741,Mall of Asia Sensor,,14.536036,120.985543,2023-11-20 15:00:00+00:00,2023-11-20T23:00:00+08:00,17.9416667620341,100.0
7411741,Mall of Asia Sensor,,14.536036,120.985543,2023-11-20 16:00:00+00:00,2023-11-21T00:00:00+08:00,24.987500349680584,100.0
7411741,Mall of Asia Sensor,,14.536036,120.985543,2023-11-20 17:00:00+00:00,2023-11-21T01:00:00+08:00,31.083333015441895,100.0
7411741,Mall of Asia Sensor,,14.536036,120.985543,2023-11-20 18:00:00+00:00,2023-11-21T02:00:00+08:00,34.166666984558105,100.0
7411741,Mall of Asia Sensor,,14.536036,120.985543,2023-11-20 19:00:00+00:00,2023-11-21T03:00:00+08:00,31.425000190734863,100.0
7411741,Mall of Asia Sensor,,14.536036,120.985543,2023-11-20 20:00:00+00:00,2023-11-21T04:00:00+08:00,27.362500190734863,100.0
7411741,Mall of Asia Sensor,,14.536036,120.985543,2023-11-20 21:00:00+00:00,2023-11-21T05:00:00+08:00,26.345833619435627,100.0
7411741,Mall of Asia Sensor,,14.536036,120.985543,2023-11-20 22:00:00+00:00,2023-11-21T06:00:00+08:00,27.874999523162842,100.0
7411741,Mall of Asia Sensor,,14.536036,120.985543,2023-11-20 23:00:00+00:00,2023-11-21T07:00:00+08:00,33.12916644414266,100.0
7411741,Mall of Asia Sensor,,14.536036,120.985543,2023-11-21 00:00:00+00:00,2023-11-21T08:00:00+08:00,36.58749961853027,100.0
7411741,Mall of Asia Sensor,,14.536036,120.985543,2023-11-21 01:00:00+00:00,2023-11-21T09:00:00+08:00,37.26249965031942,100.0
7411741,Mall of Asia Sensor,,14.536036,120.985543,2023-11-21 02:00:00+00:00,2023-11-21T10:00:00+08:00,32.77083365122477,100.0
7411741,Mall of Asia Sensor,,14.536036,120.985543,2023-11-21 03:00:00+00:00,2023-11-21T11:00:00+08:00,44.92500019073486,100.0
7411741,Mall of Asia Sensor,,14.536036,120.985543,2023-11-21 04:00:00+00:00,2023-11-21T12:00:00+08:00,47.92499955495199,100.0
7411741,Mall of Asia Sensor,,14.536036,120.985543,2023-11-21 05:00:00+00:00,2023-11-21T13:00:00+08:00,46.44166628519694,100.0
7411741,Mall of Asia Sensor,,14.536036,120.985543,2023-11-21 06:00:00+00:00,2023-11-21T14:00:00+08:00,37.024999936421715,100.0
7411741,Mall of Asia Sensor,,14.536036,120.985543,2023-11-21 07:00:00+00:00,2023-11-21T15:00:00+08:00,10.445833285649618,100.0
7411741,Mall of Asia Sensor,,14.536036,120.985543,2023-11-21 08:00:00+00:00,2023-11-21T16:00:00+08:00,10.399999976158142,100.0
7411741,Mall of Asia Sensor,,14.536036,120.985543,2023-11-21 09:00:00+00:00,2023-11-21T17:00:00+08:00,11.037499944368998,100.0
7411741,Mall of Asia Sensor,,14.536036,120.985543,2023-11-21 10:00:00+00:00,2023-11-21T18:00:00+08:00,16.449999809265137,100.0
7411741,Mall of Asia Sensor,,14.536036,120.985543,2023-11-21 11:00:00+00:00,2023-11-21T19:00:00+08:00,31.358333110809326,100.0
7411741,Mall of Asia Sensor,,14.536036,120.985543,2023-11-21 12:00:00+00:00,2023-11-21T20:00:00+08:00,37.0,100.0
7411741,Mall of Asia Sensor,,14.536036,120.985543,2023-11-21 13:00:00+00:00,2023-11-21T21:00:00+08:00,31.607142607371014,100.0
7411741,Mall of Asia Sensor,,14.536036,120.985543,2023-11-21 14:00:00+00:00,2023-11-21T22:00:00+08:00,26.16091235478719,100.0
7411741,Mall of Asia Sensor,,14.536036,120.985543,2023-11-21 16:00:00+00:00,2023-11-22T00:00:00+08:00,22.075991948445637,100.0
7411741,Mall of Asia Sensor,,14.536036,120.985543,2023-11-21 17:00:00+00:00,2023-11-22T01:00:00+08:00,22.700793425242107,100.0
7411741,Mall of Asia Sensor,,14.536036,120.985543,2023-11-21 18:00:00+00:00,2023-11-22T02:00:00+08:00,23.30680274963379,100.0
7411741,Mall of Asia Sensor,,14.536036,120.985543,2023-11-21 19:00:00+00:00,2023-11-22T03:00:00+08:00,28.08911271528764,100.0
7411741,Mall of Asia Sensor,,14.536036,120.985543,2023-11-21 20:00:00+00:00,2023-11-22T04:00:00+08:00,28.323412736256916,100.0
7411741,Mall of Asia Sensor,,14.536036,120.985543,2023-11-21 21:00:00+00:00,2023-11-22T05:00:00+08:00,33.34484084447225,100.0
7411741,Mall of Asia Sensor,,14.536036,120.985543,2023-11-21 22:00:00+00:00,2023-11-22T06:00:00+08:00,39.22080841064453,100.0
7411741,Mall of Asia Sensor,,14.536036,120.985543,2023-11-21 23:00:00+00:00,2023-11-22T07:00:00+08:00,39.032738049825035,100.0
7411741,Mall of Asia Sensor,,14.536036,120.985543,2023-11-22 00:00:00+00:00,2023-11-22T08:00:00+08:00,45.88055578867594,100.0
7411741,Mall of Asia Sensor,,14.536036,120.985543,2023-11-22 01:00:00+00:00,2023-11-22T09:00:00+08:00,54.70317427317301,100.0
7411741,Mall of Asia Sensor,,14.536036,120.985543,2023-11-22 02:00:00+00:00,2023-11-22T10:00:00+08:00,43.88273811340332,100.0
7411741,Mall of Asia Sensor,,14.536036,120.985543,2023-11-22 03:00:00+00:00,2023-11-22T11:00:00+08:00,41.96845213572184,100.0
7411741,Mall of Asia Sensor,,14.536036,120.985543,2023-11-22 04:00:00+00:00,2023-11-22T12:00:00+08:00,46.90793641408285,100.0
7411741,Mall of Asia Sensor,,14.536036,120.985543,2023-11-22 05:00:00+00:00,2023-11-22T13:00:00+08:00,41.87519836425781,100.0
7411741,Mall of Asia Sensor,,14.536036,120.985543,2023-11-22 06:00:00+00:00,2023-11-22T14:00:00+08:00,35.56130965550741,100.0
7411741,Mall of Asia Sensor,,14.536036,120.985543,2023-11-22 07:00:00+00:00,2023-11-22T15:00:00+08:00,26.71408732732137,100.0
7411741,Mall of Asia Sensor,,14.536036,120.985543,2023-11-22 08:00:00+00:00,2023-11-22T16:00:00+08:00,13.361706415812174,100.0
7411741,Mall of Asia Sensor,,14.536036,120.985543,2023-11-22 09:00:00+00:00,2023-11-22T17:00:00+08:00,15.341071446736654,100.0
7411741,Mall of Asia Sensor,,14.536036,120.985543,2023-11-22 10:00:00+00:00,2023-11-22T18:00:00+08:00,20.459523677825928,100.0
7411741,Mall of Asia Sensor,,14.536036,120.985543,2023-11-22 11:00:00+00:00,2023-11-22T19:00:00+08:00,28.049206574757893,100.0
7411741,Mall of Asia Sensor,,14.536036,120.985543,2023-11-22 12:00:00+00:00,2023-11-22T20:00:00+08:00,24.210317452748615,100.0
7411741,Mall of Asia Sensor,,14.536036,120.985543,2023-11-22 13:00:00+00:00,2023-11-22T21:00:00+08:00,12.802976131439209,100.0
7411741,Mall of Asia Sensor,,14.536036,120.985543,2023-11-22 14:00:00+00:00,2023-11-22T22:00:00+08:00,13.502777735392252,100.0
7411741,Mall of Asia Sensor,,14.536036,120.985543,2023-11-22 15:00:00+00:00,2023-11-22T23:00:00+08:00,10.610912720362345,100.0
7411741,Mall of Asia Sensor,,14.536036,120.985543,2023-11-22 16:00:00+00:00,2023-11-23T00:00:00+08:00,10.449801564216614,100.0
7411741,Mall of Asia Sensor,,14.536036,120.985543,2023-11-22 17:00:00+00:00,2023-11-23T01:00:00+08:00,11.66785717010498,100.0
7411741,Mall of Asia Sensor,,14.536036,120.985543,2023-11-22 19:00:00+00:00,2023-11-23T03:00:00+08:00,26.712499856948853,100.0
7411741,Mall of Asia Sensor,,14.536036,120.985543,2023-11-22 20:00:00+00:00,2023-11-23T04:00:00+08:00,27.149603207906086,100.0
7411741,Mall of Asia Sensor,,14.536036,120.985543,2023-11-22 21:00:00+00:00,2023-11-23T05:00:00+08:00,36.77202367782593,100.0
7411741,Mall of Asia Sensor,,14.536036,120.985543,2023-11-22 22:00:00+00:00,2023-11-23T06:00:00+08:00,43.128570874532066,100.0
7411741,Mall of Asia Sensor,,14.536036,120.985543,2023-11-22 23:00:00+00:00,2023-11-23T07:00:00+08:00,40.02420711517334,100.0
7411741,Mall of Asia Sensor,,14.536036,120.985543,2023-11-23 00:00:00+00:00,2023-11-23T08:00:00+08:00,40.065476417541504,100.0
7411741,Mall of Asia Sensor,,14.536036,120.985543,2023-11-23 01:00:00+00:00,2023-11-23T09:00:00+08:00,48.26527786254883,100.0
7411741,Mall of Asia Sensor,,14.536036,120.985543,2023-11-23 02:00:00+00:00,2023-11-23T10:00:00+08:00,49.578095245361325,100.0
7411741,Mall of Asia Sensor,,14.536036,120.985543,2023-11-23 03:00:00+00:00,2023-11-23T11:00:00+08:00,84.15059661865234,100.0
7411741,Mall of Asia Sensor,,14.536036,120.985543,2023-11-23 04:00:00+00:00,2023-11-23T12:00:00+08:00,64.61130873362224,100.0
7411741,Mall of Asia Sensor,,14.536036,120.985543,2023-11-23 05:00:00+00:00,2023-11-23T13:00:00+08:00,61.95694478352865,100.0
7411741,Mall of Asia Sensor,,14.536036,120.985543,2023-11-23 06:00:00+00:00,2023-11-23T14:00:00+08:00,42.719642639160156,100.0
7411741,Mall of Asia Sensor,,14.536036,120.985543,2023-11-23 07:00:00+00:00,2023-11-23T15:00:00+08:00,33.5180549621582,100.0
7411741,Mall of Asia Sensor,,14.536036,120.985543,2023-11-23 08:00:00+00:00,2023-11-23T16:00:00+08:00,30.098412831624348,100.0
7411741,Mall of Asia Sensor,,14.536036,120.985543,2023-11-23 10:00:00+00:00,2023-11-23T18:00:00+08:00,11.771031618118286,100.0
7411741,Mall of Asia Sensor,,14.536036,120.985543,2023-11-23 11:00:00+00:00,2023-11-23T19:00:00+08:00,20.348015666007996,100.0
7411741,Mall of Asia Sensor,,14.536036,120.985543,2023-11-23 12:00:00+00:00,2023-11-23T20:00:00+08:00,28.70972204208374,100.0
7411741,Mall of Asia Sensor,,14.536036,120.985543,2023-11-23 13:00:00+00:00,2023-11-23T21:00:00+08:00,22.172023852666218,100.0
7411741,Mall of Asia Sensor,,14.536036,120.985543,2023-11-23 14:00:00+00:00,2023-11-23T22:00:00+08:00,17.644245783487957,100.0
7411741,Mall of Asia Sensor,,14.536036,120.985543,2023-11-23 15:00:00+00:00,2023-11-23T23:00:00+08:00,18.43492078781128,100.0
7411741,Mall of Asia Sensor,,14.536036,120.985543,2023-11-23 16:00:00+00:00,2023-11-24T00:00:00+08:00,17.80218267440796,100.0
7411741,Mall of Asia Sensor,,14.536036,120.985543,2023-11-23 17:00:00+00:00,2023-11-24T01:00:00+08:00,17.12579385439555,100.0
7411741,Mall of Asia Sensor,,14.536036,120.985543,2023-11-23 18:00:00+00:00,2023-11-24T02:00:00+08:00,18.32460339864095,100.0
7411741,Mall of Asia Sensor,,14.536036,120.985543,2023-11-23 19:00:00+00:00,2023-11-24T03:00:00+08:00,16.6523810227712,100.0
7411741,Mall of Asia Sensor,,14.536036,120.985543,2023-11-23 20:00:00+00:00,2023-11-24T04:00:00+08:00,14.980158964792887,100.0
7411741,Mall of Asia Sensor,,14.536036,120.985543,2023-11-23 21:00:00+00:00,2023-11-24T05:00:00+08:00,11.71567447980245,100.0
7411741,Mall of Asia Sensor,,14.536036,120.985543,2023-11-23 22:00:00+00:00,2023-11-24T06:00:00+08:00,20.28511881828308,100.0
7411741,Mall of Asia Sensor,,14.536036,120.985543,2023-11-23 23:00:00+00:00,2023-11-24T07:00:00+08:00,27.149602731068928,100.0
7411741,Mall of Asia Sensor,,14.536036,120.985543,2023-11-24 00:00:00+00:00,2023-11-24T08:00:00+08:00,30.241071065266926,100.0
7411741,Mall of Asia Sensor,,14.536036,120.985543,2023-11-24 01:00:00+00:00,2023-11-24T09:00:00+08:00,34.187896728515625,100.0
7411741,Mall of Asia Sensor,,14.536036,120.985543,2023-11-24 02:00:00+00:00,2023-11-24T10:00:00+08:00,43.82361125946045,100.0
7411741,Mall of Asia Sensor,,14.536036,120.985543,2023-11-24 03:00:00+00:00,2023-11-24T11:00:00+08:00,41.27440436681112,100.0
7411741,Mall of Asia Sensor,,14.536036,120.985543,2023-11-24 04:00:00+00:00,2023-11-24T12:00:00+08:00,37.41111135482788,100.0
7411741,Mall of Asia Sensor,,14.536036,120.985543,2023-11-24 05:00:00+00:00,2023-11-24T13:00:00+08:00,16.08476196635853,100.0
7411741,Mall of Asia Sensor,,14.536036,120.985543,2023-11-24 06:00:00+00:00,2023-11-24T14:00:00+08:00,19.445436318715412,100.0
7411741,Mall of Asia Sensor,,14.536036,120.985543,2023-11-24 07:00:00+00:00,2023-11-24T15:00:00+08:00,29.327579339345295,100.0
7411741,Mall of Asia Sensor,,14.536036,120.985543,2023-11-24 08:00:00+00:00,2023-11-24T16:00:00+08:00,25.845237970352173,100.0
7411741,Mall of Asia Sensor,,14.536036,120.985543,2023-11-24 09:00:00+00:00,2023-11-24T17:00:00+08:00,15.32619078954061,100.0
7411741,Mall of Asia Sensor,,14.536036,120.985543,2023-11-24 10:00:00+00:00,2023-11-24T18:00:00+08:00,19.187896966934204,100.0
7411741,Mall of Asia Sensor,,14.536036,120.985543,2023-11-24 11:00:00+00:00,2023-11-24T19:00:00+08:00,23.06845235824585,100.0
7411741,Mall of Asia Sensor,,14.536036,120.985543,2023-11-24 12:00:00+00:00,2023-11-24T20:00:00+08:00,23.675000190734863,100.0
7411741,Mall of Asia Sensor,,14.536036,120.985543,2023-11-24 13:00:00+00:00,2023-11-24T21:00:00+08:00,30.144840876261394,100.0
7411741,Mall of Asia Sensor,,14.536036,120.985543,2023-11-24 14:00:00+00:00,2023-11-24T22:00:00+08:00,16.920634826024372,100.0
7411741,Mall of Asia Sensor,,14.536036,120.985543,2023-11-24 15:00:00+00:00,2023-11-24T23:00:00+08:00,18.347023804982502,100.0
7411741,Mall of Asia Sensor,,14.536036,120.985543,2023-11-24 17:00:00+00:00,2023-11-25T01:00:00+08:00,9.896626909573873,100.0
7411741,Mall of Asia Sensor,,14.536036,120.985543,2023-11-24 18:00:00+00:00,2023-11-25T02:00:00+08:00,6.322619040807088,100.0
7411741,Mall of Asia Sensor,,14.536036,120.985543,2023-11-24 19:00:00+00:00,2023-11-25T03:00:00+08:00,6.193849166234334,100.0
7411741,Mall of Asia Sensor,,14.536036,120.985543,2023-11-24 20:00:00+00:00,2023-11-25T04:00:00+08:00,8.075000087420145,100.0
7411741,Mall of Asia Sensor,,14.536036,120.985543,2023-11-24 22:00:00+00:00,2023-11-25T06:00:00+08:00,10.728174686431885,100.0
7411741,Mall of Asia Sensor,,14.536036,120.985543,2023-11-24 23:00:00+00:00,2023-11-25T07:00:00+08:00,14.064285596211752,100.0
7411741,Mall of Asia Sensor,,14.536036,120.985543,2023-11-25 00:00:00+00:00,2023-11-25T08:00:00+08:00,19.347221930821735,100.0
7411741,Mall of Asia Sensor,,14.536036,120.985543,2023-11-25 02:00:00+00:00,2023-11-25T10:00:00+08:00,14.44087290763855,100.0
7411741,Mall of Asia Sensor,,14.536036,120.985543,2023-11-25 03:00:00+00:00,2023-11-25T11:00:00+08:00,11.33809506893158,100.0
7411741,Mall of Asia Sensor,,14.536036,120.985543,2023-11-25 04:00:00+00:00,2023-11-25T12:00:00+08:00,8.890079299608866,100.0
7411741,Mall of Asia Sensor,,14.536036,120.985543,2023-11-25 05:00:00+00:00,2023-11-25T13:00:00+08:00,17.162301460901897,100.0
7411741,Mall of Asia Sensor,,14.536036,120.985543,2023-11-25 06:00:00+00:00,2023-11-25T14:00:00+08:00,14.184126933415731,100.0
7411741,Mall of Asia Sensor,,14.536036,120.985543,2023-11-25 07:00:00+00:00,2023-11-25T15:00:00+08:00,7.578174710273743,100.0
7411741,Mall of Asia Sensor,,14.536036,120.985543,2023-11-25 08:00:00+00:00,2023-11-25T16:00:00+08:00,5.764761972427368,100.0
7411741,Mall of Asia Sensor,,14.536036,120.985543,2023-11-25 09:00:00+00:00,2023-11-25T17:00:00+08:00,9.264484087626139,100.0
7411741,Mall of Asia Sensor,,14.536036,120.985543,2023-11-25 10:00:00+00:00,2023-11-25T18:00:00+08:00,9.788690567016602,100.0
7411741,Mall of Asia Sensor,,14.536036,120.985543,2023-11-25 11:00:00+00:00,2023-11-25T19:00:00+08:00,11.217063426971436,100.0
7411741,Mall of Asia Sensor,,14.536036,120.985543,2023-11-25 12:00:00+00:00,2023-11-25T20:00:00+08:00,14.3202383518219,100.0
7411741,Mall of Asia Sensor,,14.536036,120.985543,2023-11-25 13:00:00+00:00,2023-11-25T21:00:00+08:00,34.45416704813639,100.0
7411741,Mall of Asia Sensor,,14.536036,120.985543,2023-11-25 14:00:00+00:00,2023-11-25T22:00:00+08:00,37.646626790364586,100.0
7411741,Mall of Asia Sensor,,14.536036,120.985543,2023-11-25 15:00:00+00:00,2023-11-25T23:00:00+08:00,35.767459869384766,100.0
7411741,Mall of Asia Sensor,,14.536036,120.985543,2023-11-25 16:00:00+00:00,2023-11-26T00:00:00+08:00,20.987698634465534,100.0
7411741,Mall of Asia Sensor,,14.536036,120.985543,2023-11-25 17:00:00+00:00,2023-11-26T01:00:00+08:00,17.96805540720622,100.0
7411741,Mall of Asia Sensor,,14.536036,120.985543,2023-11-25 18:00:00+00:00,2023-11-26T02:00:00+08:00,12.61130952835083,100.0
7411741,Mall of Asia Sensor,,14.536036,120.985543,2023-11-25 19:00:00+00:00,2023-11-26T03:00:00+08:00,10.606944561004639,100.0
7411741,Mall of Asia Sensor,,14.536036,120.985543,2023-11-25 20:00:00+00:00,2023-11-26T04:00:00+08:00,9.436111132303873,100.0
7411741,Mall of Asia Sensor,,14.536036,120.985543,2023-11-25 21:00:00+00:00,2023-11-26T05:00:00+08:00,17.211110830307007,100.0
7411741,Mall of Asia Sensor,,14.536036,120.985543,2023-11-25 22:00:00+00:00,2023-11-26T06:00:00+08:00,17.16785724957784,100.0
7411741,Mall of Asia Sensor,,14.536036,120.985543,2023-11-25 23:00:00+00:00,2023-11-26T07:00:00+08:00,16.91507951418559,100.0
7411741,Mall of Asia Sensor,,14.536036,120.985543,2023-11-26 01:00:00+00:00,2023-11-26T09:00:00+08:00,19.040873050689697,100.0
7411741,Mall of Asia Sensor,,14.536036,120.985543,2023-11-26 02:00:00+00:00,2023-11-26T10:00:00+08:00,32.17202361424764,100.0
7411741,Mall of Asia Sensor,,14.536036,120.985543,2023-11-26 03:00:00+00:00,2023-11-26T11:00:00+08:00,33.5444450378418,100.0
7411741,Mall of Asia Sensor,,14.536036,120.985543,2023-11-26 04:00:00+00:00,2023-11-26T12:00:00+08:00,24.80416663487752,100.0
7411741,Mall of Asia Sensor,,14.536036,120.985543,2023-11-26 05:00:00+00:00,2023-11-26T13:00:00+08:00,22.15218234062195,100.0
7411741,Mall of Asia Sensor,,14.536036,120.985543,2023-11-26 06:00:00+00:00,2023-11-26T14:00:00+08:00,24.082936604817707,100.0
7411741,Mall of Asia Sensor,,14.536036,120.985543,2023-11-26 07:00:00+00:00,2023-11-26T15:00:00+08:00,23.750397046407063,100.0
7411741,Mall of Asia Sensor,,14.536036,120.985543,2023-11-26 08:00:00+00:00,2023-11-26T16:00:00+08:00,13.447420517603556,100.0
7411741,Mall of Asia Sensor,,14.536036,120.985543,2023-11-26 09:00:00+00:00,2023-11-26T17:00:00+08:00,19.5376984278361,100.0
7411741,Mall of Asia Sensor,,14.536036,120.985543,2023-11-26 10:00:00+00:00,2023-11-26T18:00:00+08:00,17.252380847930908,100.0
7411741,Mall of Asia Sensor,,14.536036,120.985543,2023-11-26 11:00:00+00:00,2023-11-26T19:00:00+08:00,23.359325567881267,100.0
7411741,Mall of Asia Sensor,,14.536036,120.985543,2023-11-26 12:00:00+00:00,2023-11-26T20:00:00+08:00,37.57718245188395,100.0
7411741,Mall of Asia Sensor,,14.536036,120.985543,2023-11-26 13:00:00+00:00,2023-11-26T21:00:00+08:00,46.09999974568685,100.0
7411741,Mall of Asia Sensor,,14.536036,120.985543,2023-11-26 14:00:00+00:00,2023-11-26T22:00:00+08:00,38.26170635223389,100.0
7411741,Mall of Asia Sensor,,14.536036,120.985543,2023-11-26 15:00:00+00:00,2023-11-26T23:00:00+08:00,37.18353144327799,100.0
7411741,Mall of Asia Sensor,,14.536036,120.985543,2023-11-26 16:00:00+00:00,2023-11-27T00:00:00+08:00,36.472222328186035,100.0
7411741,Mall of Asia Sensor,,14.536036,120.985543,2023-11-26 17:00:00+00:00,2023-11-27T01:00:00+08:00,31.289881070454914,100.0
7411741,Mall of Asia Sensor,,14.536036,120.985543,2023-11-26 18:00:00+00:00,2023-11-27T02:00:00+08:00,19.94682550430298,100.0
7411741,Mall of Asia Sensor,,14.536036,120.985543,2023-11-26 19:00:00+00:00,2023-11-27T03:00:00+08:00,22.997023741404217,100.0
7411741,Mall of Asia Sensor,,14.536036,120.985543,2023-11-26 20:00:00+00:00,2023-11-27T04:00:00+08:00,23.493073723532937,100.0
7411741,Mall of Asia Sensor,,14.536036,120.985543,2023-11-26 21:00:00+00:00,2023-11-27T05:00:00+08:00,28.414502230557527,100.0
7411741,Mall of Asia Sensor,,14.536036,120.985543,2023-11-26 22:00:00+00:00,2023-11-27T06:00:00+08:00,35.168485468084164,100.0
7411741,Mall of Asia Sensor,,14.536036,120.985543,2023-11-26 23:00:00+00:00,2023-11-27T07:00:00+08:00,34.42480150858561,100.0
7411741,Mall of Asia Sensor,,14.536036,120.985543,2023-11-27 00:00:00+00:00,2023-11-27T08:00:00+08:00,37.941667238871254,100.0
7411741,Mall of Asia Sensor,,14.536036,120.985543,2023-11-27 01:00:00+00:00,2023-11-27T09:00:00+08:00,39.47261873881022,100.0
7411741,Mall of Asia Sensor,,14.536036,120.985543,2023-11-27 02:00:00+00:00,2023-11-27T10:00:00+08:00,34.02916701634725,100.0
7411741,Mall of Asia Sensor,,14.536036,120.985543,2023-11-27 03:00:00+00:00,2023-11-27T11:00:00+08:00,37.484325091044106,100.0
7411741,Mall of Asia Sensor,,14.536036,120.985543,2023-11-27 04:00:00+00:00,2023-11-27T12:00:00+08:00,37.79956713589755,100.0
7411741,Mall of Asia Sensor,,14.536036,120.985543,2023-11-27 05:00:00+00:00,2023-11-27T13:00:00+08:00,26.944444338480633,100.0
7411741,Mall of Asia Sensor,,14.536036,120.985543,2023-11-27 06:00:00+00:00,2023-11-27T14:00:00+08:00,33.301587422688804,100.0
7411741,Mall of Asia Sensor,,14.536036,120.985543,2023-11-27 07:00:00+00:00,2023-11-27T15:00:00+08:00,22.032340844472248,100.0
7411741,Mall of Asia Sensor,,14.536036,120.985543,2023-11-27 08:00:00+00:00,2023-11-27T16:00:00+08:00,16.816269636154175,100.0
7411741,Mall of Asia Sensor,,14.536036,120.985543,2023-11-27 09:00:00+00:00,2023-11-27T17:00:00+08:00,18.502381086349487,100.0
7411741,Mall of Asia Sensor,,14.536036,120.985543,2023-11-27 10:00:00+00:00,2023-11-27T18:00:00+08:00,13.652777671813965,100.0
7411741,Mall of Asia Sensor,,14.536036,120.985543,2023-11-27 11:00:00+00:00,2023-11-27T19:00:00+08:00,13.672222137451172,100.0
7411741,Mall of Asia Sensor,,14.536036,120.985543,2023-11-27 12:00:00+00:00,2023-11-27T20:00:00+08:00,19.229761918385822,100.0
7411741,Mall of Asia Sensor,,14.536036,120.985543,2023-11-27 13:00:00+00:00,2023-11-27T21:00:00+08:00,27.722222169240315,100.0
7411741,Mall of Asia Sensor,,14.536036,120.985543,2023-11-27 14:00:00+00:00,2023-11-27T22:00:00+08:00,12.919246117273966,100.0
7411741,Mall of Asia Sensor,,14.536036,120.985543,2023-11-27 15:00:00+00:00,2023-11-27T23:00:00+08:00,8.0505952835083,100.0
7411741,Mall of Asia Sensor,,14.536036,120.985543,2023-11-27 16:00:00+00:00,2023-11-28T00:00:00+08:00,5.721230109532674,100.0
7411741,Mall of Asia Sensor,,14.536036,120.985543,2023-11-27 17:00:00+00:00,2023-11-28T01:00:00+08:00,8.957341114679972,100.0
7411741,Mall of Asia Sensor,,14.536036,120.985543,2023-11-27 18:00:00+00:00,2023-11-28T02:00:00+08:00,9.27916661898295,100.0
7411741,Mall of Asia Sensor,,14.536036,120.985543,2023-11-27 19:00:00+00:00,2023-11-28T03:00:00+08:00,20.596428672472637,100.0
7411741,Mall of Asia Sensor,,14.536036,120.985543,2023-11-27 20:00:00+00:00,2023-11-28T04:00:00+08:00,30.09583346048991,100.0
7411741,Mall of Asia Sensor,,14.536036,120.985543,2023-11-27 22:00:00+00:00,2023-11-28T06:00:00+08:00,28.176785786946613,100.0
7411741,Mall of Asia Sensor,,14.536036,120.985543,2023-11-27 23:00:00+00:00,2023-11-28T07:00:00+08:00,22.089285850524902,100.0
7411741,Mall of Asia Sensor,,14.536036,120.985543,2023-11-28 00:00:00+00:00,2023-11-28T08:00:00+08:00,17.22678558031718,100.0
7411741,Mall of Asia Sensor,,14.536036,120.985543,2023-11-28 01:00:00+00:00,2023-11-28T09:00:00+08:00,30.49404748280843,100.0
7411741,Mall of Asia Sensor,,14.536036,120.985543,2023-11-28 02:00:00+00:00,2023-11-28T10:00:00+08:00,14.68234141667684,100.0
7411741,Mall of Asia Sensor,,14.536036,120.985543,2023-11-28 03:00:00+00:00,2023-11-28T11:00:00+08:00,8.63095243771871,100.0
7411741,Mall of Asia Sensor,,14.536036,120.985543,2023-11-28 04:00:00+00:00,2023-11-28T12:00:00+08:00,39.7396825949351,100.0
7411741,Mall of Asia Sensor,,14.536036,120.985543,2023-11-28 05:00:00+00:00,2023-11-28T13:00:00+08:00,43.16408705711365,100.0
7411741,Mall of Asia Sensor,,14.536036,120.985543,2023-11-28 07:00:00+00:00,2023-11-28T15:00:00+08:00,7.597222208976746,100.0
7411741,Mall of Asia Sensor,,14.536036,120.985543,2023-11-28 08:00:00+00:00,2023-11-28T16:00:00+08:00,6.947817444801331,100.0
7411741,Mall of Asia Sensor,,14.536036,120.985543,2023-11-28 09:00:00+00:00,2023-11-28T17:00:00+08:00,9.422095346450806,100.0
7411741,Mall of Asia Sensor,,14.536036,120.985543,2023-11-28 10:00:00+00:00,2023-11-28T18:00:00+08:00,17.212896823883057,100.0
7411741,Mall of Asia Sensor,,14.536036,120.985543,2023-11-28 11:00:00+00:00,2023-11-28T19:00:00+08:00,25.251190423965454,100.0
7411741,Mall of Asia Sensor,,14.536036,120.985543,2023-11-28 12:00:00+00:00,2023-11-28T20:00:00+08:00,24.25198419888814,100.0
7411741,Mall of Asia Sensor,,14.536036,120.985543,2023-11-28 13:00:00+00:00,2023-11-28T21:00:00+08:00,30.25873025258382,100.0
7411741,Mall of Asia Sensor,,14.536036,120.985543,2023-11-28 14:00:00+00:00,2023-11-28T22:00:00+08:00,27.108333587646484,100.0
7411741,Mall of Asia Sensor,,14.536036,120.985543,2023-11-28 15:00:00+00:00,2023-11-28T23:00:00+08:00,26.96329355239868,100.0
7411741,Mall of Asia Sensor,,14.536036,120.985543,2023-11-28 16:00:00+00:00,2023-11-29T00:00:00+08:00,33.27658748626709,100.0
7411741,Mall of Asia Sensor,,14.536036,120.985543,2023-11-28 17:00:00+00:00,2023-11-29T01:00:00+08:00,30.83750009536743,100.0
7411741,Mall of Asia Sensor,,14.536036,120.985543,2023-11-28 18:00:00+00:00,2023-11-29T02:00:00+08:00,20.18412701288859,100.0
7411741,Mall of Asia Sensor,,14.536036,120.985543,2023-11-28 19:00:00+00:00,2023-11-29T03:00:00+08:00,27.625396569569904,100.0
7411741,Mall of Asia Sensor,,14.536036,120.985543,2023-11-28 20:00:00+00:00,2023-11-29T04:00:00+08:00,27.069840908050537,100.0
7411741,Mall of Asia Sensor,,14.536036,120.985543,2023-11-28 21:00:00+00:00,2023-11-29T05:00:00+08:00,28.943848927815754,100.0
7411741,Mall of Asia Sensor,,14.536036,120.985543,2023-11-28 22:00:00+00:00,2023-11-29T06:00:00+08:00,23.403571446736652,100.0
7411741,Mall of Asia Sensor,,14.536036,120.985543,2023-11-29 00:00:00+00:00,2023-11-29T08:00:00+08:00,17.32121216167103,100.0
7411741,Mall of Asia Sensor,,14.536036,120.985543,2023-11-29 01:00:00+00:00,2023-11-29T09:00:00+08:00,14.522337653420188,100.0
7411741,Mall of Asia Sensor,,14.536036,120.985543,2023-11-29 02:00:00+00:00,2023-11-29T10:00:00+08:00,16.592857201894123,100.0
7411741,Mall of Asia Sensor,,14.536036,120.985543,2023-11-29 03:00:00+00:00,2023-11-29T11:00:00+08:00,16.23214316368103,100.0
7411741,Mall of Asia Sensor,,14.536036,120.985543,2023-11-29 04:00:00+00:00,2023-11-29T12:00:00+08:00,11.381944497426352,100.0
7411741,Mall of Asia Sensor,,14.536036,120.985543,2023-11-29 05:00:00+00:00,2023-11-29T13:00:00+08:00,13.720436493555704,100.0
7411741,Mall of Asia Sensor,,14.536036,120.985543,2023-11-29 06:00:00+00:00,2023-11-29T14:00:00+08:00,13.448214292526245,100.0
7411741,Mall of Asia Sensor,,14.536036,120.985543,2023-11-29 07:00:00+00:00,2023-11-29T15:00:00+08:00,8.506547649701437,100.0
7411741,Mall of Asia Sensor,,14.536036,120.985543,2023-11-29 08:00:00+00:00,2023-11-29T16:00:00+08:00,8.275000015894571,100.0
7411741,Mall of Asia Sensor,,14.536036,120.985543,2023-11-29 09:00:00+00:00,2023-11-29T17:00:00+08:00,7.478373050689697,100.0
7411741,Mall of Asia Sensor,,14.536036,120.985543,2023-11-29 10:00:00+00:00,2023-11-29T18:00:00+08:00,8.133730252583822,100.0
7411741,Mall of Asia Sensor,,14.536036,120.985543,2023-11-29 11:00:00+00:00,2023-11-29T19:00:00+08:00,12.183928569157919,100.0
7411741,Mall of Asia Sensor,,14.536036,120.985543,2023-11-29 12:00:00+00:00,2023-11-29T20:00:00+08:00,18.870238065719604,100.0
7411741,Mall of Asia Sensor,,14.536036,120.985543,2023-12-14 05:00:00+00:00,2023-12-14T13:00:00+08:00,5.31666669845581,100.0
7411741,Mall of Asia Sensor,,14.536036,120.985543,2023-12-14 06:00:00+00:00,2023-12-14T14:00:00+08:00,4.851309458414714,100.0
7411741,Mall of Asia Sensor,,14.536036,120.985543,2023-12-14 07:00:00+00:00,2023-12-14T15:00:00+08:00,4.201388796170552,100.0
7411741,Mall of Asia Sensor,,14.536036,120.985543,2023-12-14 08:00:00+00:00,2023-12-14T16:00:00+08:00,2.790674606959025,100.0
7411741,Mall of Asia Sensor,,14.536036,120.985543,2023-12-14 09:00:00+00:00,2023-12-14T17:00:00+08:00,2.6591269969940186,100.0
7411741,Mall of Asia Sensor,,14.536036,120.985543,2023-12-14 10:00:00+00:00,2023-12-14T18:00:00+08:00,4.472817460695903,100.0
7411741,Mall of Asia Sensor,,14.536036,120.985543,2023-12-14 11:00:00+00:00,2023-12-14T19:00:00+08:00,5.296428521474202,100.0
7411741,Mall of Asia Sensor,,14.536036,120.985543,2023-12-14 12:00:00+00:00,2023-12-14T20:00:00+08:00,6.249007860819499,100.0
7411741,Mall of Asia Sensor,,14.536036,120.985543,2023-12-14 13:00:00+00:00,2023-12-14T21:00:00+08:00,6.948015928268433,100.0
7411741,Mall of Asia Sensor,,14.536036,120.985543,2023-12-14 14:00:00+00:00,2023-12-14T22:00:00+08:00,7.007539749145508,100.0
7411741,Mall of Asia Sensor,,14.536036,120.985543,2023-12-14 15:00:00+00:00,2023-12-14T23:00:00+08:00,9.487103343009949,100.0
7411741,Mall of Asia Sensor,,14.536036,120.985543,2023-12-23 04:00:00+00:00,2023-12-23T12:00:00+08:00,14.600000381469727,100.0
7411741,Mall of Asia Sensor,,14.536036,120.985543,2023-12-23 05:00:00+00:00,2023-12-23T13:00:00+08:00,8.411547700564066,100.0
7411741,Mall of Asia Sensor,,14.536036,120.985543,2023-12-23 06:00:00+00:00,2023-12-23T14:00:00+08:00,5.954563458760579,100.0
7411741,Mall of Asia Sensor,,14.536036,120.985543,2023-12-23 07:00:00+00:00,2023-12-23T15:00:00+08:00,5.829365134239197,100.0
7411741,Mall of Asia Sensor,,14.536036,120.985543,2023-12-23 09:00:00+00:00,2023-12-23T17:00:00+08:00,14.08392850557963,100.0
7411741,Mall of Asia Sensor,,14.536036,120.985543,2023-12-23 10:00:00+00:00,2023-12-23T18:00:00+08:00,17.910476366678875,100.0
7411741,Mall of Asia Sensor,,14.536036,120.985543,2023-12-23 11:00:00+00:00,2023-12-23T19:00:00+08:00,23.38432550430298,100.0
7411741,Mall of Asia Sensor,,14.536036,120.985543,2023-12-23 12:00:00+00:00,2023-12-23T20:00:00+08:00,7.789285838603973,100.0
7411741,Mall of Asia Sensor,,14.536036,120.985543,2023-12-23 13:00:00+00:00,2023-12-23T21:00:00+08:00,3.604960337281227,100.0
7411741,Mall of Asia Sensor,,14.536036,120.985543,2023-12-23 14:00:00+00:00,2023-12-23T22:00:00+08:00,4.795238117376964,100.0
7411741,Mall of Asia Sensor,,14.536036,120.985543,2023-12-23 17:00:00+00:00,2023-12-24T01:00:00+08:00,1.9922619263331096,100.0
7411741,Mall of Asia Sensor,,14.536036,120.985543,2023-12-23 18:00:00+00:00,2023-12-24T02:00:00+08:00,1.7055555482705433,100.0
7411741,Mall of Asia Sensor,,14.536036,120.985543,2023-12-23 19:00:00+00:00,2023-12-24T03:00:00+08:00,1.6378968457380931,100.0
7411741,Mall of Asia Sensor,,14.536036,120.985543,2023-12-23 20:00:00+00:00,2023-12-24T04:00:00+08:00,1.914087305466334,100.0
7411741,Mall of Asia Sensor,,14.536036,120.985543,2023-12-23 21:00:00+00:00,2023-12-24T05:00:00+08:00,2.816071410973867,100.0
7411741,Mall of Asia Sensor,,14.536036,120.985543,2023-12-23 22:00:00+00:00,2023-12-24T06:00:00+08:00,3.968849162260691,100.0
7411741,Mall of Asia Sensor,,14.536036,120.985543,2023-12-23 23:00:00+00:00,2023-12-24T07:00:00+08:00,4.0999999443689985,100.0
7411741,Mall of Asia Sensor,,14.536036,120.985543,2023-12-24 00:00:00+00:00,2023-12-24T08:00:00+08:00,4.45634925365448,100.0
7411741,Mall of Asia Sensor,,14.536036,120.985543,2023-12-24 01:00:00+00:00,2023-12-24T09:00:00+08:00,5.4998016357421875,100.0
7411741,Mall of Asia Sensor,,14.536036,120.985543,2023-12-24 02:00:00+00:00,2023-12-24T10:00:00+08:00,6.987698435783386,100.0
7411741,Mall of Asia Sensor,,14.536036,120.985543,2023-12-24 03:00:00+00:00,2023-12-24T11:00:00+08:00,8.232539614041647,100.0
7411741,Mall of Asia Sensor,,14.536036,120.985543,2023-12-24 04:00:00+00:00,2023-12-24T12:00:00+08:00,5.173214236895244,100.0
7411741,Mall of Asia Sensor,,14.536036,120.985543,2023-12-24 05:00:00+00:00,2023-12-24T13:00:00+08:00,4.129960298538208,100.0
7411741,Mall of Asia Sensor,,14.536036,120.985543,2023-12-24 06:00:00+00:00,2023-12-24T14:00:00+08:00,6.734920700391133,100.0
7411741,Mall of Asia Sensor,,14.536036,120.985543,2023-12-24 07:00:00+00:00,2023-12-24T15:00:00+08:00,9.709920644760132,100.0
7411741,Mall of Asia Sensor,,14.536036,120.985543,2023-12-24 09:00:00+00:00,2023-12-24T17:00:00+08:00,6.9021826187769575,100.0
7411741,Mall of Asia Sensor,,14.536036,120.985543,2023-12-24 10:00:00+00:00,2023-12-24T18:00:00+08:00,14.875397046407064,100.0
7411741,Mall of Asia Sensor,,14.536036,120.985543,2023-12-24 16:00:00+00:00,2023-12-25T00:00:00+08:00,16.563571453094482,100.0
7411741,Mall of Asia Sensor,,14.536036,120.985543,2023-12-24 17:00:00+00:00,2023-12-25T01:00:00+08:00,17.001587390899658,100.0
7411741,Mall of Asia Sensor,,14.536036,120.985543,2023-12-24 18:00:00+00:00,2023-12-25T02:00:00+08:00,25.48214276631673,100.0
7411741,Mall of Asia Sensor,,14.536036,120.985543,2023-12-24 19:00:00+00:00,2023-12-25T03:00:00+08:00,30.1001984278361,100.0
7411741,Mall of Asia Sensor,,14.536036,120.985543,2023-12-24 20:00:00+00:00,2023-12-25T04:00:00+08:00,30.68928575515747,100.0
7411741,Mall of Asia Sensor,,14.536036,120.985543,2023-12-24 21:00:00+00:00,2023-12-25T05:00:00+08:00,29.79285717010498,100.0
7411741,Mall of Asia Sensor,,14.536036,120.985543,2023-12-24 22:00:00+00:00,2023-12-25T06:00:00+08:00,27.250198523203533,100.0
7411741,Mall of Asia Sensor,,14.536036,120.985543,2023-12-24 23:00:00+00:00,2023-12-25T07:00:00+08:00,23.219047387440998,100.0
7411741,Mall of Asia Sensor,,14.536036,120.985543,2023-12-25 01:00:00+00:00,2023-12-25T09:00:00+08:00,15.576587279637655,100.0
7411741,Mall of Asia Sensor,,14.536036,120.985543,2023-12-25 02:00:00+00:00,2023-12-25T10:00:00+08:00,14.386309544245401,100.0
7411741,Mall of Asia Sensor,,14.536036,120.985543,2023-12-25 03:00:00+00:00,2023-12-25T11:00:00+08:00,15.511309464772543,100.0
7411741,Mall of Asia Sensor,,14.536036,120.985543,2023-12-25 04:00:00+00:00,2023-12-25T12:00:00+08:00,12.854960362116495,100.0
7411741,Mall of Asia Sensor,,14.536036,120.985543,2023-12-25 13:00:00+00:00,2023-12-25T21:00:00+08:00,17.19857168197632,100.0
7411741,Mall of Asia Sensor,,14.536036,120.985543,2023-12-25 14:00:00+00:00,2023-12-25T22:00:00+08:00,19.62000012397766,100.0
7411741,Mall of Asia Sensor,,14.536036,120.985543,2023-12-25 15:00:00+00:00,2023-12-25T23:00:00+08:00,23.61646827061971,100.0
7411741,Mall of Asia Sensor,,14.536036,120.985543,2023-12-25 16:00:00+00:00,2023-12-26T00:00:00+08:00,18.66865078608195,100.0
7411741,Mall of Asia Sensor,,14.536036,120.985543,2023-12-25 17:00:00+00:00,2023-12-26T01:00:00+08:00,24.29384930928548,100.0
7411741,Mall of Asia Sensor,,14.536036,120.985543,2023-12-25 18:00:00+00:00,2023-12-26T02:00:00+08:00,29.527976512908936,100.0
7411741,Mall of Asia Sensor,,14.536036,120.985543,2023-12-25 19:00:00+00:00,2023-12-26T03:00:00+08:00,33.31924613316854,100.0
7411741,Mall of Asia Sensor,,14.536036,120.985543,2023-12-25 20:00:00+00:00,2023-12-26T04:00:00+08:00,40.232540130615234,100.0
7411741,Mall of Asia Sensor,,14.536036,120.985543,2023-12-25 21:00:00+00:00,2023-12-26T05:00:00+08:00,35.828968365987144,100.0
7411741,Mall of Asia Sensor,,14.536036,120.985543,2023-12-25 22:00:00+00:00,2023-12-26T06:00:00+08:00,39.49404716491699,100.0
7411741,Mall of Asia Sensor,,14.536036,120.985543,2023-12-25 23:00:00+00:00,2023-12-26T07:00:00+08:00,33.532738049825035,100.0
7411741,Mall of Asia Sensor,,14.536036,120.985543,2023-12-26 00:00:00+00:00,2023-12-26T08:00:00+08:00,37.45099131266276,100.0
7411741,Mall of Asia Sensor,,14.536036,120.985543,2023-12-26 01:00:00+00:00,2023-12-26T09:00:00+08:00,37.80972162882487,100.0
7411741,Mall of Asia Sensor,,14.536036,120.985543,2023-12-26 02:00:00+00:00,2023-12-26T10:00:00+08:00,33.87083355585734,100.0
7411741,Mall of Asia Sensor,,14.536036,120.985543,2023-12-26 03:00:00+00:00,2023-12-26T11:00:00+08:00,30.676587263743084,100.0
7411741,Mall of Asia Sensor,,14.536036,120.985543,2023-12-26 04:00:00+00:00,2023-12-26T12:00:00+08:00,30.550396760304768,100.0
7411741,Mall of Asia Sensor,,14.536036,120.985543,2023-12-26 08:00:00+00:00,2023-12-26T16:00:00+08:00,33.14619064331055,100.0
7411741,Mall of Asia Sensor,,14.536036,120.985543,2023-12-26 09:00:00+00:00,2023-12-26T17:00:00+08:00,32.53789710998535,100.0
7411741,Mall of Asia Sensor,,14.536036,120.985543,2023-12-26 10:00:00+00:00,2023-12-26T18:00:00+08:00,32.28035720189413,100.0
7411741,Mall of Asia Sensor,,14.536036,120.985543,2023-12-26 11:00:00+00:00,2023-12-26T19:00:00+08:00,29.96587308247884,100.0
7411741,Mall of Asia Sensor,,14.536036,120.985543,2023-12-26 12:00:00+00:00,2023-12-26T20:00:00+08:00,28.16011889775594,100.0
7411741,Mall of Asia Sensor,,14.536036,120.985543,2023-12-26 13:00:00+00:00,2023-12-26T21:00:00+08:00,27.87956364949544,100.0
7411741,Mall of Asia Sensor,,14.536036,120.985543,2023-12-26 14:00:00+00:00,2023-12-26T22:00:00+08:00,25.061706225077312,100.0
7411741,Mall of Asia Sensor,,14.536036,120.985543,2023-12-26 15:00:00+00:00,2023-12-26T23:00:00+08:00,29.178769906361897,100.0
7411741,Mall of Asia Sensor,,14.536036,120.985543,2023-12-26 16:00:00+00:00,2023-12-27T00:00:00+08:00,32.289394031871446,100.0
7411741,Mall of Asia Sensor,,14.536036,120.985543,2023-12-26 17:00:00+00:00,2023-12-27T01:00:00+08:00,28.888888676961262,100.0
7411741,Mall of Asia Sensor,,14.536036,120.985543,2023-12-26 19:00:00+00:00,2023-12-27T03:00:00+08:00,25.506150881449383,100.0
7411741,Mall of Asia Sensor,,14.536036,120.985543,2023-12-26 20:00:00+00:00,2023-12-27T04:00:00+08:00,23.318253993988037,100.0
7411741,Mall of Asia Sensor,,14.536036,120.985543,2023-12-26 21:00:00+00:00,2023-12-27T05:00:00+08:00,21.847420533498127,100.0
7411741,Mall of Asia Sensor,,14.536036,120.985543,2023-12-26 22:00:00+00:00,2023-12-27T06:00:00+08:00,23.728571732838947,100.0
7411741,Mall of Asia Sensor,,14.536036,120.985543,2023-12-26 23:00:00+00:00,2023-12-27T07:00:00+08:00,28.60615062713623,100.0
7411741,Mall of Asia Sensor,,14.536036,120.985543,2023-12-27 00:00:00+00:00,2023-12-27T08:00:00+08:00,25.001428604125977,100.0
7411741,Mall of Asia Sensor,,14.536036,120.985543,2023-12-27 01:00:00+00:00,2023-12-27T09:00:00+08:00,28.14027802149455,100.0
7411741,Mall of Asia Sensor,,14.536036,120.985543,2023-12-27 02:00:00+00:00,2023-12-27T10:00:00+08:00,20.78154770533244,100.0
7411741,Mall of Asia Sensor,,14.536036,120.985543,2023-12-27 03:00:00+00:00,2023-12-27T11:00:00+08:00,17.63849186897278,100.0
7411741,Mall of Asia Sensor,,14.536036,120.985543,2023-12-27 04:00:00+00:00,2023-12-27T12:00:00+08:00,17.90059510866801,100.0
7411741,Mall of Asia Sensor,,14.536036,120.985543,2023-12-27 05:00:00+00:00,2023-12-27T13:00:00+08:00,20.44186480840047,100.0
7411741,Mall of Asia Sensor,,14.536036,120.985543,2023-12-27 06:00:00+00:00,2023-12-27T14:00:00+08:00,24.647817929585774,100.0
7411741,Mall of Asia Sensor,,14.536036,120.985543,2023-12-27 07:00:00+00:00,2023-12-27T15:00:00+08:00,32.3709921836853,100.0
7411741,Mall of Asia Sensor,,14.536036,120.985543,2023-12-27 10:00:00+00:00,2023-12-27T18:00:00+08:00,23.40734100341797,100.0
7411741,Mall of Asia Sensor,,14.536036,120.985543,2023-12-27 11:00:00+00:00,2023-12-27T19:00:00+08:00,14.285515864690145,100.0
7411741,Mall of Asia Sensor,,14.536036,120.985543,2023-12-27 13:00:00+00:00,2023-12-27T21:00:00+08:00,2.9333333174387612,100.0
7411741,Mall of Asia Sensor,,14.536036,120.985543,2023-12-27 14:00:00+00:00,2023-12-27T22:00:00+08:00,3.7743385897742376,100.0
7411741,Mall of Asia Sensor,,14.536036,120.985543,2023-12-27 15:00:00+00:00,2023-12-27T23:00:00+08:00,4.260119020938873,100.0
7411741,Mall of Asia Sensor,,14.536036,120.985543,2023-12-27 16:00:00+00:00,2023-12-28T00:00:00+08:00,4.820833424727122,100.0
7411741,Mall of Asia Sensor,,14.536036,120.985543,2023-12-27 17:00:00+00:00,2023-12-28T01:00:00+08:00,4.541931205325657,100.0
7411741,Mall of Asia Sensor,,14.536036,120.985543,2023-12-27 18:00:00+00:00,2023-12-28T02:00:00+08:00,3.942063490549723,100.0
7411741,Mall of Asia Sensor,,14.536036,120.985543,2023-12-27 19:00:00+00:00,2023-12-28T03:00:00+08:00,3.2827380696932473,100.0
7411741,Mall of Asia Sensor,,14.536036,120.985543,2023-12-27 20:00:00+00:00,2023-12-28T04:00:00+08:00,2.786111126343409,100.0
7411741,Mall of Asia Sensor,,14.536036,120.985543,2023-12-27 21:00:00+00:00,2023-12-28T05:00:00+08:00,10.48551587263743,100.0
7411741,Mall of Asia Sensor,,14.536036,120.985543,2023-12-27 22:00:00+00:00,2023-12-28T06:00:00+08:00,11.59761905670166,100.0
7411741,Mall of Asia Sensor,,14.536036,120.985543,2023-12-27 23:00:00+00:00,2023-12-28T07:00:00+08:00,20.353968222935993,100.0
7411741,Mall of Asia Sensor,,14.536036,120.985543,2023-12-28 00:00:00+00:00,2023-12-28T08:00:00+08:00,20.31507929166158,100.0
7411741,Mall of Asia Sensor,,14.536036,120.985543,2023-12-28 01:00:00+00:00,2023-12-28T09:00:00+08:00,30.434722264607746,100.0
7411741,Mall of Asia Sensor,,14.536036,120.985543,2023-12-28 02:00:00+00:00,2023-12-28T10:00:00+08:00,17.103968381881714,100.0
7411741,Mall of Asia Sensor,,14.536036,120.985543,2023-12-28 03:00:00+00:00,2023-12-28T11:00:00+08:00,19.246031681696575,100.0
7411741,Mall of Asia Sensor,,14.536036,120.985543,2023-12-28 04:00:00+00:00,2023-12-28T12:00:00+08:00,14.367063522338867,100.0
7411741,Mall of Asia Sensor,,14.536036,120.985543,2023-12-28 05:00:00+00:00,2023-12-28T13:00:00+08:00,3.427976220846176,100.0
7411741,Mall of Asia Sensor,,14.536036,120.985543,2023-12-28 06:00:00+00:00,2023-12-28T14:00:00+08:00,1.4126984179019928,100.0
7411741,Mall of Asia Sensor,,14.536036,120.985543,2023-12-28 12:00:00+00:00,2023-12-28T20:00:00+08:00,5.5857142607371015,100.0
7411741,Mall of Asia Sensor,,14.536036,120.985543,2023-12-28 13:00:00+00:00,2023-12-28T21:00:00+08:00,2.6174603005250296,100.0
7411741,Mall of Asia Sensor,,14.536036,120.985543,2023-12-28 14:00:00+00:00,2023-12-28T22:00:00+08:00,1.3085317264000575,100.0
7411741,Mall of Asia Sensor,,14.536036,120.985543,2023-12-28 15:00:00+00:00,2023-12-28T23:00:00+08:00,0.738293652733167,100.0
7411741,Mall of Asia Sensor,,14.536036,120.985543,2023-12-28 17:00:00+00:00,2023-12-29T01:00:00+08:00,0.6208333428949118,100.0
7411741,Mall of Asia Sensor,,14.536036,120.985543,2023-12-28 18:00:00+00:00,2023-12-29T02:00:00+08:00,0.6240079502264658,100.0
7411741,Mall of Asia Sensor,,14.536036,120.985543,2023-12-28 19:00:00+00:00,2023-12-29T03:00:00+08:00,0.8958333233992258,100.0
7411741,Mall of Asia Sensor,,14.536036,120.985543,2023-12-28 20:00:00+00:00,2023-12-29T04:00:00+08:00,13.863491912682852,100.0
7411741,Mall of Asia Sensor,,14.536036,120.985543,2023-12-28 21:00:00+00:00,2023-12-29T05:00:00+08:00,1.5559523850679398,100.0
7411741,Mall of Asia Sensor,,14.536036,120.985543,2023-12-28 22:00:00+00:00,2023-12-29T06:00:00+08:00,1.9428571748236816,100.0
7411741,Mall of Asia Sensor,,14.536036,120.985543,2023-12-28 23:00:00+00:00,2023-12-29T07:00:00+08:00,3.6184523552656174,100.0
7411741,Mall of Asia Sensor,,14.536036,120.985543,2023-12-29 00:00:00+00:00,2023-12-29T08:00:00+08:00,1.2412698417901993,100.0
7411741,Mall of Asia Sensor,,14.536036,120.985543,2023-12-29 01:00:00+00:00,2023-12-29T09:00:00+08:00,2.2009920751055083,100.0
7411741,Mall of Asia Sensor,,14.536036,120.985543,2023-12-29 02:00:00+00:00,2023-12-29T10:00:00+08:00,6.225793639818828,100.0
7411741,Mall of Asia Sensor,,14.536036,120.985543,2023-12-29 03:00:00+00:00,2023-12-29T11:00:00+08:00,13.508135120073954,100.0
7411741,Mall of Asia Sensor,,14.536036,120.985543,2023-12-29 04:00:00+00:00,2023-12-29T12:00:00+08:00,12.728174606959024,100.0
7411741,Mall of Asia Sensor,,14.536036,120.985543,2023-12-29 05:00:00+00:00,2023-12-29T13:00:00+08:00,33.506349086761475,100.0
7411741,Mall of Asia Sensor,,14.536036,120.985543,2023-12-29 06:00:00+00:00,2023-12-29T14:00:00+08:00,17.763293902079266,100.0
7411741,Mall of Asia Sensor,,14.536036,120.985543,2023-12-29 07:00:00+00:00,2023-12-29T15:00:00+08:00,6.503174543380737,100.0
7411741,Mall of Asia Sensor,,14.536036,120.985543,2023-12-29 08:00:00+00:00,2023-12-29T16:00:00+08:00,7.066666682561238,100.0
7411741,Mall of Asia Sensor,,14.536036,120.985543,2023-12-29 11:00:00+00:00,2023-12-29T19:00:00+08:00,14.931745529174805,100.0
7411741,Mall of Asia Sensor,,14.536036,120.985543,2023-12-29 12:00:00+00:00,2023-12-29T20:00:00+08:00,16.60813506444295,100.0
7411741,Mall of Asia Sensor,,14.536036,120.985543,2023-12-29 13:00:00+00:00,2023-12-29T21:00:00+08:00,8.164781848589579,100.0
7411741,Mall of Asia Sensor,,14.536036,120.985543,2023-12-29 14:00:00+00:00,2023-12-29T22:00:00+08:00,12.931150714556376,100.0
7412720,"South Triangle, Quezon City",,14.639479,121.032469,2023-11-16 14:00:00+00:00,2023-11-16T22:00:00+08:00,19.199999809265137,100.0
7412720,"South Triangle, Quezon City",,14.639479,121.032469,2023-11-16 15:00:00+00:00,2023-11-16T23:00:00+08:00,15.920833349227905,100.0
7412720,"South Triangle, Quezon City",,14.639479,121.032469,2023-11-16 16:00:00+00:00,2023-11-17T00:00:00+08:00,14.058333079020182,100.0
7412720,"South Triangle, Quezon City",,14.639479,121.032469,2023-11-16 17:00:00+00:00,2023-11-17T01:00:00+08:00,13.133333285649618,100.0
7412720,"South Triangle, Quezon City",,14.639479,121.032469,2023-11-16 18:00:00+00:00,2023-11-17T02:00:00+08:00,9.145833412806192,100.0
7412720,"South Triangle, Quezon City",,14.639479,121.032469,2023-11-16 19:00:00+00:00,2023-11-17T03:00:00+08:00,6.662499984105428,100.0
7412720,"South Triangle, Quezon City",,14.639479,121.032469,2023-11-16 20:00:00+00:00,2023-11-17T04:00:00+08:00,5.8458333015441895,100.0
7412720,"South Triangle, Quezon City",,14.639479,121.032469,2023-11-16 21:00:00+00:00,2023-11-17T05:00:00+08:00,5.8416666984558105,100.0
7412720,"South Triangle, Quezon City",,14.639479,121.032469,2023-11-16 22:00:00+00:00,2023-11-17T06:00:00+08:00,6.0416667858759565,100.0
7412720,"South Triangle, Quezon City",,14.639479,121.032469,2023-11-16 23:00:00+00:00,2023-11-17T07:00:00+08:00,6.425000071525574,100.0
7412720,"South Triangle, Quezon City",,14.639479,121.032469,2023-11-17 01:00:00+00:00,2023-11-17T09:00:00+08:00,8.991666674613953,100.0
7412720,"South Triangle, Quezon City",,14.639479,121.032469,2023-11-17 02:00:00+00:00,2023-11-17T10:00:00+08:00,8.899999856948853,100.0
7412720,"South Triangle, Quezon City",,14.639479,121.032469,2023-11-17 03:00:00+00:00,2023-11-17T11:00:00+08:00,8.420833230018616,100.0
7412720,"South Triangle, Quezon City",,14.639479,121.032469,2023-11-17 04:00:00+00:00,2023-11-17T12:00:00+08:00,7.670833349227905,100.0
7412720,"South Triangle, Quezon City",,14.639479,121.032469,2023-11-17 05:00:00+00:00,2023-11-17T13:00:00+08:00,6.504166682561238,100.0
7412720,"South Triangle, Quezon City",,14.639479,121.032469,2023-11-17 07:00:00+00:00,2023-11-17T15:00:00+08:00,5.3958332141240435,100.0
7412720,"South Triangle, Quezon City",,14.639479,121.032469,2023-11-17 08:00:00+00:00,2023-11-17T16:00:00+08:00,5.566666682561238,100.0
7412720,"South Triangle, Quezon City",,14.639479,121.032469,2023-11-17 09:00:00+00:00,2023-11-17T17:00:00+08:00,4.791666626930237,100.0
7412720,"South Triangle, Quezon City",,14.639479,121.032469,2023-11-17 10:00:00+00:00,2023-11-17T18:00:00+08:00,3.687499980131785,100.0
7412720,"South Triangle, Quezon City",,14.639479,121.032469,2023-11-17 11:00:00+00:00,2023-11-17T19:00:00+08:00,4.909090865742076,100.0
7412720,"South Triangle, Quezon City",,14.639479,121.032469,2023-11-17 13:00:00+00:00,2023-11-17T21:00:00+08:00,26.03333330154419,100.0
7412720,"South Triangle, Quezon City",,14.639479,121.032469,2023-11-17 14:00:00+00:00,2023-11-17T22:00:00+08:00,33.74166679382324,100.0
7412720,"South Triangle, Quezon City",,14.639479,121.032469,2023-11-17 15:00:00+00:00,2023-11-17T23:00:00+08:00,26.420833428700764,100.0
7412720,"South Triangle, Quezon City",,14.639479,121.032469,2023-11-17 16:00:00+00:00,2023-11-18T00:00:00+08:00,23.99166663487752,100.0
7412720,"South Triangle, Quezon City",,14.639479,121.032469,2023-11-17 17:00:00+00:00,2023-11-18T01:00:00+08:00,23.199999968210857,100.0
7412720,"South Triangle, Quezon City",,14.639479,121.032469,2023-11-17 18:00:00+00:00,2023-11-18T02:00:00+08:00,16.645833094914753,100.0
7412720,"South Triangle, Quezon City",,14.639479,121.032469,2023-11-17 19:00:00+00:00,2023-11-18T03:00:00+08:00,12.358333508173624,100.0
7412720,"South Triangle, Quezon City",,14.639479,121.032469,2023-11-17 20:00:00+00:00,2023-11-18T04:00:00+08:00,9.27916661898295,100.0
7412720,"South Triangle, Quezon City",,14.639479,121.032469,2023-11-17 21:00:00+00:00,2023-11-18T05:00:00+08:00,9.44166668256124,100.0
7412720,"South Triangle, Quezon City",,14.639479,121.032469,2023-11-17 22:00:00+00:00,2023-11-18T06:00:00+08:00,11.34583314259847,100.0
7412720,"South Triangle, Quezon City",,14.639479,121.032469,2023-11-17 23:00:00+00:00,2023-11-18T07:00:00+08:00,13.52916661898295,100.0
7412720,"South Triangle, Quezon City",,14.639479,121.032469,2023-11-18 00:00:00+00:00,2023-11-18T08:00:00+08:00,16.670833190282185,100.0
7412720,"South Triangle, Quezon City",,14.639479,121.032469,2023-11-18 01:00:00+00:00,2023-11-18T09:00:00+08:00,17.304166793823242,100.0
7412720,"South Triangle, Quezon City",,14.639479,121.032469,2023-11-18 02:00:00+00:00,2023-11-18T10:00:00+08:00,17.295833428700764,100.0
7412720,"South Triangle, Quezon City",,14.639479,121.032469,2023-11-18 03:00:00+00:00,2023-11-18T11:00:00+08:00,17.454166650772095,100.0
7412720,"South Triangle, Quezon City",,14.639479,121.032469,2023-11-18 04:00:00+00:00,2023-11-18T12:00:00+08:00,15.112499952316284,100.0
7412720,"South Triangle, Quezon City",,14.639479,121.032469,2023-11-18 05:00:00+00:00,2023-11-18T13:00:00+08:00,36.93333339691162,100.0
7412720,"South Triangle, Quezon City",,14.639479,121.032469,2023-11-18 06:00:00+00:00,2023-11-18T14:00:00+08:00,12.862500031789144,100.0
7412720,"South Triangle, Quezon City",,14.639479,121.032469,2023-11-18 07:00:00+00:00,2023-11-18T15:00:00+08:00,8.595833420753479,100.0
7412720,"South Triangle, Quezon City",,14.639479,121.032469,2023-11-18 08:00:00+00:00,2023-11-18T16:00:00+08:00,7.683333317438762,100.0
7412720,"South Triangle, Quezon City",,14.639479,121.032469,2023-11-18 09:00:00+00:00,2023-11-18T17:00:00+08:00,6.933333357175191,100.0
7412720,"South Triangle, Quezon City",,14.639479,121.032469,2023-11-18 10:00:00+00:00,2023-11-18T18:00:00+08:00,6.479166706403096,100.0
7412720,"South Triangle, Quezon City",,14.639479,121.032469,2023-11-18 11:00:00+00:00,2023-11-18T19:00:00+08:00,8.366666595141092,100.0
7412720,"South Triangle, Quezon City",,14.639479,121.032469,2023-11-18 12:00:00+00:00,2023-11-18T20:00:00+08:00,13.616666634877523,100.0
7412720,"South Triangle, Quezon City",,14.639479,121.032469,2023-11-18 13:00:00+00:00,2023-11-18T21:00:00+08:00,15.97083330154419,100.0
7412720,"South Triangle, Quezon City",,14.639479,121.032469,2023-11-18 14:00:00+00:00,2023-11-18T22:00:00+08:00,18.554166793823242,100.0
7412720,"South Triangle, Quezon City",,14.639479,121.032469,2023-11-18 15:00:00+00:00,2023-11-18T23:00:00+08:00,15.02916661898295,100.0
7412720,"South Triangle, Quezon City",,14.639479,121.032469,2023-11-18 16:00:00+00:00,2023-11-19T00:00:00+08:00,10.212499936421713,100.0
7412720,"South Triangle, Quezon City",,14.639479,121.032469,2023-11-18 17:00:00+00:00,2023-11-19T01:00:00+08:00,7.316666642824809,100.0
7412720,"South Triangle, Quezon City",,14.639479,121.032469,2023-11-18 19:00:00+00:00,2023-11-19T03:00:00+08:00,5.041666626930237,100.0
7412720,"South Triangle, Quezon City",,14.639479,121.032469,2023-11-18 20:00:00+00:00,2023-11-19T04:00:00+08:00,4.81250003973643,100.0
7412720,"South Triangle, Quezon City",,14.639479,121.032469,2023-11-18 21:00:00+00:00,2023-11-19T05:00:00+08:00,3.7624999284744263,100.0
7412720,"South Triangle, Quezon City",,14.639479,121.032469,2023-11-18 22:00:00+00:00,2023-11-19T06:00:00+08:00,3.2166666785875955,100.0
7412720,"South Triangle, Quezon City",,14.639479,121.032469,2023-11-18 23:00:00+00:00,2023-11-19T07:00:00+08:00,3.6708332896232605,100.0
7412720,"South Triangle, Quezon City",,14.639479,121.032469,2023-11-19 00:00:00+00:00,2023-11-19T08:00:00+08:00,5.116666714350383,100.0
7412720,"South Triangle, Quezon City",,14.639479,121.032469,2023-11-19 01:00:00+00:00,2023-11-19T09:00:00+08:00,5.820833285649617,100.0
7412720,"South Triangle, Quezon City",,14.639479,121.032469,2023-11-19 03:00:00+00:00,2023-11-19T11:00:00+08:00,6.516666730244954,100.0
7412720,"South Triangle, Quezon City",,14.639479,121.032469,2023-11-19 04:00:00+00:00,2023-11-19T12:00:00+08:00,5.941666642824809,100.0
7412720,"South Triangle, Quezon City",,14.639479,121.032469,2023-11-19 05:00:00+00:00,2023-11-19T13:00:00+08:00,8.90416677792867,100.0
7412720,"South Triangle, Quezon City",,14.639479,121.032469,2023-11-19 06:00:00+00:00,2023-11-19T14:00:00+08:00,11.379166603088379,100.0
7412720,"South Triangle, Quezon City",,14.639479,121.032469,2023-11-19 07:00:00+00:00,2023-11-19T15:00:00+08:00,9.370833357175192,100.0
7412720,"South Triangle, Quezon City",,14.639479,121.032469,2023-11-19 08:00:00+00:00,2023-11-19T16:00:00+08:00,6.308333357175191,100.0
7412720,"South Triangle, Quezon City",,14.639479,121.032469,2023-11-19 09:00:00+00:00,2023-11-19T17:00:00+08:00,4.783333381017049,100.0
7412720,"South Triangle, Quezon City",,14.639479,121.032469,2023-11-19 10:00:00+00:00,2023-11-19T18:00:00+08:00,4.6833333770434065,100.0
7412720,"South Triangle, Quezon City",,14.639479,121.032469,2023-11-19 11:00:00+00:00,2023-11-19T19:00:00+08:00,6.287499984105428,100.0
7412720,"South Triangle, Quezon City",,14.639479,121.032469,2023-11-19 12:00:00+00:00,2023-11-19T20:00:00+08:00,11.233333508173624,100.0
7412720,"South Triangle, Quezon City",,14.639479,121.032469,2023-11-19 13:00:00+00:00,2023-11-19T21:00:00+08:00,11.908333539962769,100.0
7412720,"South Triangle, Quezon City",,14.639479,121.032469,2023-11-19 14:00:00+00:00,2023-11-19T22:00:00+08:00,12.575000047683716,100.0
7412720,"South Triangle, Quezon City",,14.639479,121.032469,2023-11-19 15:00:00+00:00,2023-11-19T23:00:00+08:00,12.383333126703898,100.0
7412720,"South Triangle, Quezon City",,14.639479,121.032469,2023-11-19 16:00:00+00:00,2023-11-20T00:00:00+08:00,11.90416661898295,100.0
7412720,"South Triangle, Quezon City",,14.639479,121.032469,2023-11-19 17:00:00+00:00,2023-11-20T01:00:00+08:00,13.854166666666666,100.0
7412720,"South Triangle, Quezon City",,14.639479,121.032469,2023-11-19 18:00:00+00:00,2023-11-20T02:00:00+08:00,12.52916669845581,100.0
7412720,"South Triangle, Quezon City",,14.639479,121.032469,2023-11-19 19:00:00+00:00,2023-11-20T03:00:00+08:00,13.970833460489908,100.0
7412720,"South Triangle, Quezon City",,14.639479,121.032469,2023-11-19 21:00:00+00:00,2023-11-20T05:00:00+08:00,18.229166666666668,100.0
7412720,"South Triangle, Quezon City",,14.639479,121.032469,2023-11-19 22:00:00+00:00,2023-11-20T06:00:00+08:00,19.387499809265137,100.0
7412720,"South Triangle, Quezon City",,14.639479,121.032469,2023-11-19 23:00:00+00:00,2023-11-20T07:00:00+08:00,19.78749990463257,100.0
7412720,"South Triangle, Quezon City",,14.639479,121.032469,2023-11-20 00:00:00+00:00,2023-11-20T08:00:00+08:00,20.666666666666668,100.0
7412720,"South Triangle, Quezon City",,14.639479,121.032469,2023-11-20 01:00:00+00:00,2023-11-20T09:00:00+08:00,19.90416669845581,100.0
7412720,"South Triangle, Quezon City",,14.639479,121.032469,2023-11-20 02:00:00+00:00,2023-11-20T10:00:00+08:00,19.929166475931805,100.0
7412720,"South Triangle, Quezon City",,14.639479,121.032469,2023-11-20 03:00:00+00:00,2023-11-20T11:00:00+08:00,18.7458332379659,100.0
7412720,"South Triangle, Quezon City",,14.639479,121.032469,2023-11-20 04:00:00+00:00,2023-11-20T12:00:00+08:00,15.33750025431315,100.0
7412720,"South Triangle, Quezon City",,14.639479,121.032469,2023-11-20 05:00:00+00:00,2023-11-20T13:00:00+08:00,12.56666668256124,100.0
7412720,"South Triangle, Quezon City",,14.639479,121.032469,2023-11-20 06:00:00+00:00,2023-11-20T14:00:00+08:00,10.84166669845581,100.0
7412720,"South Triangle, Quezon City",,14.639479,121.032469,2023-11-20 07:00:00+00:00,2023-11-20T15:00:00+08:00,9.041666825612387,100.0
7412720,"South Triangle, Quezon City",,14.639479,121.032469,2023-11-20 08:00:00+00:00,2023-11-20T16:00:00+08:00,8.24999992052714,100.0
7412720,"South Triangle, Quezon City",,14.639479,121.032469,2023-11-20 09:00:00+00:00,2023-11-20T17:00:00+08:00,7.404166618982951,100.0
7412720,"South Triangle, Quezon City",,14.639479,121.032469,2023-11-20 10:00:00+00:00,2023-11-20T18:00:00+08:00,6.924999992052714,100.0
7412720,"South Triangle, Quezon City",,14.639479,121.032469,2023-11-20 11:00:00+00:00,2023-11-20T19:00:00+08:00,6.870833396911621,100.0
7412720,"South Triangle, Quezon City",,14.639479,121.032469,2023-11-20 12:00:00+00:00,2023-11-20T20:00:00+08:00,7.620833317438762,100.0
7412720,"South Triangle, Quezon City",,14.639479,121.032469,2023-11-20 13:00:00+00:00,2023-11-20T21:00:00+08:00,9.195833404858908,100.0
7412720,"South Triangle, Quezon City",,14.639479,121.032469,2023-11-20 14:00:00+00:00,2023-11-20T22:00:00+08:00,10.329166571299234,100.0
7412720,"South Triangle, Quezon City",,14.639479,121.032469,2023-11-20 15:00:00+00:00,2023-11-20T23:00:00+08:00,18.045833269755047,100.0
7412720,"South Triangle, Quezon City",,14.639479,121.032469,2023-11-20 16:00:00+00:00,2023-11-21T00:00:00+08:00,26.31250015894572,100.0
7412720,"South Triangle, Quezon City",,14.639479,121.032469,2023-11-20 17:00:00+00:00,2023-11-21T01:00:00+08:00,21.62499984105428,100.0
7412720,"South Triangle, Quezon City",,14.639479,121.032469,2023-11-20 18:00:00+00:00,2023-11-21T02:00:00+08:00,17.62916644414266,100.0
7412720,"South Triangle, Quezon City",,14.639479,121.032469,2023-11-20 19:00:00+00:00,2023-11-21T03:00:00+08:00,13.804166714350382,100.0
7412720,"South Triangle, Quezon City",,14.639479,121.032469,2023-11-20 20:00:00+00:00,2023-11-21T04:00:00+08:00,12.024999936421713,100.0
7412720,"South Triangle, Quezon City",,14.639479,121.032469,2023-11-20 21:00:00+00:00,2023-11-21T05:00:00+08:00,10.537500143051147,100.0
7412720,"South Triangle, Quezon City",,14.639479,121.032469,2023-11-20 22:00:00+00:00,2023-11-21T06:00:00+08:00,13.43750007947286,100.0
7412720,"South Triangle, Quezon City",,14.639479,121.032469,2023-11-20 23:00:00+00:00,2023-11-21T07:00:00+08:00,15.370833396911621,100.0
7412720,"South Triangle, Quezon City",,14.639479,121.032469,2023-11-21 00:00:00+00:00,2023-11-21T08:00:00+08:00,16.6333331267039,100.0
7412720,"South Triangle, Quezon City",,14.639479,121.032469,2023-11-21 01:00:00+00:00,2023-11-21T09:00:00+08:00,17.63333336512248,100.0
7412720,"South Triangle, Quezon City",,14.639479,121.032469,2023-11-21 02:00:00+00:00,2023-11-21T10:00:00+08:00,17.604166507720947,100.0
7412720,"South Triangle, Quezon City",,14.639479,121.032469,2023-11-21 03:00:00+00:00,2023-11-21T11:00:00+08:00,17.479166348775227,100.0
7412720,"South Triangle, Quezon City",,14.639479,121.032469,2023-11-21 04:00:00+00:00,2023-11-21T12:00:00+08:00,17.416666666666668,100.0
7412720,"South Triangle, Quezon City",,14.639479,121.032469,2023-11-21 05:00:00+00:00,2023-11-21T13:00:00+08:00,14.69166668256124,100.0
7412720,"South Triangle, Quezon City",,14.639479,121.032469,2023-11-21 06:00:00+00:00,2023-11-21T14:00:00+08:00,10.695833206176758,100.0
7412720,"South Triangle, Quezon City",,14.639479,121.032469,2023-11-21 07:00:00+00:00,2023-11-21T15:00:00+08:00,10.27916669845581,100.0
7412720,"South Triangle, Quezon City",,14.639479,121.032469,2023-11-21 08:00:00+00:00,2023-11-21T16:00:00+08:00,7.208333333333333,100.0
7412720,"South Triangle, Quezon City",,14.639479,121.032469,2023-11-21 09:00:00+00:00,2023-11-21T17:00:00+08:00,6.4666666984558105,100.0
7412720,"South Triangle, Quezon City",,14.639479,121.032469,2023-11-21 10:00:00+00:00,2023-11-21T18:00:00+08:00,6.96666677792867,100.0
7412720,"South Triangle, Quezon City",,14.639479,121.032469,2023-11-21 11:00:00+00:00,2023-11-21T19:00:00+08:00,7.383333285649617,100.0
7412720,"South Triangle, Quezon City",,14.639479,121.032469,2023-11-21 12:00:00+00:00,2023-11-21T20:00:00+08:00,7.662500063578288,100.0
7412720,"South Triangle, Quezon City",,14.639479,121.032469,2023-11-21 13:00:00+00:00,2023-11-21T21:00:00+08:00,8.56636913617452,100.0
7412720,"South Triangle, Quezon City",,14.639479,121.032469,2023-11-21 14:00:00+00:00,2023-11-21T22:00:00+08:00,8.571428537368774,100.0
7412720,"South Triangle, Quezon City",,14.639479,121.032469,2023-11-21 16:00:00+00:00,2023-11-22T00:00:00+08:00,15.678571462631226,100.0
7412720,"South Triangle, Quezon City",,14.639479,121.032469,2023-11-21 17:00:00+00:00,2023-11-22T01:00:00+08:00,15.368055502573648,100.0
7412720,"South Triangle, Quezon City",,14.639479,121.032469,2023-11-21 18:00:00+00:00,2023-11-22T02:00:00+08:00,16.719047784805298,100.0
7412720,"South Triangle, Quezon City",,14.639479,121.032469,2023-11-21 19:00:00+00:00,2023-11-22T03:00:00+08:00,20.220833619435627,100.0
7412720,"South Triangle, Quezon City",,14.639479,121.032469,2023-11-21 20:00:00+00:00,2023-11-22T04:00:00+08:00,20.272618929545086,100.0
7412720,"South Triangle, Quezon City",,14.639479,121.032469,2023-11-21 21:00:00+00:00,2023-11-22T05:00:00+08:00,19.639087359110516,100.0
7412720,"South Triangle, Quezon City",,14.639479,121.032469,2023-11-21 22:00:00+00:00,2023-11-22T06:00:00+08:00,19.28095245361328,100.0
7412720,"South Triangle, Quezon City",,14.639479,121.032469,2023-11-21 23:00:00+00:00,2023-11-22T07:00:00+08:00,22.484722296396892,100.0
7412720,"South Triangle, Quezon City",,14.639479,121.032469,2023-11-22 00:00:00+00:00,2023-11-22T08:00:00+08:00,24.272618929545086,100.0
7412720,"South Triangle, Quezon City",,14.639479,121.032469,2023-11-22 01:00:00+00:00,2023-11-22T09:00:00+08:00,38.69503943125407,100.0
7412720,"South Triangle, Quezon City",,14.639479,121.032469,2023-11-22 02:00:00+00:00,2023-11-22T10:00:00+08:00,35.22880999247233,100.0
7412720,"South Triangle, Quezon City",,14.639479,121.032469,2023-11-22 03:00:00+00:00,2023-11-22T11:00:00+08:00,29.87738100687663,100.0
7412720,"South Triangle, Quezon City",,14.639479,121.032469,2023-11-22 04:00:00+00:00,2023-11-22T12:00:00+08:00,30.060912609100342,100.0
7412720,"South Triangle, Quezon City",,14.639479,121.032469,2023-11-22 05:00:00+00:00,2023-11-22T13:00:00+08:00,32.95118967692057,100.0
7412720,"South Triangle, Quezon City",,14.639479,121.032469,2023-11-22 06:00:00+00:00,2023-11-22T14:00:00+08:00,32.09999990463257,100.0
7412720,"South Triangle, Quezon City",,14.639479,121.032469,2023-11-22 07:00:00+00:00,2023-11-22T15:00:00+08:00,32.791666666666664,100.0
7412720,"South Triangle, Quezon City",,14.639479,121.032469,2023-11-22 08:00:00+00:00,2023-11-22T16:00:00+08:00,32.22142839431763,100.0
7412720,"South Triangle, Quezon City",,14.639479,121.032469,2023-11-22 09:00:00+00:00,2023-11-22T17:00:00+08:00,29.34166669845581,100.0
7412720,"South Triangle, Quezon City",,14.639479,121.032469,2023-11-22 10:00:00+00:00,2023-11-22T18:00:00+08:00,26.545237859090168,100.0
7412720,"South Triangle, Quezon City",,14.639479,121.032469,2023-11-22 11:00:00+00:00,2023-11-22T19:00:00+08:00,23.90595229466756,100.0
7412720,"South Triangle, Quezon City",,14.639479,121.032469,2023-11-22 12:00:00+00:00,2023-11-22T20:00:00+08:00,18.47857157389323,100.0
7412720,"South Triangle, Quezon City",,14.639479,121.032469,2023-11-22 13:00:00+00:00,2023-11-22T21:00:00+08:00,14.976190487543741,100.0
7412720,"South Triangle, Quezon City",,14.639479,121.032469,2023-11-22 14:00:00+00:00,2023-11-22T22:00:00+08:00,13.354761838912964,100.0
7412720,"South Triangle, Quezon City",,14.639479,121.032469,2023-11-22 15:00:00+00:00,2023-11-22T23:00:00+08:00,11.82619039217631,100.0
7412720,"South Triangle, Quezon City",,14.639479,121.032469,2023-11-22 16:00:00+00:00,2023-11-23T00:00:00+08:00,10.005357185999552,100.0
7412720,"South Triangle, Quezon City",,14.639479,121.032469,2023-11-22 17:00:00+00:00,2023-11-23T01:00:00+08:00,12.523809591929117,100.0
7412720,"South Triangle, Quezon City",,14.639479,121.032469,2023-11-22 19:00:00+00:00,2023-11-23T03:00:00+08:00,20.327380816141766,100.0
7412720,"South Triangle, Quezon City",,14.639479,121.032469,2023-11-22 20:00:00+00:00,2023-11-23T04:00:00+08:00,24.102380911509197,100.0
7412720,"South Triangle, Quezon City",,14.639479,121.032469,2023-11-22 21:00:00+00:00,2023-11-23T05:00:00+08:00,29.137698491414387,100.0
7412720,"South Triangle, Quezon City",,14.639479,121.032469,2023-11-22 22:00:00+00:00,2023-11-23T06:00:00+08:00,30.92976188659668,100.0
7412720,"South Triangle, Quezon City",,14.639479,121.032469,2023-11-22 23:00:00+00:00,2023-11-23T07:00:00+08:00,37.37738068898519,100.0
7412720,"South Triangle, Quezon City",,14.639479,121.032469,2023-11-23 00:00:00+00:00,2023-11-23T08:00:00+08:00,37.26666673024496,100.0
7412720,"South Triangle, Quezon City",,14.639479,121.032469,2023-11-23 01:00:00+00:00,2023-11-23T09:00:00+08:00,35.7077382405599,100.0
7412720,"South Triangle, Quezon City",,14.639479,121.032469,2023-11-23 02:00:00+00:00,2023-11-23T10:00:00+08:00,33.833333333333336,100.0
7412720,"South Triangle, Quezon City",,14.639479,121.032469,2023-11-23 03:00:00+00:00,2023-11-23T11:00:00+08:00,30.879365126291912,100.0
7412720,"South Triangle, Quezon City",,14.639479,121.032469,2023-11-23 04:00:00+00:00,2023-11-23T12:00:00+08:00,27.913690249125164,100.0
7412720,"South Triangle, Quezon City",,14.639479,121.032469,2023-11-23 05:00:00+00:00,2023-11-23T13:00:00+08:00,29.07619031270345,100.0
7412720,"South Triangle, Quezon City",,14.639479,121.032469,2023-11-23 06:00:00+00:00,2023-11-23T14:00:00+08:00,29.901190439860027,100.0
7412720,"South Triangle, Quezon City",,14.639479,121.032469,2023-11-23 07:00:00+00:00,2023-11-23T15:00:00+08:00,25.942857265472412,100.0
7412720,"South Triangle, Quezon City",,14.639479,121.032469,2023-11-23 08:00:00+00:00,2023-11-23T16:00:00+08:00,19.94186496734619,100.0
7412720,"South Triangle, Quezon City",,14.639479,121.032469,2023-11-23 10:00:00+00:00,2023-11-23T18:00:00+08:00,14.481349070866903,100.0
7412720,"South Triangle, Quezon City",,14.639479,121.032469,2023-11-23 11:00:00+00:00,2023-11-23T19:00:00+08:00,13.502381006876627,100.0
7412720,"South Triangle, Quezon City",,14.639479,121.032469,2023-11-23 12:00:00+00:00,2023-11-23T20:00:00+08:00,13.731547753016153,100.0
7412720,"South Triangle, Quezon City",,14.639479,121.032469,2023-11-23 13:00:00+00:00,2023-11-23T21:00:00+08:00,14.129563490549723,100.0
7412720,"South Triangle, Quezon City",,14.639479,121.032469,2023-11-23 14:00:00+00:00,2023-11-23T22:00:00+08:00,13.632142861684164,100.0
7412720,"South Triangle, Quezon City",,14.639479,121.032469,2023-11-23 15:00:00+00:00,2023-11-23T23:00:00+08:00,11.28333322207133,100.0
7412720,"South Triangle, Quezon City",,14.639479,121.032469,2023-11-23 16:00:00+00:00,2023-11-24T00:00:00+08:00,9.349999984105429,100.0
7412720,"South Triangle, Quezon City",,14.639479,121.032469,2023-11-23 17:00:00+00:00,2023-11-24T01:00:00+08:00,8.31428575515747,100.0
7412720,"South Triangle, Quezon City",,14.639479,121.032469,2023-11-23 18:00:00+00:00,2023-11-24T02:00:00+08:00,7.0219047864278155,100.0
7412720,"South Triangle, Quezon City",,14.639479,121.032469,2023-11-23 19:00:00+00:00,2023-11-24T03:00:00+08:00,5.391666650772095,100.0
7412720,"South Triangle, Quezon City",,14.639479,121.032469,2023-11-23 20:00:00+00:00,2023-11-24T04:00:00+08:00,4.445039689540863,100.0
7412720,"South Triangle, Quezon City",,14.639479,121.032469,2023-11-23 21:00:00+00:00,2023-11-24T05:00:00+08:00,3.371428589026133,100.0
7412720,"South Triangle, Quezon City",,14.639479,121.032469,2023-11-23 22:00:00+00:00,2023-11-24T06:00:00+08:00,3.0214286049207053,100.0
7412720,"South Triangle, Quezon City",,14.639479,121.032469,2023-11-23 23:00:00+00:00,2023-11-24T07:00:00+08:00,3.598809520403544,100.0
7412720,"South Triangle, Quezon City",,14.639479,121.032469,2023-11-24 00:00:00+00:00,2023-11-24T08:00:00+08:00,12.039880951245626,100.0
7412720,"South Triangle, Quezon City",,14.639479,121.032469,2023-11-24 01:00:00+00:00,2023-11-24T09:00:00+08:00,17.754761854807537,100.0
7412720,"South Triangle, Quezon City",,14.639479,121.032469,2023-11-24 02:00:00+00:00,2023-11-24T10:00:00+08:00,17.6865078608195,100.0
7412720,"South Triangle, Quezon City",,14.639479,121.032469,2023-11-24 03:00:00+00:00,2023-11-24T11:00:00+08:00,16.5785714785258,100.0
7412720,"South Triangle, Quezon City",,14.639479,121.032469,2023-11-24 04:00:00+00:00,2023-11-24T12:00:00+08:00,13.645833253860474,100.0
7412720,"South Triangle, Quezon City",,14.639479,121.032469,2023-11-24 05:00:00+00:00,2023-11-24T13:00:00+08:00,10.346428553263346,100.0
7412720,"South Triangle, Quezon City",,14.639479,121.032469,2023-11-24 06:00:00+00:00,2023-11-24T14:00:00+08:00,8.980158726374308,100.0
7412720,"South Triangle, Quezon City",,14.639479,121.032469,2023-11-24 07:00:00+00:00,2023-11-24T15:00:00+08:00,8.497619072596232,100.0
7412720,"South Triangle, Quezon City",,14.639479,121.032469,2023-11-24 08:00:00+00:00,2023-11-24T16:00:00+08:00,9.152182737986246,100.0
7412720,"South Triangle, Quezon City",,14.639479,121.032469,2023-11-24 09:00:00+00:00,2023-11-24T17:00:00+08:00,9.285714387893677,100.0
7412720,"South Triangle, Quezon City",,14.639479,121.032469,2023-11-24 10:00:00+00:00,2023-11-24T18:00:00+08:00,9.476785818735758,100.0
7412720,"South Triangle, Quezon City",,14.639479,121.032469,2023-11-24 11:00:00+00:00,2023-11-24T19:00:00+08:00,10.516666650772095,100.0
7412720,"South Triangle, Quezon City",,14.639479,121.032469,2023-11-24 12:00:00+00:00,2023-11-24T20:00:00+08:00,15.296627203623453,100.0
7412720,"South Triangle, Quezon City",,14.639479,121.032469,2023-11-24 13:00:00+00:00,2023-11-24T21:00:00+08:00,23.17976188659668,100.0
7412720,"South Triangle, Quezon City",,14.639479,121.032469,2023-11-24 14:00:00+00:00,2023-11-24T22:00:00+08:00,19.985714276631672,100.0
7412720,"South Triangle, Quezon City",,14.639479,121.032469,2023-11-24 15:00:00+00:00,2023-11-24T23:00:00+08:00,12.863839149475098,100.0
7412720,"South Triangle, Quezon City",,14.639479,121.032469,2023-11-24 17:00:00+00:00,2023-11-25T01:00:00+08:00,5.511904795964559,100.0
7412720,"South Triangle, Quezon City",,14.639479,121.032469,2023-11-24 18:00:00+00:00,2023-11-25T02:00:00+08:00,3.7839285135269165,100.0
7412720,"South Triangle, Quezon City",,14.639479,121.032469,2023-11-24 19:00:00+00:00,2023-11-25T03:00:00+08:00,2.9809524019559226,100.0
7412720,"South Triangle, Quezon City",,14.639479,121.032469,2023-11-24 20:00:00+00:00,2023-11-25T04:00:00+08:00,2.3833333055178323,100.0
7412720,"South Triangle, Quezon City",,14.639479,121.032469,2023-11-24 22:00:00+00:00,2023-11-25T06:00:00+08:00,1.98373015721639,100.0
7412720,"South Triangle, Quezon City",,14.639479,121.032469,2023-11-24 23:00:00+00:00,2023-11-25T07:00:00+08:00,2.4142857094605765,100.0
7412720,"South Triangle, Quezon City",,14.639479,121.032469,2023-11-25 00:00:00+00:00,2023-11-25T08:00:00+08:00,4.042261878649394,100.0
7412720,"South Triangle, Quezon City",,14.639479,121.032469,2023-11-25 02:00:00+00:00,2023-11-25T10:00:00+08:00,10.670833428700766,100.0
7412720,"South Triangle, Quezon City",,14.639479,121.032469,2023-11-25 03:00:00+00:00,2023-11-25T11:00:00+08:00,10.768650690714518,100.0
7412720,"South Triangle, Quezon City",,14.639479,121.032469,2023-11-25 04:00:00+00:00,2023-11-25T12:00:00+08:00,10.408333460489908,100.0
7412720,"South Triangle, Quezon City",,14.639479,121.032469,2023-11-25 05:00:00+00:00,2023-11-25T13:00:00+08:00,10.429960489273071,100.0
7412720,"South Triangle, Quezon City",,14.639479,121.032469,2023-11-25 06:00:00+00:00,2023-11-25T14:00:00+08:00,11.115476290384928,100.0
7412720,"South Triangle, Quezon City",,14.639479,121.032469,2023-11-25 07:00:00+00:00,2023-11-25T15:00:00+08:00,10.76369039217631,100.0
7412720,"South Triangle, Quezon City",,14.639479,121.032469,2023-11-25 08:00:00+00:00,2023-11-25T16:00:00+08:00,11.08809502919515,100.0
7412720,"South Triangle, Quezon City",,14.639479,121.032469,2023-11-25 09:00:00+00:00,2023-11-25T17:00:00+08:00,12.020238081614176,100.0
7412720,"South Triangle, Quezon City",,14.639479,121.032469,2023-11-25 10:00:00+00:00,2023-11-25T18:00:00+08:00,11.319047609965006,100.0
7412720,"South Triangle, Quezon City",,14.639479,121.032469,2023-11-25 11:00:00+00:00,2023-11-25T19:00:00+08:00,20.17976212501526,100.0
7412720,"South Triangle, Quezon City",,14.639479,121.032469,2023-11-25 12:00:00+00:00,2023-11-25T20:00:00+08:00,34.54404751459757,100.0
7412720,"South Triangle, Quezon City",,14.639479,121.032469,2023-11-25 13:00:00+00:00,2023-11-25T21:00:00+08:00,23.50277805328369,100.0
7412720,"South Triangle, Quezon City",,14.639479,121.032469,2023-11-25 14:00:00+00:00,2023-11-25T22:00:00+08:00,17.914087295532227,100.0
7412720,"South Triangle, Quezon City",,14.639479,121.032469,2023-11-25 15:00:00+00:00,2023-11-25T23:00:00+08:00,15.521428426106771,100.0
7412720,"South Triangle, Quezon City",,14.639479,121.032469,2023-11-25 16:00:00+00:00,2023-11-26T00:00:00+08:00,14.055357138315836,100.0
7412720,"South Triangle, Quezon City",,14.639479,121.032469,2023-11-25 17:00:00+00:00,2023-11-26T01:00:00+08:00,12.66785709063212,100.0
7412720,"South Triangle, Quezon City",,14.639479,121.032469,2023-11-25 18:00:00+00:00,2023-11-26T02:00:00+08:00,11.10714284578959,100.0
7412720,"South Triangle, Quezon City",,14.639479,121.032469,2023-11-25 19:00:00+00:00,2023-11-26T03:00:00+08:00,8.778571446736654,100.0
7412720,"South Triangle, Quezon City",,14.639479,121.032469,2023-11-25 20:00:00+00:00,2023-11-26T04:00:00+08:00,7.411507884661357,100.0
7412720,"South Triangle, Quezon City",,14.639479,121.032469,2023-11-25 21:00:00+00:00,2023-11-26T05:00:00+08:00,6.729761918385823,100.0
7412720,"South Triangle, Quezon City",,14.639479,121.032469,2023-11-25 22:00:00+00:00,2023-11-26T06:00:00+08:00,6.321428537368774,100.0
7412720,"South Triangle, Quezon City",,14.639479,121.032469,2023-11-25 23:00:00+00:00,2023-11-26T07:00:00+08:00,7.450793623924255,100.0
7412720,"South Triangle, Quezon City",,14.639479,121.032469,2023-11-26 01:00:00+00:00,2023-11-26T09:00:00+08:00,24.339285532633465,100.0
7412720,"South Triangle, Quezon City",,14.639479,121.032469,2023-11-26 02:00:00+00:00,2023-11-26T10:00:00+08:00,24.629999923706055,100.0
7412720,"South Triangle, Quezon City",,14.639479,121.032469,2023-11-26 03:00:00+00:00,2023-11-26T11:00:00+08:00,19.64126968383789,100.0
7412720,"South Triangle, Quezon City",,14.639479,121.032469,2023-11-26 04:00:00+00:00,2023-11-26T12:00:00+08:00,24.930952707926433,100.0
7412720,"South Triangle, Quezon City",,14.639479,121.032469,2023-11-26 05:00:00+00:00,2023-11-26T13:00:00+08:00,23.68571408589681,100.0
7412720,"South Triangle, Quezon City",,14.639479,121.032469,2023-11-26 06:00:00+00:00,2023-11-26T14:00:00+08:00,20.807936509450276,100.0
7412720,"South Triangle, Quezon City",,14.639479,121.032469,2023-11-26 07:00:00+00:00,2023-11-26T15:00:00+08:00,18.741666952768963,100.0
7412720,"South Triangle, Quezon City",,14.639479,121.032469,2023-11-26 08:00:00+00:00,2023-11-26T16:00:00+08:00,16.513095140457153,100.0
7412720,"South Triangle, Quezon City",,14.639479,121.032469,2023-11-26 09:00:00+00:00,2023-11-26T17:00:00+08:00,14.938095172246298,100.0
7412720,"South Triangle, Quezon City",,14.639479,121.032469,2023-11-26 10:00:00+00:00,2023-11-26T18:00:00+08:00,13.536706368128458,100.0
7412720,"South Triangle, Quezon City",,14.639479,121.032469,2023-11-26 11:00:00+00:00,2023-11-26T19:00:00+08:00,13.272619088490805,100.0
7412720,"South Triangle, Quezon City",,14.639479,121.032469,2023-11-26 12:00:00+00:00,2023-11-26T20:00:00+08:00,15.41349196434021,100.0
7412720,"South Triangle, Quezon City",,14.639479,121.032469,2023-11-26 13:00:00+00:00,2023-11-26T21:00:00+08:00,18.777381261189777,100.0
7412720,"South Triangle, Quezon City",,14.639479,121.032469,2023-11-26 14:00:00+00:00,2023-11-26T22:00:00+08:00,15.315476179122925,100.0
7412720,"South Triangle, Quezon City",,14.639479,121.032469,2023-11-26 15:00:00+00:00,2023-11-26T23:00:00+08:00,17.798015832901,100.0
7412720,"South Triangle, Quezon City",,14.639479,121.032469,2023-11-26 16:00:00+00:00,2023-11-27T00:00:00+08:00,16.46468249956767,100.0
7412720,"South Triangle, Quezon City",,14.639479,121.032469,2023-11-26 17:00:00+00:00,2023-11-27T01:00:00+08:00,12.63690479596456,100.0
7412720,"South Triangle, Quezon City",,14.639479,121.032469,2023-11-26 18:00:00+00:00,2023-11-27T02:00:00+08:00,11.332936525344849,100.0
7412720,"South Triangle, Quezon City",,14.639479,121.032469,2023-11-26 19:00:00+00:00,2023-11-27T03:00:00+08:00,11.891666650772095,100.0
7412720,"South Triangle, Quezon City",,14.639479,121.032469,2023-11-26 20:00:00+00:00,2023-11-27T04:00:00+08:00,12.29702385266622,100.0
7412720,"South Triangle, Quezon City",,14.639479,121.032469,2023-11-26 21:00:00+00:00,2023-11-27T05:00:00+08:00,12.077380895614624,100.0
7412720,"South Triangle, Quezon City",,14.639479,121.032469,2023-11-26 22:00:00+00:00,2023-11-27T06:00:00+08:00,11.895753860473633,100.0
7412720,"South Triangle, Quezon City",,14.639479,121.032469,2023-11-26 23:00:00+00:00,2023-11-27T07:00:00+08:00,13.0392857392629,100.0
7412720,"South Triangle, Quezon City",,14.639479,121.032469,2023-11-27 00:00:00+00:00,2023-11-27T08:00:00+08:00,14.574999968210856,100.0
7412720,"South Triangle, Quezon City",,14.639479,121.032469,2023-11-27 01:00:00+00:00,2023-11-27T09:00:00+08:00,15.058333396911621,100.0
7412720,"South Triangle, Quezon City",,14.639479,121.032469,2023-11-27 02:00:00+00:00,2023-11-27T10:00:00+08:00,13.492658853530884,100.0
7412720,"South Triangle, Quezon City",,14.639479,121.032469,2023-11-27 03:00:00+00:00,2023-11-27T11:00:00+08:00,12.066666762034098,100.0
7412720,"South Triangle, Quezon City",,14.639479,121.032469,2023-11-27 04:00:00+00:00,2023-11-27T12:00:00+08:00,10.4767857392629,100.0
7412720,"South Triangle, Quezon City",,14.639479,121.032469,2023-11-27 05:00:00+00:00,2023-11-27T13:00:00+08:00,9.169047594070435,100.0
7412720,"South Triangle, Quezon City",,14.639479,121.032469,2023-11-27 06:00:00+00:00,2023-11-27T14:00:00+08:00,8.205754081408182,100.0
7412720,"South Triangle, Quezon City",,14.639479,121.032469,2023-11-27 07:00:00+00:00,2023-11-27T15:00:00+08:00,8.78095249334971,100.0
7412720,"South Triangle, Quezon City",,14.639479,121.032469,2023-11-27 08:00:00+00:00,2023-11-27T16:00:00+08:00,8.808333357175192,100.0
7412720,"South Triangle, Quezon City",,14.639479,121.032469,2023-11-27 09:00:00+00:00,2023-11-27T17:00:00+08:00,5.802380959192912,100.0
7412720,"South Triangle, Quezon City",,14.639479,121.032469,2023-11-27 10:00:00+00:00,2023-11-27T18:00:00+08:00,5.547420620918274,100.0
7412720,"South Triangle, Quezon City",,14.639479,121.032469,2023-11-27 11:00:00+00:00,2023-11-27T19:00:00+08:00,5.863095243771871,100.0
7412720,"South Triangle, Quezon City",,14.639479,121.032469,2023-11-27 12:00:00+00:00,2023-11-27T20:00:00+08:00,5.857539614041646,100.0
7412720,"South Triangle, Quezon City",,14.639479,121.032469,2023-11-27 13:00:00+00:00,2023-11-27T21:00:00+08:00,6.334920605023702,100.0
7412720,"South Triangle, Quezon City",,14.639479,121.032469,2023-11-27 14:00:00+00:00,2023-11-27T22:00:00+08:00,7.707539796829224,100.0
7412720,"South Triangle, Quezon City",,14.639479,121.032469,2023-11-27 15:00:00+00:00,2023-11-27T23:00:00+08:00,8.639285802841187,100.0
7412720,"South Triangle, Quezon City",,14.639479,121.032469,2023-11-27 16:00:00+00:00,2023-11-28T00:00:00+08:00,7.461904764175415,100.0
7412720,"South Triangle, Quezon City",,14.639479,121.032469,2023-11-27 17:00:00+00:00,2023-11-28T01:00:00+08:00,9.394841273625692,100.0
7412720,"South Triangle, Quezon City",,14.639479,121.032469,2023-11-27 18:00:00+00:00,2023-11-28T02:00:00+08:00,8.623809496561686,100.0
7412720,"South Triangle, Quezon City",,14.639479,121.032469,2023-11-27 19:00:00+00:00,2023-11-28T03:00:00+08:00,9.478769858678183,100.0
7412720,"South Triangle, Quezon City",,14.639479,121.032469,2023-11-27 20:00:00+00:00,2023-11-28T04:00:00+08:00,10.669047594070435,100.0
7412720,"South Triangle, Quezon City",,14.639479,121.032469,2023-11-27 22:00:00+00:00,2023-11-28T06:00:00+08:00,10.30833331743876,100.0
7412720,"South Triangle, Quezon City",,14.639479,121.032469,2023-11-27 23:00:00+00:00,2023-11-28T07:00:00+08:00,11.399206320444742,100.0
7412720,"South Triangle, Quezon City",,14.639479,121.032469,2023-11-28 00:00:00+00:00,2023-11-28T08:00:00+08:00,11.577380975087484,100.0
7412720,"South Triangle, Quezon City",,14.639479,121.032469,2023-11-28 01:00:00+00:00,2023-11-28T09:00:00+08:00,17.39067467053731,100.0
7412720,"South Triangle, Quezon City",,14.639479,121.032469,2023-11-28 02:00:00+00:00,2023-11-28T10:00:00+08:00,24.5238094329834,100.0
7412720,"South Triangle, Quezon City",,14.639479,121.032469,2023-11-28 03:00:00+00:00,2023-11-28T11:00:00+08:00,26.301785786946613,100.0
7412720,"South Triangle, Quezon City",,14.639479,121.032469,2023-11-28 04:00:00+00:00,2023-11-28T12:00:00+08:00,25.84900776545207,100.0
7412720,"South Triangle, Quezon City",,14.639479,121.032469,2023-11-28 05:00:00+00:00,2023-11-28T13:00:00+08:00,21.09523804982503,100.0
7412720,"South Triangle, Quezon City",,14.639479,121.032469,2023-11-28 07:00:00+00:00,2023-11-28T15:00:00+08:00,12.246428569157919,100.0
7412720,"South Triangle, Quezon City",,14.639479,121.032469,2023-11-28 08:00:00+00:00,2023-11-28T16:00:00+08:00,9.496428569157919,100.0
7412720,"South Triangle, Quezon City",,14.639479,121.032469,2023-11-28 09:00:00+00:00,2023-11-28T17:00:00+08:00,7.704761862754822,100.0
7412720,"South Triangle, Quezon City",,14.639479,121.032469,2023-11-28 10:00:00+00:00,2023-11-28T18:00:00+08:00,6.929166674613953,100.0
7412720,"South Triangle, Quezon City",,14.639479,121.032469,2023-11-28 11:00:00+00:00,2023-11-28T19:00:00+08:00,6.522618969281514,100.0
7412720,"South Triangle, Quezon City",,14.639479,121.032469,2023-11-28 12:00:00+00:00,2023-11-28T20:00:00+08:00,5.64980153242747,100.0
7412720,"South Triangle, Quezon City",,14.639479,121.032469,2023-11-28 13:00:00+00:00,2023-11-28T21:00:00+08:00,6.849206368128459,100.0
7412720,"South Triangle, Quezon City",,14.639479,121.032469,2023-11-28 14:00:00+00:00,2023-11-28T22:00:00+08:00,8.543849229812622,100.0
7412720,"South Triangle, Quezon City",,14.639479,121.032469,2023-11-28 15:00:00+00:00,2023-11-28T23:00:00+08:00,9.60952377319336,100.0
7412720,"South Triangle, Quezon City",,14.639479,121.032469,2023-11-28 16:00:00+00:00,2023-11-29T00:00:00+08:00,9.968254089355469,100.0
7412720,"South Triangle, Quezon City",,14.639479,121.032469,2023-11-28 17:00:00+00:00,2023-11-29T01:00:00+08:00,9.71746031443278,100.0
7412720,"South Triangle, Quezon City",,14.639479,121.032469,2023-11-28 18:00:00+00:00,2023-11-29T02:00:00+08:00,10.210714419682821,100.0
7412720,"South Triangle, Quezon City",,14.639479,121.032469,2023-11-28 19:00:00+00:00,2023-11-29T03:00:00+08:00,10.882936557133993,100.0
7412720,"South Triangle, Quezon City",,14.639479,121.032469,2023-11-28 20:00:00+00:00,2023-11-29T04:00:00+08:00,9.982142925262451,100.0
7412720,"South Triangle, Quezon City",,14.639479,121.032469,2023-11-28 21:00:00+00:00,2023-11-29T05:00:00+08:00,8.871230244636536,100.0
7412720,"South Triangle, Quezon City",,14.639479,121.032469,2023-11-28 22:00:00+00:00,2023-11-29T06:00:00+08:00,7.022619009017944,100.0
7412720,"South Triangle, Quezon City",,14.639479,121.032469,2023-11-29 00:00:00+00:00,2023-11-29T08:00:00+08:00,5.799999992052714,100.0
7412720,"South Triangle, Quezon City",,14.639479,121.032469,2023-11-29 01:00:00+00:00,2023-11-29T09:00:00+08:00,7.896428505579631,100.0
7412720,"South Triangle, Quezon City",,14.639479,121.032469,2023-11-29 02:00:00+00:00,2023-11-29T10:00:00+08:00,9.934523741404215,100.0
7412720,"South Triangle, Quezon City",,14.639479,121.032469,2023-11-29 03:00:00+00:00,2023-11-29T11:00:00+08:00,11.912500063578287,100.0
7412720,"South Triangle, Quezon City",,14.639479,121.032469,2023-11-29 04:00:00+00:00,2023-11-29T12:00:00+08:00,12.203571557998657,100.0
7412720,"South Triangle, Quezon City",,14.639479,121.032469,2023-11-29 05:00:00+00:00,2023-11-29T13:00:00+08:00,9.913293679555258,100.0
7412720,"South Triangle, Quezon City",,14.639479,121.032469,2023-11-29 06:00:00+00:00,2023-11-29T14:00:00+08:00,7.473809560139974,100.0
7412720,"South Triangle, Quezon City",,14.639479,121.032469,2023-11-29 07:00:00+00:00,2023-11-29T15:00:00+08:00,6.152579387029012,100.0
7412720,"South Triangle, Quezon City",,14.639479,121.032469,2023-11-29 08:00:00+00:00,2023-11-29T16:00:00+08:00,4.192857106526692,100.0
7412720,"South Triangle, Quezon City",,14.639479,121.032469,2023-11-29 09:00:00+00:00,2023-11-29T17:00:00+08:00,3.302976151307424,100.0
7412720,"South Triangle, Quezon City",,14.639479,121.032469,2023-11-29 10:00:00+00:00,2023-11-29T18:00:00+08:00,3.4867063760757446,100.0
7412720,"South Triangle, Quezon City",,14.639479,121.032469,2023-11-29 11:00:00+00:00,2023-11-29T19:00:00+08:00,17.123809496561687,100.0
7412720,"South Triangle, Quezon City",,14.639479,121.032469,2023-11-29 12:00:00+00:00,2023-11-29T20:00:00+08:00,19.047618865966797,100.0
7412720,"South Triangle, Quezon City",,14.639479,121.032469,2023-11-29 13:00:00+00:00,2023-11-29T21:00:00+08:00,17.493650913238525,100.0
7412720,"South Triangle, Quezon City",,14.639479,121.032469,2023-11-29 14:00:00+00:00,2023-11-29T22:00:00+08:00,15.098611195882162,100.0
7412720,"South Triangle, Quezon City",,14.639479,121.032469,2023-11-29 15:00:00+00:00,2023-11-29T23:00:00+08:00,12.356349070866903,100.0
7412720,"South Triangle, Quezon City",,14.639479,121.032469,2023-11-29 16:00:00+00:00,2023-11-30T00:00:00+08:00,9.594047546386719,100.0
7412720,"South Triangle, Quezon City",,14.639479,121.032469,2023-11-29 17:00:00+00:00,2023-11-30T01:00:00+08:00,7.3414682149887085,100.0
7412720,"South Triangle, Quezon City",,14.639479,121.032469,2023-11-29 18:00:00+00:00,2023-11-30T02:00:00+08:00,6.060714364051819,100.0
7412720,"South Triangle, Quezon City",,14.639479,121.032469,2023-11-29 19:00:00+00:00,2023-11-30T03:00:00+08:00,5.404563506444295,100.0
7412720,"South Triangle, Quezon City",,14.639479,121.032469,2023-11-29 20:00:00+00:00,2023-11-30T04:00:00+08:00,5.67380952835083,100.0
7412720,"South Triangle, Quezon City",,14.639479,121.032469,2023-11-29 22:00:00+00:00,2023-11-30T06:00:00+08:00,6.738095283508301,100.0
7412720,"South Triangle, Quezon City",,14.639479,121.032469,2023-11-29 23:00:00+00:00,2023-11-30T07:00:00+08:00,10.176190535227457,100.0
7412720,"South Triangle, Quezon City",,14.639479,121.032469,2023-11-30 00:00:00+00:00,2023-11-30T08:00:00+08:00,11.239484151204428,100.0
7412720,"South Triangle, Quezon City",,14.639479,121.032469,2023-11-30 01:00:00+00:00,2023-11-30T09:00:00+08:00,12.594047625859579,100.0
7412720,"South Triangle, Quezon City",,14.639479,121.032469,2023-11-30 02:00:00+00:00,2023-11-30T10:00:00+08:00,12.073214371999105,100.0
7412720,"South Triangle, Quezon City",,14.639479,121.032469,2023-11-30 03:00:00+00:00,2023-11-30T11:00:00+08:00,10.81428567568461,100.0
7412720,"South Triangle, Quezon City",,14.639479,121.032469,2023-11-30 04:00:00+00:00,2023-11-30T12:00:00+08:00,10.842063585917154,100.0
7412720,"South Triangle, Quezon City",,14.639479,121.032469,2023-11-30 05:00:00+00:00,2023-11-30T13:00:00+08:00,9.240476131439209,100.0
7412720,"South Triangle, Quezon City",,14.639479,121.032469,2023-11-30 06:00:00+00:00,2023-11-30T14:00:00+08:00,7.520238081614177,100.0
7412720,"South Triangle, Quezon City",,14.639479,121.032469,2023-11-30 07:00:00+00:00,2023-11-30T15:00:00+08:00,5.064285715421041,100.0
7412720,"South Triangle, Quezon City",,14.639479,121.032469,2023-11-30 08:00:00+00:00,2023-11-30T16:00:00+08:00,3.6684523622194924,100.0
7412720,"South Triangle, Quezon City",,14.639479,121.032469,2023-11-30 09:00:00+00:00,2023-11-30T17:00:00+08:00,2.9071428378423056,100.0
7412720,"South Triangle, Quezon City",,14.639479,121.032469,2023-11-30 10:00:00+00:00,2023-11-30T18:00:00+08:00,5.456547578175862,100.0
7412720,"South Triangle, Quezon City",,14.639479,121.032469,2023-11-30 11:00:00+00:00,2023-11-30T19:00:00+08:00,43.29047664006551,100.0
7412720,"South Triangle, Quezon City",,14.639479,121.032469,2023-11-30 12:00:00+00:00,2023-11-30T20:00:00+08:00,24.149404684702557,100.0
7412720,"South Triangle, Quezon City",,14.639479,121.032469,2023-11-30 13:00:00+00:00,2023-11-30T21:00:00+08:00,21.922420660654705,100.0
7412720,"South Triangle, Quezon City",,14.639479,121.032469,2023-11-30 14:00:00+00:00,2023-11-30T22:00:00+08:00,15.674999952316284,100.0
7412720,"South Triangle, Quezon City",,14.639479,121.032469,2023-11-30 15:00:00+00:00,2023-11-30T23:00:00+08:00,11.134523868560791,100.0
7412720,"South Triangle, Quezon City",,14.639479,121.032469,2023-11-30 16:00:00+00:00,2023-12-01T00:00:00+08:00,8.269047617912292,100.0
7412720,"South Triangle, Quezon City",,14.639479,121.032469,2023-11-30 17:00:00+00:00,2023-12-01T01:00:00+08:00,6.487301627794902,100.0
7412720,"South Triangle, Quezon City",,14.639479,121.032469,2023-11-30 18:00:00+00:00,2023-12-01T02:00:00+08:00,5.0,100.0
7412720,"South Triangle, Quezon City",,14.639479,121.032469,2023-11-30 19:00:00+00:00,2023-12-01T03:00:00+08:00,3.667063514391581,100.0
7412720,"South Triangle, Quezon City",,14.639479,121.032469,2023-11-30 20:00:00+00:00,2023-12-01T04:00:00+08:00,3.1059523820877075,100.0
7412720,"South Triangle, Quezon City",,14.639479,121.032469,2023-11-30 21:00:00+00:00,2023-12-01T05:00:00+08:00,3.0626984437306723,100.0
7412720,"South Triangle, Quezon City",,14.639479,121.032469,2023-11-30 22:00:00+00:00,2023-12-01T06:00:00+08:00,3.797619044780731,100.0
7412720,"South Triangle, Quezon City",,14.639479,121.032469,2023-11-30 23:00:00+00:00,2023-12-01T07:00:00+08:00,4.225793639818828,100.0
7412720,"South Triangle, Quezon City",,14.639479,121.032469,2023-12-01 00:00:00+00:00,2023-12-01T08:00:00+08:00,5.388293623924255,100.0
7412720,"South Triangle, Quezon City",,14.639479,121.032469,2023-12-01 01:00:00+00:00,2023-12-01T09:00:00+08:00,7.0178572336832685,100.0
7412720,"South Triangle, Quezon City",,14.639479,121.032469,2023-12-01 02:00:00+00:00,2023-12-01T10:00:00+08:00,7.416468183199565,100.0
7412720,"South Triangle, Quezon City",,14.639479,121.032469,2023-12-01 03:00:00+00:00,2023-12-01T11:00:00+08:00,7.121428608894348,100.0
7412720,"South Triangle, Quezon City",,14.639479,121.032469,2023-12-01 05:00:00+00:00,2023-12-01T13:00:00+08:00,9.689285715421041,100.0
7412720,"South Triangle, Quezon City",,14.639479,121.032469,2023-12-01 06:00:00+00:00,2023-12-01T14:00:00+08:00,6.319047649701436,100.0
7412720,"South Triangle, Quezon City",,14.639479,121.032469,2023-12-01 07:00:00+00:00,2023-12-01T15:00:00+08:00,5.147619009017944,100.0
7412720,"South Triangle, Quezon City",,14.639479,121.032469,2023-12-01 08:00:00+00:00,2023-12-01T16:00:00+08:00,4.178571422894795,100.0
7412720,"South Triangle, Quezon City",,14.639479,121.032469,2023-12-01 09:00:00+00:00,2023-12-01T17:00:00+08:00,3.2714285453160605,100.0
7412720,"South Triangle, Quezon City",,14.639479,121.032469,2023-12-01 10:00:00+00:00,2023-12-01T18:00:00+08:00,3.0498016079266868,100.0
7412720,"South Triangle, Quezon City",,14.639479,121.032469,2023-12-01 11:00:00+00:00,2023-12-01T19:00:00+08:00,3.102380931377411,100.0
7412720,"South Triangle, Quezon City",,14.639479,121.032469,2023-12-01 12:00:00+00:00,2023-12-01T20:00:00+08:00,13.598512013753256,100.0
7412720,"South Triangle, Quezon City",,14.639479,121.032469,2023-12-01 13:00:00+00:00,2023-12-01T21:00:00+08:00,25.56091245015462,100.0
7412720,"South Triangle, Quezon City",,14.639479,121.032469,2023-12-01 14:00:00+00:00,2023-12-01T22:00:00+08:00,21.668254057566326,100.0
7412720,"South Triangle, Quezon City",,14.639479,121.032469,2023-12-01 15:00:00+00:00,2023-12-01T23:00:00+08:00,20.4214285214742,100.0
7412720,"South Triangle, Quezon City",,14.639479,121.032469,2023-12-01 16:00:00+00:00,2023-12-02T00:00:00+08:00,14.528571446736654,100.0
7412720,"South Triangle, Quezon City",,14.639479,121.032469,2023-12-01 17:00:00+00:00,2023-12-02T01:00:00+08:00,10.671626885732016,100.0
7412720,"South Triangle, Quezon City",,14.639479,121.032469,2023-12-01 18:00:00+00:00,2023-12-02T02:00:00+08:00,8.763095259666443,100.0
7412720,"South Triangle, Quezon City",,14.639479,121.032469,2023-12-01 19:00:00+00:00,2023-12-02T03:00:00+08:00,7.20380957921346,100.0
7412720,"South Triangle, Quezon City",,14.639479,121.032469,2023-12-01 20:00:00+00:00,2023-12-02T04:00:00+08:00,5.670238137245178,100.0
7412720,"South Triangle, Quezon City",,14.639479,121.032469,2023-12-01 21:00:00+00:00,2023-12-02T05:00:00+08:00,4.779761910438538,100.0
7412720,"South Triangle, Quezon City",,14.639479,121.032469,2023-12-01 22:00:00+00:00,2023-12-02T06:00:00+08:00,4.116864999135335,100.0
7412720,"South Triangle, Quezon City",,14.639479,121.032469,2023-12-01 23:00:00+00:00,2023-12-02T07:00:00+08:00,4.1464285254478455,100.0
7412720,"South Triangle, Quezon City",,14.639479,121.032469,2023-12-02 00:00:00+00:00,2023-12-02T08:00:00+08:00,5.907936533292134,100.0
7412720,"South Triangle, Quezon City",,14.639479,121.032469,2023-12-02 01:00:00+00:00,2023-12-02T09:00:00+08:00,7.739285707473755,100.0
7412720,"South Triangle, Quezon City",,14.639479,121.032469,2023-12-02 02:00:00+00:00,2023-12-02T10:00:00+08:00,8.957539518674215,100.0
7412720,"South Triangle, Quezon City",,14.639479,121.032469,2023-12-02 03:00:00+00:00,2023-12-02T11:00:00+08:00,14.233333349227905,100.0
7412720,"South Triangle, Quezon City",,14.639479,121.032469,2023-12-02 04:00:00+00:00,2023-12-02T12:00:00+08:00,16.606150945027668,100.0
7412720,"South Triangle, Quezon City",,14.639479,121.032469,2023-12-02 05:00:00+00:00,2023-12-02T13:00:00+08:00,13.473015944163004,100.0
7412720,"South Triangle, Quezon City",,14.639479,121.032469,2023-12-02 06:00:00+00:00,2023-12-02T14:00:00+08:00,11.374603112538656,100.0
7412720,"South Triangle, Quezon City",,14.639479,121.032469,2023-12-02 07:00:00+00:00,2023-12-02T15:00:00+08:00,9.398809512456259,100.0
7412720,"South Triangle, Quezon City",,14.639479,121.032469,2023-12-02 08:00:00+00:00,2023-12-02T16:00:00+08:00,8.047420620918274,100.0
7412720,"South Triangle, Quezon City",,14.639479,121.032469,2023-12-02 09:00:00+00:00,2023-12-02T17:00:00+08:00,7.199206352233887,100.0
7412720,"South Triangle, Quezon City",,14.639479,121.032469,2023-12-02 10:00:00+00:00,2023-12-02T18:00:00+08:00,7.166666746139526,100.0
7412720,"South Triangle, Quezon City",,14.639479,121.032469,2023-12-02 11:00:00+00:00,2023-12-02T19:00:00+08:00,8.362499992052713,100.0
7412720,"South Triangle, Quezon City",,14.639479,121.032469,2023-12-02 12:00:00+00:00,2023-12-02T20:00:00+08:00,9.960119167963663,100.0
7412720,"South Triangle, Quezon City",,14.639479,121.032469,2023-12-02 13:00:00+00:00,2023-12-02T21:00:00+08:00,14.471825361251831,100.0
7412720,"South Triangle, Quezon City",,14.639479,121.032469,2023-12-02 14:00:00+00:00,2023-12-02T22:00:00+08:00,17.007341464360554,100.0
7412720,"South Triangle, Quezon City",,14.639479,121.032469,2023-12-02 15:00:00+00:00,2023-12-02T23:00:00+08:00,21.081745942433674,100.0
7412720,"South Triangle, Quezon City",,14.639479,121.032469,2023-12-02 16:00:00+00:00,2023-12-03T00:00:00+08:00,23.169047832489014,100.0
7412720,"South Triangle, Quezon City",,14.639479,121.032469,2023-12-02 17:00:00+00:00,2023-12-03T01:00:00+08:00,26.308730443318684,100.0
7412720,"South Triangle, Quezon City",,14.639479,121.032469,2023-12-02 18:00:00+00:00,2023-12-03T02:00:00+08:00,27.47499990463257,100.0
7412720,"South Triangle, Quezon City",,14.639479,121.032469,2023-12-02 19:00:00+00:00,2023-12-03T03:00:00+08:00,25.87579361597697,100.0
7412720,"South Triangle, Quezon City",,14.639479,121.032469,2023-12-02 20:00:00+00:00,2023-12-03T04:00:00+08:00,27.30238103866577,100.0
7412720,"South Triangle, Quezon City",,14.639479,121.032469,2023-12-02 22:00:00+00:00,2023-12-03T06:00:00+08:00,24.35714292526245,100.0
7412720,"South Triangle, Quezon City",,14.639479,121.032469,2023-12-02 23:00:00+00:00,2023-12-03T07:00:00+08:00,23.868650595347088,100.0
7412720,"South Triangle, Quezon City",,14.639479,121.032469,2023-12-03 00:00:00+00:00,2023-12-03T08:00:00+08:00,22.592857201894123,100.0
7412720,"South Triangle, Quezon City",,14.639479,121.032469,2023-12-03 01:00:00+00:00,2023-12-03T09:00:00+08:00,21.842261632283527,100.0
7412720,"South Triangle, Quezon City",,14.639479,121.032469,2023-12-03 02:00:00+00:00,2023-12-03T10:00:00+08:00,20.2380952835083,100.0
7412720,"South Triangle, Quezon City",,14.639479,121.032469,2023-12-03 03:00:00+00:00,2023-12-03T11:00:00+08:00,16.939682642618816,100.0
7412720,"South Triangle, Quezon City",,14.639479,121.032469,2023-12-03 04:00:00+00:00,2023-12-03T12:00:00+08:00,10.271031856536865,100.0
7412720,"South Triangle, Quezon City",,14.639479,121.032469,2023-12-03 05:00:00+00:00,2023-12-03T13:00:00+08:00,11.220238129297892,100.0
7412720,"South Triangle, Quezon City",,14.639479,121.032469,2023-12-03 06:00:00+00:00,2023-12-03T14:00:00+08:00,8.487896800041199,100.0
7412720,"South Triangle, Quezon City",,14.639479,121.032469,2023-12-03 07:00:00+00:00,2023-12-03T15:00:00+08:00,6.782142877578735,100.0
7412720,"South Triangle, Quezon City",,14.639479,121.032469,2023-12-03 08:00:00+00:00,2023-12-03T16:00:00+08:00,5.762500087420146,100.0
7412720,"South Triangle, Quezon City",,14.639479,121.032469,2023-12-03 09:00:00+00:00,2023-12-03T17:00:00+08:00,4.95119043191274,100.0
7412720,"South Triangle, Quezon City",,14.639479,121.032469,2023-12-03 10:00:00+00:00,2023-12-03T18:00:00+08:00,4.272222240765889,100.0
7412720,"South Triangle, Quezon City",,14.639479,121.032469,2023-12-03 11:00:00+00:00,2023-12-03T19:00:00+08:00,22.823214292526245,100.0
7412720,"South Triangle, Quezon City",,14.639479,121.032469,2023-12-03 12:00:00+00:00,2023-12-03T20:00:00+08:00,11.802976131439209,100.0
7412720,"South Triangle, Quezon City",,14.639479,121.032469,2023-12-03 13:00:00+00:00,2023-12-03T21:00:00+08:00,11.61130952835083,100.0
7412720,"South Triangle, Quezon City",,14.639479,121.032469,2023-12-03 14:00:00+00:00,2023-12-03T22:00:00+08:00,13.316071351369223,100.0
7412720,"South Triangle, Quezon City",,14.639479,121.032469,2023-12-04 03:00:00+00:00,2023-12-04T11:00:00+08:00,11.06666668256124,100.0
7412720,"South Triangle, Quezon City",,14.639479,121.032469,2023-12-04 04:00:00+00:00,2023-12-04T12:00:00+08:00,8.86567465464274,100.0
7412720,"South Triangle, Quezon City",,14.639479,121.032469,2023-12-04 05:00:00+00:00,2023-12-04T13:00:00+08:00,6.856547633806865,100.0
7412720,"South Triangle, Quezon City",,14.639479,121.032469,2023-12-04 06:00:00+00:00,2023-12-04T14:00:00+08:00,4.835714340209961,100.0
7412720,"South Triangle, Quezon City",,14.639479,121.032469,2023-12-04 07:00:00+00:00,2023-12-04T15:00:00+08:00,3.638690451780955,100.0
7412720,"South Triangle, Quezon City",,14.639479,121.032469,2023-12-04 08:00:00+00:00,2023-12-04T16:00:00+08:00,2.945833365122477,100.0
7412720,"South Triangle, Quezon City",,14.639479,121.032469,2023-12-04 09:00:00+00:00,2023-12-04T17:00:00+08:00,2.5035714209079742,100.0
7412720,"South Triangle, Quezon City",,14.639479,121.032469,2023-12-04 11:00:00+00:00,2023-12-04T19:00:00+08:00,5.614285707473755,100.0
7412720,"South Triangle, Quezon City",,14.639479,121.032469,2023-12-04 12:00:00+00:00,2023-12-04T20:00:00+08:00,15.73035709063212,100.0
7412720,"South Triangle, Quezon City",,14.639479,121.032469,2023-12-04 13:00:00+00:00,2023-12-04T21:00:00+08:00,11.787301619847616,100.0
7412720,"South Triangle, Quezon City",,14.639479,121.032469,2023-12-04 14:00:00+00:00,2023-12-04T22:00:00+08:00,8.516450318423184,100.0
7412720,"South Triangle, Quezon City",,14.639479,121.032469,2023-12-04 15:00:00+00:00,2023-12-04T23:00:00+08:00,5.949999968210856,100.0
7412720,"South Triangle, Quezon City",,14.639479,121.032469,2023-12-04 16:00:00+00:00,2023-12-05T00:00:00+08:00,6.83988094329834,100.0
7412720,"South Triangle, Quezon City",,14.639479,121.032469,2023-12-04 18:00:00+00:00,2023-12-05T02:00:00+08:00,3.973809520403544,100.0
7412720,"South Triangle, Quezon City",,14.639479,121.032469,2023-12-04 19:00:00+00:00,2023-12-05T03:00:00+08:00,3.273809492588043,100.0
7412720,"South Triangle, Quezon City",,14.639479,121.032469,2023-12-04 21:00:00+00:00,2023-12-05T05:00:00+08:00,2.44047619899114,100.0
7412720,"South Triangle, Quezon City",,14.639479,121.032469,2023-12-04 22:00:00+00:00,2023-12-05T06:00:00+08:00,5.204960326353709,100.0
7412720,"South Triangle, Quezon City",,14.639479,121.032469,2023-12-04 23:00:00+00:00,2023-12-05T07:00:00+08:00,8.671428640683493,100.0
7412720,"South Triangle, Quezon City",,14.639479,121.032469,2023-12-05 00:00:00+00:00,2023-12-05T08:00:00+08:00,9.503571430842081,100.0
7412720,"South Triangle, Quezon City",,14.639479,121.032469,2023-12-05 01:00:00+00:00,2023-12-05T09:00:00+08:00,11.920238097508749,100.0
7412720,"South Triangle, Quezon City",,14.639479,121.032469,2023-12-05 02:00:00+00:00,2023-12-05T10:00:00+08:00,20.98710298538208,100.0
7412720,"South Triangle, Quezon City",,14.639479,121.032469,2023-12-05 03:00:00+00:00,2023-12-05T11:00:00+08:00,29.804762204488117,100.0
7412720,"South Triangle, Quezon City",,14.639479,121.032469,2023-12-05 04:00:00+00:00,2023-12-05T12:00:00+08:00,29.916666825612385,100.0
7412720,"South Triangle, Quezon City",,14.639479,121.032469,2023-12-05 05:00:00+00:00,2023-12-05T13:00:00+08:00,30.788095156351726,100.0
7412720,"South Triangle, Quezon City",,14.639479,121.032469,2023-12-05 06:00:00+00:00,2023-12-05T14:00:00+08:00,28.977777640024822,100.0
7412720,"South Triangle, Quezon City",,14.639479,121.032469,2023-12-05 07:00:00+00:00,2023-12-05T15:00:00+08:00,20.277182579040527,100.0
7412720,"South Triangle, Quezon City",,14.639479,121.032469,2023-12-05 08:00:00+00:00,2023-12-05T16:00:00+08:00,15.934523820877075,100.0
7412720,"South Triangle, Quezon City",,14.639479,121.032469,2023-12-05 09:00:00+00:00,2023-12-05T17:00:00+08:00,13.381150722503662,100.0
7412720,"South Triangle, Quezon City",,14.639479,121.032469,2023-12-05 10:00:00+00:00,2023-12-05T18:00:00+08:00,166.25000071525574,100.0
7412720,"South Triangle, Quezon City",,14.639479,121.032469,2023-12-05 11:00:00+00:00,2023-12-05T19:00:00+08:00,119.26944414774577,100.0
7412720,"South Triangle, Quezon City",,14.639479,121.032469,2023-12-05 12:00:00+00:00,2023-12-05T20:00:00+08:00,65.37698427836101,100.0
7412720,"South Triangle, Quezon City",,14.639479,121.032469,2023-12-05 13:00:00+00:00,2023-12-05T21:00:00+08:00,46.66805617014567,100.0
7412720,"South Triangle, Quezon City",,14.639479,121.032469,2023-12-05 14:00:00+00:00,2023-12-05T22:00:00+08:00,39.03769779205322,100.0
7412720,"South Triangle, Quezon City",,14.639479,121.032469,2023-12-05 15:00:00+00:00,2023-12-05T23:00:00+08:00,31.858928203582764,100.0
7412720,"South Triangle, Quezon City",,14.639479,121.032469,2023-12-05 16:00:00+00:00,2023-12-06T00:00:00+08:00,31.813095410664875,100.0
7412720,"South Triangle, Quezon City",,14.639479,121.032469,2023-12-05 17:00:00+00:00,2023-12-06T01:00:00+08:00,31.952380975087483,100.0
7412720,"South Triangle, Quezon City",,14.639479,121.032469,2023-12-05 18:00:00+00:00,2023-12-06T02:00:00+08:00,31.59603150685628,100.0
7412720,"South Triangle, Quezon City",,14.639479,121.032469,2023-12-05 19:00:00+00:00,2023-12-06T03:00:00+08:00,32.28829367955526,100.0
7412720,"South Triangle, Quezon City",,14.639479,121.032469,2023-12-05 20:00:00+00:00,2023-12-06T04:00:00+08:00,31.626190185546875,100.0
7412720,"South Triangle, Quezon City",,14.639479,121.032469,2023-12-05 21:00:00+00:00,2023-12-06T05:00:00+08:00,30.329960187276203,100.0
7412720,"South Triangle, Quezon City",,14.639479,121.032469,2023-12-05 22:00:00+00:00,2023-12-06T06:00:00+08:00,28.32619047164917,100.0
7412720,"South Triangle, Quezon City",,14.639479,121.032469,2023-12-05 23:00:00+00:00,2023-12-06T07:00:00+08:00,25.22500006357829,100.0
7412720,"South Triangle, Quezon City",,14.639479,121.032469,2023-12-06 00:00:00+00:00,2023-12-06T08:00:00+08:00,22.80833339691162,100.0
7412720,"South Triangle, Quezon City",,14.639479,121.032469,2023-12-06 01:00:00+00:00,2023-12-06T09:00:00+08:00,20.256547609965008,100.0
7412720,"South Triangle, Quezon City",,14.639479,121.032469,2023-12-06 02:00:00+00:00,2023-12-06T10:00:00+08:00,19.735714117685955,100.0
7412720,"South Triangle, Quezon City",,14.639479,121.032469,2023-12-06 03:00:00+00:00,2023-12-06T11:00:00+08:00,27.784722169240315,100.0
7412720,"South Triangle, Quezon City",,14.639479,121.032469,2023-12-06 04:00:00+00:00,2023-12-06T12:00:00+08:00,29.07380962371826,100.0
7412720,"South Triangle, Quezon City",,14.639479,121.032469,2023-12-06 05:00:00+00:00,2023-12-06T13:00:00+08:00,32.00595267613729,100.0
7412720,"South Triangle, Quezon City",,14.639479,121.032469,2023-12-06 07:00:00+00:00,2023-12-06T15:00:00+08:00,30.363293647766113,100.0
7412720,"South Triangle, Quezon City",,14.639479,121.032469,2023-12-06 08:00:00+00:00,2023-12-06T16:00:00+08:00,21.733333587646484,100.0
7412720,"South Triangle, Quezon City",,14.639479,121.032469,2023-12-06 09:00:00+00:00,2023-12-06T17:00:00+08:00,19.36567497253418,100.0
7412720,"South Triangle, Quezon City",,14.639479,121.032469,2023-12-06 10:00:00+00:00,2023-12-06T18:00:00+08:00,19.16785717010498,100.0
7412720,"South Triangle, Quezon City",,14.639479,121.032469,2023-12-06 11:00:00+00:00,2023-12-06T19:00:00+08:00,18.377976417541504,100.0
7412720,"South Triangle, Quezon City",,14.639479,121.032469,2023-12-06 12:00:00+00:00,2023-12-06T20:00:00+08:00,18.568650881449383,100.0
7412720,"South Triangle, Quezon City",,14.639479,121.032469,2023-12-06 13:00:00+00:00,2023-12-06T21:00:00+08:00,19.640873114267986,100.0
7412720,"South Triangle, Quezon City",,14.639479,121.032469,2023-12-06 14:00:00+00:00,2023-12-06T22:00:00+08:00,24.417261759440105,100.0
7412720,"South Triangle, Quezon City",,14.639479,121.032469,2023-12-06 16:00:00+00:00,2023-12-07T00:00:00+08:00,23.13432550430298,100.0
7412720,"South Triangle, Quezon City",,14.639479,121.032469,2023-12-06 17:00:00+00:00,2023-12-07T01:00:00+08:00,18.163095156351726,100.0
7412720,"South Triangle, Quezon City",,14.639479,121.032469,2023-12-06 18:00:00+00:00,2023-12-07T02:00:00+08:00,13.525595108668009,100.0
7412720,"South Triangle, Quezon City",,14.639479,121.032469,2023-12-06 19:00:00+00:00,2023-12-07T03:00:00+08:00,10.354761759440104,100.0
7412720,"South Triangle, Quezon City",,14.639479,121.032469,2023-12-06 20:00:00+00:00,2023-12-07T04:00:00+08:00,9.230158805847168,100.0
7412720,"South Triangle, Quezon City",,14.639479,121.032469,2023-12-06 21:00:00+00:00,2023-12-07T05:00:00+08:00,8.28333338101705,100.0
7412720,"South Triangle, Quezon City",,14.639479,121.032469,2023-12-06 22:00:00+00:00,2023-12-07T06:00:00+08:00,8.309325377146402,100.0
7412720,"South Triangle, Quezon City",,14.639479,121.032469,2023-12-06 23:00:00+00:00,2023-12-07T07:00:00+08:00,8.854761838912964,100.0
7412720,"South Triangle, Quezon City",,14.639479,121.032469,2023-12-07 00:00:00+00:00,2023-12-07T08:00:00+08:00,10.188888788223267,100.0
7412720,"South Triangle, Quezon City",,14.639479,121.032469,2023-12-07 02:00:00+00:00,2023-12-07T10:00:00+08:00,22.357936064402264,100.0
7412720,"South Triangle, Quezon City",,14.639479,121.032469,2023-12-07 03:00:00+00:00,2023-12-07T11:00:00+08:00,26.02142842610677,100.0
7412720,"South Triangle, Quezon City",,14.639479,121.032469,2023-12-07 04:00:00+00:00,2023-12-07T12:00:00+08:00,31.491071383158367,100.0
7412720,"South Triangle, Quezon City",,14.639479,121.032469,2023-12-07 05:00:00+00:00,2023-12-07T13:00:00+08:00,33.68630917867025,100.0
7412720,"South Triangle, Quezon City",,14.639479,121.032469,2023-12-07 06:00:00+00:00,2023-12-07T14:00:00+08:00,36.10595258076986,100.0
7412720,"South Triangle, Quezon City",,14.639479,121.032469,2023-12-07 07:00:00+00:00,2023-12-07T15:00:00+08:00,37.34087340037028,100.0
7412720,"South Triangle, Quezon City",,14.639479,121.032469,2023-12-07 08:00:00+00:00,2023-12-07T16:00:00+08:00,34.95357163747152,100.0
7412720,"South Triangle, Quezon City",,14.639479,121.032469,2023-12-07 09:00:00+00:00,2023-12-07T17:00:00+08:00,33.94504006703695,100.0
7412720,"South Triangle, Quezon City",,14.639479,121.032469,2023-12-07 12:00:00+00:00,2023-12-07T20:00:00+08:00,27.340277830759685,100.0
7412720,"South Triangle, Quezon City",,14.639479,121.032469,2023-12-07 14:00:00+00:00,2023-12-07T22:00:00+08:00,27.875595410664875,100.0
7412720,"South Triangle, Quezon City",,14.639479,121.032469,2023-12-07 15:00:00+00:00,2023-12-07T23:00:00+08:00,21.799999872843426,100.0
7412720,"South Triangle, Quezon City",,14.639479,121.032469,2023-12-07 16:00:00+00:00,2023-12-08T00:00:00+08:00,13.854365030924479,100.0
7412720,"South Triangle, Quezon City",,14.639479,121.032469,2023-12-07 17:00:00+00:00,2023-12-08T01:00:00+08:00,9.395237922668457,100.0
7412720,"South Triangle, Quezon City",,14.639479,121.032469,2023-12-07 18:00:00+00:00,2023-12-08T02:00:00+08:00,7.220436453819275,100.0
7412720,"South Triangle, Quezon City",,14.639479,121.032469,2023-12-07 19:00:00+00:00,2023-12-08T03:00:00+08:00,5.440476179122925,100.0
7412720,"South Triangle, Quezon City",,14.639479,121.032469,2023-12-07 20:00:00+00:00,2023-12-08T04:00:00+08:00,5.160317420959473,100.0
7412720,"South Triangle, Quezon City",,14.639479,121.032469,2023-12-07 22:00:00+00:00,2023-12-08T06:00:00+08:00,8.903174678484598,100.0
7412720,"South Triangle, Quezon City",,14.639479,121.032469,2023-12-07 23:00:00+00:00,2023-12-08T07:00:00+08:00,14.424999952316284,100.0
7412720,"South Triangle, Quezon City",,14.639479,121.032469,2023-12-08 00:00:00+00:00,2023-12-08T08:00:00+08:00,14.877976258595785,100.0
7412720,"South Triangle, Quezon City",,14.639479,121.032469,2023-12-08 01:00:00+00:00,2023-12-08T09:00:00+08:00,15.854761759440104,100.0
7412720,"South Triangle, Quezon City",,14.639479,121.032469,2023-12-08 02:00:00+00:00,2023-12-08T10:00:00+08:00,15.526785771052042,100.0
7412720,"South Triangle, Quezon City",,14.639479,121.032469,2023-12-08 04:00:00+00:00,2023-12-08T12:00:00+08:00,12.569047689437866,100.0
7412720,"South Triangle, Quezon City",,14.639479,121.032469,2023-12-08 05:00:00+00:00,2023-12-08T13:00:00+08:00,16.579365015029907,100.0
7412720,"South Triangle, Quezon City",,14.639479,121.032469,2023-12-08 06:00:00+00:00,2023-12-08T14:00:00+08:00,22.76904757817586,100.0
7412720,"South Triangle, Quezon City",,14.639479,121.032469,2023-12-08 07:00:00+00:00,2023-12-08T15:00:00+08:00,27.50595235824585,100.0
7412720,"South Triangle, Quezon City",,14.639479,121.032469,2023-12-08 08:00:00+00:00,2023-12-08T16:00:00+08:00,237.28642479578653,100.0
7412720,"South Triangle, Quezon City",,14.639479,121.032469,2023-12-08 09:00:00+00:00,2023-12-08T17:00:00+08:00,231.30218378702799,100.0
7412720,"South Triangle, Quezon City",,14.639479,121.032469,2023-12-08 10:00:00+00:00,2023-12-08T18:00:00+08:00,53.80813503265381,100.0
7412720,"South Triangle, Quezon City",,14.639479,121.032469,2023-12-08 11:00:00+00:00,2023-12-08T19:00:00+08:00,29.870237827301025,100.0
7412720,"South Triangle, Quezon City",,14.639479,121.032469,2023-12-08 12:00:00+00:00,2023-12-08T20:00:00+08:00,24.76011896133423,100.0
7412720,"South Triangle, Quezon City",,14.639479,121.032469,2023-12-08 13:00:00+00:00,2023-12-08T21:00:00+08:00,22.899603207906086,100.0
7412720,"South Triangle, Quezon City",,14.639479,121.032469,2023-12-08 14:00:00+00:00,2023-12-08T22:00:00+08:00,18.83452383677165,100.0
7412720,"South Triangle, Quezon City",,14.639479,121.032469,2023-12-08 15:00:00+00:00,2023-12-08T23:00:00+08:00,15.796428600947062,100.0
7412720,"South Triangle, Quezon City",,14.639479,121.032469,2023-12-08 16:00:00+00:00,2023-12-09T00:00:00+08:00,13.407737970352173,100.0
7412720,"South Triangle, Quezon City",,14.639479,121.032469,2023-12-08 18:00:00+00:00,2023-12-09T02:00:00+08:00,12.00952378908793,100.0
7412720,"South Triangle, Quezon City",,14.639479,121.032469,2023-12-08 19:00:00+00:00,2023-12-09T03:00:00+08:00,10.299008051554361,100.0
7412720,"South Triangle, Quezon City",,14.639479,121.032469,2023-12-08 20:00:00+00:00,2023-12-09T04:00:00+08:00,10.120238145192465,100.0
7412720,"South Triangle, Quezon City",,14.639479,121.032469,2023-12-08 21:00:00+00:00,2023-12-09T05:00:00+08:00,10.830952246983847,100.0
7412720,"South Triangle, Quezon City",,14.639479,121.032469,2023-12-08 22:00:00+00:00,2023-12-09T06:00:00+08:00,11.148809591929117,100.0
7412720,"South Triangle, Quezon City",,14.639479,121.032469,2023-12-08 23:00:00+00:00,2023-12-09T07:00:00+08:00,11.182936668395996,100.0
7412720,"South Triangle, Quezon City",,14.639479,121.032469,2023-12-09 00:00:00+00:00,2023-12-09T08:00:00+08:00,11.982142766316732,100.0
7412720,"South Triangle, Quezon City",,14.639479,121.032469,2023-12-09 01:00:00+00:00,2023-12-09T09:00:00+08:00,12.336507876714071,100.0
7412720,"South Triangle, Quezon City",,14.639479,121.032469,2023-12-09 02:00:00+00:00,2023-12-09T10:00:00+08:00,13.565476179122925,100.0
7412720,"South Triangle, Quezon City",,14.639479,121.032469,2023-12-09 03:00:00+00:00,2023-12-09T11:00:00+08:00,28.769642512003582,100.0
7412720,"South Triangle, Quezon City",,14.639479,121.032469,2023-12-09 04:00:00+00:00,2023-12-09T12:00:00+08:00,31.32281716664632,100.0
7412720,"South Triangle, Quezon City",,14.639479,121.032469,2023-12-09 05:00:00+00:00,2023-12-09T13:00:00+08:00,35.76904773712158,100.0
7412720,"South Triangle, Quezon City",,14.639479,121.032469,2023-12-09 06:00:00+00:00,2023-12-09T14:00:00+08:00,39.11289628346761,100.0
7412720,"South Triangle, Quezon City",,14.639479,121.032469,2023-12-09 07:00:00+00:00,2023-12-09T15:00:00+08:00,34.203571478525795,100.0
7412720,"South Triangle, Quezon City",,14.639479,121.032469,2023-12-09 08:00:00+00:00,2023-12-09T16:00:00+08:00,28.166269779205322,100.0
7412720,"South Triangle, Quezon City",,14.639479,121.032469,2023-12-09 09:00:00+00:00,2023-12-09T17:00:00+08:00,25.38333336512248,100.0
7412720,"South Triangle, Quezon City",,14.639479,121.032469,2023-12-09 10:00:00+00:00,2023-12-09T18:00:00+08:00,22.61984125773112,100.0
7412720,"South Triangle, Quezon City",,14.639479,121.032469,2023-12-09 11:00:00+00:00,2023-12-09T19:00:00+08:00,20.485317548116047,100.0
7412720,"South Triangle, Quezon City",,14.639479,121.032469,2023-12-09 12:00:00+00:00,2023-12-09T20:00:00+08:00,18.498809496561687,100.0
7412720,"South Triangle, Quezon City",,14.639479,121.032469,2023-12-09 13:00:00+00:00,2023-12-09T21:00:00+08:00,17.52896849314372,100.0
7412720,"South Triangle, Quezon City",,14.639479,121.032469,2023-12-09 15:00:00+00:00,2023-12-09T23:00:00+08:00,14.667063474655151,100.0
7412720,"South Triangle, Quezon City",,14.639479,121.032469,2023-12-09 16:00:00+00:00,2023-12-10T00:00:00+08:00,13.503373146057129,100.0
7412720,"South Triangle, Quezon City",,14.639479,121.032469,2023-12-09 17:00:00+00:00,2023-12-10T01:00:00+08:00,12.388095299402872,100.0
7412720,"South Triangle, Quezon City",,14.639479,121.032469,2023-12-09 18:00:00+00:00,2023-12-10T02:00:00+08:00,12.084523757298788,100.0
7412720,"South Triangle, Quezon City",,14.639479,121.032469,2023-12-09 19:00:00+00:00,2023-12-10T03:00:00+08:00,12.318849166234335,100.0
7412720,"South Triangle, Quezon City",,14.639479,121.032469,2023-12-09 20:00:00+00:00,2023-12-10T04:00:00+08:00,12.809523900349935,100.0
7412720,"South Triangle, Quezon City",,14.639479,121.032469,2023-12-09 21:00:00+00:00,2023-12-10T05:00:00+08:00,14.513492027918497,100.0
7412720,"South Triangle, Quezon City",,14.639479,121.032469,2023-12-09 22:00:00+00:00,2023-12-10T06:00:00+08:00,16.85714300473531,100.0
7412720,"South Triangle, Quezon City",,14.639479,121.032469,2023-12-09 23:00:00+00:00,2023-12-10T07:00:00+08:00,19.133135000864666,100.0
7412720,"South Triangle, Quezon City",,14.639479,121.032469,2023-12-10 00:00:00+00:00,2023-12-10T08:00:00+08:00,23.145237922668457,100.0
7412720,"South Triangle, Quezon City",,14.639479,121.032469,2023-12-10 01:00:00+00:00,2023-12-10T09:00:00+08:00,24.826388835906982,100.0
7412720,"South Triangle, Quezon City",,14.639479,121.032469,2023-12-10 02:00:00+00:00,2023-12-10T10:00:00+08:00,22.62301556269328,100.0
7412720,"South Triangle, Quezon City",,14.639479,121.032469,2023-12-10 03:00:00+00:00,2023-12-10T11:00:00+08:00,19.766865253448486,100.0
7412720,"South Triangle, Quezon City",,14.639479,121.032469,2023-12-10 04:00:00+00:00,2023-12-10T12:00:00+08:00,16.630754152933758,100.0
7412720,"South Triangle, Quezon City",,14.639479,121.032469,2023-12-10 05:00:00+00:00,2023-12-10T13:00:00+08:00,14.38452378908793,100.0
7412720,"South Triangle, Quezon City",,14.639479,121.032469,2023-12-10 06:00:00+00:00,2023-12-10T14:00:00+08:00,14.567262013753256,100.0
7412720,"South Triangle, Quezon City",,14.639479,121.032469,2023-12-10 07:00:00+00:00,2023-12-10T15:00:00+08:00,13.093849261601767,100.0
7412720,"South Triangle, Quezon City",,14.639479,121.032469,2023-12-10 08:00:00+00:00,2023-12-10T16:00:00+08:00,13.202579418818155,100.0
7412720,"South Triangle, Quezon City",,14.639479,121.032469,2023-12-10 10:00:00+00:00,2023-12-10T18:00:00+08:00,12.367658694585165,100.0
7412720,"South Triangle, Quezon City",,14.639479,121.032469,2023-12-10 11:00:00+00:00,2023-12-10T19:00:00+08:00,9.853174527486166,100.0
7412720,"South Triangle, Quezon City",,14.639479,121.032469,2023-12-10 12:00:00+00:00,2023-12-10T20:00:00+08:00,9.000595331192017,100.0
7412720,"South Triangle, Quezon City",,14.639479,121.032469,2023-12-10 13:00:00+00:00,2023-12-10T21:00:00+08:00,8.692460298538208,100.0
7412720,"South Triangle, Quezon City",,14.639479,121.032469,2023-12-10 14:00:00+00:00,2023-12-10T22:00:00+08:00,8.883134841918945,100.0
7412720,"South Triangle, Quezon City",,14.639479,121.032469,2023-12-10 15:00:00+00:00,2023-12-10T23:00:00+08:00,9.687103112538656,100.0
7412720,"South Triangle, Quezon City",,14.639479,121.032469,2023-12-10 16:00:00+00:00,2023-12-11T00:00:00+08:00,10.492658774058023,100.0
7412720,"South Triangle, Quezon City",,14.639479,121.032469,2023-12-10 17:00:00+00:00,2023-12-11T01:00:00+08:00,10.255555550257364,100.0
7412720,"South Triangle, Quezon City",,14.639479,121.032469,2023-12-10 18:00:00+00:00,2023-12-11T02:00:00+08:00,10.00000007947286,100.0
7412720,"South Triangle, Quezon City",,14.639479,121.032469,2023-12-10 19:00:00+00:00,2023-12-11T03:00:00+08:00,8.286706407864889,100.0
7412720,"South Triangle, Quezon City",,14.639479,121.032469,2023-12-10 20:00:00+00:00,2023-12-11T04:00:00+08:00,6.9809523820877075,100.0
7412720,"South Triangle, Quezon City",,14.639479,121.032469,2023-12-10 21:00:00+00:00,2023-12-11T05:00:00+08:00,6.582539677619934,100.0
7412720,"South Triangle, Quezon City",,14.639479,121.032469,2023-12-10 22:00:00+00:00,2023-12-11T06:00:00+08:00,5.941468238830566,100.0
7412720,"South Triangle, Quezon City",,14.639479,121.032469,2023-12-10 23:00:00+00:00,2023-12-11T07:00:00+08:00,6.723809560139974,100.0
7412720,"South Triangle, Quezon City",,14.639479,121.032469,2023-12-11 00:00:00+00:00,2023-12-11T08:00:00+08:00,9.012698531150818,100.0
7412720,"South Triangle, Quezon City",,14.639479,121.032469,2023-12-11 01:00:00+00:00,2023-12-11T09:00:00+08:00,11.469047546386719,100.0
7412720,"South Triangle, Quezon City",,14.639479,121.032469,2023-12-11 02:00:00+00:00,2023-12-11T10:00:00+08:00,13.888095219930014,100.0
7412720,"South Triangle, Quezon City",,14.639479,121.032469,2023-12-11 03:00:00+00:00,2023-12-11T11:00:00+08:00,13.922222216924032,100.0
7412720,"South Triangle, Quezon City",,14.639479,121.032469,2023-12-11 04:00:00+00:00,2023-12-11T12:00:00+08:00,14.096825361251831,100.0
7412720,"South Triangle, Quezon City",,14.639479,121.032469,2023-12-11 05:00:00+00:00,2023-12-11T13:00:00+08:00,12.42638866106669,100.0
7412720,"South Triangle, Quezon City",,14.639479,121.032469,2023-12-11 06:00:00+00:00,2023-12-11T14:00:00+08:00,12.096031745274862,100.0
7412720,"South Triangle, Quezon City",,14.639479,121.032469,2023-12-11 07:00:00+00:00,2023-12-11T15:00:00+08:00,13.042261918385824,100.0
7412720,"South Triangle, Quezon City",,14.639479,121.032469,2023-12-11 08:00:00+00:00,2023-12-11T16:00:00+08:00,11.3031747341156,100.0
7412720,"South Triangle, Quezon City",,14.639479,121.032469,2023-12-11 09:00:00+00:00,2023-12-11T17:00:00+08:00,78.60317548116048,100.0
7412720,"South Triangle, Quezon City",,14.639479,121.032469,2023-12-11 10:00:00+00:00,2023-12-11T18:00:00+08:00,196.31647046407065,100.0
7412720,"South Triangle, Quezon City",,14.639479,121.032469,2023-12-11 11:00:00+00:00,2023-12-11T19:00:00+08:00,57.03333346048991,100.0
7412720,"South Triangle, Quezon City",,14.639479,121.032469,2023-12-11 12:00:00+00:00,2023-12-11T20:00:00+08:00,44.686507860819496,100.0
7412720,"South Triangle, Quezon City",,14.639479,121.032469,2023-12-11 13:00:00+00:00,2023-12-11T21:00:00+08:00,38.689881006876625,100.0
7412720,"South Triangle, Quezon City",,14.639479,121.032469,2023-12-11 14:00:00+00:00,2023-12-11T22:00:00+08:00,32.807936668395996,100.0
7412720,"South Triangle, Quezon City",,14.639479,121.032469,2023-12-11 15:00:00+00:00,2023-12-11T23:00:00+08:00,24.943246668035332,100.0
7412720,"South Triangle, Quezon City",,14.639479,121.032469,2023-12-11 16:00:00+00:00,2023-12-12T00:00:00+08:00,21.276190598805744,100.0
7412720,"South Triangle, Quezon City",,14.639479,121.032469,2023-12-11 17:00:00+00:00,2023-12-12T01:00:00+08:00,18.002380927403767,100.0
7412720,"South Triangle, Quezon City",,14.639479,121.032469,2023-12-11 18:00:00+00:00,2023-12-12T02:00:00+08:00,14.023412624994913,100.0
7412720,"South Triangle, Quezon City",,14.639479,121.032469,2023-12-11 19:00:00+00:00,2023-12-12T03:00:00+08:00,11.389285643895468,100.0
7412720,"South Triangle, Quezon City",,14.639479,121.032469,2023-12-11 20:00:00+00:00,2023-12-12T04:00:00+08:00,9.633928775787354,100.0
7412720,"South Triangle, Quezon City",,14.639479,121.032469,2023-12-11 22:00:00+00:00,2023-12-12T06:00:00+08:00,8.552976051966349,100.0
7412720,"South Triangle, Quezon City",,14.639479,121.032469,2023-12-11 23:00:00+00:00,2023-12-12T07:00:00+08:00,8.385714292526245,100.0
7412720,"South Triangle, Quezon City",,14.639479,121.032469,2023-12-12 00:00:00+00:00,2023-12-12T08:00:00+08:00,8.498611132303873,100.0
7412720,"South Triangle, Quezon City",,14.639479,121.032469,2023-12-12 01:00:00+00:00,2023-12-12T09:00:00+08:00,13.397619088490805,100.0
7412720,"South Triangle, Quezon City",,14.639479,121.032469,2023-12-12 02:00:00+00:00,2023-12-12T10:00:00+08:00,18.375198364257812,100.0
7412720,"South Triangle, Quezon City",,14.639479,121.032469,2023-12-12 03:00:00+00:00,2023-12-12T11:00:00+08:00,16.7071430683136,100.0
7412720,"South Triangle, Quezon City",,14.639479,121.032469,2023-12-12 04:00:00+00:00,2023-12-12T12:00:00+08:00,15.114484071731567,100.0
7412720,"South Triangle, Quezon City",,14.639479,121.032469,2023-12-12 05:00:00+00:00,2023-12-12T13:00:00+08:00,12.441666603088379,100.0
7412720,"South Triangle, Quezon City",,14.639479,121.032469,2023-12-12 06:00:00+00:00,2023-12-12T14:00:00+08:00,10.39642858505249,100.0
7412720,"South Triangle, Quezon City",,14.639479,121.032469,2023-12-12 08:00:00+00:00,2023-12-12T16:00:00+08:00,7.142857114473979,100.0
7412720,"South Triangle, Quezon City",,14.639479,121.032469,2023-12-12 09:00:00+00:00,2023-12-12T17:00:00+08:00,5.748809536298116,100.0
7412720,"South Triangle, Quezon City",,14.639479,121.032469,2023-12-12 10:00:00+00:00,2023-12-12T18:00:00+08:00,5.385317444801331,100.0
7412720,"South Triangle, Quezon City",,14.639479,121.032469,2023-12-12 11:00:00+00:00,2023-12-12T19:00:00+08:00,6.746428569157918,100.0
7412720,"South Triangle, Quezon City",,14.639479,121.032469,2023-12-12 12:00:00+00:00,2023-12-12T20:00:00+08:00,12.423412720362345,100.0
7412720,"South Triangle, Quezon City",,14.639479,121.032469,2023-12-12 13:00:00+00:00,2023-12-12T21:00:00+08:00,14.105952421824137,100.0
7412720,"South Triangle, Quezon City",,14.639479,121.032469,2023-12-12 14:00:00+00:00,2023-12-12T22:00:00+08:00,12.625991980234781,100.0
7412720,"South Triangle, Quezon City",,14.639479,121.032469,2023-12-12 15:00:00+00:00,2023-12-12T23:00:00+08:00,12.471428553263346,100.0
7412720,"South Triangle, Quezon City",,14.639479,121.032469,2023-12-12 16:00:00+00:00,2023-12-13T00:00:00+08:00,12.78948418299357,100.0
7412720,"South Triangle, Quezon City",,14.639479,121.032469,2023-12-12 17:00:00+00:00,2023-12-13T01:00:00+08:00,14.136904637018839,100.0
7412720,"South Triangle, Quezon City",,14.639479,121.032469,2023-12-12 18:00:00+00:00,2023-12-13T02:00:00+08:00,14.04107149442037,100.0
7412720,"South Triangle, Quezon City",,14.639479,121.032469,2023-12-12 19:00:00+00:00,2023-12-13T03:00:00+08:00,11.63690479596456,100.0
7412720,"South Triangle, Quezon City",,14.639479,121.032469,2023-12-12 20:00:00+00:00,2023-12-13T04:00:00+08:00,9.365674495697021,100.0
7412720,"South Triangle, Quezon City",,14.639479,121.032469,2023-12-12 22:00:00+00:00,2023-12-13T06:00:00+08:00,11.066865046819052,100.0
7412720,"South Triangle, Quezon City",,14.639479,121.032469,2023-12-12 23:00:00+00:00,2023-12-13T07:00:00+08:00,16.248015960057575,100.0
7412720,"South Triangle, Quezon City",,14.639479,121.032469,2023-12-13 01:00:00+00:00,2023-12-13T09:00:00+08:00,23.54523817698161,100.0
7412720,"South Triangle, Quezon City",,14.639479,121.032469,2023-12-13 02:00:00+00:00,2023-12-13T10:00:00+08:00,23.046428839365642,100.0
7412720,"South Triangle, Quezon City",,14.639479,121.032469,2023-12-13 03:00:00+00:00,2023-12-13T11:00:00+08:00,22.393849054972332,100.0
7412720,"South Triangle, Quezon City",,14.639479,121.032469,2023-12-13 04:00:00+00:00,2023-12-13T12:00:00+08:00,21.74642817179362,100.0
7412720,"South Triangle, Quezon City",,14.639479,121.032469,2023-12-13 05:00:00+00:00,2023-12-13T13:00:00+08:00,18.723015944163006,100.0
7412720,"South Triangle, Quezon City",,14.639479,121.032469,2023-12-13 06:00:00+00:00,2023-12-13T14:00:00+08:00,13.851190487543741,100.0
7412720,"South Triangle, Quezon City",,14.639479,121.032469,2023-12-13 07:00:00+00:00,2023-12-13T15:00:00+08:00,9.706150770187378,100.0
7412720,"South Triangle, Quezon City",,14.639479,121.032469,2023-12-13 08:00:00+00:00,2023-12-13T16:00:00+08:00,7.069444497426351,100.0
7412720,"South Triangle, Quezon City",,14.639479,121.032469,2023-12-13 09:00:00+00:00,2023-12-13T17:00:00+08:00,5.178571462631226,100.0
7412720,"South Triangle, Quezon City",,14.639479,121.032469,2023-12-13 10:00:00+00:00,2023-12-13T18:00:00+08:00,4.664285620053609,100.0
7412720,"South Triangle, Quezon City",,14.639479,121.032469,2023-12-13 11:00:00+00:00,2023-12-13T19:00:00+08:00,4.858333388964335,100.0
7412720,"South Triangle, Quezon City",,14.639479,121.032469,2023-12-13 12:00:00+00:00,2023-12-13T20:00:00+08:00,6.819245974222819,100.0
7412720,"South Triangle, Quezon City",,14.639479,121.032469,2023-12-13 13:00:00+00:00,2023-12-13T21:00:00+08:00,8.32539697488149,100.0
7412720,"South Triangle, Quezon City",,14.639479,121.032469,2023-12-13 14:00:00+00:00,2023-12-13T22:00:00+08:00,10.336111148198446,100.0
7412720,"South Triangle, Quezon City",,14.639479,121.032469,2023-12-13 15:00:00+00:00,2023-12-13T23:00:00+08:00,11.205952326456705,100.0
7412720,"South Triangle, Quezon City",,14.639479,121.032469,2023-12-13 16:00:00+00:00,2023-12-14T00:00:00+08:00,12.034523804982504,100.0
7412720,"South Triangle, Quezon City",,14.639479,121.032469,2023-12-13 17:00:00+00:00,2023-12-14T01:00:00+08:00,13.401190280914307,100.0
7412720,"South Triangle, Quezon City",,14.639479,121.032469,2023-12-13 18:00:00+00:00,2023-12-14T02:00:00+08:00,11.001190423965454,100.0
7412720,"South Triangle, Quezon City",,14.639479,121.032469,2023-12-13 19:00:00+00:00,2023-12-14T03:00:00+08:00,7.278769810994466,100.0
7412720,"South Triangle, Quezon City",,14.639479,121.032469,2023-12-13 20:00:00+00:00,2023-12-14T04:00:00+08:00,5.316666642824809,100.0
7412720,"South Triangle, Quezon City",,14.639479,121.032469,2023-12-13 21:00:00+00:00,2023-12-14T05:00:00+08:00,4.656349142392476,100.0
7412720,"South Triangle, Quezon City",,14.639479,121.032469,2023-12-13 22:00:00+00:00,2023-12-14T06:00:00+08:00,4.503571430842082,100.0
7412720,"South Triangle, Quezon City",,14.639479,121.032469,2023-12-13 23:00:00+00:00,2023-12-14T07:00:00+08:00,4.627976179122925,100.0
7412720,"South Triangle, Quezon City",,14.639479,121.032469,2023-12-14 00:00:00+00:00,2023-12-14T08:00:00+08:00,5.383333325386047,100.0
7412720,"South Triangle, Quezon City",,14.639479,121.032469,2023-12-14 01:00:00+00:00,2023-12-14T09:00:00+08:00,5.835714340209961,100.0
7412720,"South Triangle, Quezon City",,14.639479,121.032469,2023-12-14 02:00:00+00:00,2023-12-14T10:00:00+08:00,6.114285667737325,100.0
7412720,"South Triangle, Quezon City",,14.639479,121.032469,2023-12-14 03:00:00+00:00,2023-12-14T11:00:00+08:00,5.8861111005147295,100.0
7412720,"South Triangle, Quezon City",,14.639479,121.032469,2023-12-14 04:00:00+00:00,2023-12-14T12:00:00+08:00,5.216468254725139,100.0
7412720,"South Triangle, Quezon City",,14.639479,121.032469,2023-12-14 05:00:00+00:00,2023-12-14T13:00:00+08:00,5.5821428298950195,100.0
7412720,"South Triangle, Quezon City",,14.639479,121.032469,2023-12-14 06:00:00+00:00,2023-12-14T14:00:00+08:00,8.542261958122253,100.0
7412720,"South Triangle, Quezon City",,14.639479,121.032469,2023-12-14 07:00:00+00:00,2023-12-14T15:00:00+08:00,7.728571494420369,100.0
7412720,"South Triangle, Quezon City",,14.639479,121.032469,2023-12-14 08:00:00+00:00,2023-12-14T16:00:00+08:00,7.526190400123596,100.0
7412720,"South Triangle, Quezon City",,14.639479,121.032469,2023-12-14 09:00:00+00:00,2023-12-14T17:00:00+08:00,7.137499968210856,100.0
7412720,"South Triangle, Quezon City",,14.639479,121.032469,2023-12-14 10:00:00+00:00,2023-12-14T18:00:00+08:00,7.27738098303477,100.0
7412720,"South Triangle, Quezon City",,14.639479,121.032469,2023-12-14 11:00:00+00:00,2023-12-14T19:00:00+08:00,8.34841271241506,100.0
7412720,"South Triangle, Quezon City",,14.639479,121.032469,2023-12-14 12:00:00+00:00,2023-12-14T20:00:00+08:00,10.00694457689921,100.0
7412720,"South Triangle, Quezon City",,14.639479,121.032469,2023-12-14 13:00:00+00:00,2023-12-14T21:00:00+08:00,10.84166661898295,100.0
7412720,"South Triangle, Quezon City",,14.639479,121.032469,2023-12-14 14:00:00+00:00,2023-12-14T22:00:00+08:00,11.146825313568115,100.0
7412720,"South Triangle, Quezon City",,14.639479,121.032469,2023-12-14 15:00:00+00:00,2023-12-14T23:00:00+08:00,11.261706352233887,100.0
7412720,"South Triangle, Quezon City",,14.639479,121.032469,2023-12-14 16:00:00+00:00,2023-12-15T00:00:00+08:00,9.97777771949768,100.0
7412720,"South Triangle, Quezon City",,14.639479,121.032469,2023-12-14 17:00:00+00:00,2023-12-15T01:00:00+08:00,8.919047594070435,100.0
7412720,"South Triangle, Quezon City",,14.639479,121.032469,2023-12-14 18:00:00+00:00,2023-12-15T02:00:00+08:00,9.133928616841635,100.0
7412720,"South Triangle, Quezon City",,14.639479,121.032469,2023-12-14 19:00:00+00:00,2023-12-15T03:00:00+08:00,8.611904780069986,100.0
7412720,"South Triangle, Quezon City",,14.639479,121.032469,2023-12-14 20:00:00+00:00,2023-12-15T04:00:00+08:00,7.321626981099446,100.0
7412720,"South Triangle, Quezon City",,14.639479,121.032469,2023-12-14 21:00:00+00:00,2023-12-15T05:00:00+08:00,6.850000023841858,100.0
7412720,"South Triangle, Quezon City",,14.639479,121.032469,2023-12-14 22:00:00+00:00,2023-12-15T06:00:00+08:00,7.629960378011067,100.0
7412720,"South Triangle, Quezon City",,14.639479,121.032469,2023-12-14 23:00:00+00:00,2023-12-15T07:00:00+08:00,6.736904780069987,100.0
7412720,"South Triangle, Quezon City",,14.639479,121.032469,2023-12-15 00:00:00+00:00,2023-12-15T08:00:00+08:00,7.897023836771647,100.0
7412720,"South Triangle, Quezon City",,14.639479,121.032469,2023-12-15 01:00:00+00:00,2023-12-15T09:00:00+08:00,11.112619082132975,100.0
7412720,"South Triangle, Quezon City",,14.639479,121.032469,2023-12-15 02:00:00+00:00,2023-12-15T10:00:00+08:00,12.022619088490805,100.0
7412720,"South Triangle, Quezon City",,14.639479,121.032469,2023-12-15 03:00:00+00:00,2023-12-15T11:00:00+08:00,11.801190614700317,100.0
7412720,"South Triangle, Quezon City",,14.639479,121.032469,2023-12-15 04:00:00+00:00,2023-12-15T12:00:00+08:00,11.469047466913858,100.0
7412720,"South Triangle, Quezon City",,14.639479,121.032469,2023-12-15 05:00:00+00:00,2023-12-15T13:00:00+08:00,346.9577426115672,100.0
7412720,"South Triangle, Quezon City",,14.639479,121.032469,2023-12-15 06:00:00+00:00,2023-12-15T14:00:00+08:00,284.35198465983075,100.0
7412720,"South Triangle, Quezon City",,14.639479,121.032469,2023-12-15 07:00:00+00:00,2023-12-15T15:00:00+08:00,184.110715230306,100.0
7412720,"South Triangle, Quezon City",,14.639479,121.032469,2023-12-15 08:00:00+00:00,2023-12-15T16:00:00+08:00,118.26765950520833,100.0
7412720,"South Triangle, Quezon City",,14.639479,121.032469,2023-12-15 09:00:00+00:00,2023-12-15T17:00:00+08:00,66.74285666147868,100.0
7412720,"South Triangle, Quezon City",,14.639479,121.032469,2023-12-15 10:00:00+00:00,2023-12-15T18:00:00+08:00,44.29873021443685,100.0
7412720,"South Triangle, Quezon City",,14.639479,121.032469,2023-12-15 11:00:00+00:00,2023-12-15T19:00:00+08:00,37.40396817525228,100.0
7412720,"South Triangle, Quezon City",,14.639479,121.032469,2023-12-15 12:00:00+00:00,2023-12-15T20:00:00+08:00,32.04464292526245,100.0
7412720,"South Triangle, Quezon City",,14.639479,121.032469,2023-12-15 13:00:00+00:00,2023-12-15T21:00:00+08:00,33.52500009536743,100.0
7412720,"South Triangle, Quezon City",,14.639479,121.032469,2023-12-15 14:00:00+00:00,2023-12-15T22:00:00+08:00,29.643254280090332,100.0
7412720,"South Triangle, Quezon City",,14.639479,121.032469,2023-12-15 15:00:00+00:00,2023-12-15T23:00:00+08:00,21.234920660654705,100.0
7412720,"South Triangle, Quezon City",,14.639479,121.032469,2023-12-15 16:00:00+00:00,2023-12-16T00:00:00+08:00,16.74146858851115,100.0
7412720,"South Triangle, Quezon City",,14.639479,121.032469,2023-12-15 17:00:00+00:00,2023-12-16T01:00:00+08:00,14.293055613835653,100.0
7412720,"South Triangle, Quezon City",,14.639479,121.032469,2023-12-15 18:00:00+00:00,2023-12-16T02:00:00+08:00,10.678571303685507,100.0
7412720,"South Triangle, Quezon City",,14.639479,121.032469,2023-12-15 19:00:00+00:00,2023-12-16T03:00:00+08:00,9.132142782211304,100.0
7412720,"South Triangle, Quezon City",,14.639479,121.032469,2023-12-15 20:00:00+00:00,2023-12-16T04:00:00+08:00,9.157142957051596,100.0
7412720,"South Triangle, Quezon City",,14.639479,121.032469,2023-12-15 21:00:00+00:00,2023-12-16T05:00:00+08:00,8.70297614733378,100.0
7412720,"South Triangle, Quezon City",,14.639479,121.032469,2023-12-15 22:00:00+00:00,2023-12-16T06:00:00+08:00,6.983333388964335,100.0
7412720,"South Triangle, Quezon City",,14.639479,121.032469,2023-12-15 23:00:00+00:00,2023-12-16T07:00:00+08:00,6.084920684496562,100.0
7412720,"South Triangle, Quezon City",,14.639479,121.032469,2023-12-16 00:00:00+00:00,2023-12-16T08:00:00+08:00,5.919047594070435,100.0
7412720,"South Triangle, Quezon City",,14.639479,121.032469,2023-12-16 01:00:00+00:00,2023-12-16T09:00:00+08:00,5.613690416018168,100.0
7412720,"South Triangle, Quezon City",,14.639479,121.032469,2023-12-16 02:00:00+00:00,2023-12-16T10:00:00+08:00,5.544047594070435,100.0
7412720,"South Triangle, Quezon City",,14.639479,121.032469,2023-12-16 03:00:00+00:00,2023-12-16T11:00:00+08:00,9.826388915379843,100.0
7412720,"South Triangle, Quezon City",,14.639479,121.032469,2023-12-16 04:00:00+00:00,2023-12-16T12:00:00+08:00,13.586904605229696,100.0
7412720,"South Triangle, Quezon City",,14.639479,121.032469,2023-12-16 05:00:00+00:00,2023-12-16T13:00:00+08:00,18.020238081614178,100.0
7412720,"South Triangle, Quezon City",,14.639479,121.032469,2023-12-16 06:00:00+00:00,2023-12-16T14:00:00+08:00,19.906746069590252,100.0
7412720,"South Triangle, Quezon City",,14.639479,121.032469,2023-12-16 07:00:00+00:00,2023-12-16T15:00:00+08:00,18.98095242182414,100.0
7412720,"South Triangle, Quezon City",,14.639479,121.032469,2023-12-16 08:00:00+00:00,2023-12-16T16:00:00+08:00,18.60952377319336,100.0
7412720,"South Triangle, Quezon City",,14.639479,121.032469,2023-12-16 09:00:00+00:00,2023-12-16T17:00:00+08:00,17.665079434712727,100.0
7412720,"South Triangle, Quezon City",,14.639479,121.032469,2023-12-16 10:00:00+00:00,2023-12-16T18:00:00+08:00,15.49404756228129,100.0
7412720,"South Triangle, Quezon City",,14.639479,121.032469,2023-12-16 11:00:00+00:00,2023-12-16T19:00:00+08:00,13.674007892608643,100.0
7412720,"South Triangle, Quezon City",,14.639479,121.032469,2023-12-16 12:00:00+00:00,2023-12-16T20:00:00+08:00,13.408928473790487,100.0
7412720,"South Triangle, Quezon City",,14.639479,121.032469,2023-12-16 13:00:00+00:00,2023-12-16T21:00:00+08:00,13.040079355239868,100.0
7412720,"South Triangle, Quezon City",,14.639479,121.032469,2023-12-16 14:00:00+00:00,2023-12-16T22:00:00+08:00,15.175595045089722,100.0
7412720,"South Triangle, Quezon City",,14.639479,121.032469,2023-12-16 15:00:00+00:00,2023-12-16T23:00:00+08:00,16.9255956808726,100.0
7412720,"South Triangle, Quezon City",,14.639479,121.032469,2023-12-16 16:00:00+00:00,2023-12-17T00:00:00+08:00,15.74999992052714,100.0
7412720,"South Triangle, Quezon City",,14.639479,121.032469,2023-12-16 17:00:00+00:00,2023-12-17T01:00:00+08:00,14.02817471822103,100.0
7412720,"South Triangle, Quezon City",,14.639479,121.032469,2023-12-16 18:00:00+00:00,2023-12-17T02:00:00+08:00,12.25178567568461,100.0
7412720,"South Triangle, Quezon City",,14.639479,121.032469,2023-12-16 19:00:00+00:00,2023-12-17T03:00:00+08:00,10.583333333333334,100.0
7412720,"South Triangle, Quezon City",,14.639479,121.032469,2023-12-16 20:00:00+00:00,2023-12-17T04:00:00+08:00,7.40496027469635,100.0
7412720,"South Triangle, Quezon City",,14.639479,121.032469,2023-12-16 21:00:00+00:00,2023-12-17T05:00:00+08:00,5.134523828824361,100.0
7412720,"South Triangle, Quezon City",,14.639479,121.032469,2023-12-16 22:00:00+00:00,2023-12-17T06:00:00+08:00,5.385515968004863,100.0
7412720,"South Triangle, Quezon City",,14.639479,121.032469,2023-12-16 23:00:00+00:00,2023-12-17T07:00:00+08:00,5.0001983642578125,100.0
7412720,"South Triangle, Quezon City",,14.639479,121.032469,2023-12-17 00:00:00+00:00,2023-12-17T08:00:00+08:00,5.023809472719829,100.0
7412720,"South Triangle, Quezon City",,14.639479,121.032469,2023-12-17 01:00:00+00:00,2023-12-17T09:00:00+08:00,5.019444465637207,100.0
7412720,"South Triangle, Quezon City",,14.639479,121.032469,2023-12-17 02:00:00+00:00,2023-12-17T10:00:00+08:00,7.855952342351277,100.0
7412720,"South Triangle, Quezon City",,14.639479,121.032469,2023-12-17 03:00:00+00:00,2023-12-17T11:00:00+08:00,10.625396966934204,100.0
7412720,"South Triangle, Quezon City",,14.639479,121.032469,2023-12-17 04:00:00+00:00,2023-12-17T12:00:00+08:00,7.772619088490804,100.0
7412720,"South Triangle, Quezon City",,14.639479,121.032469,2023-12-17 05:00:00+00:00,2023-12-17T13:00:00+08:00,5.731746117273967,100.0
7412720,"South Triangle, Quezon City",,14.639479,121.032469,2023-12-17 06:00:00+00:00,2023-12-17T14:00:00+08:00,4.342857182025909,100.0
7412720,"South Triangle, Quezon City",,14.639479,121.032469,2023-12-17 07:00:00+00:00,2023-12-17T15:00:00+08:00,3.418849209944407,100.0
7412720,"South Triangle, Quezon City",,14.639479,121.032469,2023-12-17 08:00:00+00:00,2023-12-17T16:00:00+08:00,2.775595227877299,100.0
7412720,"South Triangle, Quezon City",,14.639479,121.032469,2023-12-17 09:00:00+00:00,2023-12-17T17:00:00+08:00,2.8452380895614624,100.0
7412720,"South Triangle, Quezon City",,14.639479,121.032469,2023-12-17 10:00:00+00:00,2023-12-17T18:00:00+08:00,3.9416666825612388,100.0
7412720,"South Triangle, Quezon City",,14.639479,121.032469,2023-12-17 12:00:00+00:00,2023-12-17T20:00:00+08:00,9.083333333333334,100.0
7412720,"South Triangle, Quezon City",,14.639479,121.032469,2023-12-17 13:00:00+00:00,2023-12-17T21:00:00+08:00,8.422222336133322,100.0
7412720,"South Triangle, Quezon City",,14.639479,121.032469,2023-12-17 14:00:00+00:00,2023-12-17T22:00:00+08:00,9.250793695449829,100.0
7412720,"South Triangle, Quezon City",,14.639479,121.032469,2023-12-17 15:00:00+00:00,2023-12-17T23:00:00+08:00,10.299007892608643,100.0
7412720,"South Triangle, Quezon City",,14.639479,121.032469,2023-12-17 16:00:00+00:00,2023-12-18T00:00:00+08:00,8.112698356310526,100.0
7412720,"South Triangle, Quezon City",,14.639479,121.032469,2023-12-17 17:00:00+00:00,2023-12-18T01:00:00+08:00,6.580357074737549,100.0
7412720,"South Triangle, Quezon City",,14.639479,121.032469,2023-12-17 18:00:00+00:00,2023-12-18T02:00:00+08:00,4.790079355239868,100.0
7412720,"South Triangle, Quezon City",,14.639479,121.032469,2023-12-17 19:00:00+00:00,2023-12-18T03:00:00+08:00,3.549999952316284,100.0
7412720,"South Triangle, Quezon City",,14.639479,121.032469,2023-12-17 20:00:00+00:00,2023-12-18T04:00:00+08:00,2.729365050792694,100.0
7412720,"South Triangle, Quezon City",,14.639479,121.032469,2023-12-17 21:00:00+00:00,2023-12-18T05:00:00+08:00,2.6690475940704346,100.0
7412720,"South Triangle, Quezon City",,14.639479,121.032469,2023-12-17 22:00:00+00:00,2023-12-18T06:00:00+08:00,2.7458333174387612,100.0
7412720,"South Triangle, Quezon City",,14.639479,121.032469,2023-12-17 23:00:00+00:00,2023-12-18T07:00:00+08:00,2.7095237572987876,100.0
7412720,"South Triangle, Quezon City",,14.639479,121.032469,2023-12-18 00:00:00+00:00,2023-12-18T08:00:00+08:00,3.409523824850718,100.0
7412720,"South Triangle, Quezon City",,14.639479,121.032469,2023-12-18 01:00:00+00:00,2023-12-18T09:00:00+08:00,5.571428577105205,100.0
7412720,"South Triangle, Quezon City",,14.639479,121.032469,2023-12-18 02:00:00+00:00,2023-12-18T10:00:00+08:00,8.647618969281515,100.0
7412720,"South Triangle, Quezon City",,14.639479,121.032469,2023-12-18 03:00:00+00:00,2023-12-18T11:00:00+08:00,9.128968318303427,100.0
7412720,"South Triangle, Quezon City",,14.639479,121.032469,2023-12-18 04:00:00+00:00,2023-12-18T12:00:00+08:00,10.305952469507853,100.0
7412720,"South Triangle, Quezon City",,14.639479,121.032469,2023-12-18 05:00:00+00:00,2023-12-18T13:00:00+08:00,14.992658774058023,100.0
7412720,"South Triangle, Quezon City",,14.639479,121.032469,2023-12-18 06:00:00+00:00,2023-12-18T14:00:00+08:00,14.512121200561523,100.0
7412720,"South Triangle, Quezon City",,14.639479,121.032469,2024-01-31 08:00:00+00:00,2024-01-31T16:00:00+08:00,29.710536193847656,100.0
11727954,"Brgy. Benedicto, Jaro, Iloilo",,10.7258204,122.5580665,2024-12-20 09:00:00+00:00,2024-12-20T17:00:00+08:00,31.391667366027832,100.0
11727954,"Brgy. Benedicto, Jaro, Iloilo",,10.7258204,122.5580665,2024-12-20 10:00:00+00:00,2024-12-20T18:00:00+08:00,37.440000216166176,100.0
11727954,"Brgy. Benedicto, Jaro, Iloilo",,10.7258204,122.5580665,2024-12-20 11:00:00+00:00,2024-12-20T19:00:00+08:00,28.69940455754598,100.0
11727954,"Brgy. Benedicto, Jaro, Iloilo",,10.7258204,122.5580665,2024-12-20 12:00:00+00:00,2024-12-20T20:00:00+08:00,24.470237890879314,100.0
11727954,"Brgy. Benedicto, Jaro, Iloilo",,10.7258204,122.5580665,2024-12-20 13:00:00+00:00,2024-12-20T21:00:00+08:00,17.542460203170776,100.0
11727954,"Brgy. Benedicto, Jaro, Iloilo",,10.7258204,122.5580665,2024-12-20 14:00:00+00:00,2024-12-20T22:00:00+08:00,11.0625,100.0
11727954,"Brgy. Benedicto, Jaro, Iloilo",,10.7258204,122.5580665,2024-12-20 15:00:00+00:00,2024-12-20T23:00:00+08:00,8.377182563145956,100.0
11727954,"Brgy. Benedicto, Jaro, Iloilo",,10.7258204,122.5580665,2024-12-20 16:00:00+00:00,2024-12-21T00:00:00+08:00,4.845833321412404,100.0
11727954,"Brgy. Benedicto, Jaro, Iloilo",,10.7258204,122.5580665,2024-12-20 17:00:00+00:00,2024-12-21T01:00:00+08:00,2.9809523622194924,100.0
11727954,"Brgy. Benedicto, Jaro, Iloilo",,10.7258204,122.5580665,2024-12-20 18:00:00+00:00,2024-12-21T02:00:00+08:00,3.0003968278566995,100.0
11727954,"Brgy. Benedicto, Jaro, Iloilo",,10.7258204,122.5580665,2024-12-20 19:00:00+00:00,2024-12-21T03:00:00+08:00,2.8626983960469565,100.0
11727954,"Brgy. Benedicto, Jaro, Iloilo",,10.7258204,122.5580665,2024-12-20 20:00:00+00:00,2024-12-21T04:00:00+08:00,3.0750000377496085,100.0
11727954,"Brgy. Benedicto, Jaro, Iloilo",,10.7258204,122.5580665,2024-12-20 21:00:00+00:00,2024-12-21T05:00:00+08:00,4.36646831035614,100.0
11727954,"Brgy. Benedicto, Jaro, Iloilo",,10.7258204,122.5580665,2024-12-20 22:00:00+00:00,2024-12-21T06:00:00+08:00,6.4525794585545855,100.0
11727954,"Brgy. Benedicto, Jaro, Iloilo",,10.7258204,122.5580665,2024-12-20 23:00:00+00:00,2024-12-21T07:00:00+08:00,22.68412709236145,100.0
11727954,"Brgy. Benedicto, Jaro, Iloilo",,10.7258204,122.5580665,2024-12-21 00:00:00+00:00,2024-12-21T08:00:00+08:00,26.71488086382548,100.0
11727954,"Brgy. Benedicto, Jaro, Iloilo",,10.7258204,122.5580665,2024-12-21 01:00:00+00:00,2024-12-21T09:00:00+08:00,25.24999984105428,100.0
11727954,"Brgy. Benedicto, Jaro, Iloilo",,10.7258204,122.5580665,2024-12-21 02:00:00+00:00,2024-12-21T10:00:00+08:00,22.62499984105428,100.0
11727954,"Brgy. Benedicto, Jaro, Iloilo",,10.7258204,122.5580665,2024-12-21 03:00:00+00:00,2024-12-21T11:00:00+08:00,25.238690217336018,100.0
11727954,"Brgy. Benedicto, Jaro, Iloilo",,10.7258204,122.5580665,2024-12-21 04:00:00+00:00,2024-12-21T12:00:00+08:00,17.342063347498577,100.0
11727954,"Brgy. Benedicto, Jaro, Iloilo",,10.7258204,122.5580665,2024-12-21 05:00:00+00:00,2024-12-21T13:00:00+08:00,21.7551585038503,100.0
11727954,"Brgy. Benedicto, Jaro, Iloilo",,10.7258204,122.5580665,2024-12-21 06:00:00+00:00,2024-12-21T14:00:00+08:00,14.650793552398682,100.0
11727954,"Brgy. Benedicto, Jaro, Iloilo",,10.7258204,122.5580665,2024-12-21 07:00:00+00:00,2024-12-21T15:00:00+08:00,12.413293600082397,100.0
11727954,"Brgy. Benedicto, Jaro, Iloilo",,10.7258204,122.5580665,2024-12-21 08:00:00+00:00,2024-12-21T16:00:00+08:00,9.764880895614624,100.0
11727954,"Brgy. Benedicto, Jaro, Iloilo",,10.7258204,122.5580665,2024-12-21 09:00:00+00:00,2024-12-21T17:00:00+08:00,20.116865237553913,100.0
11727954,"Brgy. Benedicto, Jaro, Iloilo",,10.7258204,122.5580665,2024-12-21 10:00:00+00:00,2024-12-21T18:00:00+08:00,24.464682579040527,100.0
11727954,"Brgy. Benedicto, Jaro, Iloilo",,10.7258204,122.5580665,2024-12-21 11:00:00+00:00,2024-12-21T19:00:00+08:00,29.826388835906982,100.0
11727954,"Brgy. Benedicto, Jaro, Iloilo",,10.7258204,122.5580665,2024-12-21 12:00:00+00:00,2024-12-21T20:00:00+08:00,22.571428537368774,100.0
11727954,"Brgy. Benedicto, Jaro, Iloilo",,10.7258204,122.5580665,2024-12-21 13:00:00+00:00,2024-12-21T21:00:00+08:00,20.91547616322835,100.0
11727954,"Brgy. Benedicto, Jaro, Iloilo",,10.7258204,122.5580665,2024-12-21 14:00:00+00:00,2024-12-21T22:00:00+08:00,10.694841047128042,100.0
11727954,"Brgy. Benedicto, Jaro, Iloilo",,10.7258204,122.5580665,2024-12-21 15:00:00+00:00,2024-12-21T23:00:00+08:00,3.176388919353485,100.0
11727954,"Brgy. Benedicto, Jaro, Iloilo",,10.7258204,122.5580665,2024-12-21 16:00:00+00:00,2024-12-22T00:00:00+08:00,6.20119047164917,100.0
11727954,"Brgy. Benedicto, Jaro, Iloilo",,10.7258204,122.5580665,2024-12-21 17:00:00+00:00,2024-12-22T01:00:00+08:00,3.719841202100118,100.0
11727954,"Brgy. Benedicto, Jaro, Iloilo",,10.7258204,122.5580665,2024-12-21 18:00:00+00:00,2024-12-22T02:00:00+08:00,3.265992025534312,100.0
11727954,"Brgy. Benedicto, Jaro, Iloilo",,10.7258204,122.5580665,2024-12-21 19:00:00+00:00,2024-12-22T03:00:00+08:00,4.071428561210633,100.0
11727954,"Brgy. Benedicto, Jaro, Iloilo",,10.7258204,122.5580665,2024-12-21 20:00:00+00:00,2024-12-22T04:00:00+08:00,6.721428632736206,100.0
11727954,"Brgy. Benedicto, Jaro, Iloilo",,10.7258204,122.5580665,2024-12-21 21:00:00+00:00,2024-12-22T05:00:00+08:00,6.397023836771647,100.0
11727954,"Brgy. Benedicto, Jaro, Iloilo",,10.7258204,122.5580665,2024-12-21 22:00:00+00:00,2024-12-22T06:00:00+08:00,10.92380960782369,100.0
11727954,"Brgy. Benedicto, Jaro, Iloilo",,10.7258204,122.5580665,2024-12-21 23:00:00+00:00,2024-12-22T07:00:00+08:00,15.298214435577393,100.0
11727954,"Brgy. Benedicto, Jaro, Iloilo",,10.7258204,122.5580665,2024-12-22 00:00:00+00:00,2024-12-22T08:00:00+08:00,19.15639917055766,100.0
11727954,"Brgy. Benedicto, Jaro, Iloilo",,10.7258204,122.5580665,2024-12-22 01:00:00+00:00,2024-12-22T09:00:00+08:00,16.86696418126424,100.0
11727954,"Brgy. Benedicto, Jaro, Iloilo",,10.7258204,122.5580665,2024-12-22 02:00:00+00:00,2024-12-22T10:00:00+08:00,11.696428616841635,100.0
11727954,"Brgy. Benedicto, Jaro, Iloilo",,10.7258204,122.5580665,2024-12-22 03:00:00+00:00,2024-12-22T11:00:00+08:00,8.633184552192688,100.0
11727954,"Brgy. Benedicto, Jaro, Iloilo",,10.7258204,122.5580665,2024-12-22 04:00:00+00:00,2024-12-22T12:00:00+08:00,10.888095219930014,100.0
11727954,"Brgy. Benedicto, Jaro, Iloilo",,10.7258204,122.5580665,2024-12-22 05:00:00+00:00,2024-12-22T13:00:00+08:00,14.09568456808726,100.0
11727954,"Brgy. Benedicto, Jaro, Iloilo",,10.7258204,122.5580665,2024-12-22 06:00:00+00:00,2024-12-22T14:00:00+08:00,7.365476131439209,100.0
11727954,"Brgy. Benedicto, Jaro, Iloilo",,10.7258204,122.5580665,2024-12-22 07:00:00+00:00,2024-12-22T15:00:00+08:00,6.798511862754822,100.0
11727954,"Brgy. Benedicto, Jaro, Iloilo",,10.7258204,122.5580665,2024-12-22 08:00:00+00:00,2024-12-22T16:00:00+08:00,13.108779668807983,100.0
11727954,"Brgy. Benedicto, Jaro, Iloilo",,10.7258204,122.5580665,2024-12-22 09:00:00+00:00,2024-12-22T17:00:00+08:00,18.27738094329834,100.0
11727954,"Brgy. Benedicto, Jaro, Iloilo",,10.7258204,122.5580665,2024-12-22 10:00:00+00:00,2024-12-22T18:00:00+08:00,35.67574405670166,100.0
11727954,"Brgy. Benedicto, Jaro, Iloilo",,10.7258204,122.5580665,2024-12-22 11:00:00+00:00,2024-12-22T19:00:00+08:00,44.92395846048991,100.0
11727954,"Brgy. Benedicto, Jaro, Iloilo",,10.7258204,122.5580665,2024-12-22 12:00:00+00:00,2024-12-22T20:00:00+08:00,31.657143115997314,100.0
11727954,"Brgy. Benedicto, Jaro, Iloilo",,10.7258204,122.5580665,2024-12-22 16:00:00+00:00,2024-12-23T00:00:00+08:00,11.496428489685059,100.0
11727954,"Brgy. Benedicto, Jaro, Iloilo",,10.7258204,122.5580665,2024-12-22 17:00:00+00:00,2024-12-23T01:00:00+08:00,7.20714286963145,100.0
11727954,"Brgy. Benedicto, Jaro, Iloilo",,10.7258204,122.5580665,2024-12-22 18:00:00+00:00,2024-12-23T02:00:00+08:00,3.1992559234301248,100.0
11727954,"Brgy. Benedicto, Jaro, Iloilo",,10.7258204,122.5580665,2024-12-22 19:00:00+00:00,2024-12-23T03:00:00+08:00,3.140624980131785,100.0
11727954,"Brgy. Benedicto, Jaro, Iloilo",,10.7258204,122.5580665,2024-12-22 20:00:00+00:00,2024-12-23T04:00:00+08:00,6.980208396911621,100.0
11727954,"Brgy. Benedicto, Jaro, Iloilo",,10.7258204,122.5580665,2024-12-22 21:00:00+00:00,2024-12-23T05:00:00+08:00,5.759523828824361,100.0
11727954,"Brgy. Benedicto, Jaro, Iloilo",,10.7258204,122.5580665,2024-12-22 22:00:00+00:00,2024-12-23T06:00:00+08:00,13.20505944887797,100.0
11727954,"Brgy. Benedicto, Jaro, Iloilo",,10.7258204,122.5580665,2024-12-22 23:00:00+00:00,2024-12-23T07:00:00+08:00,24.366517782211304,100.0
11727954,"Brgy. Benedicto, Jaro, Iloilo",,10.7258204,122.5580665,2024-12-23 00:00:00+00:00,2024-12-23T08:00:00+08:00,22.629761854807537,100.0
11727954,"Brgy. Benedicto, Jaro, Iloilo",,10.7258204,122.5580665,2024-12-23 01:00:00+00:00,2024-12-23T09:00:00+08:00,25.89851188659668,100.0
11727954,"Brgy. Benedicto, Jaro, Iloilo",,10.7258204,122.5580665,2024-12-23 02:00:00+00:00,2024-12-23T10:00:00+08:00,23.238094965616863,100.0
11727954,"Brgy. Benedicto, Jaro, Iloilo",,10.7258204,122.5580665,2024-12-23 03:00:00+00:00,2024-12-23T11:00:00+08:00,24.954761505126953,100.0
11727954,"Brgy. Benedicto, Jaro, Iloilo",,10.7258204,122.5580665,2024-12-23 04:00:00+00:00,2024-12-23T12:00:00+08:00,14.25773791472117,100.0
11727954,"Brgy. Benedicto, Jaro, Iloilo",,10.7258204,122.5580665,2024-12-23 05:00:00+00:00,2024-12-23T13:00:00+08:00,6.927380939324697,100.0
11727954,"Brgy. Benedicto, Jaro, Iloilo",,10.7258204,122.5580665,2024-12-23 06:00:00+00:00,2024-12-23T14:00:00+08:00,6.928571343421936,100.0
11727954,"Brgy. Benedicto, Jaro, Iloilo",,10.7258204,122.5580665,2024-12-23 07:00:00+00:00,2024-12-23T15:00:00+08:00,8.578273892402649,100.0
11727954,"Brgy. Benedicto, Jaro, Iloilo",,10.7258204,122.5580665,2024-12-23 08:00:00+00:00,2024-12-23T16:00:00+08:00,10.955952405929565,100.0
11727954,"Brgy. Benedicto, Jaro, Iloilo",,10.7258204,122.5580665,2024-12-23 09:00:00+00:00,2024-12-23T17:00:00+08:00,17.90997036298116,100.0
11727954,"Brgy. Benedicto, Jaro, Iloilo",,10.7258204,122.5580665,2024-12-23 10:00:00+00:00,2024-12-23T18:00:00+08:00,21.747619072596233,100.0
11727954,"Brgy. Benedicto, Jaro, Iloilo",,10.7258204,122.5580665,2024-12-23 11:00:00+00:00,2024-12-23T19:00:00+08:00,32.36279741923014,100.0
11727954,"Brgy. Benedicto, Jaro, Iloilo",,10.7258204,122.5580665,2024-12-23 12:00:00+00:00,2024-12-23T20:00:00+08:00,27.901636918385822,100.0
11727954,"Brgy. Benedicto, Jaro, Iloilo",,10.7258204,122.5580665,2024-12-23 13:00:00+00:00,2024-12-23T21:00:00+08:00,27.282142639160156,100.0
11727954,"Brgy. Benedicto, Jaro, Iloilo",,10.7258204,122.5580665,2024-12-23 14:00:00+00:00,2024-12-23T22:00:00+08:00,27.00565481185913,100.0
11727954,"Brgy. Benedicto, Jaro, Iloilo",,10.7258204,122.5580665,2024-12-23 15:00:00+00:00,2024-12-23T23:00:00+08:00,14.621428569157919,100.0
11727954,"Brgy. Benedicto, Jaro, Iloilo",,10.7258204,122.5580665,2024-12-23 16:00:00+00:00,2024-12-24T00:00:00+08:00,7.146130998929341,100.0
11727954,"Brgy. Benedicto, Jaro, Iloilo",,10.7258204,122.5580665,2024-12-23 17:00:00+00:00,2024-12-24T01:00:00+08:00,6.84761901696523,100.0
11727954,"Brgy. Benedicto, Jaro, Iloilo",,10.7258204,122.5580665,2024-12-23 18:00:00+00:00,2024-12-24T02:00:00+08:00,5.714285771052043,100.0
11727954,"Brgy. Benedicto, Jaro, Iloilo",,10.7258204,122.5580665,2024-12-23 19:00:00+00:00,2024-12-24T03:00:00+08:00,3.5202381213506064,100.0
11727954,"Brgy. Benedicto, Jaro, Iloilo",,10.7258204,122.5580665,2024-12-23 20:00:00+00:00,2024-12-24T04:00:00+08:00,4.836458325386047,100.0
11727954,"Brgy. Benedicto, Jaro, Iloilo",,10.7258204,122.5580665,2024-12-23 21:00:00+00:00,2024-12-24T05:00:00+08:00,6.067857146263123,100.0
11727954,"Brgy. Benedicto, Jaro, Iloilo",,10.7258204,122.5580665,2024-12-23 22:00:00+00:00,2024-12-24T06:00:00+08:00,11.02901796499888,100.0
11727954,"Brgy. Benedicto, Jaro, Iloilo",,10.7258204,122.5580665,2024-12-23 23:00:00+00:00,2024-12-24T07:00:00+08:00,19.13437509536743,100.0
11727954,"Brgy. Benedicto, Jaro, Iloilo",,10.7258204,122.5580665,2024-12-24 00:00:00+00:00,2024-12-24T08:00:00+08:00,24.81071440378825,100.0
11727954,"Brgy. Benedicto, Jaro, Iloilo",,10.7258204,122.5580665,2024-12-24 01:00:00+00:00,2024-12-24T09:00:00+08:00,30.262946128845215,100.0
11727954,"Brgy. Benedicto, Jaro, Iloilo",,10.7258204,122.5580665,2024-12-24 02:00:00+00:00,2024-12-24T10:00:00+08:00,18.887202501296997,100.0
11727954,"Brgy. Benedicto, Jaro, Iloilo",,10.7258204,122.5580665,2024-12-24 03:00:00+00:00,2024-12-24T11:00:00+08:00,21.47619064648946,100.0
11727954,"Brgy. Benedicto, Jaro, Iloilo",,10.7258204,122.5580665,2024-12-24 04:00:00+00:00,2024-12-24T12:00:00+08:00,15.88065481185913,100.0
11727954,"Brgy. Benedicto, Jaro, Iloilo",,10.7258204,122.5580665,2024-12-24 05:00:00+00:00,2024-12-24T13:00:00+08:00,18.513095378875732,100.0
11727954,"Brgy. Benedicto, Jaro, Iloilo",,10.7258204,122.5580665,2024-12-24 06:00:00+00:00,2024-12-24T14:00:00+08:00,16.682589054107666,100.0
11727954,"Brgy. Benedicto, Jaro, Iloilo",,10.7258204,122.5580665,2024-12-24 07:00:00+00:00,2024-12-24T15:00:00+08:00,7.030952334403992,100.0
11727954,"Brgy. Benedicto, Jaro, Iloilo",,10.7258204,122.5580665,2024-12-24 08:00:00+00:00,2024-12-24T16:00:00+08:00,5.813095172246297,100.0
11727954,"Brgy. Benedicto, Jaro, Iloilo",,10.7258204,122.5580665,2024-12-24 09:00:00+00:00,2024-12-24T17:00:00+08:00,14.249553640683493,100.0
11727954,"Brgy. Benedicto, Jaro, Iloilo",,10.7258204,122.5580665,2024-12-24 10:00:00+00:00,2024-12-24T18:00:00+08:00,115.45595232645671,100.0
11727954,"Brgy. Benedicto, Jaro, Iloilo",,10.7258204,122.5580665,2024-12-24 11:00:00+00:00,2024-12-24T19:00:00+08:00,50.368601163228355,100.0
11727954,"Brgy. Benedicto, Jaro, Iloilo",,10.7258204,122.5580665,2024-12-24 12:00:00+00:00,2024-12-24T20:00:00+08:00,41.586904207865395,100.0
11727954,"Brgy. Benedicto, Jaro, Iloilo",,10.7258204,122.5580665,2024-12-24 13:00:00+00:00,2024-12-24T21:00:00+08:00,28.434523741404217,100.0
11727954,"Brgy. Benedicto, Jaro, Iloilo",,10.7258204,122.5580665,2024-12-24 14:00:00+00:00,2024-12-24T22:00:00+08:00,17.16175603866577,100.0
11727954,"Brgy. Benedicto, Jaro, Iloilo",,10.7258204,122.5580665,2024-12-24 15:00:00+00:00,2024-12-24T23:00:00+08:00,10.97068452835083,100.0
11727954,"Brgy. Benedicto, Jaro, Iloilo",,10.7258204,122.5580665,2024-12-24 16:00:00+00:00,2024-12-25T00:00:00+08:00,10.11904768149058,100.0
11727954,"Brgy. Benedicto, Jaro, Iloilo",,10.7258204,122.5580665,2024-12-24 17:00:00+00:00,2024-12-25T01:00:00+08:00,11.101190408070883,100.0
11727954,"Brgy. Benedicto, Jaro, Iloilo",,10.7258204,122.5580665,2024-12-24 18:00:00+00:00,2024-12-25T02:00:00+08:00,5.5488094886144,100.0
11727954,"Brgy. Benedicto, Jaro, Iloilo",,10.7258204,122.5580665,2024-12-24 19:00:00+00:00,2024-12-25T03:00:00+08:00,3.5270833174387612,100.0
11727954,"Brgy. Benedicto, Jaro, Iloilo",,10.7258204,122.5580665,2024-12-24 20:00:00+00:00,2024-12-25T04:00:00+08:00,2.495238115390142,100.0
11727954,"Brgy. Benedicto, Jaro, Iloilo",,10.7258204,122.5580665,2024-12-24 21:00:00+00:00,2024-12-25T05:00:00+08:00,3.6183035572369895,100.0
11727954,"Brgy. Benedicto, Jaro, Iloilo",,10.7258204,122.5580665,2024-12-24 22:00:00+00:00,2024-12-25T06:00:00+08:00,5.52544633547465,100.0
11727954,"Brgy. Benedicto, Jaro, Iloilo",,10.7258204,122.5580665,2024-12-24 23:00:00+00:00,2024-12-25T07:00:00+08:00,11.410714308420816,100.0
11727954,"Brgy. Benedicto, Jaro, Iloilo",,10.7258204,122.5580665,2024-12-25 00:00:00+00:00,2024-12-25T08:00:00+08:00,18.412946144739788,100.0
11727954,"Brgy. Benedicto, Jaro, Iloilo",,10.7258204,122.5580665,2024-12-25 01:00:00+00:00,2024-12-25T09:00:00+08:00,23.632439931233723,100.0
11727954,"Brgy. Benedicto, Jaro, Iloilo",,10.7258204,122.5580665,2024-12-25 02:00:00+00:00,2024-12-25T10:00:00+08:00,18.67976212501526,100.0
11727954,"Brgy. Benedicto, Jaro, Iloilo",,10.7258204,122.5580665,2024-12-25 03:00:00+00:00,2024-12-25T11:00:00+08:00,16.17023793856303,100.0
11727954,"Brgy. Benedicto, Jaro, Iloilo",,10.7258204,122.5580665,2024-12-25 04:00:00+00:00,2024-12-25T12:00:00+08:00,12.198362986246744,100.0
11727954,"Brgy. Benedicto, Jaro, Iloilo",,10.7258204,122.5580665,2024-12-25 05:00:00+00:00,2024-12-25T13:00:00+08:00,6.761904716491699,100.0
11727954,"Brgy. Benedicto, Jaro, Iloilo",,10.7258204,122.5580665,2024-12-25 06:00:00+00:00,2024-12-25T14:00:00+08:00,9.886458396911621,100.0
11727954,"Brgy. Benedicto, Jaro, Iloilo",,10.7258204,122.5580665,2024-12-25 07:00:00+00:00,2024-12-25T15:00:00+08:00,8.442261934280396,100.0
11727954,"Brgy. Benedicto, Jaro, Iloilo",,10.7258204,122.5580665,2024-12-25 08:00:00+00:00,2024-12-25T16:00:00+08:00,19.507142702738445,100.0
11727954,"Brgy. Benedicto, Jaro, Iloilo",,10.7258204,122.5580665,2024-12-25 09:00:00+00:00,2024-12-25T17:00:00+08:00,15.894493818283081,100.0
11727954,"Brgy. Benedicto, Jaro, Iloilo",,10.7258204,122.5580665,2024-12-25 10:00:00+00:00,2024-12-25T18:00:00+08:00,24.83392858505249,100.0
11727954,"Brgy. Benedicto, Jaro, Iloilo",,10.7258204,122.5580665,2024-12-25 11:00:00+00:00,2024-12-25T19:00:00+08:00,30.728571097056072,100.0
11727954,"Brgy. Benedicto, Jaro, Iloilo",,10.7258204,122.5580665,2024-12-25 12:00:00+00:00,2024-12-25T20:00:00+08:00,28.671875,100.0
11727954,"Brgy. Benedicto, Jaro, Iloilo",,10.7258204,122.5580665,2024-12-25 13:00:00+00:00,2024-12-25T21:00:00+08:00,15.5388392607371,100.0
11727954,"Brgy. Benedicto, Jaro, Iloilo",,10.7258204,122.5580665,2024-12-25 14:00:00+00:00,2024-12-25T22:00:00+08:00,8.855803489685059,100.0
11727954,"Brgy. Benedicto, Jaro, Iloilo",,10.7258204,122.5580665,2024-12-25 15:00:00+00:00,2024-12-25T23:00:00+08:00,7.090476234753926,100.0
11727954,"Brgy. Benedicto, Jaro, Iloilo",,10.7258204,122.5580665,2024-12-25 16:00:00+00:00,2024-12-26T00:00:00+08:00,3.89553568760554,100.0
11727954,"Brgy. Benedicto, Jaro, Iloilo",,10.7258204,122.5580665,2024-12-25 17:00:00+00:00,2024-12-26T01:00:00+08:00,3.3827380736668906,100.0
11727954,"Brgy. Benedicto, Jaro, Iloilo",,10.7258204,122.5580665,2024-12-25 18:00:00+00:00,2024-12-26T02:00:00+08:00,2.6178571581840515,100.0
11727954,"Brgy. Benedicto, Jaro, Iloilo",,10.7258204,122.5580665,2024-12-25 19:00:00+00:00,2024-12-26T03:00:00+08:00,2.593898812929789,100.0
11727954,"Brgy. Benedicto, Jaro, Iloilo",,10.7258204,122.5580665,2024-12-25 20:00:00+00:00,2024-12-26T04:00:00+08:00,2.384523799022039,100.0
11727954,"Brgy. Benedicto, Jaro, Iloilo",,10.7258204,122.5580665,2024-12-25 21:00:00+00:00,2024-12-26T05:00:00+08:00,3.5040178894996643,100.0
11727954,"Brgy. Benedicto, Jaro, Iloilo",,10.7258204,122.5580665,2024-12-25 22:00:00+00:00,2024-12-26T06:00:00+08:00,7.13095235824585,100.0
11727954,"Brgy. Benedicto, Jaro, Iloilo",,10.7258204,122.5580665,2024-12-25 23:00:00+00:00,2024-12-26T07:00:00+08:00,13.885267655054728,100.0
11727954,"Brgy. Benedicto, Jaro, Iloilo",,10.7258204,122.5580665,2024-12-26 00:00:00+00:00,2024-12-26T08:00:00+08:00,17.84761905670166,100.0
11727954,"Brgy. Benedicto, Jaro, Iloilo",,10.7258204,122.5580665,2024-12-26 01:00:00+00:00,2024-12-26T09:00:00+08:00,38.0424108505249,100.0
11727954,"Brgy. Benedicto, Jaro, Iloilo",,10.7258204,122.5580665,2024-12-26 02:00:00+00:00,2024-12-26T10:00:00+08:00,25.925000349680584,100.0
11727954,"Brgy. Benedicto, Jaro, Iloilo",,10.7258204,122.5580665,2024-12-26 03:00:00+00:00,2024-12-26T11:00:00+08:00,11.540476242701212,100.0
11727954,"Brgy. Benedicto, Jaro, Iloilo",,10.7258204,122.5580665,2024-12-26 04:00:00+00:00,2024-12-26T12:00:00+08:00,12.919047673543295,100.0
11727954,"Brgy. Benedicto, Jaro, Iloilo",,10.7258204,122.5580665,2024-12-26 05:00:00+00:00,2024-12-26T13:00:00+08:00,9.413839300473532,100.0
11727954,"Brgy. Benedicto, Jaro, Iloilo",,10.7258204,122.5580665,2024-12-26 06:00:00+00:00,2024-12-26T14:00:00+08:00,11.73452385266622,100.0
11727954,"Brgy. Benedicto, Jaro, Iloilo",,10.7258204,122.5580665,2024-12-26 07:00:00+00:00,2024-12-26T15:00:00+08:00,16.5744047164917,100.0
11727954,"Brgy. Benedicto, Jaro, Iloilo",,10.7258204,122.5580665,2024-12-26 08:00:00+00:00,2024-12-26T16:00:00+08:00,21.208333333333332,100.0
11727954,"Brgy. Benedicto, Jaro, Iloilo",,10.7258204,122.5580665,2024-12-26 09:00:00+00:00,2024-12-26T17:00:00+08:00,23.6130952835083,100.0
11727954,"Brgy. Benedicto, Jaro, Iloilo",,10.7258204,122.5580665,2024-12-26 10:00:00+00:00,2024-12-26T18:00:00+08:00,33.88110113143921,100.0
11727954,"Brgy. Benedicto, Jaro, Iloilo",,10.7258204,122.5580665,2024-12-26 11:00:00+00:00,2024-12-26T19:00:00+08:00,37.654761950174965,100.0
11727954,"Brgy. Benedicto, Jaro, Iloilo",,10.7258204,122.5580665,2024-12-26 12:00:00+00:00,2024-12-26T20:00:00+08:00,33.86101214090983,100.0
11727954,"Brgy. Benedicto, Jaro, Iloilo",,10.7258204,122.5580665,2024-12-26 13:00:00+00:00,2024-12-26T21:00:00+08:00,18.580952246983845,100.0
11727954,"Brgy. Benedicto, Jaro, Iloilo",,10.7258204,122.5580665,2024-12-26 14:00:00+00:00,2024-12-26T22:00:00+08:00,11.03690473238627,100.0
11727954,"Brgy. Benedicto, Jaro, Iloilo",,10.7258204,122.5580665,2024-12-26 15:00:00+00:00,2024-12-26T23:00:00+08:00,8.065624912579855,100.0
11727954,"Brgy. Benedicto, Jaro, Iloilo",,10.7258204,122.5580665,2024-12-26 16:00:00+00:00,2024-12-27T00:00:00+08:00,6.286904772122701,100.0
11727954,"Brgy. Benedicto, Jaro, Iloilo",,10.7258204,122.5580665,2024-12-26 17:00:00+00:00,2024-12-27T01:00:00+08:00,4.876934468746185,100.0
11727954,"Brgy. Benedicto, Jaro, Iloilo",,10.7258204,122.5580665,2024-12-26 18:00:00+00:00,2024-12-27T02:00:00+08:00,5.4327380657196045,100.0
11727954,"Brgy. Benedicto, Jaro, Iloilo",,10.7258204,122.5580665,2024-12-26 19:00:00+00:00,2024-12-27T03:00:00+08:00,4.803571422894795,100.0
11727954,"Brgy. Benedicto, Jaro, Iloilo",,10.7258204,122.5580665,2024-12-26 20:00:00+00:00,2024-12-27T04:00:00+08:00,4.961755871772766,100.0
11727954,"Brgy. Benedicto, Jaro, Iloilo",,10.7258204,122.5580665,2024-12-26 21:00:00+00:00,2024-12-27T05:00:00+08:00,6.023809472719829,100.0
11727954,"Brgy. Benedicto, Jaro, Iloilo",,10.7258204,122.5580665,2024-12-26 22:00:00+00:00,2024-12-27T06:00:00+08:00,10.139880935351053,100.0
11727954,"Brgy. Benedicto, Jaro, Iloilo",,10.7258204,122.5580665,2024-12-26 23:00:00+00:00,2024-12-27T07:00:00+08:00,17.264285643895466,100.0
11727954,"Brgy. Benedicto, Jaro, Iloilo",,10.7258204,122.5580665,2024-12-27 00:00:00+00:00,2024-12-27T08:00:00+08:00,26.78333330154419,100.0
11727954,"Brgy. Benedicto, Jaro, Iloilo",,10.7258204,122.5580665,2024-12-27 01:00:00+00:00,2024-12-27T09:00:00+08:00,19.916666666666668,100.0
11727954,"Brgy. Benedicto, Jaro, Iloilo",,10.7258204,122.5580665,2024-12-27 02:00:00+00:00,2024-12-27T10:00:00+08:00,19.752529621124268,100.0
11727954,"Brgy. Benedicto, Jaro, Iloilo",,10.7258204,122.5580665,2024-12-27 03:00:00+00:00,2024-12-27T11:00:00+08:00,18.323809385299683,100.0
11727954,"Brgy. Benedicto, Jaro, Iloilo",,10.7258204,122.5580665,2024-12-27 04:00:00+00:00,2024-12-27T12:00:00+08:00,15.529761989911398,100.0
11727954,"Brgy. Benedicto, Jaro, Iloilo",,10.7258204,122.5580665,2024-12-27 05:00:00+00:00,2024-12-27T13:00:00+08:00,9.3261905113856,100.0
11727954,"Brgy. Benedicto, Jaro, Iloilo",,10.7258204,122.5580665,2024-12-27 06:00:00+00:00,2024-12-27T14:00:00+08:00,7.211904764175415,100.0
11727954,"Brgy. Benedicto, Jaro, Iloilo",,10.7258204,122.5580665,2024-12-27 07:00:00+00:00,2024-12-27T15:00:00+08:00,10.186458230018616,100.0
11727954,"Brgy. Benedicto, Jaro, Iloilo",,10.7258204,122.5580665,2024-12-27 08:00:00+00:00,2024-12-27T16:00:00+08:00,11.623809456825256,100.0
11727954,"Brgy. Benedicto, Jaro, Iloilo",,10.7258204,122.5580665,2024-12-27 09:00:00+00:00,2024-12-27T17:00:00+08:00,15.90639877319336,100.0
11727954,"Brgy. Benedicto, Jaro, Iloilo",,10.7258204,122.5580665,2024-12-27 10:00:00+00:00,2024-12-27T18:00:00+08:00,23.78333322207133,100.0
11727954,"Brgy. Benedicto, Jaro, Iloilo",,10.7258204,122.5580665,2024-12-27 11:00:00+00:00,2024-12-27T19:00:00+08:00,32.96294625600179,100.0
11727954,"Brgy. Benedicto, Jaro, Iloilo",,10.7258204,122.5580665,2024-12-27 12:00:00+00:00,2024-12-27T20:00:00+08:00,28.225000381469727,100.0
11727954,"Brgy. Benedicto, Jaro, Iloilo",,10.7258204,122.5580665,2024-12-27 13:00:00+00:00,2024-12-27T21:00:00+08:00,16.838690439860027,100.0
11727954,"Brgy. Benedicto, Jaro, Iloilo",,10.7258204,122.5580665,2024-12-27 14:00:00+00:00,2024-12-27T22:00:00+08:00,12.101190408070883,100.0
11727954,"Brgy. Benedicto, Jaro, Iloilo",,10.7258204,122.5580665,2024-12-27 15:00:00+00:00,2024-12-27T23:00:00+08:00,7.472172697385152,100.0
11727954,"Brgy. Benedicto, Jaro, Iloilo",,10.7258204,122.5580665,2024-12-27 16:00:00+00:00,2024-12-28T00:00:00+08:00,7.4142857392628985,100.0
11727954,"Brgy. Benedicto, Jaro, Iloilo",,10.7258204,122.5580665,2024-12-27 17:00:00+00:00,2024-12-28T01:00:00+08:00,6.932142853736877,100.0
11727954,"Brgy. Benedicto, Jaro, Iloilo",,10.7258204,122.5580665,2024-12-27 18:00:00+00:00,2024-12-28T02:00:00+08:00,6.504761914412181,100.0
11727954,"Brgy. Benedicto, Jaro, Iloilo",,10.7258204,122.5580665,2024-12-27 19:00:00+00:00,2024-12-28T03:00:00+08:00,4.091666718324025,100.0
11727954,"Brgy. Benedicto, Jaro, Iloilo",,10.7258204,122.5580665,2024-12-27 20:00:00+00:00,2024-12-28T04:00:00+08:00,3.701785663763682,100.0
11727954,"Brgy. Benedicto, Jaro, Iloilo",,10.7258204,122.5580665,2024-12-27 21:00:00+00:00,2024-12-28T05:00:00+08:00,4.390029768149058,100.0
11727954,"Brgy. Benedicto, Jaro, Iloilo",,10.7258204,122.5580665,2024-12-27 22:00:00+00:00,2024-12-28T06:00:00+08:00,9.997619072596232,100.0
11727954,"Brgy. Benedicto, Jaro, Iloilo",,10.7258204,122.5580665,2024-12-27 23:00:00+00:00,2024-12-28T07:00:00+08:00,18.621875206629436,100.0
11727954,"Brgy. Benedicto, Jaro, Iloilo",,10.7258204,122.5580665,2024-12-28 00:00:00+00:00,2024-12-28T08:00:00+08:00,25.139285564422607,100.0
11727954,"Brgy. Benedicto, Jaro, Iloilo",,10.7258204,122.5580665,2024-12-28 01:00:00+00:00,2024-12-28T09:00:00+08:00,23.6370534102122,100.0
11727954,"Brgy. Benedicto, Jaro, Iloilo",,10.7258204,122.5580665,2024-12-28 02:00:00+00:00,2024-12-28T10:00:00+08:00,16.251190503438313,100.0
11727954,"Brgy. Benedicto, Jaro, Iloilo",,10.7258204,122.5580665,2024-12-28 03:00:00+00:00,2024-12-28T11:00:00+08:00,14.145386775334677,100.0
11727954,"Brgy. Benedicto, Jaro, Iloilo",,10.7258204,122.5580665,2024-12-28 04:00:00+00:00,2024-12-28T12:00:00+08:00,11.009523749351501,100.0
11727954,"Brgy. Benedicto, Jaro, Iloilo",,10.7258204,122.5580665,2024-12-28 05:00:00+00:00,2024-12-28T13:00:00+08:00,22.538392941157024,100.0
11727954,"Brgy. Benedicto, Jaro, Iloilo",,10.7258204,122.5580665,2024-12-28 06:00:00+00:00,2024-12-28T14:00:00+08:00,11.848809639612833,100.0
11727954,"Brgy. Benedicto, Jaro, Iloilo",,10.7258204,122.5580665,2024-12-28 07:00:00+00:00,2024-12-28T15:00:00+08:00,16.74657742182414,100.0
11727954,"Brgy. Benedicto, Jaro, Iloilo",,10.7258204,122.5580665,2024-12-28 08:00:00+00:00,2024-12-28T16:00:00+08:00,14.479166825612387,100.0
11727954,"Brgy. Benedicto, Jaro, Iloilo",,10.7258204,122.5580665,2024-12-28 09:00:00+00:00,2024-12-28T17:00:00+08:00,20.666666507720947,100.0
11727954,"Brgy. Benedicto, Jaro, Iloilo",,10.7258204,122.5580665,2024-12-28 10:00:00+00:00,2024-12-28T18:00:00+08:00,26.574256261189777,100.0
11727954,"Brgy. Benedicto, Jaro, Iloilo",,10.7258204,122.5580665,2024-12-28 11:00:00+00:00,2024-12-28T19:00:00+08:00,35.759523709615074,100.0
11727954,"Brgy. Benedicto, Jaro, Iloilo",,10.7258204,122.5580665,2024-12-28 12:00:00+00:00,2024-12-28T20:00:00+08:00,26.157291412353516,100.0
11727954,"Brgy. Benedicto, Jaro, Iloilo",,10.7258204,122.5580665,2024-12-28 13:00:00+00:00,2024-12-28T21:00:00+08:00,18.705952485402424,100.0
11727954,"Brgy. Benedicto, Jaro, Iloilo",,10.7258204,122.5580665,2024-12-28 14:00:00+00:00,2024-12-28T22:00:00+08:00,15.650148868560791,100.0
11727954,"Brgy. Benedicto, Jaro, Iloilo",,10.7258204,122.5580665,2024-12-28 15:00:00+00:00,2024-12-28T23:00:00+08:00,14.250595251719156,100.0
11727954,"Brgy. Benedicto, Jaro, Iloilo",,10.7258204,122.5580665,2024-12-28 16:00:00+00:00,2024-12-29T00:00:00+08:00,8.580952366193136,100.0
11727954,"Brgy. Benedicto, Jaro, Iloilo",,10.7258204,122.5580665,2024-12-28 17:00:00+00:00,2024-12-29T01:00:00+08:00,6.487648844718933,100.0
11727954,"Brgy. Benedicto, Jaro, Iloilo",,10.7258204,122.5580665,2024-12-28 18:00:00+00:00,2024-12-29T02:00:00+08:00,4.492509921391805,100.0
11727954,"Brgy. Benedicto, Jaro, Iloilo",,10.7258204,122.5580665,2024-12-28 19:00:00+00:00,2024-12-29T03:00:00+08:00,4.397619009017944,100.0
11727954,"Brgy. Benedicto, Jaro, Iloilo",,10.7258204,122.5580665,2024-12-28 20:00:00+00:00,2024-12-29T04:00:00+08:00,3.361011882623037,100.0
11727954,"Brgy. Benedicto, Jaro, Iloilo",,10.7258204,122.5580665,2024-12-28 21:00:00+00:00,2024-12-29T05:00:00+08:00,4.084523797035217,100.0
11727954,"Brgy. Benedicto, Jaro, Iloilo",,10.7258204,122.5580665,2024-12-28 22:00:00+00:00,2024-12-29T06:00:00+08:00,7.390922526518504,100.0
11727954,"Brgy. Benedicto, Jaro, Iloilo",,10.7258204,122.5580665,2024-12-28 23:00:00+00:00,2024-12-29T07:00:00+08:00,11.836755752563477,100.0
11727954,"Brgy. Benedicto, Jaro, Iloilo",,10.7258204,122.5580665,2024-12-29 00:00:00+00:00,2024-12-29T08:00:00+08:00,14.540476401646933,100.0
11727954,"Brgy. Benedicto, Jaro, Iloilo",,10.7258204,122.5580665,2024-12-29 01:00:00+00:00,2024-12-29T09:00:00+08:00,12.586309512456259,100.0
11727954,"Brgy. Benedicto, Jaro, Iloilo",,10.7258204,122.5580665,2024-12-29 02:00:00+00:00,2024-12-29T10:00:00+08:00,11.949999968210856,100.0
11727954,"Brgy. Benedicto, Jaro, Iloilo",,10.7258204,122.5580665,2024-12-29 03:00:00+00:00,2024-12-29T11:00:00+08:00,12.116369088490805,100.0
11727954,"Brgy. Benedicto, Jaro, Iloilo",,10.7258204,122.5580665,2024-12-29 04:00:00+00:00,2024-12-29T12:00:00+08:00,22.54880976676941,100.0
11727954,"Brgy. Benedicto, Jaro, Iloilo",,10.7258204,122.5580665,2024-12-29 05:00:00+00:00,2024-12-29T13:00:00+08:00,24.758630990982056,100.0
11727954,"Brgy. Benedicto, Jaro, Iloilo",,10.7258204,122.5580665,2024-12-29 06:00:00+00:00,2024-12-29T14:00:00+08:00,16.184523900349934,100.0
11727954,"Brgy. Benedicto, Jaro, Iloilo",,10.7258204,122.5580665,2024-12-29 07:00:00+00:00,2024-12-29T15:00:00+08:00,18.35952393213908,100.0
11727954,"Brgy. Benedicto, Jaro, Iloilo",,10.7258204,122.5580665,2024-12-29 08:00:00+00:00,2024-12-29T16:00:00+08:00,21.84032742182414,100.0
11727954,"Brgy. Benedicto, Jaro, Iloilo",,10.7258204,122.5580665,2024-12-29 09:00:00+00:00,2024-12-29T17:00:00+08:00,32.4797617594401,100.0
11727954,"Brgy. Benedicto, Jaro, Iloilo",,10.7258204,122.5580665,2024-12-29 10:00:00+00:00,2024-12-29T18:00:00+08:00,41.04642836252848,100.0
11727954,"Brgy. Benedicto, Jaro, Iloilo",,10.7258204,122.5580665,2024-12-29 11:00:00+00:00,2024-12-29T19:00:00+08:00,47.17217254638672,100.0
11727954,"Brgy. Benedicto, Jaro, Iloilo",,10.7258204,122.5580665,2024-12-29 12:00:00+00:00,2024-12-29T20:00:00+08:00,34.43571456273397,100.0
11727954,"Brgy. Benedicto, Jaro, Iloilo",,10.7258204,122.5580665,2024-12-29 13:00:00+00:00,2024-12-29T21:00:00+08:00,15.940476179122925,100.0
11727954,"Brgy. Benedicto, Jaro, Iloilo",,10.7258204,122.5580665,2024-12-29 14:00:00+00:00,2024-12-29T22:00:00+08:00,11.696726123491922,100.0
11727954,"Brgy. Benedicto, Jaro, Iloilo",,10.7258204,122.5580665,2024-12-29 15:00:00+00:00,2024-12-29T23:00:00+08:00,7.236904780069987,100.0
11727954,"Brgy. Benedicto, Jaro, Iloilo",,10.7258204,122.5580665,2024-12-29 16:00:00+00:00,2024-12-30T00:00:00+08:00,5.3424603541692095,100.0
11727954,"Brgy. Benedicto, Jaro, Iloilo",,10.7258204,122.5580665,2024-12-29 17:00:00+00:00,2024-12-30T01:00:00+08:00,2.8165178696314492,100.0
11727954,"Brgy. Benedicto, Jaro, Iloilo",,10.7258204,122.5580665,2024-12-29 18:00:00+00:00,2024-12-30T02:00:00+08:00,2.278571436802546,100.0
11727954,"Brgy. Benedicto, Jaro, Iloilo",,10.7258204,122.5580665,2024-12-29 19:00:00+00:00,2024-12-30T03:00:00+08:00,2.2607142627239227,100.0
11727954,"Brgy. Benedicto, Jaro, Iloilo",,10.7258204,122.5580665,2024-12-29 20:00:00+00:00,2024-12-30T04:00:00+08:00,2.9428571462631226,100.0
11727954,"Brgy. Benedicto, Jaro, Iloilo",,10.7258204,122.5580665,2024-12-29 21:00:00+00:00,2024-12-30T05:00:00+08:00,5.3702380657196045,100.0
11727954,"Brgy. Benedicto, Jaro, Iloilo",,10.7258204,122.5580665,2024-12-29 22:00:00+00:00,2024-12-30T06:00:00+08:00,9.40416669845581,100.0
11727954,"Brgy. Benedicto, Jaro, Iloilo",,10.7258204,122.5580665,2024-12-29 23:00:00+00:00,2024-12-30T07:00:00+08:00,15.66785717010498,100.0
11727954,"Brgy. Benedicto, Jaro, Iloilo",,10.7258204,122.5580665,2024-12-30 00:00:00+00:00,2024-12-30T08:00:00+08:00,15.883333206176758,100.0
11727954,"Brgy. Benedicto, Jaro, Iloilo",,10.7258204,122.5580665,2024-12-30 01:00:00+00:00,2024-12-30T09:00:00+08:00,16.120238224665325,100.0
11727954,"Brgy. Benedicto, Jaro, Iloilo",,10.7258204,122.5580665,2024-12-30 02:00:00+00:00,2024-12-30T10:00:00+08:00,19.158928394317627,100.0
11727954,"Brgy. Benedicto, Jaro, Iloilo",,10.7258204,122.5580665,2024-12-30 03:00:00+00:00,2024-12-30T11:00:00+08:00,13.564285516738892,100.0
11727954,"Brgy. Benedicto, Jaro, Iloilo",,10.7258204,122.5580665,2024-12-30 04:00:00+00:00,2024-12-30T12:00:00+08:00,12.822916706403097,100.0
11727954,"Brgy. Benedicto, Jaro, Iloilo",,10.7258204,122.5580665,2024-12-30 05:00:00+00:00,2024-12-30T13:00:00+08:00,9.458333373069763,100.0
11727954,"Brgy. Benedicto, Jaro, Iloilo",,10.7258204,122.5580665,2024-12-30 06:00:00+00:00,2024-12-30T14:00:00+08:00,8.317857086658478,100.0
11727954,"Brgy. Benedicto, Jaro, Iloilo",,10.7258204,122.5580665,2024-12-30 07:00:00+00:00,2024-12-30T15:00:00+08:00,4.910714268684387,100.0
11727954,"Brgy. Benedicto, Jaro, Iloilo",,10.7258204,122.5580665,2024-12-30 08:00:00+00:00,2024-12-30T16:00:00+08:00,6.7440476814905805,100.0
11727954,"Brgy. Benedicto, Jaro, Iloilo",,10.7258204,122.5580665,2024-12-30 09:00:00+00:00,2024-12-30T17:00:00+08:00,15.957142869631449,100.0
11727954,"Brgy. Benedicto, Jaro, Iloilo",,10.7258204,122.5580665,2024-12-30 10:00:00+00:00,2024-12-30T18:00:00+08:00,36.51577377319336,100.0
11727954,"Brgy. Benedicto, Jaro, Iloilo",,10.7258204,122.5580665,2024-12-30 11:00:00+00:00,2024-12-30T19:00:00+08:00,49.79285748799642,100.0
11727954,"Brgy. Benedicto, Jaro, Iloilo",,10.7258204,122.5580665,2024-12-30 12:00:00+00:00,2024-12-30T20:00:00+08:00,38.808332761128746,100.0
11727954,"Brgy. Benedicto, Jaro, Iloilo",,10.7258204,122.5580665,2024-12-30 13:00:00+00:00,2024-12-30T21:00:00+08:00,27.883036136627197,100.0
11727954,"Brgy. Benedicto, Jaro, Iloilo",,10.7258204,122.5580665,2024-12-30 14:00:00+00:00,2024-12-30T22:00:00+08:00,16.53095245361328,100.0
11727954,"Brgy. Benedicto, Jaro, Iloilo",,10.7258204,122.5580665,2024-12-30 15:00:00+00:00,2024-12-30T23:00:00+08:00,14.892856995264689,100.0
11727954,"Brgy. Benedicto, Jaro, Iloilo",,10.7258204,122.5580665,2024-12-30 16:00:00+00:00,2024-12-31T00:00:00+08:00,11.133333563804626,100.0
11727954,"Brgy. Benedicto, Jaro, Iloilo",,10.7258204,122.5580665,2024-12-30 17:00:00+00:00,2024-12-31T01:00:00+08:00,8.628571510314941,100.0
11727954,"Brgy. Benedicto, Jaro, Iloilo",,10.7258204,122.5580665,2024-12-30 18:00:00+00:00,2024-12-31T02:00:00+08:00,7.305952390034993,100.0
11727954,"Brgy. Benedicto, Jaro, Iloilo",,10.7258204,122.5580665,2024-12-30 19:00:00+00:00,2024-12-31T03:00:00+08:00,7.249553640683492,100.0
11727954,"Brgy. Benedicto, Jaro, Iloilo",,10.7258204,122.5580665,2024-12-30 20:00:00+00:00,2024-12-31T04:00:00+08:00,9.483333349227905,100.0
11727954,"Brgy. Benedicto, Jaro, Iloilo",,10.7258204,122.5580665,2024-12-30 21:00:00+00:00,2024-12-31T05:00:00+08:00,11.09776782989502,100.0
11727954,"Brgy. Benedicto, Jaro, Iloilo",,10.7258204,122.5580665,2024-12-30 22:00:00+00:00,2024-12-31T06:00:00+08:00,13.547619104385376,100.0
11727954,"Brgy. Benedicto, Jaro, Iloilo",,10.7258204,122.5580665,2024-12-30 23:00:00+00:00,2024-12-31T07:00:00+08:00,24.86547629038493,100.0
11727954,"Brgy. Benedicto, Jaro, Iloilo",,10.7258204,122.5580665,2024-12-31 00:00:00+00:00,2024-12-31T08:00:00+08:00,31.779761791229248,100.0
11727954,"Brgy. Benedicto, Jaro, Iloilo",,10.7258204,122.5580665,2024-12-31 01:00:00+00:00,2024-12-31T09:00:00+08:00,22.508333285649616,100.0
11727954,"Brgy. Benedicto, Jaro, Iloilo",,10.7258204,122.5580665,2024-12-31 02:00:00+00:00,2024-12-31T10:00:00+08:00,17.2504464785258,100.0
11727954,"Brgy. Benedicto, Jaro, Iloilo",,10.7258204,122.5580665,2024-12-31 03:00:00+00:00,2024-12-31T11:00:00+08:00,18.777381261189777,100.0
11727954,"Brgy. Benedicto, Jaro, Iloilo",,10.7258204,122.5580665,2024-12-31 04:00:00+00:00,2024-12-31T12:00:00+08:00,23.79642875989278,100.0
11727954,"Brgy. Benedicto, Jaro, Iloilo",,10.7258204,122.5580665,2024-12-31 05:00:00+00:00,2024-12-31T13:00:00+08:00,21.008333524068195,100.0
11727954,"Brgy. Benedicto, Jaro, Iloilo",,10.7258204,122.5580665,2024-12-31 06:00:00+00:00,2024-12-31T14:00:00+08:00,15.876239935557047,100.0
11727954,"Brgy. Benedicto, Jaro, Iloilo",,10.7258204,122.5580665,2024-12-31 07:00:00+00:00,2024-12-31T15:00:00+08:00,13.499255975087484,100.0
11727954,"Brgy. Benedicto, Jaro, Iloilo",,10.7258204,122.5580665,2024-12-31 08:00:00+00:00,2024-12-31T16:00:00+08:00,23.419047355651855,100.0
11727954,"Brgy. Benedicto, Jaro, Iloilo",,10.7258204,122.5580665,2024-12-31 09:00:00+00:00,2024-12-31T17:00:00+08:00,32.83690468470255,100.0
11727954,"Brgy. Benedicto, Jaro, Iloilo",,10.7258204,122.5580665,2024-12-31 10:00:00+00:00,2024-12-31T18:00:00+08:00,48.06279754638672,100.0
11727954,"Brgy. Benedicto, Jaro, Iloilo",,10.7258204,122.5580665,2024-12-31 11:00:00+00:00,2024-12-31T19:00:00+08:00,36.880952994028725,100.0
11727954,"Brgy. Benedicto, Jaro, Iloilo",,10.7258204,122.5580665,2024-12-31 12:00:00+00:00,2024-12-31T20:00:00+08:00,49.19166628519694,100.0
11727954,"Brgy. Benedicto, Jaro, Iloilo",,10.7258204,122.5580665,2024-12-31 13:00:00+00:00,2024-12-31T21:00:00+08:00,54.73928578694662,100.0
11727954,"Brgy. Benedicto, Jaro, Iloilo",,10.7258204,122.5580665,2024-12-31 14:00:00+00:00,2024-12-31T22:00:00+08:00,39.804761250813804,100.0
11727954,"Brgy. Benedicto, Jaro, Iloilo",,10.7258204,122.5580665,2024-12-31 15:00:00+00:00,2024-12-31T23:00:00+08:00,47.790475845336914,100.0
11727954,"Brgy. Benedicto, Jaro, Iloilo",,10.7258204,122.5580665,2024-12-31 16:00:00+00:00,2025-01-01T00:00:00+08:00,55.57738049825033,100.0
11727954,"Brgy. Benedicto, Jaro, Iloilo",,10.7258204,122.5580665,2024-12-31 17:00:00+00:00,2025-01-01T01:00:00+08:00,362.7523816426595,100.0
11727954,"Brgy. Benedicto, Jaro, Iloilo",,10.7258204,122.5580665,2024-12-31 18:00:00+00:00,2025-01-01T02:00:00+08:00,272.34642791748047,100.0
11727954,"Brgy. Benedicto, Jaro, Iloilo",,10.7258204,122.5580665,2024-12-31 19:00:00+00:00,2025-01-01T03:00:00+08:00,163.2107162475586,100.0
11727954,"Brgy. Benedicto, Jaro, Iloilo",,10.7258204,122.5580665,2024-12-31 20:00:00+00:00,2025-01-01T04:00:00+08:00,98.16428693135579,100.0
11727954,"Brgy. Benedicto, Jaro, Iloilo",,10.7258204,122.5580665,2024-12-31 21:00:00+00:00,2025-01-01T05:00:00+08:00,49.497618993123375,100.0
11727954,"Brgy. Benedicto, Jaro, Iloilo",,10.7258204,122.5580665,2024-12-31 22:00:00+00:00,2025-01-01T06:00:00+08:00,42.95089244842529,100.0
11727954,"Brgy. Benedicto, Jaro, Iloilo",,10.7258204,122.5580665,2024-12-31 23:00:00+00:00,2025-01-01T07:00:00+08:00,34.73452361424764,100.0
11794652,"Brgy. East Timawa, Molo",,10.696736,122.5488203,2024-12-26 09:00:00+00:00,2024-12-26T17:00:00+08:00,19.354999542236328,100.0
11794652,"Brgy. East Timawa, Molo",,10.696736,122.5488203,2024-12-26 10:00:00+00:00,2024-12-26T18:00:00+08:00,29.554833221435548,100.0
11794652,"Brgy. East Timawa, Molo",,10.696736,122.5488203,2024-12-26 11:00:00+00:00,2024-12-26T19:00:00+08:00,33.156269550323486,100.0
11794652,"Brgy. East Timawa, Molo",,10.696736,122.5488203,2024-12-26 12:00:00+00:00,2024-12-26T20:00:00+08:00,27.246753345836293,100.0
11794652,"Brgy. East Timawa, Molo",,10.696736,122.5488203,2024-12-26 13:00:00+00:00,2024-12-26T21:00:00+08:00,19.943849245707195,100.0
11794652,"Brgy. East Timawa, Molo",,10.696736,122.5488203,2024-12-26 14:00:00+00:00,2024-12-26T22:00:00+08:00,8.18067455291748,100.0
11794652,"Brgy. East Timawa, Molo",,10.696736,122.5488203,2024-12-26 15:00:00+00:00,2024-12-26T23:00:00+08:00,5.722777724266052,100.0
11794652,"Brgy. East Timawa, Molo",,10.696736,122.5488203,2024-12-26 16:00:00+00:00,2024-12-27T00:00:00+08:00,4.662559509277344,100.0
11794652,"Brgy. East Timawa, Molo",,10.696736,122.5488203,2024-12-26 17:00:00+00:00,2024-12-27T01:00:00+08:00,5.499603192011516,100.0
11794652,"Brgy. East Timawa, Molo",,10.696736,122.5488203,2024-12-26 18:00:00+00:00,2024-12-27T02:00:00+08:00,4.678769787152608,100.0
11794652,"Brgy. East Timawa, Molo",,10.696736,122.5488203,2024-12-26 19:00:00+00:00,2024-12-27T03:00:00+08:00,3.5491666396458945,100.0
11794652,"Brgy. East Timawa, Molo",,10.696736,122.5488203,2024-12-26 20:00:00+00:00,2024-12-27T04:00:00+08:00,3.5994444489479065,100.0
11794652,"Brgy. East Timawa, Molo",,10.696736,122.5488203,2024-12-26 21:00:00+00:00,2024-12-27T05:00:00+08:00,4.071627040704091,100.0
11794652,"Brgy. East Timawa, Molo",,10.696736,122.5488203,2024-12-26 22:00:00+00:00,2024-12-27T06:00:00+08:00,7.435912688573201,100.0
11794652,"Brgy. East Timawa, Molo",,10.696736,122.5488203,2024-12-26 23:00:00+00:00,2024-12-27T07:00:00+08:00,14.883928457895914,100.0
11794652,"Brgy. East Timawa, Molo",,10.696736,122.5488203,2024-12-27 00:00:00+00:00,2024-12-27T08:00:00+08:00,13.825595299402872,100.0
11794652,"Brgy. East Timawa, Molo",,10.696736,122.5488203,2024-12-27 01:00:00+00:00,2024-12-27T09:00:00+08:00,16.53313485781352,100.0
11794652,"Brgy. East Timawa, Molo",,10.696736,122.5488203,2024-12-27 02:00:00+00:00,2024-12-27T10:00:00+08:00,14.753372748692831,100.0
11794652,"Brgy. East Timawa, Molo",,10.696736,122.5488203,2024-12-27 03:00:00+00:00,2024-12-27T11:00:00+08:00,17.162103176116943,100.0
11794652,"Brgy. East Timawa, Molo",,10.696736,122.5488203,2024-12-27 04:00:00+00:00,2024-12-27T12:00:00+08:00,11.773214221000671,100.0
11794652,"Brgy. East Timawa, Molo",,10.696736,122.5488203,2024-12-27 05:00:00+00:00,2024-12-27T13:00:00+08:00,5.036706368128459,100.0
11794652,"Brgy. East Timawa, Molo",,10.696736,122.5488203,2024-12-27 06:00:00+00:00,2024-12-27T14:00:00+08:00,4.237619025366647,100.0
11794652,"Brgy. East Timawa, Molo",,10.696736,122.5488203,2024-12-27 07:00:00+00:00,2024-12-27T15:00:00+08:00,4.80099203189214,100.0
11794652,"Brgy. East Timawa, Molo",,10.696736,122.5488203,2024-12-27 08:00:00+00:00,2024-12-27T16:00:00+08:00,9.834618854522706,100.0
11794652,"Brgy. East Timawa, Molo",,10.696736,122.5488203,2024-12-27 09:00:00+00:00,2024-12-27T17:00:00+08:00,10.662420590718588,100.0
11794652,"Brgy. East Timawa, Molo",,10.696736,122.5488203,2024-12-27 10:00:00+00:00,2024-12-27T18:00:00+08:00,17.311349312464397,100.0
11794652,"Brgy. East Timawa, Molo",,10.696736,122.5488203,2024-12-27 11:00:00+00:00,2024-12-27T19:00:00+08:00,19.238868951797485,100.0
11794652,"Brgy. East Timawa, Molo",,10.696736,122.5488203,2024-12-27 12:00:00+00:00,2024-12-27T20:00:00+08:00,15.650000174840292,100.0
11794652,"Brgy. East Timawa, Molo",,10.696736,122.5488203,2024-12-27 13:00:00+00:00,2024-12-27T21:00:00+08:00,17.14952392578125,100.0
11794652,"Brgy. East Timawa, Molo",,10.696736,122.5488203,2024-12-27 14:00:00+00:00,2024-12-27T22:00:00+08:00,16.19444465637207,100.0
11794652,"Brgy. East Timawa, Molo",,10.696736,122.5488203,2024-12-27 15:00:00+00:00,2024-12-27T23:00:00+08:00,5.463928620020549,100.0
11794652,"Brgy. East Timawa, Molo",,10.696736,122.5488203,2024-12-27 16:00:00+00:00,2024-12-28T00:00:00+08:00,5.711309552192688,100.0
11794652,"Brgy. East Timawa, Molo",,10.696736,122.5488203,2024-12-27 17:00:00+00:00,2024-12-28T01:00:00+08:00,5.552976210912068,100.0
11794652,"Brgy. East Timawa, Molo",,10.696736,122.5488203,2024-12-27 18:00:00+00:00,2024-12-28T02:00:00+08:00,4.357886930306752,100.0
11794652,"Brgy. East Timawa, Molo",,10.696736,122.5488203,2024-12-27 19:00:00+00:00,2024-12-28T03:00:00+08:00,3.218253950277964,100.0
11794652,"Brgy. East Timawa, Molo",,10.696736,122.5488203,2024-12-27 20:00:00+00:00,2024-12-28T04:00:00+08:00,2.765912671883901,100.0
11794652,"Brgy. East Timawa, Molo",,10.696736,122.5488203,2024-12-27 21:00:00+00:00,2024-12-28T05:00:00+08:00,3.677380939324697,100.0
11794652,"Brgy. East Timawa, Molo",,10.696736,122.5488203,2024-12-27 22:00:00+00:00,2024-12-28T06:00:00+08:00,11.644047578175863,100.0
11794652,"Brgy. East Timawa, Molo",,10.696736,122.5488203,2024-12-27 23:00:00+00:00,2024-12-28T07:00:00+08:00,14.165873050689697,100.0
11794652,"Brgy. East Timawa, Molo",,10.696736,122.5488203,2024-12-28 00:00:00+00:00,2024-12-28T08:00:00+08:00,14.601785818735758,100.0
11794652,"Brgy. East Timawa, Molo",,10.696736,122.5488203,2024-12-28 01:00:00+00:00,2024-12-28T09:00:00+08:00,35.35019850730896,100.0
11794652,"Brgy. East Timawa, Molo",,10.696736,122.5488203,2024-12-28 02:00:00+00:00,2024-12-28T10:00:00+08:00,22.046825289726257,100.0
11794652,"Brgy. East Timawa, Molo",,10.696736,122.5488203,2024-12-28 03:00:00+00:00,2024-12-28T11:00:00+08:00,13.389285723368326,100.0
11794652,"Brgy. East Timawa, Molo",,10.696736,122.5488203,2024-12-28 04:00:00+00:00,2024-12-28T12:00:00+08:00,4.113285732269287,100.0
11794652,"Brgy. East Timawa, Molo",,10.696736,122.5488203,2024-12-28 05:00:00+00:00,2024-12-28T13:00:00+08:00,7.9450794325934515,100.0
11794652,"Brgy. East Timawa, Molo",,10.696736,122.5488203,2024-12-28 06:00:00+00:00,2024-12-28T14:00:00+08:00,6.148611168066661,100.0
11794652,"Brgy. East Timawa, Molo",,10.696736,122.5488203,2024-12-28 07:00:00+00:00,2024-12-28T15:00:00+08:00,12.776349147160849,100.0
11794652,"Brgy. East Timawa, Molo",,10.696736,122.5488203,2024-12-28 08:00:00+00:00,2024-12-28T16:00:00+08:00,9.410515785217285,100.0
11794652,"Brgy. East Timawa, Molo",,10.696736,122.5488203,2024-12-28 09:00:00+00:00,2024-12-28T17:00:00+08:00,27.20376976331075,100.0
11794652,"Brgy. East Timawa, Molo",,10.696736,122.5488203,2024-12-28 10:00:00+00:00,2024-12-28T18:00:00+08:00,21.577579418818157,100.0
11794652,"Brgy. East Timawa, Molo",,10.696736,122.5488203,2024-12-28 11:00:00+00:00,2024-12-28T19:00:00+08:00,29.764069123701617,100.0
11794652,"Brgy. East Timawa, Molo",,10.696736,122.5488203,2024-12-28 12:00:00+00:00,2024-12-28T20:00:00+08:00,25.811111291249592,100.0
11794652,"Brgy. East Timawa, Molo",,10.696736,122.5488203,2024-12-28 13:00:00+00:00,2024-12-28T21:00:00+08:00,19.906229972839355,100.0
11794652,"Brgy. East Timawa, Molo",,10.696736,122.5488203,2024-12-28 14:00:00+00:00,2024-12-28T22:00:00+08:00,14.744444449742636,100.0
11794652,"Brgy. East Timawa, Molo",,10.696736,122.5488203,2024-12-28 15:00:00+00:00,2024-12-28T23:00:00+08:00,12.392063617706299,100.0
11794652,"Brgy. East Timawa, Molo",,10.696736,122.5488203,2024-12-28 16:00:00+00:00,2024-12-29T00:00:00+08:00,6.976587335268657,100.0
11794652,"Brgy. East Timawa, Molo",,10.696736,122.5488203,2024-12-28 17:00:00+00:00,2024-12-29T01:00:00+08:00,4.88908729950587,100.0
11794652,"Brgy. East Timawa, Molo",,10.696736,122.5488203,2024-12-28 18:00:00+00:00,2024-12-29T02:00:00+08:00,3.3119047482808432,100.0
11794652,"Brgy. East Timawa, Molo",,10.696736,122.5488203,2024-12-28 19:00:00+00:00,2024-12-29T03:00:00+08:00,3.167460322380066,100.0
11794652,"Brgy. East Timawa, Molo",,10.696736,122.5488203,2024-12-28 20:00:00+00:00,2024-12-29T04:00:00+08:00,2.3449206054210663,100.0
11794652,"Brgy. East Timawa, Molo",,10.696736,122.5488203,2024-12-28 21:00:00+00:00,2024-12-29T05:00:00+08:00,2.545238107442856,100.0
11794652,"Brgy. East Timawa, Molo",,10.696736,122.5488203,2024-12-28 22:00:00+00:00,2024-12-29T06:00:00+08:00,5.153571446736653,100.0
11794652,"Brgy. East Timawa, Molo",,10.696736,122.5488203,2024-12-28 23:00:00+00:00,2024-12-29T07:00:00+08:00,7.483333349227905,100.0
11794652,"Brgy. East Timawa, Molo",,10.696736,122.5488203,2024-12-29 00:00:00+00:00,2024-12-29T08:00:00+08:00,9.398502031962076,100.0
11794652,"Brgy. East Timawa, Molo",,10.696736,122.5488203,2024-12-29 01:00:00+00:00,2024-12-29T09:00:00+08:00,9.074880917867025,100.0
11794652,"Brgy. East Timawa, Molo",,10.696736,122.5488203,2024-12-29 02:00:00+00:00,2024-12-29T10:00:00+08:00,7.3408730030059814,100.0
11794652,"Brgy. East Timawa, Molo",,10.696736,122.5488203,2024-12-29 03:00:00+00:00,2024-12-29T11:00:00+08:00,7.176934599876404,100.0
11794652,"Brgy. East Timawa, Molo",,10.696736,122.5488203,2024-12-29 04:00:00+00:00,2024-12-29T12:00:00+08:00,14.300743818283081,100.0
11794652,"Brgy. East Timawa, Molo",,10.696736,122.5488203,2024-12-29 05:00:00+00:00,2024-12-29T13:00:00+08:00,6.040625015894572,100.0
11794652,"Brgy. East Timawa, Molo",,10.696736,122.5488203,2024-12-29 06:00:00+00:00,2024-12-29T14:00:00+08:00,7.111071443557739,100.0
11794652,"Brgy. East Timawa, Molo",,10.696736,122.5488203,2024-12-29 07:00:00+00:00,2024-12-29T15:00:00+08:00,10.805238056182862,100.0
11794652,"Brgy. East Timawa, Molo",,10.696736,122.5488203,2024-12-29 08:00:00+00:00,2024-12-29T16:00:00+08:00,12.885714149475097,100.0
11794652,"Brgy. East Timawa, Molo",,10.696736,122.5488203,2024-12-29 09:00:00+00:00,2024-12-29T17:00:00+08:00,12.467095518112183,100.0
11794652,"Brgy. East Timawa, Molo",,10.696736,122.5488203,2024-12-29 10:00:00+00:00,2024-12-29T18:00:00+08:00,21.36051599184672,100.0
11794652,"Brgy. East Timawa, Molo",,10.696736,122.5488203,2024-12-29 11:00:00+00:00,2024-12-29T19:00:00+08:00,31.404761791229248,100.0
11794652,"Brgy. East Timawa, Molo",,10.696736,122.5488203,2024-12-29 12:00:00+00:00,2024-12-29T20:00:00+08:00,30.438073244961824,100.0
11794652,"Brgy. East Timawa, Molo",,10.696736,122.5488203,2024-12-29 13:00:00+00:00,2024-12-29T21:00:00+08:00,17.14464298884074,100.0
11794652,"Brgy. East Timawa, Molo",,10.696736,122.5488203,2024-12-29 14:00:00+00:00,2024-12-29T22:00:00+08:00,9.726091186205545,100.0
11794652,"Brgy. East Timawa, Molo",,10.696736,122.5488203,2024-12-29 15:00:00+00:00,2024-12-29T23:00:00+08:00,5.226190467675527,100.0
11794652,"Brgy. East Timawa, Molo",,10.696736,122.5488203,2024-12-29 16:00:00+00:00,2024-12-30T00:00:00+08:00,4.027380923430125,100.0
11794652,"Brgy. East Timawa, Molo",,10.696736,122.5488203,2024-12-29 17:00:00+00:00,2024-12-30T01:00:00+08:00,2.389285624027252,100.0
11794652,"Brgy. East Timawa, Molo",,10.696736,122.5488203,2024-12-29 19:00:00+00:00,2024-12-30T03:00:00+08:00,1.612857162952423,100.0
11794652,"Brgy. East Timawa, Molo",,10.696736,122.5488203,2024-12-29 20:00:00+00:00,2024-12-30T04:00:00+08:00,1.5869047542413075,100.0
11794652,"Brgy. East Timawa, Molo",,10.696736,122.5488203,2024-12-29 21:00:00+00:00,2024-12-30T05:00:00+08:00,2.021428555250168,100.0
11794652,"Brgy. East Timawa, Molo",,10.696736,122.5488203,2024-12-29 22:00:00+00:00,2024-12-30T06:00:00+08:00,9.824504117170969,100.0
11794652,"Brgy. East Timawa, Molo",,10.696736,122.5488203,2024-12-29 23:00:00+00:00,2024-12-30T07:00:00+08:00,14.226190408070883,100.0
11794652,"Brgy. East Timawa, Molo",,10.696736,122.5488203,2024-12-30 00:00:00+00:00,2024-12-30T08:00:00+08:00,19.779910882314045,100.0
11794652,"Brgy. East Timawa, Molo",,10.696736,122.5488203,2024-12-30 01:00:00+00:00,2024-12-30T09:00:00+08:00,10.920129819349809,100.0
11794652,"Brgy. East Timawa, Molo",,10.696736,122.5488203,2024-12-30 02:00:00+00:00,2024-12-30T10:00:00+08:00,12.954960425694784,100.0
11794652,"Brgy. East Timawa, Molo",,10.696736,122.5488203,2024-12-30 03:00:00+00:00,2024-12-30T11:00:00+08:00,8.058928529421488,100.0
11794652,"Brgy. East Timawa, Molo",,10.696736,122.5488203,2024-12-30 04:00:00+00:00,2024-12-30T12:00:00+08:00,8.044047594070435,100.0
11794652,"Brgy. East Timawa, Molo",,10.696736,122.5488203,2024-12-30 05:00:00+00:00,2024-12-30T13:00:00+08:00,6.104166746139526,100.0
11794652,"Brgy. East Timawa, Molo",,10.696736,122.5488203,2024-12-30 06:00:00+00:00,2024-12-30T14:00:00+08:00,14.466865241527557,100.0
11794652,"Brgy. East Timawa, Molo",,10.696736,122.5488203,2024-12-30 07:00:00+00:00,2024-12-30T15:00:00+08:00,6.166190524895986,100.0
11794652,"Brgy. East Timawa, Molo",,10.696736,122.5488203,2024-12-30 08:00:00+00:00,2024-12-30T16:00:00+08:00,15.950595200061798,100.0
11794652,"Brgy. East Timawa, Molo",,10.696736,122.5488203,2024-12-30 09:00:00+00:00,2024-12-30T17:00:00+08:00,6.376428580284118,100.0
11794652,"Brgy. East Timawa, Molo",,10.696736,122.5488203,2024-12-30 10:00:00+00:00,2024-12-30T18:00:00+08:00,20.120000171661378,100.0
11794652,"Brgy. East Timawa, Molo",,10.696736,122.5488203,2024-12-30 11:00:00+00:00,2024-12-30T19:00:00+08:00,21.687638918558758,100.0
11794652,"Brgy. East Timawa, Molo",,10.696736,122.5488203,2024-12-30 12:00:00+00:00,2024-12-30T20:00:00+08:00,35.65059550603231,100.0
11794652,"Brgy. East Timawa, Molo",,10.696736,122.5488203,2024-12-30 13:00:00+00:00,2024-12-30T21:00:00+08:00,21.89999993642171,100.0
11794652,"Brgy. East Timawa, Molo",,10.696736,122.5488203,2024-12-30 14:00:00+00:00,2024-12-30T22:00:00+08:00,14.900000015894571,100.0
11794652,"Brgy. East Timawa, Molo",,10.696736,122.5488203,2024-12-30 15:00:00+00:00,2024-12-30T23:00:00+08:00,11.540873050689697,100.0
11794652,"Brgy. East Timawa, Molo",,10.696736,122.5488203,2024-12-30 16:00:00+00:00,2024-12-31T00:00:00+08:00,9.270535667737326,100.0
11794652,"Brgy. East Timawa, Molo",,10.696736,122.5488203,2024-12-30 17:00:00+00:00,2024-12-31T01:00:00+08:00,5.559672633806865,100.0
11794652,"Brgy. East Timawa, Molo",,10.696736,122.5488203,2024-12-30 18:00:00+00:00,2024-12-31T02:00:00+08:00,5.436904748280843,100.0
11794652,"Brgy. East Timawa, Molo",,10.696736,122.5488203,2024-12-30 19:00:00+00:00,2024-12-31T03:00:00+08:00,4.868095179398854,100.0
11794652,"Brgy. East Timawa, Molo",,10.696736,122.5488203,2024-12-30 20:00:00+00:00,2024-12-31T04:00:00+08:00,4.933035771052043,100.0
11794652,"Brgy. East Timawa, Molo",,10.696736,122.5488203,2024-12-30 21:00:00+00:00,2024-12-31T05:00:00+08:00,4.326388875643413,100.0
11794652,"Brgy. East Timawa, Molo",,10.696736,122.5488203,2024-12-30 22:00:00+00:00,2024-12-31T06:00:00+08:00,21.67738103866577,100.0
11794652,"Brgy. East Timawa, Molo",,10.696736,122.5488203,2024-12-30 23:00:00+00:00,2024-12-31T07:00:00+08:00,10.482023676236471,100.0
11794652,"Brgy. East Timawa, Molo",,10.696736,122.5488203,2024-12-31 00:00:00+00:00,2024-12-31T08:00:00+08:00,32.72857109705607,100.0
11794652,"Brgy. East Timawa, Molo",,10.696736,122.5488203,2024-12-31 01:00:00+00:00,2024-12-31T09:00:00+08:00,39.365702802484684,100.0
11794652,"Brgy. East Timawa, Molo",,10.696736,122.5488203,2024-12-31 02:00:00+00:00,2024-12-31T10:00:00+08:00,27.751190344492596,100.0
11794652,"Brgy. East Timawa, Molo",,10.696736,122.5488203,2024-12-31 03:00:00+00:00,2024-12-31T11:00:00+08:00,23.491864999135334,100.0
11794652,"Brgy. East Timawa, Molo",,10.696736,122.5488203,2024-12-31 04:00:00+00:00,2024-12-31T12:00:00+08:00,12.917045506564053,100.0
11794652,"Brgy. East Timawa, Molo",,10.696736,122.5488203,2024-12-31 05:00:00+00:00,2024-12-31T13:00:00+08:00,11.449950377146402,100.0
11794652,"Brgy. East Timawa, Molo",,10.696736,122.5488203,2024-12-31 06:00:00+00:00,2024-12-31T14:00:00+08:00,13.22341271241506,100.0
11794652,"Brgy. East Timawa, Molo",,10.696736,122.5488203,2024-12-31 07:00:00+00:00,2024-12-31T15:00:00+08:00,10.95714282989502,100.0
11794652,"Brgy. East Timawa, Molo",,10.696736,122.5488203,2024-12-31 08:00:00+00:00,2024-12-31T16:00:00+08:00,36.17797565460205,100.0
11794652,"Brgy. East Timawa, Molo",,10.696736,122.5488203,2024-12-31 09:00:00+00:00,2024-12-31T17:00:00+08:00,29.970436414082844,100.0
11794652,"Brgy. East Timawa, Molo",,10.696736,122.5488203,2024-12-31 10:00:00+00:00,2024-12-31T18:00:00+08:00,43.70976161956787,100.0
11794652,"Brgy. East Timawa, Molo",,10.696736,122.5488203,2024-12-31 11:00:00+00:00,2024-12-31T19:00:00+08:00,45.66567452748617,100.0
11794652,"Brgy. East Timawa, Molo",,10.696736,122.5488203,2024-12-31 12:00:00+00:00,2024-12-31T20:00:00+08:00,82.61392631530762,100.0
11794652,"Brgy. East Timawa, Molo",,10.696736,122.5488203,2024-12-31 13:00:00+00:00,2024-12-31T21:00:00+08:00,40.080736507068984,100.0
11794652,"Brgy. East Timawa, Molo",,10.696736,122.5488203,2024-12-31 14:00:00+00:00,2024-12-31T22:00:00+08:00,38.12249946594238,100.0
11794652,"Brgy. East Timawa, Molo",,10.696736,122.5488203,2024-12-31 15:00:00+00:00,2024-12-31T23:00:00+08:00,23.485714276631672,100.0
11794652,"Brgy. East Timawa, Molo",,10.696736,122.5488203,2024-12-31 16:00:00+00:00,2025-01-01T00:00:00+08:00,33.62261946996053,100.0
11794652,"Brgy. East Timawa, Molo",,10.696736,122.5488203,2024-12-31 17:00:00+00:00,2025-01-01T01:00:00+08:00,191.01805559794107,100.0
11794652,"Brgy. East Timawa, Molo",,10.696736,122.5488203,2024-12-31 18:00:00+00:00,2025-01-01T02:00:00+08:00,279.257145690918,100.0
11794652,"Brgy. East Timawa, Molo",,10.696736,122.5488203,2024-12-31 19:00:00+00:00,2025-01-01T03:00:00+08:00,136.71904754638672,100.0
11794652,"Brgy. East Timawa, Molo",,10.696736,122.5488203,2024-12-31 20:00:00+00:00,2025-01-01T04:00:00+08:00,52.50436496734619,100.0
11794652,"Brgy. East Timawa, Molo",,10.696736,122.5488203,2024-12-31 21:00:00+00:00,2025-01-01T05:00:00+08:00,34.80952374140421,100.0
11794652,"Brgy. East Timawa, Molo",,10.696736,122.5488203,2024-12-31 22:00:00+00:00,2025-01-01T06:00:00+08:00,35.89270846048991,100.0
11794652,"Brgy. East Timawa, Molo",,10.696736,122.5488203,2024-12-31 23:00:00+00:00,2025-01-01T07:00:00+08:00,32.398809591929115,100.0
11803348,Brgy. Infante,,10.6941494,122.5551708,2024-12-27 04:00:00+00:00,2024-12-27T12:00:00+08:00,25.33636405251243,100.0
11803348,Brgy. Infante,,10.6941494,122.5551708,2024-12-27 05:00:00+00:00,2024-12-27T13:00:00+08:00,22.04980158805847,100.0
11803348,Brgy. Infante,,10.6941494,122.5551708,2024-12-27 06:00:00+00:00,2024-12-27T14:00:00+08:00,17.242896954218548,100.0
11803348,Brgy. Infante,,10.6941494,122.5551708,2024-12-27 07:00:00+00:00,2024-12-27T15:00:00+08:00,10.77059519290924,100.0
11803348,Brgy. Infante,,10.6941494,122.5551708,2024-12-27 08:00:00+00:00,2024-12-27T16:00:00+08:00,20.119047562281292,100.0
11803348,Brgy. Infante,,10.6941494,122.5551708,2024-12-27 09:00:00+00:00,2024-12-27T17:00:00+08:00,13.05654764175415,100.0
11803348,Brgy. Infante,,10.6941494,122.5551708,2024-12-27 10:00:00+00:00,2024-12-27T18:00:00+08:00,17.472023725509644,100.0
11803348,Brgy. Infante,,10.6941494,122.5551708,2024-12-27 11:00:00+00:00,2024-12-27T19:00:00+08:00,24.953174114227295,100.0
11803348,Brgy. Infante,,10.6941494,122.5551708,2024-12-27 12:00:00+00:00,2024-12-27T20:00:00+08:00,21.640476147333782,100.0
11803348,Brgy. Infante,,10.6941494,122.5551708,2024-12-27 13:00:00+00:00,2024-12-27T21:00:00+08:00,17.038095156351726,100.0
11803348,Brgy. Infante,,10.6941494,122.5551708,2024-12-27 14:00:00+00:00,2024-12-27T22:00:00+08:00,43.91309420267741,100.0
11803348,Brgy. Infante,,10.6941494,122.5551708,2024-12-27 15:00:00+00:00,2024-12-27T23:00:00+08:00,17.69424609343211,100.0
11803348,Brgy. Infante,,10.6941494,122.5551708,2024-12-27 16:00:00+00:00,2024-12-28T00:00:00+08:00,12.458333412806192,100.0
11803348,Brgy. Infante,,10.6941494,122.5551708,2024-12-27 17:00:00+00:00,2024-12-28T01:00:00+08:00,17.09503976504008,100.0
11803348,Brgy. Infante,,10.6941494,122.5551708,2024-12-27 18:00:00+00:00,2024-12-28T02:00:00+08:00,6.6678571701049805,100.0
11803348,Brgy. Infante,,10.6941494,122.5551708,2024-12-27 19:00:00+00:00,2024-12-28T03:00:00+08:00,4.617857098579407,100.0
11803348,Brgy. Infante,,10.6941494,122.5551708,2024-12-27 20:00:00+00:00,2024-12-28T04:00:00+08:00,5.331547598044078,100.0
11803348,Brgy. Infante,,10.6941494,122.5551708,2024-12-27 21:00:00+00:00,2024-12-28T05:00:00+08:00,6.579761902491252,100.0
11803348,Brgy. Infante,,10.6941494,122.5551708,2024-12-27 22:00:00+00:00,2024-12-28T06:00:00+08:00,12.279761989911398,100.0
11803348,Brgy. Infante,,10.6941494,122.5551708,2024-12-27 23:00:00+00:00,2024-12-28T07:00:00+08:00,23.329761664072674,100.0
11803348,Brgy. Infante,,10.6941494,122.5551708,2024-12-28 00:00:00+00:00,2024-12-28T08:00:00+08:00,29.275000254313152,100.0
11803348,Brgy. Infante,,10.6941494,122.5551708,2024-12-28 01:00:00+00:00,2024-12-28T09:00:00+08:00,23.56815481185913,100.0
11803348,Brgy. Infante,,10.6941494,122.5551708,2024-12-28 02:00:00+00:00,2024-12-28T10:00:00+08:00,20.8972225189209,100.0
11803348,Brgy. Infante,,10.6941494,122.5551708,2024-12-28 03:00:00+00:00,2024-12-28T11:00:00+08:00,19.160912831624348,100.0
11803348,Brgy. Infante,,10.6941494,122.5551708,2024-12-28 04:00:00+00:00,2024-12-28T12:00:00+08:00,21.142261664072674,100.0
11803348,Brgy. Infante,,10.6941494,122.5551708,2024-12-28 05:00:00+00:00,2024-12-28T13:00:00+08:00,18.904762029647827,100.0
11803348,Brgy. Infante,,10.6941494,122.5551708,2024-12-28 06:00:00+00:00,2024-12-28T14:00:00+08:00,22.8511905670166,100.0
11803348,Brgy. Infante,,10.6941494,122.5551708,2024-12-28 07:00:00+00:00,2024-12-28T15:00:00+08:00,22.84007962544759,100.0
11803348,Brgy. Infante,,10.6941494,122.5551708,2024-12-28 08:00:00+00:00,2024-12-28T16:00:00+08:00,20.693452437718708,100.0
11803348,Brgy. Infante,,10.6941494,122.5551708,2024-12-28 09:00:00+00:00,2024-12-28T17:00:00+08:00,23.96984140078227,100.0
11803348,Brgy. Infante,,10.6941494,122.5551708,2024-12-28 10:00:00+00:00,2024-12-28T18:00:00+08:00,28.845436255137127,100.0
11803348,Brgy. Infante,,10.6941494,122.5551708,2024-12-28 11:00:00+00:00,2024-12-28T19:00:00+08:00,39.49821424484253,100.0
11803348,Brgy. Infante,,10.6941494,122.5551708,2024-12-28 12:00:00+00:00,2024-12-28T20:00:00+08:00,33.61488072077433,100.0
11803348,Brgy. Infante,,10.6941494,122.5551708,2024-12-28 13:00:00+00:00,2024-12-28T21:00:00+08:00,25.349602858225506,100.0
11803348,Brgy. Infante,,10.6941494,122.5551708,2024-12-28 14:00:00+00:00,2024-12-28T22:00:00+08:00,21.883333047231037,100.0
11803348,Brgy. Infante,,10.6941494,122.5551708,2024-12-28 15:00:00+00:00,2024-12-28T23:00:00+08:00,17.95694438616435,100.0
11803348,Brgy. Infante,,10.6941494,122.5551708,2024-12-28 16:00:00+00:00,2024-12-29T00:00:00+08:00,9.306150833765665,100.0
11803348,Brgy. Infante,,10.6941494,122.5551708,2024-12-28 17:00:00+00:00,2024-12-29T01:00:00+08:00,7.423422574996948,100.0
11803348,Brgy. Infante,,10.6941494,122.5551708,2024-12-28 18:00:00+00:00,2024-12-29T02:00:00+08:00,4.890476206938426,100.0
11803348,Brgy. Infante,,10.6941494,122.5551708,2024-12-28 19:00:00+00:00,2024-12-29T03:00:00+08:00,3.7226190169652305,100.0
11803348,Brgy. Infante,,10.6941494,122.5551708,2024-12-28 20:00:00+00:00,2024-12-29T04:00:00+08:00,4.211904764175415,100.0
11803348,Brgy. Infante,,10.6941494,122.5551708,2024-12-28 21:00:00+00:00,2024-12-29T05:00:00+08:00,4.295238117376964,100.0
11803348,Brgy. Infante,,10.6941494,122.5551708,2024-12-28 22:00:00+00:00,2024-12-29T06:00:00+08:00,6.9809523820877075,100.0
11803348,Brgy. Infante,,10.6941494,122.5551708,2024-12-28 23:00:00+00:00,2024-12-29T07:00:00+08:00,13.221279700597128,100.0
11803348,Brgy. Infante,,10.6941494,122.5551708,2024-12-29 00:00:00+00:00,2024-12-29T08:00:00+08:00,20.788928588231403,100.0
11803348,Brgy. Infante,,10.6941494,122.5551708,2024-12-29 01:00:00+00:00,2024-12-29T09:00:00+08:00,26.876032034556072,100.0
11803348,Brgy. Infante,,10.6941494,122.5551708,2024-12-29 02:00:00+00:00,2024-12-29T10:00:00+08:00,20.07747022310893,100.0
11803348,Brgy. Infante,,10.6941494,122.5551708,2024-12-29 03:00:00+00:00,2024-12-29T11:00:00+08:00,41.10000022252401,100.0
11803348,Brgy. Infante,,10.6941494,122.5551708,2024-12-29 04:00:00+00:00,2024-12-29T12:00:00+08:00,45.38452458381653,100.0
11803348,Brgy. Infante,,10.6941494,122.5551708,2024-12-29 05:00:00+00:00,2024-12-29T13:00:00+08:00,19.877976655960083,100.0
11803348,Brgy. Infante,,10.6941494,122.5551708,2024-12-29 06:00:00+00:00,2024-12-29T14:00:00+08:00,19.34841275215149,100.0
11803348,Brgy. Infante,,10.6941494,122.5551708,2024-12-29 07:00:00+00:00,2024-12-29T15:00:00+08:00,23.335000038146973,100.0
11803348,Brgy. Infante,,10.6941494,122.5551708,2024-12-29 08:00:00+00:00,2024-12-29T16:00:00+08:00,30.90380922953288,100.0
11803348,Brgy. Infante,,10.6941494,122.5551708,2024-12-29 09:00:00+00:00,2024-12-29T17:00:00+08:00,23.710159142812092,100.0
11803348,Brgy. Infante,,10.6941494,122.5551708,2024-12-29 10:00:00+00:00,2024-12-29T18:00:00+08:00,34.486904780069985,100.0
11803348,Brgy. Infante,,10.6941494,122.5551708,2024-12-29 11:00:00+00:00,2024-12-29T19:00:00+08:00,41.00138918558756,100.0
11803348,Brgy. Infante,,10.6941494,122.5551708,2024-12-29 12:00:00+00:00,2024-12-29T20:00:00+08:00,35.81732161839803,100.0
11803348,Brgy. Infante,,10.6941494,122.5551708,2024-12-29 13:00:00+00:00,2024-12-29T21:00:00+08:00,22.885912736256916,100.0
11803348,Brgy. Infante,,10.6941494,122.5551708,2024-12-29 14:00:00+00:00,2024-12-29T22:00:00+08:00,13.472420493761698,100.0
11803348,Brgy. Infante,,10.6941494,122.5551708,2024-12-29 15:00:00+00:00,2024-12-29T23:00:00+08:00,8.760714332262674,100.0
11803348,Brgy. Infante,,10.6941494,122.5551708,2024-12-29 16:00:00+00:00,2024-12-30T00:00:00+08:00,6.934523860613505,100.0
11803348,Brgy. Infante,,10.6941494,122.5551708,2024-12-29 17:00:00+00:00,2024-12-30T01:00:00+08:00,4.49186505873998,100.0
11803348,Brgy. Infante,,10.6941494,122.5551708,2024-12-29 18:00:00+00:00,2024-12-30T02:00:00+08:00,4.282142817974091,100.0
11803348,Brgy. Infante,,10.6941494,122.5551708,2024-12-29 19:00:00+00:00,2024-12-30T03:00:00+08:00,2.3809523582458496,100.0
11803348,Brgy. Infante,,10.6941494,122.5551708,2024-12-29 20:00:00+00:00,2024-12-30T04:00:00+08:00,4.263095200061798,100.0
11803348,Brgy. Infante,,10.6941494,122.5551708,2024-12-29 21:00:00+00:00,2024-12-30T05:00:00+08:00,7.285714149475098,100.0
11803348,Brgy. Infante,,10.6941494,122.5551708,2024-12-29 22:00:00+00:00,2024-12-30T06:00:00+08:00,12.472569584846497,100.0
11803348,Brgy. Infante,,10.6941494,122.5551708,2024-12-29 23:00:00+00:00,2024-12-30T07:00:00+08:00,18.625,100.0
11803348,Brgy. Infante,,10.6941494,122.5551708,2024-12-30 00:00:00+00:00,2024-12-30T08:00:00+08:00,22.559523741404217,100.0
11803348,Brgy. Infante,,10.6941494,122.5551708,2024-12-30 01:00:00+00:00,2024-12-30T09:00:00+08:00,22.78095253308614,100.0
11803348,Brgy. Infante,,10.6941494,122.5551708,2024-12-30 02:00:00+00:00,2024-12-30T10:00:00+08:00,24.04047616322835,100.0
11803348,Brgy. Infante,,10.6941494,122.5551708,2024-12-30 03:00:00+00:00,2024-12-30T11:00:00+08:00,20.534523725509644,100.0
11803348,Brgy. Infante,,10.6941494,122.5551708,2024-12-30 04:00:00+00:00,2024-12-30T12:00:00+08:00,18.76428548494975,100.0
11803348,Brgy. Infante,,10.6941494,122.5551708,2024-12-30 05:00:00+00:00,2024-12-30T13:00:00+08:00,23.621428330739338,100.0
11803348,Brgy. Infante,,10.6941494,122.5551708,2024-12-30 06:00:00+00:00,2024-12-30T14:00:00+08:00,17.246428569157917,100.0
11803348,Brgy. Infante,,10.6941494,122.5551708,2024-12-30 07:00:00+00:00,2024-12-30T15:00:00+08:00,20.5857146581014,100.0
11803348,Brgy. Infante,,10.6941494,122.5551708,2024-12-30 08:00:00+00:00,2024-12-30T16:00:00+08:00,19.289285898208618,100.0
11803348,Brgy. Infante,,10.6941494,122.5551708,2024-12-30 09:00:00+00:00,2024-12-30T17:00:00+08:00,27.6678569316864,100.0
11803348,Brgy. Infante,,10.6941494,122.5551708,2024-12-30 10:00:00+00:00,2024-12-30T18:00:00+08:00,34.96904834111532,100.0
11803348,Brgy. Infante,,10.6941494,122.5551708,2024-12-30 11:00:00+00:00,2024-12-30T19:00:00+08:00,45.30833307902018,100.0
11803348,Brgy. Infante,,10.6941494,122.5551708,2024-12-30 12:00:00+00:00,2024-12-30T20:00:00+08:00,73.44186369578044,100.0
11803348,Brgy. Infante,,10.6941494,122.5551708,2024-12-30 13:00:00+00:00,2024-12-30T21:00:00+08:00,44.85615094502767,100.0
11803348,Brgy. Infante,,10.6941494,122.5551708,2024-12-30 14:00:00+00:00,2024-12-30T22:00:00+08:00,25.572420597076416,100.0
11803348,Brgy. Infante,,10.6941494,122.5551708,2024-12-30 15:00:00+00:00,2024-12-30T23:00:00+08:00,16.090476115544636,100.0
11803348,Brgy. Infante,,10.6941494,122.5551708,2024-12-30 16:00:00+00:00,2024-12-31T00:00:00+08:00,11.053571502367655,100.0
11803348,Brgy. Infante,,10.6941494,122.5551708,2024-12-30 17:00:00+00:00,2024-12-31T01:00:00+08:00,21.767857313156128,100.0
11803348,Brgy. Infante,,10.6941494,122.5551708,2024-12-30 18:00:00+00:00,2024-12-31T02:00:00+08:00,7.065476179122925,100.0
11803348,Brgy. Infante,,10.6941494,122.5551708,2024-12-30 19:00:00+00:00,2024-12-31T03:00:00+08:00,7.882142821947734,100.0
11803348,Brgy. Infante,,10.6941494,122.5551708,2024-12-30 20:00:00+00:00,2024-12-31T04:00:00+08:00,8.90833338101705,100.0
11803348,Brgy. Infante,,10.6941494,122.5551708,2024-12-30 21:00:00+00:00,2024-12-31T05:00:00+08:00,13.188095172246298,100.0
11803348,Brgy. Infante,,10.6941494,122.5551708,2024-12-30 22:00:00+00:00,2024-12-31T06:00:00+08:00,27.22261905670166,100.0
11803348,Brgy. Infante,,10.6941494,122.5551708,2024-12-30 23:00:00+00:00,2024-12-31T07:00:00+08:00,34.60575421651205,100.0
11803348,Brgy. Infante,,10.6941494,122.5551708,2024-12-31 00:00:00+00:00,2024-12-31T08:00:00+08:00,30.78591299057007,100.0
11803348,Brgy. Infante,,10.6941494,122.5551708,2024-12-31 01:00:00+00:00,2024-12-31T09:00:00+08:00,25.577381134033203,100.0
11803348,Brgy. Infante,,10.6941494,122.5551708,2024-12-31 02:00:00+00:00,2024-12-31T10:00:00+08:00,22.421428839365642,100.0
11803348,Brgy. Infante,,10.6941494,122.5551708,2024-12-31 03:00:00+00:00,2024-12-31T11:00:00+08:00,29.178571542104084,100.0
11803348,Brgy. Infante,,10.6941494,122.5551708,2024-12-31 04:00:00+00:00,2024-12-31T12:00:00+08:00,27.446577707926433,100.0
11803348,Brgy. Infante,,10.6941494,122.5551708,2024-12-31 05:00:00+00:00,2024-12-31T13:00:00+08:00,29.442856947580974,100.0
11803348,Brgy. Infante,,10.6941494,122.5551708,2024-12-31 06:00:00+00:00,2024-12-31T14:00:00+08:00,27.788095156351726,100.0
11803348,Brgy. Infante,,10.6941494,122.5551708,2024-12-31 07:00:00+00:00,2024-12-31T15:00:00+08:00,28.020238399505615,100.0
11803348,Brgy. Infante,,10.6941494,122.5551708,2024-12-31 08:00:00+00:00,2024-12-31T16:00:00+08:00,31.616666475931805,100.0
11803348,Brgy. Infante,,10.6941494,122.5551708,2024-12-31 09:00:00+00:00,2024-12-31T17:00:00+08:00,36.16904751459757,100.0
11803348,Brgy. Infante,,10.6941494,122.5551708,2024-12-31 10:00:00+00:00,2024-12-31T18:00:00+08:00,56.20535659790039,100.0
11803348,Brgy. Infante,,10.6941494,122.5551708,2024-12-31 11:00:00+00:00,2024-12-31T19:00:00+08:00,56.28452396392822,100.0
11803348,Brgy. Infante,,10.6941494,122.5551708,2024-12-31 12:00:00+00:00,2024-12-31T20:00:00+08:00,56.11547660827637,100.0
11803348,Brgy. Infante,,10.6941494,122.5551708,2024-12-31 13:00:00+00:00,2024-12-31T21:00:00+08:00,47.17857138315836,100.0
11803348,Brgy. Infante,,10.6941494,122.5551708,2024-12-31 14:00:00+00:00,2024-12-31T22:00:00+08:00,47.888640721639,100.0
11803348,Brgy. Infante,,10.6941494,122.5551708,2024-12-31 15:00:00+00:00,2024-12-31T23:00:00+08:00,52.936805725097656,100.0
11803348,Brgy. Infante,,10.6941494,122.5551708,2024-12-31 16:00:00+00:00,2025-01-01T00:00:00+08:00,70.88551489512126,100.0
11803348,Brgy. Infante,,10.6941494,122.5551708,2024-12-31 17:00:00+00:00,2025-01-01T01:00:00+08:00,431.613089243571,100.0
11803348,Brgy. Infante,,10.6941494,122.5551708,2024-12-31 18:00:00+00:00,2025-01-01T02:00:00+08:00,289.2864532470703,100.0
11803348,Brgy. Infante,,10.6941494,122.5551708,2024-12-31 19:00:00+00:00,2025-01-01T03:00:00+08:00,148.58571497599283,100.0
11803348,Brgy. Infante,,10.6941494,122.5551708,2024-12-31 20:00:00+00:00,2025-01-01T04:00:00+08:00,112.5583324432373,100.0
11803348,Brgy. Infante,,10.6941494,122.5551708,2024-12-31 21:00:00+00:00,2025-01-01T05:00:00+08:00,49.3092254002889,100.0
11803348,Brgy. Infante,,10.6941494,122.5551708,2024-12-31 22:00:00+00:00,2025-01-01T06:00:00+08:00,47.8273811340332,100.0
11803348,Brgy. Infante,,10.6941494,122.5551708,2024-12-31 23:00:00+00:00,2025-01-01T07:00:00+08:00,37.7261905670166,100.0
