datetime,pm25,temperature_2m,relative_humidity_2m,precipitation,wind_speed_10m,wind_direction_10m,surface_pressure,boundary_layer_height
2025-01-01 00:00:00,,25.4,90.0,0.0,2.0,275.0,1005.8,160.0
2025-01-01 01:00:00,,27.1,83.0,0.0,2.8,230.0,1006.4,270.0
2025-01-01 02:00:00,,27.8,82.0,0.3,1.1,261.0,1006.3,440.0
2025-01-01 03:00:00,,28.7,78.0,0.4,1.5,324.0,1005.6,1070.0
2025-01-01 04:00:00,,29.8,69.0,0.1,6.5,46.0,1004.8,1305.0
2025-01-01 05:00:00,,29.5,68.0,0.1,5.3,24.0,1004.0,1210.0
2025-01-01 06:00:00,,29.4,70.0,0.0,1.3,34.0,1003.2,1165.0
2025-01-01 07:00:00,,29.6,70.0,0.0,1.1,81.0,1002.9,1150.0
2025-01-01 08:00:00,,28.9,73.0,0.5,4.0,95.0,1003.0,450.0
2025-01-01 09:00:00,,27.9,80.0,0.7,1.4,247.0,1003.7,45.0
2025-01-01 10:00:00,,27.3,83.0,0.0,2.7,293.0,1004.3,45.0
2025-01-01 11:00:00,,26.7,89.0,0.0,1.3,262.0,1004.9,20.0
2025-01-01 12:00:00,,26.3,92.0,0.0,1.1,261.0,1005.5,30.0
2025-01-01 13:00:00,,26.4,90.0,0.0,1.2,297.0,1005.6,35.0
2025-01-01 14:00:00,,26.0,93.0,0.0,1.6,264.0,1006.0,55.0
2025-01-01 15:00:00,,25.7,95.0,0.0,0.7,360.0,1005.8,20.0
2025-01-01 16:00:00,,25.5,96.0,0.0,1.5,7.0,1005.5,40.0
2025-01-01 17:00:00,,25.2,97.0,0.0,2.4,347.0,1005.2,65.0
2025-01-01 18:00:00,,25.1,96.0,0.0,1.9,319.0,1004.7,85.0
2025-01-01 19:00:00,,25.1,95.0,0.0,1.7,319.0,1004.4,100.0
2025-01-01 20:00:00,,25.1,94.0,0.0,0.2,360.0,1004.3,65.0
2025-01-01 21:00:00,,25.0,95.0,0.0,2.5,94.0,1004.3,65.0
2025-01-01 22:00:00,,24.8,95.0,0.0,4.0,108.0,1004.6,80.0
2025-01-01 23:00:00,,24.8,94.0,0.0,1.6,297.0,1004.9,55.0
2025-01-02 00:00:00,,25.7,89.0,0.0,2.0,243.0,1005.6,165.0
2025-01-02 01:00:00,,27.6,81.0,0.0,1.9,299.0,1006.0,425.0
2025-01-02 02:00:00,,28.7,75.0,0.1,0.2,360.0,1005.6,645.0
2025-01-02 03:00:00,,29.8,70.0,0.2,2.2,228.0,1004.9,880.0
2025-01-02 04:00:00,,30.2,70.0,0.2,1.8,217.0,1004.3,1020.0
2025-01-02 05:00:00,,30.5,68.0,0.2,2.8,198.0,1003.1,1170.0
2025-01-02 06:00:00,,30.2,70.0,0.1,2.7,203.0,1002.3,655.0
2025-01-02 07:00:00,,29.7,72.0,0.1,2.9,274.0,1001.8,510.0
2025-01-02 08:00:00,,29.1,75.0,0.1,4.0,291.0,1001.9,435.0
2025-01-02 09:00:00,,28.4,79.0,0.0,4.5,320.0,1002.6,225.0
2025-01-02 10:00:00,,27.4,83.0,0.8,8.1,287.0,1003.1,185.0
2025-01-02 11:00:00,,24.6,94.0,4.0,13.2,296.0,1004.3,240.0
2025-01-02 12:00:00,,24.7,93.0,0.0,4.0,324.0,1005.2,185.0
2025-01-02 13:00:00,,25.3,93.0,0.7,6.2,300.0,1005.3,170.0
2025-01-02 14:00:00,,25.0,94.0,0.1,4.3,303.0,1005.6,160.0
2025-01-02 15:00:00,,24.9,95.0,0.4,4.6,306.0,1005.6,150.0
2025-01-02 16:00:00,,24.9,96.0,0.1,0.6,252.0,1005.2,100.0
2025-01-02 17:00:00,,24.6,96.0,0.0,1.3,106.0,1004.8,100.0
2025-01-02 18:00:00,,24.5,97.0,0.0,3.3,151.0,1004.3,150.0
2025-01-02 19:00:00,,24.4,96.0,0.0,2.6,124.0,1003.9,145.0
2025-01-02 20:00:00,,24.4,96.0,0.0,0.2,360.0,1003.7,80.0
2025-01-02 21:00:00,,24.3,96.0,0.0,1.9,163.0,1003.9,145.0
2025-01-02 22:00:00,,24.1,96.0,0.0,1.6,96.0,1004.1,60.0
2025-01-02 23:00:00,,24.5,96.0,0.0,2.1,38.0,1004.8,50.0
2025-01-03 00:00:00,,25.5,89.0,0.0,2.4,243.0,1005.5,150.0
2025-01-03 01:00:00,,27.0,87.0,0.0,3.1,329.0,1006.2,355.0
2025-01-03 02:00:00,,27.9,80.0,0.1,2.3,309.0,1006.1,595.0
2025-01-03 03:00:00,,28.7,76.0,0.2,3.0,287.0,1005.4,715.0
2025-01-03 04:00:00,,29.6,73.0,0.2,2.5,262.0,1004.4,945.0
2025-01-03 05:00:00,,29.7,71.0,0.1,4.2,245.0,1003.0,980.0
2025-01-03 06:00:00,,28.4,75.0,6.8,7.7,221.0,1002.4,320.0
2025-01-03 07:00:00,,27.2,83.0,0.0,5.0,90.0,1002.4,300.0
2025-01-03 08:00:00,,26.6,85.0,0.0,4.2,78.0,1002.3,200.0
2025-01-03 09:00:00,,26.7,86.0,0.0,3.1,66.0,1002.9,195.0
2025-01-03 10:00:00,,26.4,87.0,0.0,3.5,15.0,1003.3,115.0
2025-01-03 11:00:00,,25.8,91.0,0.0,7.4,338.0,1004.3,220.0
2025-01-03 12:00:00,,25.2,91.0,0.0,8.4,337.0,1005.3,260.0
2025-01-03 13:00:00,,24.5,98.0,2.9,6.0,7.0,1005.7,195.0
2025-01-03 14:00:00,,24.2,99.0,4.2,3.1,357.0,1006.0,110.0
2025-01-03 15:00:00,,24.0,98.0,2.0,6.5,360.0,1005.8,245.0
2025-01-03 16:00:00,,23.9,96.0,0.2,5.1,17.0,1005.6,225.0
2025-01-03 17:00:00,,23.7,95.0,0.1,2.1,20.0,1004.9,120.0
2025-01-03 18:00:00,,23.2,98.0,0.0,1.5,54.0,1004.5,95.0
2025-01-03 19:00:00,,23.2,96.0,0.0,1.4,157.0,1003.7,95.0
2025-01-03 20:00:00,,23.0,96.0,0.0,2.1,121.0,1003.5,100.0
2025-01-03 21:00:00,,23.0,96.0,0.0,1.4,40.0,1003.3,50.0
2025-01-03 22:00:00,,22.9,97.0,0.0,2.3,309.0,1003.7,55.0
2025-01-03 23:00:00,,23.3,96.0,0.0,2.6,321.0,1004.3,80.0
2025-01-04 00:00:00,,24.1,95.0,0.0,3.7,305.0,1005.1,140.0
2025-01-04 01:00:00,,26.2,89.0,0.0,4.4,305.0,1005.8,210.0
2025-01-04 02:00:00,,27.8,76.0,0.0,1.8,307.0,1005.8,835.0
2025-01-04 03:00:00,,28.8,71.0,0.2,0.8,225.0,1005.4,950.0
2025-01-04 04:00:00,,29.3,67.0,0.2,1.7,283.0,1004.7,1055.0
2025-01-04 05:00:00,,30.1,64.0,0.0,1.9,299.0,1003.6,1275.0
2025-01-04 06:00:00,,30.3,61.0,0.0,0.8,27.0,1002.6,1280.0
2025-01-04 07:00:00,,30.2,60.0,0.0,1.0,338.0,1002.3,1145.0
2025-01-04 08:00:00,,29.9,61.0,0.0,1.1,342.0,1002.6,945.0
2025-01-04 09:00:00,,29.1,64.0,0.0,4.4,325.0,1003.1,845.0
2025-01-04 10:00:00,,27.5,75.0,0.0,8.4,326.0,1003.9,145.0
2025-01-04 11:00:00,,26.6,77.0,0.0,7.6,342.0,1004.5,95.0
2025-01-04 12:00:00,,26.1,82.0,0.0,5.2,346.0,1005.1,50.0
2025-01-04 13:00:00,,26.4,80.0,0.0,8.7,262.0,1006.4,90.0
2025-01-04 14:00:00,,26.0,77.0,0.0,10.4,250.0,1006.3,155.0
2025-01-04 15:00:00,,25.7,75.0,0.0,9.9,267.0,1006.3,180.0
2025-01-04 16:00:00,,25.2,76.0,0.0,10.4,291.0,1006.6,185.0
2025-01-04 17:00:00,,24.9,78.0,0.0,9.1,285.0,1006.1,135.0
2025-01-04 18:00:00,,24.6,79.0,0.0,9.6,287.0,1005.4,125.0
2025-01-04 19:00:00,,24.4,79.0,0.0,11.7,297.0,1005.0,185.0
2025-01-04 20:00:00,,23.9,78.0,0.0,11.6,303.0,1004.9,190.0
2025-01-04 21:00:00,,23.6,80.0,0.0,11.0,295.0,1005.4,145.0
2025-01-04 22:00:00,,23.5,80.0,0.0,9.9,286.0,1005.8,125.0
2025-01-04 23:00:00,,23.7,79.0,0.0,10.6,279.0,1006.5,175.0
2025-01-05 00:00:00,,24.7,74.0,0.0,10.0,276.0,1007.1,270.0
2025-01-05 01:00:00,,25.6,68.0,0.0,10.5,262.0,1007.9,940.0
2025-01-05 02:00:00,,26.4,68.0,0.0,4.4,291.0,1008.1,1050.0
2025-01-05 03:00:00,,27.6,65.0,0.0,6.8,61.0,1007.5,1160.0
2025-01-05 04:00:00,,28.8,60.0,0.0,10.2,58.0,1006.6,1305.0
2025-01-05 05:00:00,,28.6,62.0,0.0,10.2,30.0,1005.7,1185.0
2025-01-05 06:00:00,,28.6,63.0,0.0,11.8,38.0,1004.8,1225.0
2025-01-05 07:00:00,,28.4,62.0,0.0,9.4,50.0,1004.1,1175.0
2025-01-05 08:00:00,,28.0,64.0,0.0,9.2,42.0,1004.0,1110.0
2025-01-05 09:00:00,,27.1,69.0,0.0,9.5,2.0,1004.5,985.0
2025-01-05 10:00:00,,25.8,77.0,0.0,10.4,345.0,1004.9,205.0
2025-01-05 11:00:00,,25.3,79.0,0.0,9.6,346.0,1005.6,140.0
2025-01-05 12:00:00,,24.8,81.0,0.0,8.3,347.0,1006.2,100.0
2025-01-05 13:00:00,,24.9,81.0,0.0,8.7,352.0,1006.8,130.0
2025-01-05 14:00:00,,24.6,83.0,0.0,7.2,1.0,1007.0,115.0
2025-01-05 15:00:00,,24.4,84.0,0.0,4.8,25.0,1006.7,100.0
2025-01-05 16:00:00,,24.0,87.0,0.0,4.4,35.0,1006.4,75.0
2025-01-05 17:00:00,,23.7,90.0,0.0,4.8,13.0,1006.0,85.0
2025-01-05 18:00:00,,23.7,89.0,0.0,6.2,7.0,1005.2,125.0
2025-01-05 19:00:00,,23.6,89.0,0.0,6.2,12.0,1004.8,145.0
2025-01-05 20:00:00,,23.6,89.0,0.0,6.7,24.0,1004.9,140.0
2025-01-05 21:00:00,,23.3,91.0,0.0,6.2,30.0,1005.2,115.0
2025-01-05 22:00:00,,23.1,92.0,0.0,6.5,24.0,1005.6,130.0
2025-01-05 23:00:00,,23.3,92.0,0.0,6.7,19.0,1006.2,155.0
2025-01-06 00:00:00,,24.3,88.0,0.0,5.8,358.0,1007.1,190.0
2025-01-06 01:00:00,,26.6,78.0,0.0,5.8,355.0,1007.9,505.0
2025-01-06 02:00:00,,27.6,74.0,0.0,4.5,353.0,1007.3,705.0
2025-01-06 03:00:00,,29.1,66.0,0.1,4.8,11.0,1006.5,975.0
2025-01-06 04:00:00,,29.8,62.0,0.2,5.5,19.0,1005.6,1125.0
2025-01-06 05:00:00,,29.9,63.0,0.3,4.7,28.0,1004.8,1210.0
2025-01-06 06:00:00,,30.0,64.0,0.2,3.6,53.0,1004.1,1175.0
2025-01-06 07:00:00,,28.8,67.0,0.2,6.5,120.0,1003.6,675.0
2025-01-06 08:00:00,,27.3,75.0,1.0,7.2,180.0,1003.8,230.0
2025-01-06 09:00:00,,27.3,78.0,0.0,3.4,238.0,1004.1,125.0
2025-01-06 10:00:00,,26.8,84.0,0.0,5.2,258.0,1004.7,75.0
2025-01-06 11:00:00,,26.3,89.0,0.0,5.0,268.0,1005.2,50.0
2025-01-06 12:00:00,,25.9,91.0,0.0,4.2,260.0,1005.9,55.0
2025-01-06 13:00:00,,26.0,90.0,0.0,2.9,263.0,1006.5,25.0
2025-01-06 14:00:00,,25.8,87.0,0.0,4.8,245.0,1006.6,85.0
2025-01-06 15:00:00,,25.4,87.0,0.0,4.7,266.0,1006.4,90.0
2025-01-06 16:00:00,,24.9,91.0,0.0,5.4,285.0,1005.9,75.0
2025-01-06 17:00:00,,24.6,91.0,0.0,6.1,302.0,1005.3,90.0
2025-01-06 18:00:00,,24.3,88.0,0.0,7.1,322.0,1004.6,100.0
2025-01-06 19:00:00,,24.2,85.0,0.0,7.6,326.0,1004.0,115.0
2025-01-06 20:00:00,,24.0,85.0,0.0,7.5,330.0,1004.3,115.0
2025-01-06 21:00:00,,24.0,84.0,0.0,8.4,335.0,1004.9,130.0
2025-01-06 22:00:00,,24.0,84.0,0.0,7.5,345.0,1005.6,125.0
2025-01-06 23:00:00,,24.1,85.0,0.0,6.1,346.0,1006.0,110.0
2025-01-07 00:00:00,,24.9,83.0,0.0,4.4,330.0,1006.8,165.0
2025-01-07 01:00:00,,26.6,78.0,0.0,6.2,327.0,1007.4,380.0
2025-01-07 02:00:00,,27.9,72.0,0.0,5.0,41.0,1007.3,900.0
2025-01-07 03:00:00,,29.1,67.0,0.5,6.2,46.0,1006.6,1105.0
2025-01-07 04:00:00,,29.9,64.0,0.0,8.8,41.0,1005.9,1315.0
2025-01-07 05:00:00,,29.9,63.0,0.0,8.6,36.0,1004.9,1330.0
2025-01-07 06:00:00,,29.5,62.0,0.1,11.2,37.0,1004.2,1245.0
2025-01-07 07:00:00,,29.5,63.0,0.1,11.0,38.0,1003.8,1285.0
2025-01-07 08:00:00,,28.8,65.0,0.1,10.2,26.0,1003.9,1135.0
2025-01-07 09:00:00,,28.0,68.0,0.0,7.2,12.0,1004.7,1040.0
2025-01-07 10:00:00,,27.1,76.0,0.0,6.4,328.0,1005.6,125.0
2025-01-07 11:00:00,,26.2,80.0,0.0,7.1,317.0,1006.3,85.0
2025-01-07 12:00:00,,25.7,80.0,0.0,8.3,318.0,1006.9,105.0
2025-01-07 13:00:00,,25.9,79.0,0.0,9.6,326.0,1007.6,155.0
2025-01-07 14:00:00,,25.4,80.0,0.0,7.9,315.0,1007.4,120.0
2025-01-07 15:00:00,,25.3,81.0,0.0,6.5,298.0,1007.1,105.0
2025-01-07 16:00:00,,24.9,82.0,0.0,8.6,300.0,1006.8,120.0
2025-01-07 17:00:00,,24.7,83.0,0.0,8.0,295.0,1006.4,135.0
2025-01-07 18:00:00,,24.4,84.0,0.0,8.3,309.0,1005.8,105.0
2025-01-07 19:00:00,,24.1,85.0,0.0,8.4,310.0,1005.4,110.0
2025-01-07 20:00:00,,23.9,84.0,0.0,9.3,324.0,1005.3,120.0
2025-01-07 21:00:00,,23.9,83.0,0.0,9.7,338.0,1005.6,130.0
2025-01-07 22:00:00,,23.7,84.0,0.0,8.0,350.0,1006.2,105.0
2025-01-07 23:00:00,,23.7,84.0,0.0,7.1,339.0,1006.8,95.0
2025-01-08 00:00:00,,24.9,80.0,0.0,4.8,318.0,1007.7,150.0
2025-01-08 01:00:00,,26.5,73.0,0.0,3.8,295.0,1007.9,950.0
2025-01-08 02:00:00,,27.6,69.0,0.0,4.0,39.0,1007.8,1110.0
2025-01-08 03:00:00,,28.7,64.0,0.0,6.1,58.0,1007.3,1185.0
2025-01-08 04:00:00,,29.0,62.0,0.0,6.2,54.0,1006.7,1210.0
2025-01-08 05:00:00,,29.5,59.0,0.0,8.0,50.0,1005.8,1235.0
2025-01-08 06:00:00,,29.3,59.0,0.0,5.9,52.0,1005.2,1200.0
2025-01-08 07:00:00,,29.4,58.0,0.0,4.5,43.0,1005.0,1190.0
2025-01-08 08:00:00,,28.8,60.0,0.0,1.3,34.0,1005.2,1100.0
2025-01-08 09:00:00,,28.1,63.0,0.0,1.3,254.0,1005.7,1000.0
2025-01-08 10:00:00,,27.3,66.0,0.0,2.6,192.0,1006.4,60.0
2025-01-08 11:00:00,,26.7,69.0,0.0,4.0,234.0,1006.8,90.0
2025-01-08 12:00:00,,26.2,73.0,0.0,2.9,227.0,1007.5,70.0
2025-01-08 13:00:00,,26.4,78.0,0.0,2.5,300.0,1007.8,40.0
2025-01-08 14:00:00,,25.8,83.0,0.0,4.9,303.0,1008.0,85.0
2025-01-08 15:00:00,,25.5,82.0,0.0,6.8,310.0,1007.8,145.0
2025-01-08 16:00:00,,25.3,82.0,0.0,5.8,321.0,1007.6,140.0
2025-01-08 17:00:00,,24.9,83.0,0.0,5.7,325.0,1007.1,130.0
2025-01-08 18:00:00,,24.7,83.0,0.0,6.0,343.0,1006.5,125.0
2025-01-08 19:00:00,,24.5,84.0,0.0,6.1,341.0,1005.7,115.0
2025-01-08 20:00:00,,24.4,84.0,0.0,5.2,344.0,1005.5,100.0
2025-01-08 21:00:00,,24.3,84.0,0.0,5.4,346.0,1006.1,90.0
2025-01-08 22:00:00,,24.3,84.0,0.0,5.8,344.0,1006.5,90.0
2025-01-08 23:00:00,,24.4,83.0,0.0,6.0,350.0,1007.2,95.0
2025-01-09 00:00:00,,25.7,78.0,0.0,3.9,326.0,1008.1,180.0
2025-01-09 01:00:00,,27.2,71.0,0.0,3.1,242.0,1009.2,1050.0
2025-01-09 02:00:00,,28.4,65.0,0.0,5.5,58.0,1009.1,1140.0
2025-01-09 03:00:00,,29.5,58.0,0.0,7.1,49.0,1008.4,1270.0
2025-01-09 04:00:00,,30.3,54.0,0.0,8.3,51.0,1007.6,1400.0
2025-01-09 05:00:00,,30.6,52.0,0.0,12.0,60.0,1006.7,1445.0
2025-01-09 06:00:00,,30.2,51.0,0.0,10.4,62.0,1005.8,1335.0
2025-01-09 07:00:00,,29.9,51.0,0.0,9.5,63.0,1005.5,1300.0
2025-01-09 08:00:00,,29.2,54.0,0.0,7.0,77.0,1006.0,1150.0
2025-01-09 09:00:00,,28.2,58.0,0.0,4.1,157.0,1006.3,995.0
2025-01-09 10:00:00,,27.4,61.0,0.0,2.7,180.0,1007.2,905.0
2025-01-09 11:00:00,,27.1,61.0,0.0,4.4,218.0,1008.1,860.0
2025-01-09 12:00:00,,26.8,63.0,0.0,5.7,238.0,1008.8,810.0
2025-01-09 13:00:00,,26.7,67.0,0.0,5.1,297.0,1009.3,160.0
2025-01-09 14:00:00,,26.4,68.0,0.0,6.8,267.0,1009.3,150.0
2025-01-09 15:00:00,,26.0,71.0,0.0,6.8,259.0,1009.5,140.0
2025-01-09 16:00:00,,25.5,73.0,0.0,6.5,267.0,1008.8,100.0
2025-01-09 17:00:00,,25.0,78.0,0.0,7.9,283.0,1008.7,165.0
2025-01-09 18:00:00,,24.4,81.0,0.0,7.5,314.0,1007.9,165.0
2025-01-09 19:00:00,,24.2,81.0,0.0,6.4,324.0,1007.6,130.0
2025-01-09 20:00:00,,24.2,81.0,0.0,6.5,326.0,1007.6,115.0
2025-01-09 21:00:00,,24.2,81.0,0.0,6.5,336.0,1007.9,120.0
2025-01-09 22:00:00,,24.0,82.0,0.0,5.5,337.0,1008.3,105.0
2025-01-09 23:00:00,,24.1,82.0,0.0,5.6,327.0,1008.9,125.0
2025-01-10 00:00:00,,25.1,76.0,0.0,5.9,315.0,1009.8,275.0
2025-01-10 01:00:00,,27.1,65.0,0.0,5.3,282.0,1011.1,980.0
2025-01-10 02:00:00,,28.6,59.0,0.0,3.7,29.0,1010.9,1130.0
2025-01-10 03:00:00,,30.1,51.0,0.0,4.3,45.0,1010.3,1325.0
2025-01-10 04:00:00,,30.3,51.0,0.0,7.0,35.0,1009.3,1325.0
2025-01-10 05:00:00,,30.6,51.0,0.0,6.6,33.0,1008.2,1310.0
2025-01-10 06:00:00,,30.7,51.0,0.0,1.4,360.0,1007.4,1300.0
2025-01-10 07:00:00,,30.5,50.0,0.0,1.6,27.0,1007.1,1290.0
2025-01-10 08:00:00,,29.6,53.0,0.0,0.4,27.0,1007.3,1225.0
2025-01-10 09:00:00,,28.9,53.0,0.0,3.3,221.0,1007.9,1260.0
2025-01-10 10:00:00,,28.3,54.0,0.0,3.8,73.0,1008.8,1240.0
2025-01-10 11:00:00,,27.4,60.0,0.0,5.0,221.0,1009.6,1060.0
2025-01-10 12:00:00,,27.2,61.0,0.0,9.4,240.0,1010.4,1105.0
2025-01-10 13:00:00,,27.0,63.0,0.0,2.3,309.0,1010.4,660.0
2025-01-10 14:00:00,,26.5,67.0,0.0,4.5,299.0,1010.6,325.0
2025-01-10 15:00:00,,26.2,68.0,0.0,3.4,317.0,1010.6,255.0
2025-01-10 16:00:00,,26.0,70.0,0.0,5.2,314.0,1010.1,245.0
2025-01-10 17:00:00,,25.5,73.0,0.0,7.5,312.0,1009.5,215.0
2025-01-10 18:00:00,,25.1,74.0,0.0,8.6,323.0,1008.7,205.0
2025-01-10 19:00:00,,24.8,75.0,0.0,9.4,328.0,1007.9,215.0
2025-01-10 20:00:00,,24.7,75.0,0.0,8.6,331.0,1007.8,200.0
2025-01-10 21:00:00,,24.6,76.0,0.0,7.9,333.0,1008.2,160.0
2025-01-10 22:00:00,,24.4,77.0,0.0,8.1,329.0,1008.6,175.0
2025-01-10 23:00:00,,24.4,76.0,0.0,9.1,330.0,1009.1,195.0
2025-01-11 00:00:00,,25.4,72.0,0.0,8.6,330.0,1010.1,280.0
2025-01-11 01:00:00,,26.6,67.0,0.0,7.8,341.0,1010.8,1110.0
2025-01-11 02:00:00,,27.7,63.0,0.0,10.2,32.0,1010.9,1240.0
2025-01-11 03:00:00,,29.3,57.0,0.1,12.4,40.0,1010.3,1410.0
2025-01-11 04:00:00,,29.6,56.0,0.0,13.5,42.0,1009.7,1435.0
2025-01-11 05:00:00,,29.3,57.0,0.0,13.6,39.0,1008.8,1430.0
2025-01-11 06:00:00,,28.9,58.0,0.0,12.6,31.0,1008.1,1330.0
2025-01-11 07:00:00,,28.5,60.0,0.0,12.0,28.0,1007.8,1380.0
2025-01-11 08:00:00,,28.2,61.0,0.0,8.1,21.0,1007.8,1395.0
2025-01-11 09:00:00,,27.6,63.0,0.0,5.0,19.0,1008.4,1330.0
2025-01-11 10:00:00,,27.0,65.0,0.0,5.1,356.0,1009.1,1205.0
2025-01-11 11:00:00,,26.3,68.0,0.0,7.6,342.0,1009.4,340.0
2025-01-11 12:00:00,,25.5,72.0,0.3,8.0,335.0,1010.0,220.0
2025-01-11 13:00:00,,25.2,76.0,0.0,10.1,4.0,1010.2,905.0
2025-01-11 14:00:00,,25.1,76.0,0.0,9.0,359.0,1010.2,340.0
2025-01-11 15:00:00,,24.9,78.0,0.0,10.5,348.0,1010.2,215.0
2025-01-11 16:00:00,,24.6,77.0,0.0,12.0,348.0,1009.5,230.0
2025-01-11 17:00:00,,24.4,77.0,0.0,11.4,344.0,1009.0,200.0
2025-01-11 18:00:00,,24.1,77.0,0.0,11.5,346.0,1008.3,195.0
2025-01-11 19:00:00,,23.9,78.0,0.0,12.7,349.0,1007.6,220.0
2025-01-11 20:00:00,,23.8,79.0,0.1,11.3,342.0,1007.7,210.0
2025-01-11 21:00:00,,23.7,79.0,0.3,10.6,336.0,1007.9,195.0
2025-01-11 22:00:00,,23.6,81.0,0.4,9.5,349.0,1008.6,215.0
2025-01-11 23:00:00,,23.6,82.0,0.1,12.4,2.0,1009.0,415.0
2025-01-12 00:00:00,,24.4,76.0,0.0,12.3,8.0,1009.7,815.0
2025-01-12 01:00:00,,25.1,75.0,0.0,12.5,6.0,1010.3,860.0
2025-01-12 02:00:00,,26.1,71.0,0.0,14.2,9.0,1010.0,1105.0
2025-01-12 03:00:00,,26.5,69.0,0.0,13.6,15.0,1009.6,1195.0
2025-01-12 04:00:00,,26.6,69.0,0.0,13.1,19.0,1008.8,1225.0
2025-01-12 05:00:00,,26.7,68.0,0.0,13.7,17.0,1007.9,1245.0
2025-01-12 06:00:00,,26.7,68.0,0.0,11.3,10.0,1007.2,1255.0
2025-01-12 07:00:00,,25.6,75.0,0.2,7.8,355.0,1007.0,260.0
2025-01-12 08:00:00,,25.4,77.0,0.3,9.3,344.0,1007.0,280.0
2025-01-12 09:00:00,,25.2,77.0,0.1,9.5,1.0,1007.4,1055.0
2025-01-12 10:00:00,,24.9,78.0,0.1,9.4,349.0,1007.9,320.0
2025-01-12 11:00:00,,24.6,80.0,0.1,8.3,347.0,1008.4,210.0
2025-01-12 12:00:00,,24.6,81.0,0.0,6.3,333.0,1009.1,130.0
2025-01-12 13:00:00,,24.5,88.0,0.2,8.2,320.0,1009.3,130.0
2025-01-12 14:00:00,,24.1,86.0,0.1,10.8,306.0,1009.4,155.0
2025-01-12 15:00:00,,24.0,86.0,0.1,8.4,305.0,1009.5,135.0
2025-01-12 16:00:00,,23.8,87.0,0.3,7.8,308.0,1009.0,105.0
2025-01-12 17:00:00,,23.7,88.0,0.1,5.8,292.0,1008.5,75.0
2025-01-12 18:00:00,,23.7,88.0,0.1,9.4,283.0,1007.6,105.0
2025-01-12 19:00:00,,23.5,87.0,0.0,10.4,291.0,1007.0,125.0
2025-01-12 20:00:00,,23.3,88.0,0.0,8.9,284.0,1007.0,115.0
2025-01-12 21:00:00,,23.1,88.0,0.1,9.4,288.0,1007.3,115.0
2025-01-12 22:00:00,,22.9,89.0,0.9,9.6,293.0,1007.9,115.0
2025-01-12 23:00:00,,22.6,90.0,1.6,10.3,313.0,1008.6,120.0
2025-01-13 00:00:00,,23.0,87.0,0.4,9.2,325.0,1009.1,135.0
2025-01-13 01:00:00,,24.7,81.0,0.0,8.9,331.0,1009.8,220.0
2025-01-13 02:00:00,,25.8,77.0,0.0,6.6,343.0,1009.9,1100.0
2025-01-13 03:00:00,,26.2,75.0,0.0,8.3,4.0,1009.3,1160.0
2025-01-13 04:00:00,,27.3,71.0,0.0,10.1,40.0,1008.4,1260.0
2025-01-13 05:00:00,,27.3,70.0,0.0,10.2,37.0,1007.6,1265.0
2025-01-13 06:00:00,,27.2,69.0,0.0,9.0,43.0,1006.8,1245.0
2025-01-13 07:00:00,,27.3,69.0,0.0,8.1,45.0,1006.6,1285.0
2025-01-13 08:00:00,,26.8,70.0,0.0,5.5,19.0,1006.6,1240.0
2025-01-13 09:00:00,,26.0,75.0,0.0,6.4,333.0,1006.9,1125.0
2025-01-13 10:00:00,,25.3,81.0,0.0,7.0,331.0,1007.6,180.0
2025-01-13 11:00:00,,25.0,82.0,0.0,7.1,333.0,1008.2,160.0
2025-01-13 12:00:00,,24.8,82.0,0.0,6.7,326.0,1008.9,155.0
2025-01-13 13:00:00,,24.8,83.0,0.0,8.1,336.0,1009.7,155.0
2025-01-13 14:00:00,,24.7,83.0,0.0,7.7,339.0,1009.8,150.0
2025-01-13 15:00:00,,24.6,84.0,0.0,6.8,331.0,1009.8,130.0
2025-01-13 16:00:00,,24.5,85.0,0.0,5.9,315.0,1009.4,105.0
2025-01-13 17:00:00,,24.3,86.0,0.0,7.9,297.0,1008.9,100.0
2025-01-13 18:00:00,,24.2,86.0,0.0,8.0,304.0,1008.2,115.0
2025-01-13 19:00:00,,23.9,88.0,0.0,6.3,305.0,1007.9,85.0
2025-01-13 20:00:00,,23.9,88.0,0.0,6.8,305.0,1007.8,85.0
2025-01-13 21:00:00,,23.9,89.0,0.0,5.6,301.0,1008.2,85.0
2025-01-13 22:00:00,,23.9,89.0,0.0,5.0,296.0,1008.4,60.0
2025-01-13 23:00:00,,24.1,90.0,0.0,4.0,291.0,1008.8,45.0
2025-01-14 00:00:00,,25.6,83.0,0.0,4.4,325.0,1009.4,125.0
2025-01-14 01:00:00,,27.0,78.0,0.0,2.1,308.0,1010.5,985.0
2025-01-14 02:00:00,,27.8,74.0,0.0,3.3,61.0,1010.4,1165.0
2025-01-14 03:00:00,,28.1,72.0,0.0,6.2,68.0,1010.1,1155.0
2025-01-14 04:00:00,,28.3,71.0,0.0,6.5,58.0,1009.3,1195.0
2025-01-14 05:00:00,,28.7,69.0,0.0,7.6,56.0,1008.3,1210.0
2025-01-14 06:00:00,,28.8,69.0,0.0,8.0,52.0,1007.3,1165.0
2025-01-14 07:00:00,,28.2,71.0,0.0,4.5,37.0,1007.0,1055.0
2025-01-14 08:00:00,,28.1,72.0,0.0,4.2,5.0,1007.2,1020.0
2025-01-14 09:00:00,,27.5,75.0,0.0,3.1,301.0,1007.6,220.0
2025-01-14 10:00:00,,26.5,84.0,0.0,5.7,279.0,1008.1,115.0
2025-01-14 11:00:00,,26.0,87.0,0.0,6.4,278.0,1008.6,115.0
2025-01-14 12:00:00,,25.6,87.0,0.0,6.4,280.0,1009.1,115.0
2025-01-14 13:00:00,,25.9,85.0,0.0,6.0,307.0,1009.2,105.0
2025-01-14 14:00:00,,25.6,86.0,0.0,5.0,308.0,1009.3,100.0
2025-01-14 15:00:00,,25.3,88.0,0.0,4.2,282.0,1009.1,85.0
2025-01-14 16:00:00,,25.1,88.0,0.0,3.8,278.0,1009.1,85.0
2025-01-14 17:00:00,,24.9,90.0,0.0,4.5,268.0,1008.6,85.0
2025-01-14 18:00:00,,24.6,91.0,0.0,4.4,261.0,1008.1,85.0
2025-01-14 19:00:00,,24.3,92.0,0.0,4.7,279.0,1007.6,80.0
2025-01-14 20:00:00,,24.2,92.0,0.0,6.0,275.0,1007.7,90.0
2025-01-14 21:00:00,,24.0,91.0,0.0,4.8,299.0,1007.9,75.0
2025-01-14 22:00:00,,24.0,90.0,0.0,4.9,298.0,1008.2,85.0
2025-01-14 23:00:00,,24.2,89.0,0.0,4.1,304.0,1008.5,80.0
2025-01-15 00:00:00,,25.2,85.0,0.0,3.5,279.0,1009.1,155.0
2025-01-15 01:00:00,,27.3,78.0,0.0,2.3,274.0,1009.8,695.0
2025-01-15 02:00:00,,28.6,72.0,0.0,3.0,33.0,1009.7,865.0
2025-01-15 03:00:00,,29.7,66.0,0.2,6.0,27.0,1008.9,1010.0
2025-01-15 04:00:00,,30.6,60.0,0.3,7.7,37.0,1007.9,1175.0
2025-01-15 05:00:00,,31.3,57.0,0.4,7.8,50.0,1006.8,1270.0
2025-01-15 06:00:00,,31.4,56.0,0.1,7.2,63.0,1005.9,1280.0
2025-01-15 07:00:00,,31.1,57.0,0.1,7.0,78.0,1005.6,1270.0
2025-01-15 08:00:00,,30.2,59.0,0.0,6.8,72.0,1005.7,1075.0
2025-01-15 09:00:00,,29.4,65.0,0.0,4.5,61.0,1006.0,975.0
2025-01-15 10:00:00,,28.4,70.0,0.0,3.6,3.0,1007.0,230.0
2025-01-15 11:00:00,,27.5,77.0,0.0,4.1,331.0,1007.6,110.0
2025-01-15 12:00:00,,26.5,84.0,0.0,4.7,302.0,1008.4,65.0
2025-01-15 13:00:00,,26.6,81.0,0.0,5.4,6.0,1009.1,105.0
2025-01-15 14:00:00,,26.2,82.0,0.0,5.2,354.0,1009.3,95.0
2025-01-15 15:00:00,,25.7,83.0,0.0,6.7,355.0,1009.0,110.0
2025-01-15 16:00:00,,25.3,84.0,0.0,7.6,356.0,1008.9,125.0
2025-01-15 17:00:00,,24.9,86.0,0.0,6.5,352.0,1008.1,105.0
2025-01-15 18:00:00,,24.7,87.0,0.0,5.6,354.0,1007.2,80.0
2025-01-15 19:00:00,,24.4,88.0,0.0,6.5,360.0,1006.5,85.0
2025-01-15 20:00:00,,24.4,87.0,0.0,6.5,360.0,1006.6,100.0
2025-01-15 21:00:00,,24.3,86.0,0.0,7.6,4.0,1007.0,115.0
2025-01-15 22:00:00,,24.2,87.0,0.0,6.3,13.0,1007.3,85.0
2025-01-15 23:00:00,,24.3,87.0,0.0,6.9,355.0,1007.5,90.0
2025-01-16 00:00:00,,25.6,78.0,0.0,6.7,346.0,1008.2,175.0
2025-01-16 01:00:00,,27.2,70.0,0.0,5.9,14.0,1008.9,1100.0
2025-01-16 02:00:00,,28.3,65.0,0.0,9.7,34.0,1009.1,1275.0
2025-01-16 03:00:00,,29.2,60.0,0.0,12.1,37.0,1008.5,1335.0
2025-01-16 04:00:00,,29.3,59.0,0.0,9.3,34.0,1007.7,1280.0
2025-01-16 05:00:00,,29.6,57.0,0.0,6.0,44.0,1006.4,1235.0
2025-01-16 06:00:00,,29.9,57.0,0.0,3.8,45.0,1005.3,1215.0
2025-01-16 07:00:00,,30.1,57.0,0.0,3.8,17.0,1004.9,1270.0
2025-01-16 08:00:00,,29.0,60.0,0.0,5.5,328.0,1004.9,1140.0
2025-01-16 09:00:00,,27.9,64.0,0.0,6.9,309.0,1005.5,1040.0
2025-01-16 10:00:00,,26.9,72.0,0.0,6.5,302.0,1006.4,80.0
2025-01-16 11:00:00,,26.3,73.0,0.0,10.3,286.0,1007.0,130.0
2025-01-16 12:00:00,,26.0,74.0,0.0,10.2,284.0,1007.8,145.0
2025-01-16 13:00:00,,25.8,76.0,0.0,10.3,341.0,1008.3,150.0
2025-01-16 14:00:00,,25.4,77.0,0.0,9.6,347.0,1008.2,135.0
2025-01-16 15:00:00,,25.3,77.0,0.0,9.7,349.0,1008.3,135.0
2025-01-16 16:00:00,,24.9,78.0,0.0,10.8,349.0,1008.1,155.0
2025-01-16 17:00:00,,24.6,79.0,0.0,11.7,351.0,1007.4,180.0
2025-01-16 18:00:00,,24.4,79.0,0.0,11.1,353.0,1006.8,160.0
2025-01-16 19:00:00,,24.2,79.0,0.0,10.3,355.0,1006.4,125.0
2025-01-16 20:00:00,,24.0,79.0,0.0,9.8,352.0,1006.3,115.0
2025-01-16 21:00:00,,23.9,79.0,0.0,9.0,345.0,1006.5,110.0
2025-01-16 22:00:00,,23.8,79.0,0.0,9.0,330.0,1006.9,110.0
2025-01-16 23:00:00,,23.9,78.0,0.0,9.5,321.0,1007.3,130.0
2025-01-17 00:00:00,,25.1,73.0,0.0,7.4,321.0,1007.9,215.0
2025-01-17 01:00:00,,26.7,67.0,0.0,5.4,318.0,1008.5,385.0
2025-01-17 02:00:00,,27.9,62.0,0.0,6.6,55.0,1008.3,1220.0
2025-01-17 03:00:00,,29.1,58.0,0.0,10.3,44.0,1008.0,1365.0
2025-01-17 04:00:00,,30.0,55.0,0.0,10.3,43.0,1007.3,1435.0
2025-01-17 05:00:00,,30.3,55.0,0.0,8.9,50.0,1006.3,1410.0
2025-01-17 06:00:00,,30.2,54.0,0.0,9.9,48.0,1005.6,1400.0
2025-01-17 07:00:00,,30.1,54.0,0.0,9.6,47.0,1004.9,1395.0
2025-01-17 08:00:00,,29.5,57.0,0.0,4.6,39.0,1004.8,1265.0
2025-01-17 09:00:00,,29.2,57.0,0.0,3.0,52.0,1005.1,1220.0
2025-01-17 10:00:00,,28.3,61.0,0.0,2.6,25.0,1005.6,1155.0
2025-01-17 11:00:00,,27.5,65.0,0.0,3.2,304.0,1006.1,1035.0
2025-01-17 12:00:00,,26.9,68.0,0.0,5.9,272.0,1006.5,205.0
2025-01-17 13:00:00,,27.0,70.0,0.0,2.7,340.0,1006.9,45.0
2025-01-17 14:00:00,,26.4,74.0,0.0,4.8,301.0,1007.1,95.0
2025-01-17 15:00:00,,26.2,74.0,0.0,5.3,298.0,1007.1,155.0
2025-01-17 16:00:00,,25.9,75.0,0.0,4.5,307.0,1007.0,140.0
2025-01-17 17:00:00,,25.7,76.0,0.0,4.8,312.0,1006.5,155.0
2025-01-17 18:00:00,,25.4,78.0,0.0,6.8,318.0,1005.7,175.0
2025-01-17 19:00:00,,25.2,79.0,0.0,6.5,332.0,1005.0,165.0
2025-01-17 20:00:00,,24.8,80.0,0.0,7.2,346.0,1004.9,160.0
2025-01-17 21:00:00,,24.6,81.0,0.0,7.9,348.0,1005.1,165.0
2025-01-17 22:00:00,,24.4,82.0,0.0,6.5,347.0,1005.6,140.0
2025-01-17 23:00:00,,24.5,83.0,0.2,5.4,352.0,1006.2,115.0
2025-01-18 00:00:00,,25.2,79.0,0.3,4.9,332.0,1006.6,180.0
2025-01-18 01:00:00,,26.4,76.0,0.1,4.2,282.0,1007.2,255.0
2025-01-18 02:00:00,,27.8,70.0,0.1,3.1,291.0,1007.1,520.0
2025-01-18 03:00:00,,29.5,63.0,0.1,4.6,54.0,1006.6,1190.0
2025-01-18 04:00:00,,30.6,59.0,0.0,11.5,63.0,1005.6,1355.0
2025-01-18 05:00:00,,30.7,57.0,0.0,11.9,55.0,1004.8,1330.0
2025-01-18 06:00:00,,30.8,56.0,0.1,12.3,55.0,1004.0,1305.0
2025-01-18 07:00:00,,30.2,58.0,0.0,11.9,58.0,1003.7,1225.0
2025-01-18 08:00:00,,29.7,59.0,0.0,10.3,50.0,1004.0,1150.0
2025-01-18 09:00:00,,28.8,63.0,0.0,7.0,23.0,1004.1,1070.0
2025-01-18 10:00:00,,28.1,66.0,0.0,5.1,352.0,1004.4,1025.0
2025-01-18 11:00:00,,27.5,68.0,0.0,4.8,326.0,1004.9,125.0
2025-01-18 12:00:00,,27.0,70.0,0.0,5.9,315.0,1005.4,155.0
2025-01-18 13:00:00,,26.8,73.0,0.0,8.6,348.0,1005.7,185.0
2025-01-18 14:00:00,,26.5,74.0,0.0,7.6,346.0,1005.7,160.0
2025-01-18 15:00:00,,26.2,76.0,0.0,5.1,350.0,1005.6,140.0
2025-01-18 16:00:00,,25.9,77.0,0.0,4.2,350.0,1005.0,110.0
2025-01-18 17:00:00,,25.6,79.0,0.0,4.3,355.0,1004.5,115.0
2025-01-18 18:00:00,,25.3,80.0,0.0,4.9,6.0,1004.1,130.0
2025-01-18 19:00:00,,25.0,82.0,0.0,5.2,16.0,1003.4,155.0
2025-01-18 20:00:00,,24.9,83.0,0.0,4.6,21.0,1003.4,160.0
2025-01-18 21:00:00,,24.9,83.0,0.0,5.0,19.0,1003.8,190.0
2025-01-18 22:00:00,,25.0,83.0,0.0,5.8,26.0,1004.0,220.0
2025-01-18 23:00:00,,25.0,83.0,0.0,5.3,33.0,1004.5,220.0
2025-01-19 00:00:00,,26.1,78.0,0.0,4.0,27.0,1004.9,265.0
2025-01-19 01:00:00,,27.8,70.0,0.0,9.2,4.0,1005.7,695.0
2025-01-19 02:00:00,,28.9,65.0,0.1,7.4,18.0,1005.2,890.0
2025-01-19 03:00:00,,30.0,61.0,0.3,3.8,49.0,1004.7,960.0
2025-01-19 04:00:00,,31.0,57.0,0.3,2.7,98.0,1004.0,1095.0
2025-01-19 05:00:00,,31.2,56.0,0.5,1.5,300.0,1003.2,1095.0
2025-01-19 06:00:00,,31.4,55.0,0.4,3.0,303.0,1001.9,1120.0
2025-01-19 07:00:00,,31.6,54.0,0.6,2.2,284.0,1001.3,1170.0
2025-01-19 08:00:00,,30.6,58.0,0.5,2.9,184.0,1001.2,740.0
2025-01-19 09:00:00,,28.9,67.0,0.1,6.4,128.0,1001.7,335.0
2025-01-19 10:00:00,,28.3,71.0,0.1,4.7,148.0,1002.3,155.0
2025-01-19 11:00:00,,27.6,75.0,0.0,6.2,147.0,1002.8,150.0
2025-01-19 12:00:00,,27.3,78.0,0.0,2.8,79.0,1003.3,120.0
2025-01-19 13:00:00,,28.1,78.0,0.0,2.3,288.0,1004.0,70.0
2025-01-19 14:00:00,,26.8,82.0,0.5,8.5,324.0,1004.5,290.0
2025-01-19 15:00:00,,26.3,81.0,0.2,4.1,293.0,1004.3,205.0
2025-01-19 16:00:00,,26.0,82.0,0.0,4.5,320.0,1004.1,245.0
2025-01-19 17:00:00,,25.5,84.0,0.0,4.0,350.0,1003.7,190.0
2025-01-19 18:00:00,,25.1,87.0,0.0,3.2,19.0,1003.3,165.0
2025-01-19 19:00:00,,24.8,87.0,0.0,4.4,21.0,1002.8,195.0
2025-01-19 20:00:00,,24.4,89.0,0.0,4.8,22.0,1002.5,215.0
2025-01-19 21:00:00,,24.1,91.0,0.0,3.1,28.0,1002.5,175.0
2025-01-19 22:00:00,,23.9,92.0,0.0,2.3,23.0,1003.0,70.0
2025-01-19 23:00:00,,24.0,92.0,0.0,2.2,5.0,1003.5,100.0
2025-01-20 00:00:00,,25.2,86.0,0.0,1.8,360.0,1004.5,190.0
2025-01-20 01:00:00,,27.1,77.0,0.0,4.5,7.0,1005.2,385.0
2025-01-20 02:00:00,,28.7,69.0,0.1,2.4,73.0,1004.9,710.0
2025-01-20 03:00:00,,29.9,62.0,0.7,2.0,117.0,1004.1,875.0
2025-01-20 04:00:00,,30.0,62.0,0.8,3.1,201.0,1003.5,800.0
2025-01-20 05:00:00,,30.5,62.0,0.5,5.2,211.0,1002.6,1045.0
2025-01-20 06:00:00,,29.9,65.0,0.1,5.2,200.0,1001.8,775.0
2025-01-20 07:00:00,,30.2,65.0,0.0,3.6,189.0,1001.4,900.0
2025-01-20 08:00:00,,30.6,62.0,0.0,1.0,158.0,1001.4,1060.0
2025-01-20 09:00:00,,30.2,63.0,0.0,1.5,346.0,1001.9,1090.0
2025-01-20 10:00:00,,28.7,70.0,0.1,5.9,315.0,1002.7,715.0
2025-01-20 11:00:00,,27.9,77.0,0.0,5.9,282.0,1003.4,195.0
2025-01-20 12:00:00,,27.4,78.0,0.0,7.1,261.0,1004.2,525.0
2025-01-20 13:00:00,,27.0,80.0,0.0,5.3,262.0,1005.0,360.0
2025-01-20 14:00:00,,26.7,81.0,0.0,4.1,221.0,1005.4,380.0
2025-01-20 15:00:00,,26.4,81.0,0.0,2.9,173.0,1005.4,340.0
2025-01-20 16:00:00,,26.1,82.0,0.0,2.4,138.0,1005.3,65.0
2025-01-20 17:00:00,,25.7,84.0,0.0,0.9,79.0,1005.0,35.0
2025-01-20 18:00:00,,25.5,85.0,0.0,0.2,360.0,1004.3,70.0
2025-01-20 19:00:00,,25.2,87.0,0.0,2.3,302.0,1003.8,220.0
2025-01-20 20:00:00,,24.7,90.0,0.0,3.6,300.0,1003.9,110.0
2025-01-20 21:00:00,,24.3,92.0,0.0,4.2,301.0,1004.4,115.0
2025-01-20 22:00:00,,24.1,93.0,0.0,3.2,333.0,1004.9,105.0
2025-01-20 23:00:00,,24.0,93.0,0.0,2.3,321.0,1005.4,105.0
2025-01-21 00:00:00,,25.1,85.0,0.0,2.2,284.0,1006.3,220.0
2025-01-21 01:00:00,,27.6,72.0,0.0,3.5,255.0,1007.1,805.0
2025-01-21 02:00:00,,29.3,64.0,0.0,1.7,72.0,1006.8,965.0
2025-01-21 03:00:00,,30.6,58.0,0.4,5.2,59.0,1006.1,1175.0
2025-01-21 04:00:00,,31.3,55.0,0.9,7.4,49.0,1005.3,1260.0
2025-01-21 05:00:00,,31.5,53.0,1.1,7.8,58.0,1004.3,1320.0
2025-01-21 06:00:00,,31.3,55.0,0.8,8.2,80.0,1003.4,1285.0
2025-01-21 07:00:00,,31.0,56.0,0.2,7.7,78.0,1003.0,1200.0
2025-01-21 08:00:00,,30.4,58.0,0.0,5.6,84.0,1003.0,1075.0
2025-01-21 09:00:00,,29.3,62.0,0.0,3.2,124.0,1003.4,895.0
2025-01-21 10:00:00,,28.1,67.0,0.0,4.9,178.0,1004.0,780.0
2025-01-21 11:00:00,,27.5,69.0,0.0,4.5,175.0,1004.7,730.0
2025-01-21 12:00:00,,27.1,71.0,0.0,5.2,194.0,1005.7,710.0
2025-01-21 13:00:00,,27.3,70.0,0.0,6.9,205.0,1006.4,840.0
2025-01-21 14:00:00,,27.0,72.0,0.0,6.3,198.0,1006.5,845.0
2025-01-21 15:00:00,,26.7,74.0,0.0,5.4,200.0,1006.4,200.0
2025-01-21 16:00:00,,26.5,74.0,0.0,5.4,233.0,1006.2,130.0
2025-01-21 17:00:00,,26.2,75.0,0.0,7.6,252.0,1005.7,145.0
2025-01-21 18:00:00,,25.8,77.0,0.0,8.1,267.0,1005.1,145.0
2025-01-21 19:00:00,,25.3,79.0,0.0,7.3,287.0,1004.8,135.0
2025-01-21 20:00:00,,25.0,80.0,0.0,6.9,307.0,1004.9,125.0
2025-01-21 21:00:00,,24.7,80.0,0.0,6.9,317.0,1005.4,125.0
2025-01-21 22:00:00,,24.5,80.0,0.0,7.2,321.0,1006.1,125.0
2025-01-21 23:00:00,,24.6,80.0,0.0,5.9,322.0,1006.8,100.0
2025-01-22 00:00:00,,26.0,74.0,0.0,4.2,301.0,1007.5,165.0
2025-01-22 01:00:00,,28.1,63.0,0.0,2.7,28.0,1008.2,1080.0
2025-01-22 02:00:00,,29.7,57.0,0.0,5.5,54.0,1008.1,1250.0
2025-01-22 03:00:00,,31.1,51.0,0.0,8.4,62.0,1007.6,1440.0
2025-01-22 04:00:00,,31.9,47.0,0.0,9.9,65.0,1006.8,1570.0
2025-01-22 05:00:00,,32.3,46.0,0.0,9.5,61.0,1005.9,1600.0
2025-01-22 06:00:00,,32.2,47.0,0.0,9.7,59.0,1005.0,1605.0
2025-01-22 07:00:00,,31.9,48.0,0.0,8.8,59.0,1004.8,1605.0
2025-01-22 08:00:00,,31.1,50.0,0.0,8.3,66.0,1004.9,1405.0
2025-01-22 09:00:00,,29.7,54.0,0.0,6.8,63.0,1005.3,1045.0
2025-01-22 10:00:00,,28.4,59.0,0.0,5.1,94.0,1005.9,660.0
2025-01-22 11:00:00,,27.7,62.0,0.0,5.6,132.0,1006.6,620.0
2025-01-22 12:00:00,,27.3,63.0,0.0,2.7,152.0,1007.1,550.0
2025-01-22 13:00:00,,27.2,65.0,0.0,3.5,75.0,1007.6,485.0
2025-01-22 14:00:00,,27.2,65.0,0.0,1.9,146.0,1007.5,505.0
2025-01-22 15:00:00,,26.9,66.0,0.0,3.3,174.0,1007.2,540.0
2025-01-22 16:00:00,,26.8,66.0,0.0,2.5,176.0,1006.8,505.0
2025-01-22 17:00:00,,26.7,67.0,0.0,3.6,198.0,1006.6,575.0
2025-01-22 18:00:00,,26.4,68.0,0.0,5.6,209.0,1006.1,170.0
2025-01-22 19:00:00,,26.0,71.0,0.0,4.9,246.0,1005.4,110.0
2025-01-22 20:00:00,,25.6,73.0,0.0,5.9,297.0,1005.3,90.0
2025-01-22 21:00:00,,25.2,75.0,0.0,6.5,316.0,1005.4,115.0
2025-01-22 22:00:00,,24.7,78.0,0.0,6.9,329.0,1005.8,115.0
2025-01-22 23:00:00,,24.6,79.0,0.0,6.7,340.0,1006.5,110.0
2025-01-23 00:00:00,,26.1,71.0,0.0,4.5,320.0,1007.1,250.0
2025-01-23 01:00:00,,27.6,64.0,0.0,5.1,276.0,1007.9,825.0
2025-01-23 02:00:00,,29.5,58.0,0.0,4.1,61.0,1007.7,1240.0
2025-01-23 03:00:00,,31.6,51.0,0.0,4.3,57.0,1006.9,1560.0
2025-01-23 04:00:00,,32.0,51.0,0.1,5.0,30.0,1006.2,1550.0
2025-01-23 05:00:00,,32.4,50.0,0.2,3.6,30.0,1005.0,1595.0
2025-01-23 06:00:00,,31.9,51.0,0.0,3.8,19.0,1004.1,1380.0
2025-01-23 07:00:00,,32.0,51.0,0.3,4.6,54.0,1003.6,1415.0
2025-01-23 08:00:00,,31.5,52.0,0.1,6.5,67.0,1003.7,1340.0
2025-01-23 09:00:00,,30.5,55.0,0.0,5.8,70.0,1004.0,1130.0
2025-01-23 10:00:00,,29.4,59.0,0.0,3.8,95.0,1004.4,920.0
2025-01-23 11:00:00,,28.6,62.0,0.0,2.9,176.0,1005.0,785.0
2025-01-23 12:00:00,,28.1,64.0,0.0,3.6,229.0,1005.8,720.0
2025-01-23 13:00:00,,28.1,64.0,0.0,1.3,106.0,1006.2,805.0
2025-01-23 14:00:00,,27.7,65.0,0.0,1.5,315.0,1006.4,665.0
2025-01-23 15:00:00,,27.3,68.0,0.0,2.5,240.0,1006.0,325.0
2025-01-23 16:00:00,,26.9,70.0,0.0,3.3,264.0,1005.6,265.0
2025-01-23 17:00:00,,26.7,71.0,0.0,4.0,291.0,1005.2,265.0
2025-01-23 18:00:00,,26.4,73.0,0.0,5.6,320.0,1004.6,285.0
2025-01-23 19:00:00,,25.9,76.0,0.0,6.5,341.0,1003.9,235.0
2025-01-23 20:00:00,,25.5,79.0,0.0,7.0,356.0,1003.8,205.0
2025-01-23 21:00:00,,25.3,80.0,0.0,6.3,7.0,1004.0,175.0
2025-01-23 22:00:00,,25.0,82.0,0.0,4.6,13.0,1004.6,145.0
2025-01-23 23:00:00,,24.9,83.0,0.0,3.8,8.0,1005.2,120.0
2025-01-24 00:00:00,,26.2,77.0,0.0,2.8,342.0,1005.8,180.0
2025-01-24 01:00:00,,28.5,67.0,0.0,1.2,63.0,1006.6,790.0
2025-01-24 02:00:00,,30.1,59.0,0.0,1.1,198.0,1006.2,995.0
2025-01-24 03:00:00,,31.3,55.0,0.2,1.9,248.0,1005.6,1205.0
2025-01-24 04:00:00,,31.6,53.0,0.3,4.8,257.0,1004.7,1240.0
2025-01-24 05:00:00,,31.8,55.0,0.6,5.7,252.0,1003.7,1320.0
2025-01-24 06:00:00,,30.9,59.0,0.1,2.0,175.0,1002.9,1035.0
2025-01-24 07:00:00,,30.5,60.0,0.2,2.6,56.0,1002.4,680.0
2025-01-24 08:00:00,,31.4,57.0,0.0,0.8,45.0,1002.3,1050.0
2025-01-24 09:00:00,,31.3,57.0,0.1,1.1,261.0,1002.6,1155.0
2025-01-24 10:00:00,,30.5,59.0,0.3,2.7,222.0,1003.4,740.0
2025-01-24 11:00:00,,29.8,64.0,0.0,1.7,193.0,1004.2,620.0
2025-01-24 12:00:00,,28.9,68.0,0.0,2.7,113.0,1004.9,335.0
2025-01-24 13:00:00,,28.3,74.0,0.0,2.5,69.0,1005.2,115.0
2025-01-24 14:00:00,,27.3,79.0,0.0,1.9,56.0,1005.2,105.0
2025-01-24 15:00:00,,26.6,82.0,0.0,0.4,153.0,1005.1,65.0
2025-01-24 16:00:00,,26.1,85.0,0.0,1.8,276.0,1005.3,90.0
2025-01-24 17:00:00,,25.5,87.0,0.0,5.6,320.0,1004.8,265.0
2025-01-24 18:00:00,,25.0,87.0,0.0,4.7,328.0,1004.4,245.0
2025-01-24 19:00:00,,24.6,88.0,0.0,3.1,336.0,1003.8,215.0
2025-01-24 20:00:00,,24.3,89.0,0.0,0.8,45.0,1003.9,20.0
2025-01-24 21:00:00,,23.9,91.0,0.0,3.1,87.0,1003.8,110.0
2025-01-24 22:00:00,,23.7,92.0,0.0,3.5,69.0,1004.4,60.0
2025-01-24 23:00:00,,23.6,93.0,0.0,3.0,65.0,1005.2,40.0
2025-01-25 00:00:00,,25.3,84.0,0.0,0.3,45.0,1005.9,220.0
2025-01-25 01:00:00,,27.1,76.0,0.0,2.1,195.0,1006.5,410.0
2025-01-25 02:00:00,,28.7,68.0,0.0,2.7,217.0,1006.2,665.0
2025-01-25 03:00:00,,30.1,61.0,0.0,1.8,246.0,1005.6,1045.0
2025-01-25 04:00:00,,31.8,53.0,0.0,3.4,273.0,1004.4,1320.0
2025-01-25 05:00:00,,32.8,49.0,0.0,5.8,268.0,1002.9,1545.0
2025-01-25 06:00:00,,33.4,45.0,0.0,8.9,264.0,1001.7,1600.0
2025-01-25 07:00:00,,33.6,44.0,0.0,9.9,266.0,1000.9,1700.0
2025-01-25 08:00:00,,33.3,45.0,0.0,8.5,257.0,1000.8,1465.0
2025-01-25 09:00:00,,31.9,51.0,0.0,5.9,200.0,1001.6,465.0
2025-01-25 10:00:00,,30.6,60.0,0.2,5.0,139.0,1002.6,640.0
2025-01-25 11:00:00,,30.0,63.0,0.0,7.0,102.0,1003.4,545.0
2025-01-25 12:00:00,,28.7,67.0,0.0,6.7,70.0,1003.9,240.0
2025-01-25 13:00:00,,27.9,68.0,0.0,5.7,77.0,1004.5,265.0
2025-01-25 14:00:00,,27.6,68.0,0.0,3.3,279.0,1005.1,240.0
2025-01-25 15:00:00,,26.9,73.0,0.0,8.5,277.0,1005.4,410.0
2025-01-25 16:00:00,,26.3,76.0,0.0,5.5,308.0,1005.1,360.0
2025-01-25 17:00:00,,25.9,78.0,0.0,3.4,342.0,1004.8,150.0
2025-01-25 18:00:00,,25.6,79.0,0.0,2.5,8.0,1004.3,110.0
2025-01-25 19:00:00,,25.5,80.0,0.0,0.3,45.0,1004.2,80.0
2025-01-25 20:00:00,,25.3,81.0,0.0,0.9,360.0,1004.4,55.0
2025-01-25 21:00:00,,25.0,83.0,0.0,4.0,342.0,1004.7,80.0
2025-01-25 22:00:00,,24.8,84.0,0.0,3.8,335.0,1005.2,95.0
2025-01-25 23:00:00,,24.7,84.0,0.0,2.7,328.0,1005.7,85.0
2025-01-26 00:00:00,,26.0,76.0,0.0,2.7,302.0,1006.4,255.0
2025-01-26 01:00:00,,28.4,64.0,0.0,3.1,54.0,1006.6,940.0
2025-01-26 02:00:00,,30.1,56.0,0.0,2.7,37.0,1006.4,1275.0
2025-01-26 03:00:00,,31.3,50.0,0.0,2.5,360.0,1005.8,1475.0
2025-01-26 04:00:00,,31.9,46.0,0.0,2.0,315.0,1005.0,1585.0
2025-01-26 05:00:00,,31.7,45.0,0.0,3.0,295.0,1004.0,1550.0
2025-01-26 06:00:00,,31.8,45.0,0.0,3.9,292.0,1002.9,1600.0
2025-01-26 07:00:00,,31.9,45.0,0.0,3.4,302.0,1002.1,1675.0
2025-01-26 08:00:00,,31.5,46.0,0.0,3.2,360.0,1002.1,1575.0
2025-01-26 09:00:00,,30.7,48.0,0.0,6.2,60.0,1002.7,1085.0
2025-01-26 10:00:00,,29.0,55.0,0.0,7.6,62.0,1003.2,490.0
2025-01-26 11:00:00,,27.6,61.0,0.0,5.8,106.0,1004.0,295.0
2025-01-26 12:00:00,,26.8,64.0,0.0,3.1,140.0,1004.6,280.0
2025-01-26 13:00:00,,26.5,65.0,0.0,3.5,141.0,1004.9,310.0
2025-01-26 14:00:00,,26.2,67.0,0.0,2.4,228.0,1005.2,350.0
2025-01-26 15:00:00,,26.0,68.0,0.0,3.3,257.0,1005.4,385.0
2025-01-26 16:00:00,,25.7,70.0,0.0,7.5,307.0,1005.4,450.0
2025-01-26 17:00:00,,25.0,73.0,0.0,6.5,330.0,1004.6,415.0
2025-01-26 18:00:00,,24.5,75.0,0.0,4.9,332.0,1004.0,170.0
2025-01-26 19:00:00,,24.3,76.0,0.0,3.0,327.0,1003.6,85.0
2025-01-26 20:00:00,,24.1,78.0,0.0,3.0,308.0,1003.8,75.0
2025-01-26 21:00:00,,24.0,79.0,0.0,3.7,309.0,1004.3,105.0
2025-01-26 22:00:00,,23.8,81.0,0.0,4.1,308.0,1005.0,90.0
2025-01-26 23:00:00,,24.0,81.0,0.0,3.6,333.0,1005.7,85.0
2025-01-27 00:00:00,,25.6,70.0,0.0,2.7,8.0,1006.3,635.0
2025-01-27 01:00:00,,27.0,62.0,0.0,4.8,25.0,1006.9,935.0
2025-01-27 02:00:00,,28.7,54.0,0.0,6.1,23.0,1006.5,1245.0
2025-01-27 03:00:00,,30.0,48.0,0.0,7.1,19.0,1006.0,1440.0
2025-01-27 04:00:00,,30.6,45.0,0.0,6.6,22.0,1005.5,1555.0
2025-01-27 05:00:00,,30.5,45.0,0.2,6.8,25.0,1004.8,1580.0
2025-01-27 06:00:00,,30.4,45.0,0.3,5.8,16.0,1004.0,1590.0
2025-01-27 07:00:00,,30.5,45.0,0.3,4.2,20.0,1003.4,1600.0
2025-01-27 08:00:00,,30.3,46.0,0.0,4.7,43.0,1003.3,1585.0
2025-01-27 09:00:00,,29.7,48.0,0.0,7.3,59.0,1003.6,1370.0
2025-01-27 10:00:00,,28.0,55.0,0.0,9.0,77.0,1004.4,635.0
2025-01-27 11:00:00,,26.5,60.0,0.0,7.4,86.0,1005.4,450.0
2025-01-27 12:00:00,,25.7,64.0,0.0,3.5,78.0,1006.4,435.0
2025-01-27 13:00:00,,25.5,65.0,0.0,0.4,243.0,1006.9,440.0
2025-01-27 14:00:00,,25.3,67.0,0.0,1.7,257.0,1007.4,470.0
2025-01-27 15:00:00,,25.0,68.0,0.0,3.3,248.0,1007.5,145.0
2025-01-27 16:00:00,,24.9,70.0,0.0,5.2,254.0,1007.4,215.0
2025-01-27 17:00:00,,24.6,72.0,0.0,5.5,261.0,1007.1,150.0
2025-01-27 18:00:00,,24.0,75.0,0.0,5.0,283.0,1006.5,125.0
2025-01-27 19:00:00,,23.6,78.0,0.0,5.1,318.0,1006.1,130.0
2025-01-27 20:00:00,,23.3,79.0,0.0,6.9,329.0,1006.2,155.0
2025-01-27 21:00:00,,23.0,79.0,0.0,7.3,330.0,1006.5,150.0
2025-01-27 22:00:00,,22.9,80.0,0.0,6.3,342.0,1007.1,120.0
2025-01-27 23:00:00,,23.3,78.0,0.0,4.5,344.0,1007.7,115.0
2025-01-28 00:00:00,,24.4,71.0,0.0,3.4,313.0,1008.5,350.0
2025-01-28 01:00:00,,25.9,68.0,0.0,3.1,339.0,1009.2,1035.0
2025-01-28 02:00:00,,27.5,60.0,0.1,6.1,56.0,1009.2,1255.0
2025-01-28 03:00:00,,28.8,54.0,0.0,7.4,32.0,1008.5,1395.0
2025-01-28 04:00:00,,30.6,46.0,0.0,9.2,45.0,1007.7,1755.0
2025-01-28 05:00:00,,30.4,47.0,0.0,8.8,47.0,1006.8,1695.0
2025-01-28 06:00:00,,30.7,46.0,0.0,10.2,41.0,1006.3,1560.0
2025-01-28 07:00:00,,30.2,48.0,0.0,9.8,44.0,1006.0,1430.0
2025-01-28 08:00:00,,29.8,49.0,0.0,8.8,44.0,1006.1,1405.0
2025-01-28 09:00:00,,28.9,53.0,0.0,6.7,44.0,1006.7,1240.0
2025-01-28 10:00:00,,27.7,57.0,0.0,3.1,93.0,1007.2,1100.0
2025-01-28 11:00:00,,26.7,62.0,0.0,3.9,156.0,1007.9,990.0
2025-01-28 12:00:00,,26.2,64.0,0.0,3.2,183.0,1008.8,985.0
2025-01-28 13:00:00,,26.4,65.0,0.0,3.0,115.0,1009.2,985.0
2025-01-28 14:00:00,,26.2,66.0,0.0,3.1,111.0,1009.7,845.0
2025-01-28 15:00:00,,25.8,68.0,0.0,0.6,18.0,1009.7,100.0
2025-01-28 16:00:00,,25.3,71.0,0.0,5.6,338.0,1009.7,270.0
2025-01-28 17:00:00,,24.9,73.0,0.0,7.7,339.0,1009.3,250.0
2025-01-28 18:00:00,,24.6,75.0,0.0,8.3,346.0,1008.8,195.0
2025-01-28 19:00:00,,24.3,75.0,0.0,9.4,347.0,1008.3,210.0
2025-01-28 20:00:00,,24.3,74.0,0.0,9.1,353.0,1008.2,220.0
2025-01-28 21:00:00,,24.2,74.0,0.0,7.8,356.0,1008.2,190.0
2025-01-28 22:00:00,,24.2,73.0,0.0,7.8,352.0,1008.8,195.0
2025-01-28 23:00:00,,24.3,71.0,0.0,9.0,348.0,1009.5,225.0
2025-01-29 00:00:00,,25.0,68.0,0.0,7.8,347.0,1010.1,380.0
2025-01-29 01:00:00,,26.3,64.0,0.0,12.8,24.0,1010.8,1240.0
2025-01-29 02:00:00,,27.2,60.0,0.0,15.8,36.0,1010.6,1260.0
2025-01-29 03:00:00,,28.3,57.0,0.0,16.8,32.0,1009.9,1410.0
2025-01-29 04:00:00,,28.6,55.0,0.0,15.4,36.0,1009.2,1405.0
2025-01-29 05:00:00,,29.2,53.0,0.0,16.0,44.0,1008.1,1460.0
2025-01-29 06:00:00,,29.1,53.0,0.0,13.6,37.0,1007.2,1460.0
2025-01-29 07:00:00,,28.9,53.0,0.0,11.7,37.0,1006.6,1440.0
2025-01-29 08:00:00,,28.8,53.0,0.0,10.7,35.0,1006.6,1415.0
2025-01-29 09:00:00,,27.9,56.0,0.0,8.2,36.0,1006.9,1360.0
2025-01-29 10:00:00,,26.9,60.0,0.0,6.2,36.0,1007.3,1305.0
2025-01-29 11:00:00,,26.3,62.0,0.0,6.7,19.0,1007.9,1245.0
2025-01-29 12:00:00,,25.9,63.0,0.0,7.2,1.0,1008.5,1160.0
2025-01-29 13:00:00,,25.8,65.0,0.0,6.8,349.0,1008.3,1165.0
2025-01-29 14:00:00,,25.5,66.0,0.0,7.8,347.0,1008.2,1085.0
2025-01-29 15:00:00,,25.2,68.0,0.0,9.5,350.0,1008.0,1065.0
2025-01-29 16:00:00,,24.9,69.0,0.0,10.3,348.0,1007.5,1075.0
2025-01-29 17:00:00,,24.7,70.0,0.0,8.7,354.0,1007.3,1085.0
2025-01-29 18:00:00,,24.7,70.0,0.0,10.0,352.0,1006.7,1140.0
2025-01-29 19:00:00,,24.4,71.0,0.0,10.7,348.0,1006.1,1125.0
2025-01-29 20:00:00,,24.1,72.0,0.0,10.1,349.0,1006.0,1055.0
2025-01-29 21:00:00,,23.9,73.0,0.1,10.8,357.0,1006.1,1090.0
2025-01-29 22:00:00,,24.1,72.0,0.0,11.0,357.0,1006.5,1085.0
2025-01-29 23:00:00,,24.2,71.0,0.0,8.0,350.0,1007.2,1040.0
2025-01-30 00:00:00,,24.8,69.0,0.0,7.9,360.0,1007.9,1060.0
2025-01-30 01:00:00,,25.6,66.0,0.0,10.0,347.0,1008.1,1145.0
2025-01-30 02:00:00,,26.6,63.0,0.0,12.9,20.0,1008.0,1255.0
2025-01-30 03:00:00,,27.4,60.0,0.0,18.8,30.0,1007.7,1370.0
2025-01-30 04:00:00,,27.2,61.0,0.0,15.0,23.0,1006.8,1285.0
2025-01-30 05:00:00,,27.2,63.0,2.3,11.5,23.0,1006.0,1225.0
2025-01-30 06:00:00,,25.4,78.0,6.4,8.2,331.0,1005.2,1140.0
2025-01-30 07:00:00,,24.9,83.0,2.5,6.3,323.0,1004.4,1020.0
2025-01-30 08:00:00,,24.0,93.0,3.2,8.9,333.0,1004.5,235.0
2025-01-30 09:00:00,,24.0,90.0,1.4,5.9,322.0,1004.8,125.0
2025-01-30 10:00:00,,23.5,91.0,1.1,8.7,323.0,1005.1,155.0
2025-01-30 11:00:00,,23.4,90.0,0.3,9.2,312.0,1005.6,120.0
2025-01-30 12:00:00,,23.5,89.0,0.1,8.0,308.0,1006.2,115.0
2025-01-30 13:00:00,,25.1,76.0,0.4,5.5,324.0,1006.2,155.0
2025-01-30 14:00:00,,24.8,78.0,0.0,6.5,302.0,1006.4,165.0
2025-01-30 15:00:00,,24.2,82.0,0.1,6.7,272.0,1006.0,180.0
2025-01-30 16:00:00,,23.7,85.0,0.1,7.7,261.0,1005.6,175.0
2025-01-30 17:00:00,,23.4,87.0,0.1,7.1,297.0,1005.2,155.0
2025-01-30 18:00:00,,23.3,88.0,0.0,5.7,311.0,1004.7,135.0
2025-01-30 19:00:00,,23.2,89.0,0.0,6.1,315.0,1004.1,115.0
2025-01-30 20:00:00,,23.0,91.0,0.0,5.4,300.0,1003.9,110.0
2025-01-30 21:00:00,,22.9,92.0,0.0,4.4,282.0,1004.0,85.0
2025-01-30 22:00:00,,22.8,93.0,0.0,3.2,286.0,1004.4,60.0
2025-01-30 23:00:00,,23.2,92.0,0.0,5.1,312.0,1005.1,75.0
2025-01-31 00:00:00,,24.2,86.0,0.0,5.1,315.0,1006.0,140.0
2025-01-31 01:00:00,,25.8,83.0,0.0,3.8,287.0,1006.3,200.0
2025-01-31 02:00:00,,27.2,77.0,0.0,2.4,283.0,1006.1,440.0
2025-01-31 03:00:00,,27.3,77.0,0.4,2.0,153.0,1005.9,515.0
2025-01-31 04:00:00,,27.8,78.0,0.9,4.3,147.0,1005.4,655.0
2025-01-31 05:00:00,,28.0,74.0,0.4,7.3,113.0,1004.4,845.0
2025-01-31 06:00:00,,28.8,67.0,0.0,11.6,106.0,1003.4,905.0
2025-01-31 07:00:00,,28.7,69.0,0.0,10.9,103.0,1002.9,805.0
2025-01-31 08:00:00,,29.2,66.0,0.0,9.8,108.0,1002.9,925.0
2025-01-31 09:00:00,,28.8,67.0,0.0,8.8,113.0,1003.6,750.0
2025-01-31 10:00:00,,27.8,72.0,0.0,6.0,119.0,1004.1,700.0
2025-01-31 11:00:00,,27.2,75.0,0.0,4.3,152.0,1004.7,615.0
2025-01-31 12:00:00,,26.8,75.0,0.0,3.7,157.0,1005.2,585.0
2025-01-31 13:00:00,,27.0,73.0,0.0,3.1,130.0,1005.4,110.0
2025-01-31 14:00:00,,26.5,76.0,0.0,1.2,207.0,1005.6,15.0
2025-01-31 15:00:00,,26.2,79.0,0.0,1.9,209.0,1005.5,35.0
2025-01-31 16:00:00,,25.9,81.0,0.0,0.9,191.0,1005.4,15.0
2025-01-31 17:00:00,,25.6,83.0,0.0,0.9,191.0,1005.0,20.0
2025-01-31 18:00:00,,25.3,86.0,0.0,2.1,285.0,1004.2,35.0
2025-01-31 19:00:00,,24.9,89.0,0.0,3.9,304.0,1003.7,55.0
2025-01-31 20:00:00,,24.6,91.0,0.0,6.1,320.0,1003.6,90.0
2025-01-31 21:00:00,,24.3,92.0,0.0,7.1,330.0,1003.8,110.0
2025-01-31 22:00:00,,24.0,92.0,0.0,5.0,325.0,1003.9,80.0
2025-01-31 23:00:00,,24.0,92.0,0.0,3.6,290.0,1004.5,45.0
2025-02-01 00:00:00,,25.6,84.0,0.0,3.4,270.0,1005.3,120.0
2025-02-01 01:00:00,,27.5,75.0,0.0,2.4,257.0,1005.7,565.0
2025-02-01 02:00:00,,29.6,65.0,0.0,6.5,136.0,1005.3,1115.0
2025-02-01 03:00:00,,31.2,54.0,0.0,11.4,127.0,1004.8,1360.0
2025-02-01 04:00:00,,31.9,51.0,0.0,13.5,123.0,1004.1,1415.0
2025-02-01 05:00:00,,32.4,48.0,0.0,13.1,119.0,1002.9,1445.0
2025-02-01 06:00:00,,32.6,47.0,0.0,11.4,115.0,1002.0,1455.0
2025-02-01 07:00:00,,32.6,47.0,0.0,11.1,119.0,1001.7,1530.0
2025-02-01 08:00:00,,32.1,48.0,0.0,10.6,108.0,1001.9,1415.0
2025-02-01 09:00:00,,31.1,52.0,0.0,11.0,86.0,1002.5,835.0
2025-02-01 10:00:00,,29.7,56.0,0.0,9.6,93.0,1002.6,410.0
2025-02-01 11:00:00,,28.8,62.0,0.0,6.8,127.0,1002.8,205.0
2025-02-01 12:00:00,,27.9,68.0,0.0,5.4,140.0,1003.6,110.0
2025-02-01 13:00:00,,27.5,68.0,0.0,4.8,127.0,1004.5,105.0
2025-02-01 14:00:00,,26.7,72.0,0.0,1.9,151.0,1004.7,50.0
2025-02-01 15:00:00,,25.8,76.0,0.0,2.0,153.0,1004.8,40.0
2025-02-01 16:00:00,,25.0,81.0,0.0,6.6,147.0,1004.8,160.0
2025-02-01 17:00:00,,24.5,86.0,0.0,6.5,136.0,1004.4,170.0
2025-02-01 18:00:00,,23.9,88.0,0.0,3.6,120.0,1004.0,50.0
2025-02-01 19:00:00,,23.3,89.0,0.0,2.3,51.0,1003.4,50.0
2025-02-01 20:00:00,,22.9,90.0,0.0,3.1,7.0,1003.6,60.0
2025-02-01 21:00:00,,22.6,92.0,0.0,2.3,293.0,1003.8,35.0
2025-02-01 22:00:00,,22.6,93.0,0.0,1.6,96.0,1003.9,50.0
2025-02-01 23:00:00,,22.7,92.0,0.0,0.5,90.0,1004.3,55.0
2025-02-02 00:00:00,,24.8,80.0,0.0,1.9,311.0,1004.8,115.0
2025-02-02 01:00:00,,27.1,71.0,0.0,1.5,339.0,1005.4,275.0
2025-02-02 02:00:00,,29.5,57.0,0.0,1.0,292.0,1005.4,595.0
2025-02-02 03:00:00,,31.2,49.0,0.0,1.5,216.0,1004.9,1090.0
2025-02-02 04:00:00,,32.2,46.0,0.0,4.6,206.0,1004.3,1285.0
2025-02-02 05:00:00,,32.8,46.0,0.0,6.6,197.0,1003.3,1455.0
2025-02-02 06:00:00,,33.1,44.0,0.0,7.0,190.0,1002.4,1490.0
2025-02-02 07:00:00,,33.3,42.0,0.0,7.3,189.0,1001.6,1405.0
2025-02-02 08:00:00,,33.2,41.0,0.0,6.4,190.0,1001.6,1265.0
2025-02-02 09:00:00,,32.7,43.0,0.0,7.1,161.0,1002.0,1125.0
2025-02-02 10:00:00,,31.4,52.0,0.0,9.4,137.0,1002.5,585.0
2025-02-02 11:00:00,,30.2,61.0,0.0,8.1,127.0,1003.2,355.0
2025-02-02 12:00:00,,29.2,65.0,0.0,8.4,145.0,1003.8,255.0
2025-02-02 13:00:00,,28.5,68.0,0.0,4.7,162.0,1004.4,200.0
2025-02-02 14:00:00,,27.9,69.0,0.0,4.3,182.0,1005.1,200.0
2025-02-02 15:00:00,,27.3,72.0,0.0,3.7,169.0,1005.3,285.0
2025-02-02 16:00:00,,26.7,76.0,0.0,1.8,84.0,1005.2,85.0
2025-02-02 17:00:00,,26.2,77.0,0.0,1.9,56.0,1005.0,25.0
2025-02-02 18:00:00,,25.6,79.0,0.0,1.6,153.0,1004.5,15.0
2025-02-02 19:00:00,,25.3,80.0,0.0,2.0,185.0,1004.2,25.0
2025-02-02 20:00:00,,24.8,82.0,0.0,1.0,292.0,1004.1,15.0
2025-02-02 21:00:00,,24.3,84.0,0.0,2.6,155.0,1004.3,35.0
2025-02-02 22:00:00,,24.2,86.0,0.0,3.4,133.0,1004.9,85.0
2025-02-02 23:00:00,,24.1,86.0,0.0,1.5,104.0,1005.4,15.0
2025-02-03 00:00:00,,25.9,74.0,0.0,0.6,214.0,1006.0,165.0
2025-02-03 01:00:00,,27.9,66.0,0.0,1.7,238.0,1006.8,420.0
2025-02-03 02:00:00,,29.7,57.0,0.0,2.1,232.0,1006.6,975.0
2025-02-03 03:00:00,,31.3,51.0,0.0,2.2,228.0,1005.9,1375.0
2025-02-03 04:00:00,,32.3,47.0,0.0,5.2,250.0,1005.0,1575.0
2025-02-03 05:00:00,,32.3,48.0,0.0,8.3,264.0,1003.9,1315.0
2025-02-03 06:00:00,,31.9,51.0,0.0,10.1,251.0,1003.1,1220.0
2025-02-03 07:00:00,,31.5,52.0,0.0,8.8,237.0,1002.5,1070.0
2025-02-03 08:00:00,,31.3,53.0,0.0,6.4,259.0,1002.5,1220.0
2025-02-03 09:00:00,,31.2,53.0,0.0,3.1,216.0,1002.9,1165.0
2025-02-03 10:00:00,,30.4,57.0,0.0,7.5,136.0,1003.6,1015.0
2025-02-03 11:00:00,,29.2,60.0,0.0,9.3,127.0,1004.3,535.0
2025-02-03 12:00:00,,28.1,64.0,0.0,7.6,142.0,1004.9,365.0
2025-02-03 13:00:00,,27.4,68.0,0.0,7.1,165.0,1005.6,380.0
2025-02-03 14:00:00,,26.9,72.0,0.0,6.9,187.0,1005.9,340.0
2025-02-03 15:00:00,,26.5,75.0,0.0,5.0,206.0,1006.2,305.0
2025-02-03 16:00:00,,26.5,73.0,0.0,1.8,307.0,1006.0,395.0
2025-02-03 17:00:00,,26.4,72.0,0.0,3.1,320.0,1005.8,400.0
2025-02-03 18:00:00,,26.1,73.0,0.0,3.9,323.0,1005.4,345.0
2025-02-03 19:00:00,,25.8,75.0,0.0,1.1,360.0,1004.8,285.0
2025-02-03 20:00:00,,25.5,76.0,0.0,0.4,360.0,1004.9,190.0
2025-02-03 21:00:00,,25.1,79.0,0.0,1.0,22.0,1005.2,15.0
2025-02-03 22:00:00,,24.7,81.0,0.0,3.4,6.0,1005.7,40.0
2025-02-03 23:00:00,,24.8,82.0,0.0,3.2,357.0,1006.1,50.0
2025-02-04 00:00:00,,25.6,76.0,0.0,0.9,11.0,1006.5,240.0
2025-02-04 01:00:00,,27.0,73.0,0.1,1.9,331.0,1006.9,440.0
2025-02-04 02:00:00,,28.1,66.0,0.0,6.4,36.0,1006.9,965.0
2025-02-04 03:00:00,,30.2,55.0,0.0,13.6,39.0,1006.0,1355.0
2025-02-04 04:00:00,,30.0,55.0,0.0,10.7,45.0,1005.3,1355.0
2025-02-04 05:00:00,,30.7,52.0,0.0,14.4,47.0,1004.4,1450.0
2025-02-04 06:00:00,,29.7,54.0,0.0,14.0,49.0,1003.8,1255.0
2025-02-04 07:00:00,,29.2,56.0,0.0,12.4,60.0,1003.3,1135.0
2025-02-04 08:00:00,,28.7,57.0,0.0,12.2,65.0,1003.4,1125.0
2025-02-04 09:00:00,,28.1,59.0,0.0,8.8,55.0,1004.0,1085.0
2025-02-04 10:00:00,,27.6,60.0,0.0,1.4,40.0,1004.4,990.0
2025-02-04 11:00:00,,27.2,62.0,0.0,3.8,273.0,1005.0,1015.0
2025-02-04 12:00:00,,26.8,62.0,0.0,5.7,283.0,1005.8,1015.0
2025-02-04 13:00:00,,26.4,69.0,0.0,2.8,342.0,1006.4,1035.0
2025-02-04 14:00:00,,26.3,69.0,0.0,0.7,194.0,1006.8,1090.0
2025-02-04 15:00:00,,26.1,69.0,0.0,2.8,342.0,1006.6,1055.0
2025-02-04 16:00:00,,25.7,71.0,0.0,5.2,358.0,1005.7,1005.0
2025-02-04 17:00:00,,25.3,72.0,0.0,6.6,343.0,1005.1,210.0
2025-02-04 18:00:00,,25.0,72.0,0.0,6.6,339.0,1004.5,195.0
2025-02-04 19:00:00,,24.8,73.0,0.0,6.5,341.0,1004.3,180.0
2025-02-04 20:00:00,,24.8,72.0,0.0,8.3,346.0,1004.2,235.0
2025-02-04 21:00:00,,24.5,73.0,0.0,9.2,349.0,1004.5,220.0
2025-02-04 22:00:00,,24.3,75.0,0.0,10.1,350.0,1005.2,190.0
2025-02-04 23:00:00,,24.4,74.0,0.0,9.9,357.0,1005.7,180.0
2025-02-05 00:00:00,,25.5,69.0,0.0,9.0,2.0,1006.3,310.0
2025-02-05 01:00:00,,26.8,64.0,0.0,10.1,19.0,1007.1,1185.0
2025-02-05 02:00:00,,28.5,57.0,0.0,15.3,43.0,1007.2,1390.0
2025-02-05 03:00:00,,29.0,56.0,0.0,17.1,40.0,1006.5,1395.0
2025-02-05 04:00:00,,29.9,53.0,0.0,17.8,42.0,1005.8,1435.0
2025-02-05 05:00:00,,29.8,53.0,0.0,16.1,40.0,1004.8,1375.0
2025-02-05 06:00:00,,30.1,52.0,0.0,17.1,45.0,1003.9,1385.0
2025-02-05 07:00:00,,29.6,54.0,0.0,15.0,34.0,1003.5,1335.0
2025-02-05 08:00:00,,28.6,57.0,0.0,11.3,25.0,1003.5,1285.0
2025-02-05 09:00:00,,28.2,58.0,0.0,9.0,33.0,1003.8,1245.0
2025-02-05 10:00:00,,27.5,60.0,0.0,5.2,27.0,1004.1,1145.0
2025-02-05 11:00:00,,27.0,62.0,0.0,2.3,23.0,1004.8,1050.0
2025-02-05 12:00:00,,26.8,63.0,0.0,1.3,344.0,1005.8,1030.0
2025-02-05 13:00:00,,26.5,65.0,0.0,5.6,354.0,1006.4,1000.0
2025-02-05 14:00:00,,26.1,67.0,0.0,7.8,338.0,1006.7,290.0
2025-02-05 15:00:00,,25.7,69.0,0.0,8.6,348.0,1006.7,215.0
2025-02-05 16:00:00,,25.2,72.0,0.0,9.4,356.0,1006.3,220.0
2025-02-05 17:00:00,,25.0,73.0,0.0,10.1,358.0,1005.9,240.0
2025-02-05 18:00:00,,24.8,74.0,0.0,10.3,3.0,1005.4,225.0
2025-02-05 19:00:00,,24.5,75.0,0.0,10.6,359.0,1005.0,225.0
2025-02-05 20:00:00,,24.3,76.0,0.0,11.4,357.0,1004.9,255.0
2025-02-05 21:00:00,,24.4,76.0,0.0,11.7,4.0,1004.9,270.0
2025-02-05 22:00:00,,24.3,76.0,0.0,12.2,2.0,1005.5,270.0
2025-02-05 23:00:00,,24.5,74.0,0.0,12.8,359.0,1006.1,285.0
2025-02-06 00:00:00,,25.6,69.0,0.0,11.7,360.0,1007.0,345.0
2025-02-06 01:00:00,,27.2,65.0,0.0,12.1,6.0,1007.1,915.0
2025-02-06 02:00:00,,29.3,58.0,0.0,16.2,40.0,1006.6,1220.0
2025-02-06 03:00:00,,29.6,58.0,0.0,14.7,29.0,1005.9,1150.0
2025-02-06 04:00:00,,30.6,55.0,0.0,14.6,34.0,1005.2,1400.0
2025-02-06 05:00:00,,29.6,59.0,0.2,12.1,38.0,1004.4,1150.0
2025-02-06 06:00:00,,30.7,55.0,0.0,13.3,41.0,1003.4,1330.0
2025-02-06 07:00:00,,30.3,55.0,0.0,15.0,34.0,1002.7,1280.0
2025-02-06 08:00:00,,29.3,59.0,0.0,15.0,29.0,1002.9,1130.0
2025-02-06 09:00:00,,28.6,62.0,0.0,9.4,30.0,1003.6,1065.0
2025-02-06 10:00:00,,28.0,65.0,0.0,4.8,20.0,1004.4,945.0
2025-02-06 11:00:00,,27.7,68.0,0.0,1.5,330.0,1005.0,295.0
2025-02-06 12:00:00,,27.4,69.0,0.0,3.2,308.0,1005.6,245.0
2025-02-06 13:00:00,,27.1,70.0,0.1,4.9,6.0,1005.8,265.0
2025-02-06 14:00:00,,26.7,73.0,0.1,2.7,323.0,1006.0,185.0
2025-02-06 15:00:00,,26.2,77.0,0.7,1.9,292.0,1006.0,160.0
2025-02-06 16:00:00,,25.7,81.0,0.8,1.3,225.0,1005.7,120.0
2025-02-06 17:00:00,,25.3,87.0,1.1,3.3,347.0,1005.2,85.0
2025-02-06 18:00:00,,24.9,90.0,0.2,5.0,325.0,1004.7,135.0
2025-02-06 19:00:00,,24.8,89.0,0.1,6.2,319.0,1004.1,145.0
2025-02-06 20:00:00,,24.7,90.0,0.1,5.6,297.0,1003.9,145.0
2025-02-06 21:00:00,,24.6,90.0,0.1,5.8,309.0,1004.2,130.0
2025-02-06 22:00:00,,24.6,90.0,0.2,5.5,311.0,1004.5,130.0
2025-02-06 23:00:00,,24.7,89.0,0.0,5.9,322.0,1005.0,135.0
2025-02-07 00:00:00,,25.5,85.0,0.0,4.7,293.0,1005.8,160.0
2025-02-07 01:00:00,,27.5,74.0,0.0,3.2,304.0,1006.2,460.0
2025-02-07 02:00:00,,28.4,70.0,0.0,1.9,22.0,1006.3,990.0
2025-02-07 03:00:00,,29.4,65.0,0.1,5.8,56.0,1005.8,1065.0
2025-02-07 04:00:00,,29.5,65.0,0.3,6.9,59.0,1005.2,1080.0
2025-02-07 05:00:00,,29.6,65.0,0.4,5.9,52.0,1004.2,1105.0
2025-02-07 06:00:00,,28.9,66.0,0.5,6.7,54.0,1003.6,795.0
2025-02-07 07:00:00,,28.5,67.0,0.4,4.8,27.0,1003.3,895.0
2025-02-07 08:00:00,,28.3,68.0,0.2,2.8,40.0,1003.5,830.0
2025-02-07 09:00:00,,27.6,73.0,0.2,1.5,234.0,1004.2,95.0
2025-02-07 10:00:00,,27.1,77.0,0.3,4.4,249.0,1004.9,210.0
2025-02-07 11:00:00,,26.6,80.0,0.2,4.0,260.0,1005.5,185.0
2025-02-07 12:00:00,,26.2,84.0,0.1,3.7,259.0,1006.1,145.0
2025-02-07 13:00:00,,27.2,74.0,0.0,4.7,317.0,1005.9,225.0
2025-02-07 14:00:00,,27.0,74.0,0.0,3.7,305.0,1006.4,225.0
2025-02-07 15:00:00,,26.7,75.0,0.0,3.7,337.0,1006.0,135.0
2025-02-07 16:00:00,,26.4,77.0,0.0,7.2,347.0,1005.7,215.0
2025-02-07 17:00:00,,26.1,77.0,0.1,7.0,1.0,1004.7,230.0
2025-02-07 18:00:00,,25.8,79.0,0.0,7.1,6.0,1004.0,235.0
2025-02-07 19:00:00,,25.6,81.0,0.0,5.0,358.0,1003.3,175.0
2025-02-07 20:00:00,,25.6,82.0,0.0,5.0,345.0,1003.6,140.0
2025-02-07 21:00:00,,25.2,82.0,0.2,9.1,10.0,1003.5,190.0
2025-02-07 22:00:00,,25.2,83.0,0.2,8.3,30.0,1003.9,220.0
2025-02-07 23:00:00,,24.3,94.0,2.5,7.9,349.0,1004.6,145.0
2025-02-08 00:00:00,,24.7,90.0,0.3,5.4,358.0,1005.0,115.0
2025-02-08 01:00:00,,27.6,71.0,0.1,6.3,20.0,1006.1,1145.0
2025-02-08 02:00:00,,28.7,64.0,0.2,13.1,30.0,1006.1,1305.0
2025-02-08 03:00:00,,28.4,63.0,0.0,14.6,33.0,1005.8,1260.0
2025-02-08 04:00:00,,28.2,66.0,0.7,8.8,19.0,1005.2,1355.0
2025-02-08 05:00:00,,27.6,67.0,0.1,5.6,353.0,1004.3,1370.0
2025-02-08 06:00:00,,27.7,65.0,0.0,8.2,23.0,1003.8,1395.0
2025-02-08 07:00:00,,27.3,66.0,0.5,10.7,37.0,1003.3,1310.0
2025-02-08 08:00:00,,26.7,69.0,0.2,8.0,27.0,1003.3,1220.0
2025-02-08 09:00:00,,26.4,70.0,0.0,5.3,348.0,1004.0,1290.0
2025-02-08 10:00:00,,25.7,74.0,0.1,8.6,329.0,1004.6,295.0
2025-02-08 11:00:00,,24.8,78.0,0.6,11.8,344.0,1005.3,200.0
2025-02-08 12:00:00,,23.8,86.0,4.1,10.1,317.0,1005.8,150.0
2025-02-08 13:00:00,,25.6,72.0,0.0,6.8,357.0,1006.6,1280.0
2025-02-08 14:00:00,,25.2,74.0,0.0,7.6,352.0,1007.0,450.0
2025-02-08 15:00:00,,24.9,75.0,0.0,8.1,1.0,1007.2,235.0
2025-02-08 16:00:00,,24.7,75.0,0.3,7.2,341.0,1007.3,175.0
2025-02-08 17:00:00,,23.2,90.0,3.5,8.2,337.0,1006.8,130.0
2025-02-08 18:00:00,,23.0,89.0,0.9,9.7,349.0,1006.0,150.0
2025-02-08 19:00:00,,23.1,87.0,0.2,9.4,355.0,1005.3,180.0
2025-02-08 20:00:00,,23.1,86.0,0.4,9.3,331.0,1005.2,135.0
2025-02-08 21:00:00,,22.7,87.0,0.7,9.9,322.0,1005.2,155.0
2025-02-08 22:00:00,,22.7,89.0,0.5,8.6,330.0,1005.9,135.0
2025-02-08 23:00:00,,22.9,86.0,0.0,11.6,336.0,1006.4,180.0
2025-02-09 00:00:00,,23.3,84.0,0.0,11.1,347.0,1007.1,215.0
2025-02-09 01:00:00,,24.7,78.0,0.0,9.4,336.0,1008.2,320.0
2025-02-09 02:00:00,,25.3,76.0,0.1,8.1,342.0,1008.4,1130.0
2025-02-09 03:00:00,,25.8,73.0,0.0,10.3,359.0,1007.7,1165.0
2025-02-09 04:00:00,,27.0,68.0,0.0,12.6,24.0,1006.8,1265.0
2025-02-09 05:00:00,,27.2,66.0,0.0,11.1,27.0,1006.0,1300.0
2025-02-09 06:00:00,,27.5,64.0,0.0,13.2,32.0,1004.7,1390.0
2025-02-09 07:00:00,,27.4,64.0,0.0,9.5,22.0,1003.9,1385.0
2025-02-09 08:00:00,,27.2,64.0,0.0,5.8,22.0,1003.7,1370.0
2025-02-09 09:00:00,,26.8,65.0,0.0,1.5,30.0,1004.1,1370.0
2025-02-09 10:00:00,,26.2,68.0,0.0,2.9,270.0,1005.1,50.0
2025-02-09 11:00:00,,25.5,73.0,0.0,6.9,261.0,1005.8,360.0
2025-02-09 12:00:00,,24.7,76.0,0.0,8.1,288.0,1006.4,240.0
2025-02-09 13:00:00,,25.0,77.0,0.0,6.0,343.0,1007.5,150.0
2025-02-09 14:00:00,,24.9,76.0,0.0,8.6,331.0,1007.7,195.0
2025-02-09 15:00:00,,24.3,78.0,0.0,9.9,339.0,1007.3,165.0
2025-02-09 16:00:00,,23.9,79.0,0.0,9.2,344.0,1007.3,140.0
2025-02-09 17:00:00,,23.7,81.0,0.0,8.4,341.0,1006.8,120.0
2025-02-09 18:00:00,,23.5,81.0,0.0,9.6,339.0,1006.4,145.0
2025-02-09 19:00:00,,23.4,81.0,0.0,9.0,334.0,1005.7,155.0
2025-02-09 20:00:00,,23.3,81.0,0.0,9.4,334.0,1005.8,160.0
2025-02-09 21:00:00,,23.2,82.0,0.0,8.8,332.0,1005.8,155.0
2025-02-09 22:00:00,,23.4,82.0,0.0,7.4,328.0,1006.4,155.0
2025-02-09 23:00:00,,23.6,82.0,0.0,7.5,316.0,1007.3,130.0
2025-02-10 00:00:00,,24.3,78.0,0.0,8.9,335.0,1008.0,220.0
2025-02-10 01:00:00,,24.9,75.0,0.0,7.3,337.0,1008.8,295.0
2025-02-10 02:00:00,,26.2,72.0,0.0,7.0,357.0,1008.9,1035.0
2025-02-10 03:00:00,,26.9,70.0,0.8,7.7,16.0,1008.2,1065.0
2025-02-10 04:00:00,,26.5,74.0,0.8,7.1,19.0,1007.9,1050.0
2025-02-10 05:00:00,,26.9,73.0,2.0,5.7,24.0,1007.1,920.0
2025-02-10 06:00:00,,27.0,76.0,3.0,3.0,14.0,1005.9,965.0
2025-02-10 07:00:00,,26.1,83.0,4.8,5.7,328.0,1005.5,215.0
2025-02-10 08:00:00,,25.3,92.0,2.7,6.5,332.0,1005.4,165.0
2025-02-10 09:00:00,,24.7,95.0,5.3,8.4,298.0,1005.7,155.0
2025-02-10 10:00:00,,24.2,94.0,2.6,6.2,322.0,1006.2,110.0
2025-02-10 11:00:00,,24.0,92.0,0.9,7.9,305.0,1006.9,105.0
2025-02-10 12:00:00,,23.8,92.0,0.2,7.8,292.0,1007.7,115.0
2025-02-10 13:00:00,,24.5,94.0,1.7,4.1,308.0,1008.2,125.0
2025-02-10 14:00:00,,24.2,96.0,1.5,4.6,301.0,1008.5,115.0
2025-02-10 15:00:00,,23.9,97.0,2.2,3.9,248.0,1008.6,115.0
2025-02-10 16:00:00,,23.6,97.0,1.0,4.5,293.0,1008.2,120.0
2025-02-10 17:00:00,,23.4,96.0,0.3,4.0,291.0,1007.7,130.0
2025-02-10 18:00:00,,23.2,97.0,0.4,5.1,260.0,1007.3,145.0
2025-02-10 19:00:00,,23.0,96.0,0.5,4.9,276.0,1006.8,120.0
2025-02-10 20:00:00,,22.8,98.0,0.2,6.5,278.0,1006.6,130.0
2025-02-10 21:00:00,,22.7,97.0,0.1,5.3,288.0,1006.5,110.0
2025-02-10 22:00:00,,22.6,98.0,0.1,5.2,274.0,1006.9,95.0
2025-02-10 23:00:00,,23.0,96.0,0.1,5.6,274.0,1007.5,85.0
2025-02-11 00:00:00,,24.0,93.0,0.1,5.9,284.0,1008.1,100.0
2025-02-11 01:00:00,,25.3,87.0,0.1,4.7,286.0,1008.7,195.0
2025-02-11 02:00:00,,26.6,81.0,0.0,3.4,267.0,1008.8,380.0
2025-02-11 03:00:00,,28.3,74.0,0.3,5.1,96.0,1008.3,1195.0
2025-02-11 04:00:00,,28.7,69.0,0.1,10.3,97.0,1007.7,1180.0
2025-02-11 05:00:00,,28.6,69.0,0.2,8.4,100.0,1006.4,1160.0
2025-02-11 06:00:00,,28.2,72.0,1.9,6.0,93.0,1005.8,1090.0
2025-02-11 07:00:00,,27.4,77.0,1.7,5.7,143.0,1005.6,290.0
2025-02-11 08:00:00,,27.1,81.0,0.2,2.8,215.0,1005.6,920.0
2025-02-11 09:00:00,,27.2,79.0,0.5,3.2,223.0,1006.0,845.0
2025-02-11 10:00:00,,26.2,85.0,0.4,5.0,218.0,1007.1,120.0
2025-02-11 11:00:00,,25.8,90.0,0.1,3.1,193.0,1007.8,60.0
2025-02-11 12:00:00,,25.9,87.0,0.1,1.5,201.0,1008.8,30.0
2025-02-11 13:00:00,,25.2,93.0,0.0,2.9,274.0,1009.0,85.0
2025-02-11 14:00:00,,24.8,95.0,0.0,3.4,267.0,1009.0,80.0
2025-02-11 15:00:00,,24.5,97.0,0.0,3.1,263.0,1009.2,55.0
2025-02-11 16:00:00,,24.4,97.0,0.0,0.4,297.0,1008.9,10.0
2025-02-11 17:00:00,,24.4,96.0,0.0,2.5,360.0,1008.5,35.0
2025-02-11 18:00:00,,24.2,98.0,0.0,3.6,327.0,1007.8,60.0
2025-02-11 19:00:00,,23.9,97.0,0.0,5.1,287.0,1007.1,85.0
2025-02-11 20:00:00,,23.6,97.0,0.0,5.3,294.0,1006.9,75.0
2025-02-11 21:00:00,,23.5,95.0,0.0,6.1,289.0,1007.1,75.0
2025-02-11 22:00:00,,23.4,94.0,0.0,5.8,286.0,1007.8,65.0
2025-02-11 23:00:00,,23.5,93.0,0.0,5.6,291.0,1008.2,65.0
2025-02-12 00:00:00,,25.0,87.0,0.0,4.6,296.0,1008.6,115.0
2025-02-12 01:00:00,,27.7,79.0,0.0,3.1,114.0,1009.1,735.0
2025-02-12 02:00:00,,29.4,68.0,0.0,5.1,129.0,1009.2,990.0
2025-02-12 03:00:00,,30.6,59.0,0.0,8.7,128.0,1008.8,1280.0
2025-02-12 04:00:00,,31.1,55.0,0.0,11.9,119.0,1008.1,1335.0
2025-02-12 05:00:00,,31.3,52.0,0.0,12.2,121.0,1006.9,1410.0
2025-02-12 06:00:00,,31.5,51.0,0.0,11.1,124.0,1005.8,1380.0
2025-02-12 07:00:00,,31.4,51.0,0.0,11.5,132.0,1005.4,1345.0
2025-02-12 08:00:00,,30.8,56.0,0.0,11.2,138.0,1005.5,1060.0
2025-02-12 09:00:00,,29.7,64.0,0.0,10.2,146.0,1005.7,615.0
2025-02-12 10:00:00,,28.3,73.0,0.0,8.8,147.0,1006.5,280.0
2025-02-12 11:00:00,,27.2,78.0,0.0,6.8,140.0,1007.3,175.0
2025-02-12 12:00:00,,26.3,81.0,0.0,5.4,165.0,1008.0,115.0
2025-02-12 13:00:00,,26.2,81.0,0.0,3.9,146.0,1008.5,95.0
2025-02-12 14:00:00,,25.6,86.0,0.0,4.2,211.0,1008.8,65.0
2025-02-12 15:00:00,,25.0,91.0,0.0,5.4,236.0,1008.8,60.0
2025-02-12 16:00:00,,24.7,92.0,0.0,5.4,256.0,1008.6,60.0
2025-02-12 17:00:00,,24.3,94.0,0.0,4.7,247.0,1008.1,55.0
2025-02-12 18:00:00,,24.1,94.0,0.0,2.4,193.0,1007.7,35.0
2025-02-12 19:00:00,,23.9,95.0,0.0,1.5,69.0,1007.0,20.0
2025-02-12 20:00:00,,23.5,96.0,0.0,3.6,60.0,1006.5,30.0
2025-02-12 21:00:00,,23.3,96.0,0.0,3.1,3.0,1006.8,25.0
2025-02-12 22:00:00,,23.3,96.0,0.0,1.4,50.0,1007.4,15.0
2025-02-12 23:00:00,,23.3,96.0,0.0,2.8,108.0,1008.1,25.0
2025-02-13 00:00:00,,24.8,89.0,0.0,3.7,145.0,1008.7,185.0
2025-02-13 01:00:00,,25.5,87.0,0.6,3.2,47.0,1009.3,295.0
2025-02-13 02:00:00,,25.8,84.0,0.4,6.6,35.0,1009.3,155.0
2025-02-13 03:00:00,,27.5,70.0,0.0,6.1,28.0,1008.6,360.0
2025-02-13 04:00:00,,29.4,66.0,0.0,1.4,337.0,1007.8,570.0
2025-02-13 05:00:00,,29.7,65.0,0.2,6.2,12.0,1006.8,950.0
2025-02-13 06:00:00,,29.6,68.0,0.7,4.7,356.0,1005.8,645.0
2025-02-13 07:00:00,,28.9,67.0,1.0,9.3,199.0,1005.7,600.0
2025-02-13 08:00:00,,26.1,82.0,5.0,2.8,50.0,1006.1,160.0
2025-02-13 09:00:00,,25.4,87.0,1.6,5.1,107.0,1005.8,110.0
2025-02-13 10:00:00,,25.2,91.0,0.2,4.9,17.0,1006.4,100.0
2025-02-13 11:00:00,,24.7,94.0,0.0,5.6,6.0,1006.9,105.0
2025-02-13 12:00:00,,24.8,91.0,0.0,5.4,15.0,1007.7,105.0
2025-02-13 13:00:00,,26.3,92.0,0.0,3.8,5.0,1007.4,145.0
2025-02-13 14:00:00,,26.0,93.0,0.0,2.9,7.0,1007.6,90.0
2025-02-13 15:00:00,,25.8,94.0,0.0,2.4,77.0,1007.5,40.0
2025-02-13 16:00:00,,25.5,95.0,0.0,3.5,129.0,1007.3,90.0
2025-02-13 17:00:00,,25.3,95.0,0.0,2.5,188.0,1006.9,35.0
2025-02-13 18:00:00,,24.9,97.0,0.0,0.6,342.0,1006.3,15.0
2025-02-13 19:00:00,,24.6,99.0,0.0,3.4,354.0,1005.6,55.0
2025-02-13 20:00:00,,24.5,98.0,0.0,2.7,332.0,1005.3,55.0
2025-02-13 21:00:00,,24.4,98.0,0.0,1.8,336.0,1005.4,65.0
2025-02-13 22:00:00,,24.4,97.0,0.0,1.5,315.0,1006.1,90.0
2025-02-13 23:00:00,,24.5,96.0,0.0,1.5,291.0,1006.8,95.0
2025-02-14 00:00:00,,25.1,93.0,0.0,2.2,284.0,1007.3,145.0
2025-02-14 01:00:00,,25.2,90.0,1.1,2.1,75.0,1007.8,165.0
2025-02-14 02:00:00,,25.4,88.0,2.8,3.7,191.0,1008.2,235.0
2025-02-14 03:00:00,,25.7,88.0,0.7,3.4,273.0,1007.6,280.0
2025-02-14 04:00:00,,26.6,83.0,0.0,4.7,288.0,1006.8,385.0
2025-02-14 05:00:00,,26.8,80.0,0.4,6.0,307.0,1006.0,430.0
2025-02-14 06:00:00,,25.5,88.0,0.5,7.9,305.0,1004.8,245.0
2025-02-14 07:00:00,,24.9,92.0,0.5,2.3,331.0,1003.9,125.0
2025-02-14 08:00:00,,26.7,84.0,0.2,1.9,292.0,1003.8,225.0
2025-02-14 09:00:00,,26.5,85.0,0.1,2.6,326.0,1004.2,120.0
2025-02-14 10:00:00,,26.2,87.0,0.1,3.6,327.0,1004.6,65.0
2025-02-14 11:00:00,,25.9,91.0,0.0,4.3,318.0,1005.0,60.0
2025-02-14 12:00:00,,25.6,92.0,0.0,3.9,317.0,1005.7,85.0
2025-02-14 13:00:00,,26.3,92.0,0.0,1.5,330.0,1006.3,40.0
2025-02-14 14:00:00,,26.1,86.0,0.3,1.4,247.0,1006.5,40.0
2025-02-14 15:00:00,,25.8,89.0,0.0,0.2,360.0,1006.2,15.0
2025-02-14 16:00:00,,25.4,93.0,0.0,0.9,11.0,1005.9,15.0
2025-02-14 17:00:00,,24.8,97.0,0.0,2.6,25.0,1005.5,20.0
2025-02-14 18:00:00,,24.6,98.0,0.0,3.3,338.0,1005.3,20.0
2025-02-14 19:00:00,,24.6,95.0,0.0,1.7,32.0,1004.8,15.0
2025-02-14 20:00:00,,24.3,96.0,0.0,0.5,90.0,1004.4,10.0
2025-02-14 21:00:00,,24.0,97.0,0.0,3.0,123.0,1004.3,20.0
2025-02-14 22:00:00,,23.7,97.0,0.0,2.9,101.0,1004.9,20.0
2025-02-14 23:00:00,,23.8,97.0,0.0,2.0,10.0,1005.6,15.0
2025-02-15 00:00:00,,25.3,90.0,0.0,2.1,340.0,1006.5,200.0
2025-02-15 01:00:00,,27.1,82.0,0.0,3.1,283.0,1006.8,340.0
2025-02-15 02:00:00,,28.3,75.0,0.0,3.2,254.0,1007.1,600.0
2025-02-15 03:00:00,,29.2,73.0,0.0,3.1,230.0,1006.5,870.0
2025-02-15 04:00:00,,30.4,68.0,0.2,1.8,264.0,1005.0,1260.0
2025-02-15 05:00:00,,30.6,67.0,0.1,2.6,254.0,1004.0,1280.0
2025-02-15 06:00:00,,30.8,65.0,0.0,4.0,216.0,1003.5,1265.0
2025-02-15 07:00:00,,26.9,82.0,9.7,4.2,137.0,1003.7,310.0
2025-02-15 08:00:00,,27.3,82.0,0.2,3.6,177.0,1003.5,460.0
2025-02-15 09:00:00,,26.8,80.0,2.7,8.1,184.0,1004.2,440.0
2025-02-15 10:00:00,,25.5,88.0,1.8,4.9,178.0,1004.7,235.0
2025-02-15 11:00:00,,25.3,91.0,0.2,4.2,7.0,1005.9,115.0
2025-02-15 12:00:00,,25.0,93.0,0.2,6.8,3.0,1006.1,190.0
2025-02-15 13:00:00,,26.0,91.0,0.0,6.0,339.0,1006.1,190.0
2025-02-15 14:00:00,,25.8,92.0,0.0,5.0,325.0,1006.8,205.0
2025-02-15 15:00:00,,25.5,93.0,0.0,5.5,306.0,1006.4,185.0
2025-02-15 16:00:00,,25.1,95.0,0.0,5.5,319.0,1006.4,170.0
2025-02-15 17:00:00,,25.0,94.0,0.0,4.5,355.0,1006.2,140.0
2025-02-15 18:00:00,,24.8,94.0,0.0,2.1,250.0,1005.7,90.0
2025-02-15 19:00:00,,24.7,94.0,0.0,1.5,173.0,1005.2,100.0
2025-02-15 20:00:00,,24.7,93.0,0.0,2.7,122.0,1005.0,95.0
2025-02-15 21:00:00,,24.6,93.0,0.0,2.3,315.0,1005.2,70.0
2025-02-15 22:00:00,,24.4,96.0,0.0,3.3,9.0,1005.9,75.0
2025-02-15 23:00:00,,24.4,95.0,0.0,1.3,360.0,1006.6,90.0
2025-02-16 00:00:00,,25.5,89.0,0.0,1.2,333.0,1007.3,175.0
2025-02-16 01:00:00,,27.4,81.0,0.0,1.3,304.0,1008.0,405.0
2025-02-16 02:00:00,,28.7,76.0,0.0,2.6,245.0,1008.2,770.0
2025-02-16 03:00:00,,29.8,72.0,0.1,3.2,214.0,1007.4,1020.0
2025-02-16 04:00:00,,28.6,75.0,0.2,3.8,71.0,1007.0,605.0
2025-02-16 05:00:00,,29.7,71.0,0.1,2.4,99.0,1006.0,880.0
2025-02-16 06:00:00,,29.9,72.0,0.2,1.8,264.0,1005.1,875.0
2025-02-16 07:00:00,,29.3,75.0,0.1,4.4,325.0,1004.9,600.0
2025-02-16 08:00:00,,28.4,76.0,3.4,4.5,360.0,1005.0,350.0
2025-02-16 09:00:00,,28.0,77.0,0.1,4.0,357.0,1005.2,245.0
2025-02-16 10:00:00,,27.1,81.0,0.2,3.1,310.0,1006.0,95.0
2025-02-16 11:00:00,,26.7,85.0,0.0,5.8,304.0,1006.7,110.0
2025-02-16 12:00:00,,26.6,86.0,0.0,6.4,308.0,1007.6,125.0
2025-02-16 13:00:00,,27.1,87.0,0.0,4.2,324.0,1007.8,85.0
2025-02-16 14:00:00,,26.8,89.0,0.0,1.7,288.0,1008.2,45.0
2025-02-16 15:00:00,,26.2,92.0,0.0,2.5,291.0,1008.2,50.0
2025-02-16 16:00:00,,25.9,94.0,0.0,3.5,305.0,1008.2,155.0
2025-02-16 17:00:00,,25.5,95.0,0.0,4.8,333.0,1007.7,185.0
2025-02-16 18:00:00,,25.1,95.0,0.0,5.3,342.0,1007.1,170.0
2025-02-16 19:00:00,,24.8,95.0,0.0,3.4,6.0,1006.6,145.0
2025-02-16 20:00:00,,24.4,97.0,0.0,2.8,35.0,1006.7,55.0
2025-02-16 21:00:00,,24.1,99.0,0.0,3.3,41.0,1006.8,40.0
2025-02-16 22:00:00,,23.9,99.0,0.0,3.6,49.0,1007.5,35.0
2025-02-16 23:00:00,,24.1,99.0,0.0,2.3,45.0,1008.0,35.0
2025-02-17 00:00:00,,25.6,90.0,0.0,0.7,256.0,1008.5,155.0
2025-02-17 01:00:00,,27.8,79.0,0.0,3.2,223.0,1008.9,385.0
2025-02-17 02:00:00,,29.0,75.0,0.0,3.8,239.0,1008.8,675.0
2025-02-17 03:00:00,,30.4,71.0,0.0,4.2,234.0,1007.9,1050.0
2025-02-17 04:00:00,,27.9,78.0,0.4,4.0,188.0,1007.8,545.0
2025-02-17 05:00:00,,29.1,72.0,0.4,2.3,328.0,1006.7,330.0
2025-02-17 06:00:00,,30.4,70.0,0.1,2.6,321.0,1005.6,1165.0
2025-02-17 07:00:00,,30.2,71.0,0.2,4.4,341.0,1005.4,655.0
2025-02-17 08:00:00,,29.7,73.0,0.1,3.9,286.0,1005.3,650.0
2025-02-17 09:00:00,,29.0,76.0,0.1,4.5,270.0,1005.5,225.0
2025-02-17 10:00:00,,28.0,81.0,0.2,5.0,272.0,1006.3,115.0
2025-02-17 11:00:00,,27.5,87.0,0.1,2.4,279.0,1007.3,35.0
2025-02-17 12:00:00,,27.1,89.0,0.2,2.8,79.0,1008.2,50.0
2025-02-17 13:00:00,,27.3,76.0,0.0,2.0,135.0,1008.6,55.0
2025-02-17 14:00:00,,26.7,81.0,0.0,5.0,224.0,1009.0,95.0
2025-02-17 15:00:00,,26.1,84.0,0.0,3.3,221.0,1008.9,50.0
2025-02-17 16:00:00,,25.6,86.0,0.0,1.8,246.0,1008.8,35.0
2025-02-17 17:00:00,,25.3,89.0,0.0,1.6,333.0,1008.5,35.0
2025-02-17 18:00:00,,24.9,92.0,0.0,3.1,306.0,1008.0,65.0
2025-02-17 19:00:00,,24.7,93.0,0.0,3.0,322.0,1007.5,90.0
2025-02-17 20:00:00,,24.4,95.0,0.0,2.3,360.0,1007.2,40.0
2025-02-17 21:00:00,,24.2,96.0,0.0,0.6,162.0,1007.1,15.0
2025-02-17 22:00:00,,24.1,96.0,0.0,1.5,306.0,1007.6,25.0
2025-02-17 23:00:00,,24.3,95.0,0.0,4.6,315.0,1008.1,95.0
2025-02-18 00:00:00,,25.7,86.0,0.0,4.0,302.0,1008.8,210.0
2025-02-18 01:00:00,,28.1,71.0,0.0,2.5,45.0,1009.5,665.0
2025-02-18 02:00:00,,29.4,64.0,0.0,2.5,111.0,1009.4,910.0
2025-02-18 03:00:00,,30.6,60.0,0.4,2.1,195.0,1008.3,1180.0
2025-02-18 04:00:00,,29.8,62.0,0.2,2.9,30.0,1007.5,915.0
2025-02-18 05:00:00,,30.1,62.0,0.3,3.6,303.0,1006.6,1010.0
2025-02-18 06:00:00,,31.1,60.0,0.5,3.2,273.0,1005.5,1360.0
2025-02-18 07:00:00,,28.4,72.0,2.8,2.9,266.0,1005.5,225.0
2025-02-18 08:00:00,,28.0,74.0,0.1,9.7,286.0,1005.5,260.0
2025-02-18 09:00:00,,26.9,79.0,1.5,6.6,287.0,1006.0,200.0
2025-02-18 10:00:00,,26.6,84.0,0.2,7.0,260.0,1006.7,170.0
2025-02-18 11:00:00,,26.2,87.0,0.1,3.2,270.0,1007.2,75.0
2025-02-18 12:00:00,,26.1,90.0,0.1,1.5,330.0,1007.7,35.0
2025-02-18 13:00:00,,25.3,91.0,0.0,0.4,90.0,1007.9,80.0
2025-02-18 14:00:00,,25.4,91.0,0.0,2.5,291.0,1008.2,85.0
2025-02-18 15:00:00,,25.3,94.0,0.0,4.3,336.0,1008.2,110.0
2025-02-18 16:00:00,,25.1,94.0,0.0,6.4,349.0,1008.2,125.0
2025-02-18 17:00:00,,25.0,90.0,0.0,6.5,355.0,1007.6,120.0
2025-02-18 18:00:00,,24.7,89.0,0.0,5.1,8.0,1007.4,110.0
2025-02-18 19:00:00,,24.6,90.0,0.0,4.7,353.0,1007.0,95.0
2025-02-18 20:00:00,,24.4,91.0,0.0,4.0,352.0,1007.1,75.0
2025-02-18 21:00:00,,24.3,89.0,0.0,5.0,345.0,1007.4,90.0
2025-02-18 22:00:00,,24.3,87.0,0.0,6.8,343.0,1007.9,120.0
2025-02-18 23:00:00,,24.6,83.0,0.0,7.2,357.0,1008.4,185.0
2025-02-19 00:00:00,,25.7,78.0,0.0,6.8,11.0,1009.1,295.0
2025-02-19 01:00:00,,26.8,71.0,0.0,9.0,33.0,1009.8,730.0
2025-02-19 02:00:00,,27.5,70.0,0.0,7.7,31.0,1009.8,870.0
2025-02-19 03:00:00,,28.2,66.0,0.0,8.7,32.0,1009.1,965.0
2025-02-19 04:00:00,,28.7,64.0,0.0,9.8,26.0,1008.4,1095.0
2025-02-19 05:00:00,,29.4,60.0,0.0,10.2,30.0,1007.1,1180.0
2025-02-19 06:00:00,,29.6,58.0,0.0,10.9,34.0,1006.2,1185.0
2025-02-19 07:00:00,,29.3,58.0,0.0,11.3,36.0,1005.7,1115.0
2025-02-19 08:00:00,,28.9,61.0,0.0,11.1,47.0,1005.8,1055.0
2025-02-19 09:00:00,,28.1,64.0,0.0,6.9,33.0,1006.3,1025.0
2025-02-19 10:00:00,,27.1,70.0,0.0,4.5,2.0,1006.9,930.0
2025-02-19 11:00:00,,26.3,76.0,0.0,2.2,256.0,1007.5,35.0
2025-02-19 12:00:00,,26.2,77.0,0.0,2.3,238.0,1008.4,40.0
2025-02-19 13:00:00,,26.2,74.0,0.0,5.5,224.0,1009.0,75.0
2025-02-19 14:00:00,,25.6,79.0,0.0,4.5,256.0,1009.0,45.0
2025-02-19 15:00:00,,25.5,81.0,0.0,5.2,274.0,1008.8,60.0
2025-02-19 16:00:00,,25.1,82.0,0.0,7.1,260.0,1008.8,70.0
2025-02-19 17:00:00,,24.7,83.0,0.0,7.1,277.0,1008.2,80.0
2025-02-19 18:00:00,,24.4,84.0,0.0,8.3,288.0,1007.6,90.0
2025-02-19 19:00:00,,24.2,84.0,0.0,8.5,299.0,1007.0,90.0
2025-02-19 20:00:00,,23.8,86.0,0.0,7.0,316.0,1006.9,85.0
2025-02-19 21:00:00,,23.6,87.0,0.0,4.9,309.0,1007.1,65.0
2025-02-19 22:00:00,,23.5,88.0,0.0,4.2,317.0,1007.9,60.0
2025-02-19 23:00:00,,23.6,87.0,0.0,5.8,330.0,1008.5,85.0
2025-02-20 00:00:00,,25.1,80.0,0.0,6.5,321.0,1009.0,215.0
2025-02-20 01:00:00,,27.3,70.0,0.0,3.3,41.0,1010.0,785.0
2025-02-20 02:00:00,,28.6,66.0,0.0,1.9,41.0,1009.9,1230.0
2025-02-20 03:00:00,,29.5,60.0,0.0,9.2,62.0,1009.5,1380.0
2025-02-20 04:00:00,,29.5,61.0,0.0,7.9,66.0,1008.8,1335.0
2025-02-20 05:00:00,,30.0,58.0,0.0,11.8,71.0,1007.8,1420.0
2025-02-20 06:00:00,,30.2,56.0,0.0,11.7,69.0,1007.2,1415.0
2025-02-20 07:00:00,,29.3,60.0,0.0,11.4,64.0,1007.2,1295.0
2025-02-20 08:00:00,,28.5,62.0,0.1,10.0,69.0,1007.2,1170.0
2025-02-20 09:00:00,,27.5,66.0,0.1,8.0,62.0,1007.8,1045.0
2025-02-20 10:00:00,,26.6,71.0,0.2,4.3,45.0,1008.4,885.0
2025-02-20 11:00:00,,25.7,77.0,0.0,7.1,344.0,1009.1,225.0
2025-02-20 12:00:00,,25.3,81.0,0.0,5.4,296.0,1009.4,120.0
2025-02-20 13:00:00,,24.4,92.0,9.9,3.5,62.0,1010.0,165.0
2025-02-20 14:00:00,,24.4,90.0,1.4,4.7,337.0,1010.1,80.0
2025-02-20 15:00:00,,24.4,92.0,0.0,3.7,317.0,1009.8,60.0
2025-02-20 16:00:00,,24.4,94.0,0.0,6.2,255.0,1009.6,85.0
2025-02-20 17:00:00,,24.2,93.0,0.0,4.0,252.0,1009.3,70.0
2025-02-20 18:00:00,,23.8,96.0,0.0,1.2,309.0,1008.6,45.0
2025-02-20 19:00:00,,23.9,95.0,0.0,5.3,327.0,1008.2,105.0
2025-02-20 20:00:00,,23.8,92.0,0.0,5.8,321.0,1008.1,120.0
2025-02-20 21:00:00,,23.7,91.0,0.0,4.8,312.0,1008.4,110.0
2025-02-20 22:00:00,,23.7,91.0,0.0,4.1,315.0,1009.0,90.0
2025-02-20 23:00:00,,23.8,91.0,0.0,4.6,309.0,1009.4,95.0
2025-02-21 00:00:00,,24.8,87.0,0.0,5.9,288.0,1009.7,145.0
2025-02-21 01:00:00,,27.0,77.0,0.4,2.9,277.0,1010.3,390.0
2025-02-21 02:00:00,,27.8,73.0,0.1,4.1,56.0,1010.6,1040.0
2025-02-21 03:00:00,,27.7,69.0,0.0,4.3,66.0,1010.2,1045.0
2025-02-21 04:00:00,,29.0,66.0,0.0,4.6,64.0,1009.5,1260.0
2025-02-21 05:00:00,,29.4,61.0,0.0,6.8,50.0,1008.4,1295.0
2025-02-21 06:00:00,,29.4,60.0,0.0,8.2,58.0,1007.9,1220.0
2025-02-21 07:00:00,,27.9,65.0,0.0,9.8,64.0,1007.6,945.0
2025-02-21 08:00:00,,27.2,67.0,0.0,6.0,93.0,1007.7,800.0
2025-02-21 09:00:00,,26.7,68.0,0.0,1.3,236.0,1008.2,845.0
2025-02-21 10:00:00,,26.5,69.0,0.0,0.5,270.0,1008.9,820.0
2025-02-21 11:00:00,,26.2,71.0,0.0,2.9,240.0,1009.4,770.0
2025-02-21 12:00:00,,25.9,73.0,0.0,5.1,225.0,1009.9,125.0
2025-02-21 13:00:00,,26.8,71.0,0.0,5.5,77.0,1010.9,955.0
2025-02-21 14:00:00,,26.4,72.0,0.0,3.8,65.0,1010.8,910.0
2025-02-21 15:00:00,,26.4,72.0,0.0,2.7,90.0,1010.8,890.0
2025-02-21 16:00:00,,26.0,74.0,0.0,0.7,284.0,1010.6,15.0
2025-02-21 17:00:00,,25.1,82.0,0.0,2.8,305.0,1010.2,45.0
2025-02-21 18:00:00,,24.3,89.0,0.0,4.2,324.0,1009.7,60.0
2025-02-21 19:00:00,,23.7,91.0,0.0,4.8,338.0,1009.4,70.0
2025-02-21 20:00:00,,23.6,90.0,0.0,5.2,340.0,1009.2,65.0
2025-02-21 21:00:00,,23.4,88.0,0.0,5.9,320.0,1009.4,70.0
2025-02-21 22:00:00,,23.4,87.0,0.0,7.6,298.0,1009.9,75.0
2025-02-21 23:00:00,,23.3,87.0,0.0,8.1,299.0,1010.2,75.0
2025-02-22 00:00:00,,25.3,78.0,0.0,6.9,309.0,1010.9,155.0
2025-02-22 01:00:00,,27.5,70.0,0.0,2.6,12.0,1011.4,1160.0
2025-02-22 02:00:00,,28.8,60.0,0.0,9.1,69.0,1011.7,1290.0
2025-02-22 03:00:00,,29.4,57.0,0.0,11.8,78.0,1011.2,1340.0
2025-02-22 04:00:00,,30.3,53.0,0.0,12.7,75.0,1010.0,1470.0
2025-02-22 05:00:00,,30.8,52.0,0.0,13.5,80.0,1009.0,1545.0
2025-02-22 06:00:00,,30.6,51.0,0.0,14.3,78.0,1008.2,1480.0
2025-02-22 07:00:00,,30.1,53.0,0.0,13.1,77.0,1007.7,1355.0
2025-02-22 08:00:00,,29.6,54.0,0.0,10.1,78.0,1007.8,1325.0
2025-02-22 09:00:00,,28.6,57.0,0.0,8.5,92.0,1008.2,1200.0
2025-02-22 10:00:00,,27.3,61.0,0.0,9.9,95.0,1009.3,1060.0
2025-02-22 11:00:00,,26.6,65.0,0.0,6.9,129.0,1009.8,1035.0
2025-02-22 12:00:00,,26.0,67.0,0.0,7.9,150.0,1010.5,900.0
2025-02-22 13:00:00,,26.1,78.0,0.0,2.2,336.0,1011.2,30.0
2025-02-22 14:00:00,,25.4,84.0,0.0,1.5,330.0,1011.8,20.0
2025-02-22 15:00:00,,25.0,87.0,0.0,2.7,352.0,1011.8,40.0
2025-02-22 16:00:00,,24.6,90.0,0.0,3.2,317.0,1011.4,55.0
2025-02-22 17:00:00,,24.2,92.0,0.0,3.5,321.0,1011.0,60.0
2025-02-22 18:00:00,,23.8,93.0,0.0,6.2,330.0,1010.3,75.0
2025-02-22 19:00:00,,23.6,88.0,0.0,7.6,322.0,1010.2,95.0
2025-02-22 20:00:00,,23.4,85.0,0.0,7.2,333.0,1010.0,95.0
2025-02-22 21:00:00,,23.3,85.0,0.0,7.6,345.0,1010.2,100.0
2025-02-22 22:00:00,,23.2,86.0,0.0,6.4,324.0,1010.9,90.0
2025-02-22 23:00:00,,23.5,86.0,0.0,7.7,327.0,1011.7,95.0
2025-02-23 00:00:00,,25.2,77.0,0.0,6.6,323.0,1012.3,180.0
2025-02-23 01:00:00,,26.9,68.0,0.0,3.4,276.0,1013.2,845.0
2025-02-23 02:00:00,,28.7,61.0,0.0,1.3,45.0,1013.2,1190.0
2025-02-23 03:00:00,,30.6,52.0,0.0,5.8,64.0,1012.3,1405.0
2025-02-23 04:00:00,,31.6,46.0,0.0,9.3,65.0,1011.4,1530.0
2025-02-23 05:00:00,,32.2,44.0,0.0,10.8,66.0,1010.4,1590.0
2025-02-23 06:00:00,,32.5,41.0,0.0,12.0,58.0,1009.6,1720.0
2025-02-23 07:00:00,,31.8,44.0,0.0,12.6,52.0,1009.1,1550.0
2025-02-23 08:00:00,,31.4,45.0,0.0,12.4,51.0,1008.9,1505.0
2025-02-23 09:00:00,,29.6,52.0,0.0,10.9,59.0,1009.4,1180.0
2025-02-23 10:00:00,,28.3,56.0,0.0,7.4,68.0,1010.3,965.0
2025-02-23 11:00:00,,27.4,60.0,0.0,4.2,110.0,1010.9,750.0
2025-02-23 12:00:00,,27.0,61.0,0.0,1.5,201.0,1011.5,680.0
2025-02-23 13:00:00,,27.1,59.0,0.0,3.1,167.0,1012.3,730.0
2025-02-23 14:00:00,,27.0,60.0,0.0,2.5,188.0,1012.6,740.0
2025-02-23 15:00:00,,26.8,60.0,0.0,4.5,164.0,1012.5,730.0
2025-02-23 16:00:00,,26.5,61.0,0.0,3.4,183.0,1012.2,705.0
2025-02-23 17:00:00,,26.0,63.0,0.0,6.6,241.0,1011.9,75.0
2025-02-23 18:00:00,,25.3,67.0,0.0,10.8,255.0,1011.5,150.0
2025-02-23 19:00:00,,24.7,74.0,0.0,10.3,273.0,1010.9,135.0
2025-02-23 20:00:00,,24.1,82.0,0.0,8.8,282.0,1010.5,105.0
2025-02-23 21:00:00,,23.6,85.0,0.0,9.2,290.0,1010.6,105.0
2025-02-23 22:00:00,,23.3,85.0,0.0,8.6,292.0,1011.4,90.0
2025-02-23 23:00:00,,23.8,81.0,0.0,7.9,305.0,1012.1,105.0
2025-02-24 00:00:00,,25.8,67.0,0.0,6.4,299.0,1012.6,255.0
2025-02-24 01:00:00,,28.1,57.0,0.0,8.6,49.0,1013.5,1240.0
2025-02-24 02:00:00,,29.4,53.0,0.0,8.1,55.0,1013.5,1325.0
2025-02-24 03:00:00,,30.8,47.0,0.0,11.0,55.0,1013.1,1520.0
2025-02-24 04:00:00,,31.2,46.0,0.1,12.5,60.0,1012.3,1500.0
2025-02-24 05:00:00,,31.1,47.0,0.2,12.5,63.0,1011.4,1505.0
2025-02-24 06:00:00,,31.6,44.0,0.0,10.6,66.0,1010.2,1570.0
2025-02-24 07:00:00,,31.2,46.0,0.0,8.4,70.0,1009.5,1500.0
2025-02-24 08:00:00,,30.5,50.0,0.0,5.2,70.0,1009.3,1440.0
2025-02-24 09:00:00,,29.8,50.0,0.0,5.1,80.0,1009.9,1415.0
2025-02-24 10:00:00,,28.5,56.0,0.0,5.8,86.0,1010.3,1345.0
2025-02-24 11:00:00,,27.6,61.0,0.0,3.6,99.0,1011.3,1310.0
2025-02-24 12:00:00,,27.1,63.0,0.0,4.7,106.0,1012.1,1290.0
2025-02-24 13:00:00,,26.7,66.0,0.0,2.2,76.0,1012.8,1170.0
2025-02-24 14:00:00,,26.3,68.0,0.0,0.6,288.0,1013.0,405.0
2025-02-24 15:00:00,,25.8,70.0,0.0,2.7,318.0,1013.0,285.0
2025-02-24 16:00:00,,25.6,72.0,0.0,5.1,306.0,1012.5,295.0
2025-02-24 17:00:00,,25.2,75.0,0.0,7.4,315.0,1011.8,250.0
2025-02-24 18:00:00,,24.9,77.0,0.0,7.6,324.0,1011.3,190.0
2025-02-24 19:00:00,,24.7,77.0,0.0,9.3,336.0,1010.8,195.0
2025-02-24 20:00:00,,24.5,77.0,0.0,8.9,342.0,1010.8,180.0
2025-02-24 21:00:00,,24.4,77.0,0.0,8.6,338.0,1011.0,160.0
2025-02-24 22:00:00,,24.4,77.0,0.0,8.7,339.0,1011.6,165.0
2025-02-24 23:00:00,,24.6,77.0,0.0,8.1,342.0,1012.3,180.0
2025-02-25 00:00:00,,25.7,72.0,0.0,6.1,337.0,1013.0,305.0
2025-02-25 01:00:00,,27.4,64.0,0.0,9.7,48.0,1013.5,1210.0
2025-02-25 02:00:00,,28.5,60.0,0.0,14.7,55.0,1013.8,1350.0
2025-02-25 03:00:00,,29.4,57.0,0.1,15.7,51.0,1012.7,1380.0
2025-02-25 04:00:00,,29.9,55.0,0.1,17.0,57.0,1011.8,1375.0
2025-02-25 05:00:00,,30.5,53.0,0.1,15.9,62.0,1011.0,1480.0
2025-02-25 06:00:00,,31.0,50.0,0.1,16.3,67.0,1010.2,1620.0
2025-02-25 07:00:00,,30.3,52.0,0.0,16.7,64.0,1009.9,1530.0
2025-02-25 08:00:00,,29.6,54.0,0.0,13.9,65.0,1009.7,1515.0
2025-02-25 09:00:00,,28.8,57.0,0.0,9.4,61.0,1010.2,1420.0
2025-02-25 10:00:00,,27.9,60.0,0.0,6.4,74.0,1010.8,1375.0
2025-02-25 11:00:00,,27.2,63.0,0.0,4.6,64.0,1011.5,1265.0
2025-02-25 12:00:00,,26.7,65.0,0.0,1.4,90.0,1012.2,1175.0
2025-02-25 13:00:00,,26.6,66.0,0.0,3.7,29.0,1012.7,1105.0
2025-02-25 14:00:00,,26.4,67.0,0.0,3.4,47.0,1013.1,1060.0
2025-02-25 15:00:00,,26.1,68.0,0.0,2.2,55.0,1013.2,1000.0
2025-02-25 16:00:00,,25.8,69.0,0.0,2.3,328.0,1012.8,1005.0
2025-02-25 17:00:00,,25.4,71.0,0.0,4.7,332.0,1012.1,175.0
2025-02-25 18:00:00,,24.9,76.0,0.0,7.1,333.0,1011.5,180.0
2025-02-25 19:00:00,,24.6,77.0,0.0,7.0,331.0,1011.0,180.0
2025-02-25 20:00:00,,24.4,77.0,0.0,6.5,330.0,1010.7,150.0
2025-02-25 21:00:00,,24.3,78.0,0.0,7.2,332.0,1010.9,170.0
2025-02-25 22:00:00,,24.2,78.0,0.0,7.5,333.0,1011.4,175.0
2025-02-25 23:00:00,,24.3,77.0,0.0,6.2,330.0,1012.1,155.0
2025-02-26 00:00:00,,25.8,70.0,0.0,5.1,343.0,1012.6,970.0
2025-02-26 01:00:00,,27.7,60.0,0.0,6.6,53.0,1012.8,1190.0
2025-02-26 02:00:00,,29.4,53.0,0.1,8.3,48.0,1012.8,1435.0
2025-02-26 03:00:00,,30.6,48.0,0.0,10.6,62.0,1012.0,1650.0
2025-02-26 04:00:00,,32.0,43.0,0.0,13.0,61.0,1010.9,1845.0
2025-02-26 05:00:00,,32.1,43.0,0.0,13.0,63.0,1010.1,1840.0
2025-02-26 06:00:00,,32.1,42.0,0.0,12.2,63.0,1008.9,1890.0
2025-02-26 07:00:00,,31.4,45.0,0.1,12.8,58.0,1008.4,1740.0
2025-02-26 08:00:00,,30.8,46.0,0.1,13.1,56.0,1008.5,1605.0
2025-02-26 09:00:00,,29.5,51.0,0.0,10.9,63.0,1009.1,1375.0
2025-02-26 10:00:00,,28.3,55.0,0.0,9.0,84.0,1009.7,1260.0
2025-02-26 11:00:00,,27.1,60.0,0.0,9.7,106.0,1010.3,1060.0
2025-02-26 12:00:00,,26.2,64.0,0.0,9.4,126.0,1011.0,960.0
2025-02-26 13:00:00,,25.9,66.0,0.0,7.5,136.0,1011.5,840.0
2025-02-26 14:00:00,,25.6,67.0,0.0,6.9,137.0,1011.9,795.0
2025-02-26 15:00:00,,25.6,67.0,0.0,4.8,112.0,1011.9,860.0
2025-02-26 16:00:00,,25.4,67.0,0.0,2.2,76.0,1011.2,840.0
2025-02-26 17:00:00,,25.1,69.0,0.0,3.1,353.0,1010.8,115.0
2025-02-26 18:00:00,,24.6,73.0,0.0,4.4,333.0,1010.1,150.0
2025-02-26 19:00:00,,24.1,76.0,0.0,3.6,354.0,1009.8,130.0
2025-02-26 20:00:00,,23.7,79.0,0.0,1.6,27.0,1009.5,70.0
2025-02-26 21:00:00,,23.4,80.0,0.0,0.8,333.0,1009.5,50.0
2025-02-26 22:00:00,,23.2,82.0,0.0,1.5,330.0,1009.9,40.0
2025-02-26 23:00:00,,23.3,82.0,0.0,1.5,330.0,1010.6,85.0
2025-02-27 00:00:00,,24.6,76.0,0.0,2.9,274.0,1010.9,350.0
2025-02-27 01:00:00,,26.9,61.0,0.0,4.2,54.0,1011.5,1110.0
2025-02-27 02:00:00,,29.0,51.0,0.0,6.5,58.0,1011.1,1310.0
2025-02-27 03:00:00,,30.5,45.0,0.0,7.6,63.0,1010.4,1500.0
2025-02-27 04:00:00,,31.4,40.0,0.0,8.6,74.0,1009.5,1670.0
2025-02-27 05:00:00,,32.1,39.0,0.0,9.5,75.0,1008.4,1800.0
2025-02-27 06:00:00,,32.4,36.0,0.0,10.1,55.0,1007.3,1870.0
2025-02-27 07:00:00,,31.9,38.0,0.0,10.3,43.0,1006.8,1825.0
2025-02-27 08:00:00,,31.0,41.0,0.0,11.4,49.0,1006.7,1530.0
2025-02-27 09:00:00,,29.7,46.0,0.0,12.2,54.0,1007.2,1185.0
2025-02-27 10:00:00,,28.3,50.0,0.0,12.0,69.0,1008.1,960.0
2025-02-27 11:00:00,,27.0,56.0,0.0,10.4,90.0,1008.8,780.0
2025-02-27 12:00:00,,26.2,61.0,0.0,8.5,115.0,1009.4,690.0
2025-02-27 13:00:00,,25.9,62.0,0.0,8.5,117.0,1009.9,650.0
2025-02-27 14:00:00,,25.5,63.0,0.0,6.4,117.0,1010.0,665.0
2025-02-27 15:00:00,,25.4,64.0,0.0,6.2,123.0,1009.6,605.0
2025-02-27 16:00:00,,25.0,66.0,0.0,7.1,131.0,1009.2,455.0
2025-02-27 17:00:00,,24.6,69.0,0.0,6.1,135.0,1008.4,430.0
2025-02-27 18:00:00,,24.5,71.0,0.0,1.2,219.0,1008.0,80.0
2025-02-27 19:00:00,,24.3,73.0,0.0,2.5,262.0,1007.3,65.0
2025-02-27 20:00:00,,24.0,74.0,0.0,1.3,326.0,1007.1,60.0
2025-02-27 21:00:00,,23.4,78.0,0.0,5.2,346.0,1007.4,100.0
2025-02-27 22:00:00,,22.8,81.0,0.0,6.3,340.0,1008.2,100.0
2025-02-27 23:00:00,,22.9,81.0,0.0,4.2,340.0,1009.0,80.0
2025-02-28 00:00:00,,25.1,71.0,0.0,1.5,330.0,1009.9,270.0
2025-02-28 01:00:00,,27.8,58.0,0.0,7.2,77.0,1010.0,1275.0
2025-02-28 02:00:00,,29.4,51.0,0.0,11.2,72.0,1009.8,1710.0
2025-02-28 03:00:00,,31.1,42.0,0.0,14.2,87.0,1009.2,1890.0
2025-02-28 04:00:00,,31.7,40.0,0.0,14.0,82.0,1008.4,1840.0
2025-02-28 05:00:00,,32.9,36.0,0.0,14.8,86.0,1007.4,2110.0
2025-02-28 06:00:00,,32.4,39.0,0.0,16.5,84.0,1006.6,2065.0
2025-02-28 07:00:00,,31.4,45.0,0.0,15.4,71.0,1006.6,1860.0
2025-02-28 08:00:00,,30.3,47.0,0.0,17.0,53.0,1007.1,1570.0
2025-02-28 09:00:00,,28.7,52.0,0.0,15.7,40.0,1007.9,1035.0
2025-02-28 10:00:00,,27.7,58.0,0.0,15.4,33.0,1008.1,825.0
2025-02-28 11:00:00,,27.0,62.0,0.0,12.6,47.0,1008.7,740.0
2025-02-28 12:00:00,,26.7,64.0,0.0,8.3,60.0,1009.5,720.0
2025-02-28 13:00:00,,27.1,65.0,0.0,4.9,88.0,1009.9,915.0
2025-02-28 14:00:00,,27.0,66.0,0.0,4.9,123.0,1009.8,885.0
2025-02-28 15:00:00,,26.8,67.0,0.0,6.2,147.0,1009.4,860.0
2025-02-28 16:00:00,,26.4,69.0,0.0,6.6,158.0,1008.9,780.0
2025-02-28 17:00:00,,26.2,70.0,0.0,3.5,189.0,1008.2,775.0
2025-02-28 18:00:00,,25.9,70.0,0.0,4.9,309.0,1007.6,140.0
2025-02-28 19:00:00,,25.1,74.0,0.0,6.1,300.0,1007.4,150.0
2025-02-28 20:00:00,,24.4,77.0,0.0,6.4,297.0,1007.5,130.0
2025-02-28 21:00:00,,24.0,79.0,0.0,6.3,309.0,1007.4,110.0
2025-02-28 22:00:00,,23.6,81.0,0.0,4.8,299.0,1007.8,90.0
2025-02-28 23:00:00,,23.8,80.0,0.0,4.6,318.0,1008.1,90.0
2025-03-01 00:00:00,,25.7,69.0,0.0,4.5,275.0,1008.6,270.0
2025-03-01 01:00:00,,28.3,60.0,0.0,4.9,270.0,1008.9,945.0
2025-03-01 02:00:00,,31.1,49.0,0.0,4.9,54.0,1008.6,1330.0
2025-03-01 03:00:00,,33.3,41.0,0.0,7.4,64.0,1007.2,1580.0
2025-03-01 04:00:00,,34.3,40.0,0.0,8.4,99.0,1006.3,1880.0
2025-03-01 05:00:00,,34.5,40.0,0.0,11.0,92.0,1005.1,1820.0
2025-03-01 06:00:00,,34.4,40.0,0.0,11.4,74.0,1004.3,1860.0
2025-03-01 07:00:00,,33.8,42.0,0.0,11.9,70.0,1004.2,1725.0
2025-03-01 08:00:00,,33.0,46.0,0.0,12.9,74.0,1004.4,1560.0
2025-03-01 09:00:00,,31.6,51.0,0.0,11.4,84.0,1005.0,1275.0
2025-03-01 10:00:00,,30.3,55.0,0.0,6.3,75.0,1005.7,1020.0
2025-03-01 11:00:00,,29.5,58.0,0.0,3.4,72.0,1006.5,975.0
2025-03-01 12:00:00,,29.0,60.0,0.0,1.2,39.0,1007.2,855.0
2025-03-01 13:00:00,,27.3,67.0,0.0,12.6,88.0,1008.1,595.0
2025-03-01 14:00:00,,26.0,78.0,2.1,12.7,74.0,1008.1,495.0
2025-03-01 15:00:00,,26.8,75.0,0.4,5.7,131.0,1008.1,575.0
2025-03-01 16:00:00,,27.1,74.0,0.0,3.2,232.0,1008.1,200.0
2025-03-01 17:00:00,,26.6,77.0,0.0,5.6,285.0,1007.5,255.0
2025-03-01 18:00:00,,26.2,79.0,0.0,1.0,315.0,1006.9,140.0
2025-03-01 19:00:00,,26.0,81.0,0.0,2.7,298.0,1006.0,180.0
2025-03-01 20:00:00,,25.8,82.0,0.0,3.0,303.0,1005.8,160.0
2025-03-01 21:00:00,,25.4,85.0,0.0,4.5,326.0,1005.8,105.0
2025-03-01 22:00:00,,25.1,86.0,0.0,4.2,277.0,1006.4,80.0
2025-03-01 23:00:00,,25.4,85.0,0.0,4.7,254.0,1007.1,95.0
2025-03-02 00:00:00,,26.9,77.0,0.0,4.1,283.0,1007.4,330.0
2025-03-02 01:00:00,,29.7,63.0,0.0,3.6,27.0,1007.8,1125.0
2025-03-02 02:00:00,,31.7,53.0,0.0,4.7,86.0,1007.4,1400.0
2025-03-02 03:00:00,,33.7,44.0,0.0,7.8,99.0,1006.6,1650.0
2025-03-02 04:00:00,,34.8,40.0,0.0,8.2,99.0,1005.4,1785.0
2025-03-02 05:00:00,,34.8,40.0,0.0,7.5,100.0,1004.4,1700.0
2025-03-02 06:00:00,,34.6,42.0,0.0,6.9,75.0,1003.4,1640.0
2025-03-02 07:00:00,,34.7,40.0,0.0,6.2,36.0,1003.0,1645.0
2025-03-02 08:00:00,,34.3,42.0,0.0,7.6,38.0,1002.9,1640.0
2025-03-02 09:00:00,,33.1,48.0,0.0,9.5,57.0,1003.2,1430.0
2025-03-02 10:00:00,,31.3,55.0,0.0,10.9,78.0,1004.1,1065.0
2025-03-02 11:00:00,,30.0,60.0,0.0,10.1,84.0,1004.7,770.0
2025-03-02 12:00:00,,28.7,66.0,0.0,9.7,92.0,1005.4,680.0
2025-03-02 13:00:00,,28.3,67.0,0.0,11.8,102.0,1006.4,685.0
2025-03-02 14:00:00,,27.9,68.0,0.0,11.2,102.0,1006.4,580.0
2025-03-02 15:00:00,,27.7,68.0,0.0,8.4,105.0,1006.1,530.0
2025-03-02 16:00:00,,27.6,68.0,0.0,1.7,221.0,1006.4,580.0
2025-03-02 17:00:00,,27.2,70.0,0.0,4.5,272.0,1005.8,115.0
2025-03-02 18:00:00,,26.9,71.0,0.0,3.6,264.0,1005.0,95.0
2025-03-02 19:00:00,,26.6,73.0,0.0,4.2,280.0,1004.6,90.0
2025-03-02 20:00:00,,26.1,75.0,0.0,4.4,305.0,1004.7,125.0
2025-03-02 21:00:00,,25.7,78.0,0.0,3.6,323.0,1004.8,120.0
2025-03-02 22:00:00,,25.4,80.0,0.0,4.6,339.0,1005.4,120.0
2025-03-02 23:00:00,,25.5,80.0,0.0,3.9,336.0,1006.0,125.0
2025-03-03 00:00:00,,27.3,71.0,0.0,2.5,266.0,1006.6,395.0
2025-03-03 01:00:00,,29.4,61.0,0.0,2.5,98.0,1006.6,980.0
2025-03-03 02:00:00,,32.2,48.0,0.0,7.6,86.0,1006.4,1470.0
2025-03-03 03:00:00,,33.5,45.0,0.0,6.2,98.0,1006.0,1645.0
2025-03-03 04:00:00,,34.1,43.0,0.0,3.5,81.0,1005.1,1750.0
2025-03-03 05:00:00,,34.7,41.0,0.0,5.0,60.0,1003.9,1895.0
2025-03-03 06:00:00,,34.4,42.0,0.0,7.6,75.0,1003.2,1805.0
2025-03-03 07:00:00,,34.3,42.0,0.0,9.9,71.0,1002.8,1765.0
2025-03-03 08:00:00,,32.8,46.0,0.0,11.9,88.0,1003.0,1350.0
2025-03-03 09:00:00,,31.0,52.0,0.0,9.4,113.0,1003.5,1020.0
2025-03-03 10:00:00,,30.0,57.0,0.0,8.0,124.0,1004.2,830.0
2025-03-03 11:00:00,,29.0,57.0,0.0,13.4,95.0,1004.5,755.0
2025-03-03 12:00:00,,27.1,73.0,0.7,9.0,84.0,1004.7,350.0
2025-03-03 13:00:00,,28.6,63.0,0.0,3.1,45.0,1005.7,500.0
2025-03-03 14:00:00,,27.9,66.0,0.0,2.4,36.0,1005.9,300.0
2025-03-03 15:00:00,,27.7,67.0,0.0,2.2,185.0,1005.9,345.0
2025-03-03 16:00:00,,27.7,68.0,0.0,4.2,170.0,1005.5,655.0
2025-03-03 17:00:00,,27.5,69.0,0.0,4.0,148.0,1005.1,620.0
2025-03-03 18:00:00,,27.3,68.0,0.0,2.4,99.0,1004.3,555.0
2025-03-03 19:00:00,,26.9,69.0,0.0,0.9,270.0,1004.1,340.0
2025-03-03 20:00:00,,26.6,71.0,0.0,3.0,253.0,1004.0,260.0
2025-03-03 21:00:00,,26.4,71.0,0.0,2.3,274.0,1004.2,205.0
2025-03-03 22:00:00,,26.4,71.0,0.0,3.7,235.0,1004.8,390.0
2025-03-03 23:00:00,,26.4,71.0,0.0,4.3,195.0,1005.1,465.0
2025-03-04 00:00:00,,27.2,70.0,0.0,5.2,176.0,1006.0,645.0
2025-03-04 01:00:00,,28.2,69.0,0.0,5.2,84.0,1005.9,705.0
2025-03-04 02:00:00,,29.2,66.0,0.0,3.5,105.0,1005.8,940.0
2025-03-04 03:00:00,,31.3,58.0,0.0,8.8,99.0,1005.2,1225.0
2025-03-04 04:00:00,,32.6,54.0,0.0,9.2,110.0,1004.3,1525.0
2025-03-04 05:00:00,,33.4,50.0,0.0,11.2,112.0,1003.1,1735.0
2025-03-04 06:00:00,,31.8,53.0,0.6,13.0,118.0,1002.5,985.0
2025-03-04 07:00:00,,32.5,54.0,0.4,11.9,112.0,1001.6,1365.0
2025-03-04 08:00:00,,32.2,53.0,0.0,11.9,120.0,1001.4,1315.0
2025-03-04 09:00:00,,31.5,54.0,0.0,11.4,119.0,1001.9,1035.0
2025-03-04 10:00:00,,30.2,62.0,0.1,11.7,122.0,1002.9,795.0
2025-03-04 11:00:00,,29.5,65.0,0.0,5.8,120.0,1003.7,685.0
2025-03-04 12:00:00,,28.7,68.0,0.0,2.6,129.0,1004.5,525.0
2025-03-04 13:00:00,,28.4,72.0,0.0,4.2,137.0,1005.1,365.0
2025-03-04 14:00:00,,27.9,73.0,0.0,1.8,174.0,1005.3,255.0
2025-03-04 15:00:00,,27.5,75.0,0.0,1.8,270.0,1005.2,120.0
2025-03-04 16:00:00,,27.1,76.0,0.0,2.5,249.0,1005.0,85.0
2025-03-04 17:00:00,,26.9,77.0,0.0,2.9,227.0,1004.5,95.0
2025-03-04 18:00:00,,26.7,77.0,0.0,1.5,159.0,1004.0,30.0
2025-03-04 19:00:00,,26.4,80.0,0.0,0.9,79.0,1004.0,20.0
2025-03-04 20:00:00,,26.0,83.0,0.0,0.9,101.0,1003.9,15.0
2025-03-04 21:00:00,,25.6,86.0,0.0,1.1,81.0,1004.3,20.0
2025-03-04 22:00:00,,25.2,90.0,0.0,2.0,85.0,1004.9,25.0
2025-03-04 23:00:00,,25.7,87.0,0.0,1.4,113.0,1005.4,40.0
2025-03-05 00:00:00,,27.2,76.0,0.0,0.6,236.0,1006.1,305.0
2025-03-05 01:00:00,,29.1,67.0,0.0,2.6,258.0,1006.7,575.0
2025-03-05 02:00:00,,30.5,62.0,0.0,1.8,259.0,1006.4,915.0
2025-03-05 03:00:00,,31.7,59.0,0.0,3.3,257.0,1005.6,1170.0
2025-03-05 04:00:00,,32.7,55.0,0.0,4.1,268.0,1004.8,1420.0
2025-03-05 05:00:00,,33.4,52.0,0.0,4.1,247.0,1003.8,1545.0
2025-03-05 06:00:00,,33.7,51.0,0.0,5.8,206.0,1002.9,1570.0
2025-03-05 07:00:00,,31.8,56.0,0.1,9.4,79.0,1002.9,785.0
2025-03-05 08:00:00,,30.6,61.0,0.6,8.8,33.0,1002.4,335.0
2025-03-05 09:00:00,,31.2,60.0,0.0,6.4,10.0,1002.5,355.0
2025-03-05 10:00:00,,30.8,62.0,0.0,3.8,3.0,1003.4,330.0
2025-03-05 11:00:00,,29.5,67.0,0.8,1.4,203.0,1004.1,75.0
2025-03-05 12:00:00,,29.5,67.0,0.1,4.1,128.0,1004.7,445.0
2025-03-05 13:00:00,,27.5,76.0,0.0,15.0,339.0,1005.7,345.0
2025-03-05 14:00:00,,25.8,77.0,0.2,7.7,324.0,1006.0,185.0
2025-03-05 15:00:00,,25.9,78.0,0.0,1.4,220.0,1006.2,110.0
2025-03-05 16:00:00,,26.0,79.0,0.0,5.4,274.0,1006.3,205.0
2025-03-05 17:00:00,,25.9,80.0,0.0,3.7,23.0,1005.8,150.0
2025-03-05 18:00:00,,25.9,82.0,0.0,2.5,8.0,1005.5,150.0
2025-03-05 19:00:00,,25.7,85.0,0.0,3.6,333.0,1005.3,180.0
2025-03-05 20:00:00,,25.5,87.0,0.0,1.8,354.0,1005.3,180.0
2025-03-05 21:00:00,,25.3,89.0,0.0,2.2,351.0,1005.3,160.0
2025-03-05 22:00:00,,25.0,91.0,0.0,3.4,342.0,1006.0,155.0
2025-03-05 23:00:00,,25.3,89.0,0.0,1.4,337.0,1006.7,160.0
2025-03-06 00:00:00,,26.9,77.0,0.0,1.5,249.0,1007.2,305.0
2025-03-06 01:00:00,,29.5,64.0,0.0,3.4,238.0,1007.6,590.0
2025-03-06 02:00:00,,31.0,57.0,0.0,2.9,266.0,1007.5,955.0
2025-03-06 03:00:00,,32.3,52.0,0.0,3.4,288.0,1006.9,1290.0
2025-03-06 04:00:00,,33.0,50.0,0.0,4.4,305.0,1005.8,1500.0
2025-03-06 05:00:00,,34.0,47.0,0.0,5.0,291.0,1004.6,1635.0
2025-03-06 06:00:00,,34.5,45.0,0.0,6.7,265.0,1003.6,1795.0
2025-03-06 07:00:00,,34.2,46.0,0.0,8.6,248.0,1002.8,1790.0
2025-03-06 08:00:00,,33.5,48.0,0.0,6.1,246.0,1002.8,1405.0
2025-03-06 09:00:00,,31.3,56.0,0.7,4.9,356.0,1003.7,415.0
2025-03-06 10:00:00,,31.5,53.0,0.0,3.0,33.0,1004.2,715.0
2025-03-06 11:00:00,,31.1,54.0,0.0,5.1,82.0,1005.2,845.0
2025-03-06 12:00:00,,29.3,62.0,0.0,9.0,272.0,1006.2,420.0
2025-03-06 13:00:00,,29.1,68.0,0.0,7.5,294.0,1006.2,560.0
2025-03-06 14:00:00,,28.8,69.0,0.0,4.8,301.0,1006.7,515.0
2025-03-06 15:00:00,,28.4,71.0,0.0,3.1,324.0,1006.5,455.0
2025-03-06 16:00:00,,27.9,72.0,0.0,0.4,360.0,1006.5,30.0
2025-03-06 17:00:00,,27.6,73.0,0.0,1.4,40.0,1005.9,40.0
2025-03-06 18:00:00,,26.9,77.0,0.0,3.2,357.0,1005.3,50.0
2025-03-06 19:00:00,,26.2,82.0,0.0,2.4,347.0,1005.2,45.0
2025-03-06 20:00:00,,25.8,84.0,0.0,2.7,356.0,1005.0,50.0
2025-03-06 21:00:00,,25.7,85.0,0.0,1.3,360.0,1005.2,40.0
2025-03-06 22:00:00,,25.5,86.0,0.0,1.6,354.0,1005.4,40.0
2025-03-06 23:00:00,,25.8,85.0,0.0,2.8,315.0,1005.7,90.0
2025-03-07 00:00:00,,27.4,71.0,0.0,4.8,295.0,1006.1,405.0
2025-03-07 01:00:00,,29.8,57.0,0.0,5.2,29.0,1006.8,1195.0
2025-03-07 02:00:00,,31.5,51.0,0.0,9.2,48.0,1006.4,1390.0
2025-03-07 03:00:00,,32.2,51.0,0.0,13.6,47.0,1005.8,1490.0
2025-03-07 04:00:00,,32.7,50.0,0.0,14.5,45.0,1005.1,1600.0
2025-03-07 05:00:00,,32.2,50.0,0.2,15.7,45.0,1004.2,1390.0
2025-03-07 06:00:00,,32.4,52.0,0.5,14.1,46.0,1003.7,1575.0
2025-03-07 07:00:00,,31.5,54.0,0.0,11.4,55.0,1003.0,1310.0
2025-03-07 08:00:00,,31.6,54.0,0.0,11.4,65.0,1002.9,1435.0
2025-03-07 09:00:00,,30.8,56.0,0.1,9.7,65.0,1003.3,1260.0
2025-03-07 10:00:00,,29.8,61.0,0.0,6.3,63.0,1003.9,1065.0
2025-03-07 11:00:00,,29.2,63.0,0.0,5.1,73.0,1004.7,1000.0
2025-03-07 12:00:00,,28.8,66.0,0.0,3.6,57.0,1005.7,920.0
2025-03-07 13:00:00,,28.5,66.0,0.0,1.7,32.0,1006.0,855.0
2025-03-07 14:00:00,,28.0,69.0,0.0,0.7,346.0,1006.3,495.0
2025-03-07 15:00:00,,27.5,71.0,0.0,1.5,339.0,1006.4,260.0
2025-03-07 16:00:00,,27.2,74.0,0.1,4.2,350.0,1006.0,265.0
2025-03-07 17:00:00,,27.0,75.0,0.0,4.9,336.0,1005.6,290.0
2025-03-07 18:00:00,,26.7,76.0,0.0,3.0,327.0,1005.3,165.0
2025-03-07 19:00:00,,26.5,77.0,0.3,0.7,90.0,1005.1,165.0
2025-03-07 20:00:00,,26.2,78.0,0.1,2.4,283.0,1004.9,145.0
2025-03-07 21:00:00,,25.0,86.0,2.7,3.2,232.0,1005.7,115.0
2025-03-07 22:00:00,,24.7,91.0,1.9,6.4,8.0,1005.9,135.0
2025-03-07 23:00:00,,24.8,93.0,0.9,5.1,315.0,1006.5,140.0
2025-03-08 00:00:00,,25.9,86.0,0.1,4.4,341.0,1007.4,235.0
2025-03-08 01:00:00,,28.6,66.0,0.1,1.6,6.0,1007.9,745.0
2025-03-08 02:00:00,,28.8,66.0,0.1,4.0,144.0,1008.0,870.0
2025-03-08 03:00:00,,28.8,68.0,0.4,4.7,208.0,1007.6,410.0
2025-03-08 04:00:00,,29.3,67.0,0.2,2.8,220.0,1007.2,960.0
2025-03-08 05:00:00,,30.5,61.0,0.0,3.9,257.0,1006.1,1260.0
2025-03-08 06:00:00,,31.6,55.0,0.0,4.4,240.0,1005.2,1465.0
2025-03-08 07:00:00,,30.3,60.0,0.0,3.8,265.0,1005.0,925.0
2025-03-08 08:00:00,,30.0,62.0,1.0,0.5,270.0,1005.0,1065.0
2025-03-08 09:00:00,,30.0,61.0,0.0,3.8,65.0,1005.3,1165.0
2025-03-08 10:00:00,,29.6,61.0,0.0,2.8,27.0,1006.1,1085.0
2025-03-08 11:00:00,,29.1,62.0,0.1,1.9,17.0,1006.9,1000.0
2025-03-08 12:00:00,,28.4,65.0,0.0,1.5,7.0,1007.5,40.0
2025-03-08 13:00:00,,27.0,82.0,0.0,5.0,347.0,1008.2,120.0
2025-03-08 14:00:00,,26.8,82.0,0.0,2.5,352.0,1008.8,90.0
2025-03-08 15:00:00,,26.6,84.0,0.0,1.2,333.0,1008.9,35.0
2025-03-08 16:00:00,,26.0,88.0,0.0,2.2,318.0,1008.9,60.0
2025-03-08 17:00:00,,25.8,89.0,0.0,2.3,331.0,1008.3,90.0
2025-03-08 18:00:00,,25.4,90.0,0.0,2.0,333.0,1007.7,90.0
2025-03-08 19:00:00,,25.0,91.0,0.0,4.4,322.0,1007.3,115.0
2025-03-08 20:00:00,,25.0,89.0,0.0,4.6,301.0,1007.1,130.0
2025-03-08 21:00:00,,25.0,88.0,0.0,3.2,304.0,1007.2,110.0
2025-03-08 22:00:00,,24.9,88.0,0.0,5.5,322.0,1007.7,135.0
2025-03-08 23:00:00,,25.3,85.0,0.0,5.0,322.0,1008.3,155.0
2025-03-09 00:00:00,,26.3,78.0,0.0,3.4,317.0,1008.9,225.0
2025-03-09 01:00:00,,28.6,70.0,0.1,0.8,243.0,1009.5,1025.0
2025-03-09 02:00:00,,29.7,65.0,0.2,6.3,53.0,1009.6,1130.0
2025-03-09 03:00:00,,30.8,60.0,0.0,10.3,74.0,1009.2,1455.0
2025-03-09 04:00:00,,30.9,60.0,0.0,9.1,81.0,1009.0,1475.0
2025-03-09 05:00:00,,29.7,65.0,2.4,11.8,77.0,1008.3,810.0
2025-03-09 06:00:00,,30.3,62.0,0.0,13.2,80.0,1007.2,1180.0
2025-03-09 07:00:00,,30.8,61.0,0.0,10.9,73.0,1006.8,1350.0
2025-03-09 08:00:00,,30.2,60.0,0.0,13.1,75.0,1006.8,1255.0
2025-03-09 09:00:00,,29.4,64.0,0.1,9.6,78.0,1007.2,1155.0
2025-03-09 10:00:00,,28.6,68.0,0.0,6.7,81.0,1007.9,1060.0
2025-03-09 11:00:00,,28.1,71.0,0.0,5.4,40.0,1008.5,995.0
2025-03-09 12:00:00,,27.6,72.0,0.0,2.2,351.0,1009.3,120.0
2025-03-09 13:00:00,,28.1,68.0,0.0,2.7,356.0,1010.1,945.0
2025-03-09 14:00:00,,27.8,69.0,0.0,2.7,307.0,1010.7,165.0
2025-03-09 15:00:00,,27.6,71.0,0.0,2.7,312.0,1010.8,180.0
2025-03-09 16:00:00,,27.3,73.0,0.0,4.5,317.0,1010.4,160.0
2025-03-09 17:00:00,,27.0,74.0,0.0,6.4,313.0,1009.5,200.0
2025-03-09 18:00:00,,26.9,74.0,0.0,4.8,312.0,1008.9,145.0
2025-03-09 19:00:00,,26.6,75.0,0.0,5.6,303.0,1008.4,130.0
2025-03-09 20:00:00,,26.5,75.0,0.0,6.1,302.0,1008.4,135.0
2025-03-09 21:00:00,,26.4,75.0,0.0,6.7,314.0,1008.5,150.0
2025-03-09 22:00:00,,26.2,75.0,0.0,5.9,322.0,1009.2,135.0
2025-03-09 23:00:00,,26.5,73.0,0.0,4.8,304.0,1009.6,165.0
2025-03-10 00:00:00,,27.7,69.0,0.0,3.4,317.0,1010.2,1015.0
2025-03-10 01:00:00,,29.3,61.0,0.0,9.4,50.0,1010.8,1270.0
2025-03-10 02:00:00,,30.5,55.0,0.0,14.7,61.0,1010.6,1260.0
2025-03-10 03:00:00,,30.7,56.0,0.0,15.1,58.0,1010.4,1305.0
2025-03-10 04:00:00,,31.3,54.0,0.0,15.4,58.0,1009.7,1400.0
2025-03-10 05:00:00,,31.9,53.0,0.0,14.7,53.0,1008.7,1470.0
2025-03-10 06:00:00,,31.9,52.0,0.0,14.5,58.0,1007.8,1455.0
2025-03-10 07:00:00,,31.7,53.0,0.0,14.8,58.0,1007.4,1380.0
2025-03-10 08:00:00,,30.8,56.0,0.0,13.2,58.0,1007.4,1220.0
2025-03-10 09:00:00,,30.0,59.0,0.0,10.4,53.0,1007.8,1180.0
2025-03-10 10:00:00,,29.1,62.0,0.0,4.9,66.0,1008.3,1085.0
2025-03-10 11:00:00,,28.6,64.0,0.0,5.2,44.0,1008.6,1005.0
2025-03-10 12:00:00,,28.3,65.0,0.0,3.7,35.0,1009.3,925.0
2025-03-10 13:00:00,,28.3,65.0,0.0,2.2,351.0,1010.2,865.0
2025-03-10 14:00:00,,28.1,66.0,0.0,1.7,302.0,1010.2,845.0
2025-03-10 15:00:00,,27.9,67.0,0.0,2.9,313.0,1009.9,825.0
2025-03-10 16:00:00,,27.6,68.0,0.0,3.2,317.0,1009.6,175.0
2025-03-10 17:00:00,,27.2,70.0,0.0,3.5,305.0,1008.8,175.0
2025-03-10 18:00:00,,26.8,72.0,0.0,3.6,315.0,1008.1,140.0
2025-03-10 19:00:00,,26.5,74.0,0.0,2.6,304.0,1007.4,105.0
2025-03-10 20:00:00,,26.3,75.0,0.0,2.4,283.0,1007.1,130.0
2025-03-10 21:00:00,,26.1,76.0,0.0,2.7,266.0,1007.3,105.0
2025-03-10 22:00:00,,26.0,77.0,0.0,2.9,292.0,1007.9,85.0
2025-03-10 23:00:00,,26.3,76.0,0.0,5.2,295.0,1008.5,185.0
2025-03-11 00:00:00,,27.8,69.0,0.0,4.3,303.0,1008.9,475.0
2025-03-11 01:00:00,,30.0,60.0,0.0,6.4,58.0,1009.2,1185.0
2025-03-11 02:00:00,,31.3,56.0,0.0,9.0,57.0,1008.9,1360.0
2025-03-11 03:00:00,,32.1,53.0,0.0,10.9,46.0,1008.4,1530.0
2025-03-11 04:00:00,,33.4,48.0,0.0,11.3,48.0,1007.5,1750.0
2025-03-11 05:00:00,,33.7,46.0,0.0,13.1,61.0,1006.3,1710.0
2025-03-11 06:00:00,,33.1,49.0,0.1,11.9,67.0,1005.4,1535.0
2025-03-11 07:00:00,,32.9,48.0,0.2,11.9,70.0,1004.9,1335.0
2025-03-11 08:00:00,,32.5,51.0,0.1,10.6,72.0,1004.9,1315.0
2025-03-11 09:00:00,,32.0,53.0,0.0,10.9,66.0,1005.2,1290.0
2025-03-11 10:00:00,,30.7,57.0,0.0,10.7,60.0,1006.2,975.0
2025-03-11 11:00:00,,29.4,63.0,0.0,9.0,59.0,1006.7,760.0
2025-03-11 12:00:00,,28.8,66.0,0.0,6.4,65.0,1007.4,770.0
2025-03-11 13:00:00,,28.6,68.0,0.0,6.2,52.0,1008.0,805.0
2025-03-11 14:00:00,,28.5,69.0,0.0,3.3,29.0,1008.1,885.0
2025-03-11 15:00:00,,28.2,70.0,0.0,1.2,333.0,1007.7,250.0
2025-03-11 16:00:00,,27.9,72.0,0.0,0.9,281.0,1007.2,350.0
2025-03-11 17:00:00,,27.6,73.0,0.0,0.7,194.0,1006.6,280.0
2025-03-11 18:00:00,,27.4,74.0,0.0,0.3,225.0,1006.0,160.0
2025-03-11 19:00:00,,27.2,75.0,0.0,0.4,270.0,1005.6,110.0
2025-03-11 20:00:00,,27.0,76.0,0.0,1.7,302.0,1005.5,100.0
2025-03-11 21:00:00,,26.7,78.0,0.0,1.4,270.0,1005.9,45.0
2025-03-11 22:00:00,,26.4,79.0,0.0,1.6,270.0,1006.6,60.0
2025-03-11 23:00:00,,26.5,79.0,0.0,1.4,270.0,1007.4,120.0
2025-03-12 00:00:00,,27.9,72.0,0.0,1.3,326.0,1007.8,710.0
2025-03-12 01:00:00,,29.8,62.0,0.0,2.1,52.0,1008.6,1030.0
2025-03-12 02:00:00,,31.8,51.0,0.0,4.1,88.0,1008.2,1390.0
2025-03-12 03:00:00,,33.7,43.0,0.0,8.6,106.0,1007.4,1735.0
2025-03-12 04:00:00,,34.8,39.0,0.0,9.9,117.0,1006.5,1960.0
2025-03-12 05:00:00,,35.3,36.0,0.0,9.7,115.0,1005.1,2110.0
2025-03-12 06:00:00,,35.5,35.0,0.0,8.6,82.0,1004.2,2115.0
2025-03-12 07:00:00,,34.7,35.0,0.0,9.4,93.0,1003.7,1850.0
2025-03-12 08:00:00,,33.4,42.0,0.4,12.1,88.0,1003.9,1480.0
2025-03-12 09:00:00,,31.8,52.0,0.7,11.6,85.0,1004.6,1195.0
2025-03-12 10:00:00,,30.3,58.0,0.0,8.7,85.0,1005.3,985.0
2025-03-12 11:00:00,,29.5,62.0,0.0,8.2,113.0,1006.2,890.0
2025-03-12 12:00:00,,28.5,66.0,0.0,6.5,114.0,1006.6,815.0
2025-03-12 13:00:00,,28.4,65.0,0.0,4.0,98.0,1007.4,760.0
2025-03-12 14:00:00,,28.0,67.0,0.0,1.3,16.0,1007.8,775.0
2025-03-12 15:00:00,,28.0,67.0,0.0,0.6,252.0,1007.6,770.0
2025-03-12 16:00:00,,27.7,68.0,0.0,1.6,207.0,1007.5,765.0
2025-03-12 17:00:00,,27.5,69.0,0.0,0.4,333.0,1007.0,810.0
2025-03-12 18:00:00,,27.2,70.0,0.0,1.6,297.0,1006.3,265.0
2025-03-12 19:00:00,,26.9,71.0,0.0,3.6,297.0,1005.9,165.0
2025-03-12 20:00:00,,26.7,73.0,0.0,5.1,306.0,1005.8,195.0
2025-03-12 21:00:00,,26.4,76.0,0.0,5.1,318.0,1006.2,155.0
2025-03-12 22:00:00,,26.1,78.0,0.0,3.1,329.0,1006.8,90.0
2025-03-12 23:00:00,,26.4,77.0,0.0,2.3,302.0,1007.5,140.0
2025-03-13 00:00:00,,27.9,68.0,0.0,0.7,284.0,1008.1,730.0
2025-03-13 01:00:00,,30.5,59.0,0.0,3.8,73.0,1008.3,1240.0
2025-03-13 02:00:00,,32.7,47.0,0.0,5.6,88.0,1008.1,1635.0
2025-03-13 03:00:00,,34.4,38.0,0.0,8.5,96.0,1007.6,1905.0
2025-03-13 04:00:00,,34.8,36.0,0.0,9.0,102.0,1006.6,1915.0
2025-03-13 05:00:00,,35.1,35.0,0.0,10.6,91.0,1005.4,1910.0
2025-03-13 06:00:00,,35.3,33.0,0.0,12.2,81.0,1004.6,1950.0
2025-03-13 07:00:00,,34.7,35.0,0.0,13.2,80.0,1004.4,1870.0
2025-03-13 08:00:00,,33.7,39.0,0.0,12.6,80.0,1004.4,1685.0
2025-03-13 09:00:00,,32.5,43.0,0.0,12.2,82.0,1004.8,1470.0
2025-03-13 10:00:00,,31.0,48.0,0.0,10.8,79.0,1005.6,1250.0
2025-03-13 11:00:00,,29.8,53.0,0.0,8.3,72.0,1006.2,975.0
2025-03-13 12:00:00,,28.9,58.0,0.0,4.8,65.0,1006.9,850.0
2025-03-13 13:00:00,,28.7,58.0,0.0,3.6,20.0,1007.5,770.0
2025-03-13 14:00:00,,28.3,60.0,0.0,2.7,360.0,1007.7,735.0
2025-03-13 15:00:00,,28.0,62.0,0.0,1.5,135.0,1007.7,675.0
2025-03-13 16:00:00,,27.6,64.0,0.0,4.1,165.0,1007.5,615.0
2025-03-13 17:00:00,,27.2,66.0,0.0,2.6,219.0,1007.1,135.0
2025-03-13 18:00:00,,26.9,67.0,0.0,3.1,239.0,1006.6,100.0
2025-03-13 19:00:00,,26.5,69.0,0.0,2.9,240.0,1006.5,70.0
2025-03-13 20:00:00,,26.1,71.0,0.0,1.2,297.0,1006.6,20.0
2025-03-13 21:00:00,,25.7,73.0,0.0,0.4,360.0,1006.8,15.0
2025-03-13 22:00:00,,25.4,74.0,0.0,1.3,352.0,1007.7,30.0
2025-03-13 23:00:00,,25.8,73.0,0.0,2.3,321.0,1008.4,100.0
2025-03-14 00:00:00,,27.4,67.0,0.0,2.7,298.0,1008.9,595.0
2025-03-14 01:00:00,,29.4,58.0,0.0,1.6,6.0,1009.1,1275.0
2025-03-14 02:00:00,,31.7,48.0,0.0,6.5,48.0,1008.9,1575.0
2025-03-14 03:00:00,,33.5,41.0,0.0,7.8,82.0,1008.3,1735.0
2025-03-14 04:00:00,,34.3,37.0,0.0,8.4,100.0,1007.6,1825.0
2025-03-14 05:00:00,,34.8,36.0,0.0,9.0,87.0,1006.5,1905.0
2025-03-14 06:00:00,,34.9,35.0,0.0,10.5,61.0,1005.6,1915.0
2025-03-14 07:00:00,,34.4,36.0,0.0,12.3,58.0,1005.2,1810.0
2025-03-14 08:00:00,,33.4,39.0,0.0,11.6,74.0,1005.2,1615.0
2025-03-14 09:00:00,,32.1,42.0,0.0,11.3,88.0,1005.4,1345.0
2025-03-14 10:00:00,,30.7,47.0,0.0,10.4,89.0,1006.2,1135.0
2025-03-14 11:00:00,,29.6,51.0,0.0,9.5,88.0,1006.7,920.0
2025-03-14 12:00:00,,28.8,56.0,0.0,8.3,85.0,1007.6,805.0
2025-03-14 13:00:00,,28.5,54.0,0.0,7.5,98.0,1008.1,795.0
2025-03-14 14:00:00,,27.9,58.0,0.0,7.1,96.0,1008.2,575.0
2025-03-14 15:00:00,,27.3,61.0,0.0,5.6,83.0,1008.0,125.0
2025-03-14 16:00:00,,26.6,64.0,0.0,5.8,81.0,1007.8,95.0
2025-03-14 17:00:00,,26.0,67.0,0.0,5.7,66.0,1007.0,80.0
2025-03-14 18:00:00,,25.7,69.0,0.0,4.1,56.0,1006.3,55.0
2025-03-14 19:00:00,,25.2,72.0,0.0,3.1,40.0,1005.9,40.0
2025-03-14 20:00:00,,24.9,74.0,0.0,2.4,36.0,1005.8,35.0
2025-03-14 21:00:00,,24.7,76.0,0.0,3.1,28.0,1005.8,35.0
2025-03-14 22:00:00,,24.3,79.0,0.0,3.6,41.0,1006.3,25.0
2025-03-14 23:00:00,,25.2,75.0,0.0,4.0,36.0,1006.9,65.0
2025-03-15 00:00:00,,27.5,65.0,0.0,2.4,17.0,1007.4,700.0
2025-03-15 01:00:00,,29.6,56.0,0.0,5.5,58.0,1008.0,1265.0
2025-03-15 02:00:00,,31.4,48.0,0.0,6.5,77.0,1007.6,1705.0
2025-03-15 03:00:00,,33.1,42.0,0.0,5.3,98.0,1006.7,1895.0
2025-03-15 04:00:00,,33.9,38.0,0.0,1.5,225.0,1005.8,2080.0
2025-03-15 05:00:00,,33.8,39.0,0.0,5.7,261.0,1004.9,1475.0
2025-03-15 06:00:00,,33.8,43.0,0.0,10.9,261.0,1003.8,1460.0
2025-03-15 07:00:00,,33.5,45.0,0.0,14.9,243.0,1003.0,1215.0
2025-03-15 08:00:00,,32.8,46.0,0.0,17.2,233.0,1003.0,850.0
2025-03-15 09:00:00,,32.4,46.0,0.0,12.2,223.0,1003.1,790.0
2025-03-15 10:00:00,,31.8,47.0,0.0,7.8,176.0,1003.5,700.0
2025-03-15 11:00:00,,31.0,50.0,0.0,8.4,127.0,1004.1,540.0
2025-03-15 12:00:00,,30.0,55.0,0.0,6.2,136.0,1005.1,310.0
2025-03-15 13:00:00,,29.1,61.0,0.0,3.7,141.0,1005.7,220.0
2025-03-15 14:00:00,,28.4,64.0,0.0,1.4,337.0,1005.9,160.0
2025-03-15 15:00:00,,27.9,66.0,0.0,0.7,256.0,1006.0,155.0
2025-03-15 16:00:00,,27.5,68.0,0.0,2.7,200.0,1005.9,135.0
2025-03-15 17:00:00,,27.0,71.0,0.0,3.9,196.0,1005.7,180.0
2025-03-15 18:00:00,,26.7,73.0,0.0,3.8,191.0,1005.3,185.0
2025-03-15 19:00:00,,26.2,74.0,0.0,3.4,180.0,1005.0,175.0
2025-03-15 20:00:00,,25.8,76.0,0.0,2.3,180.0,1004.9,55.0
2025-03-15 21:00:00,,25.4,78.0,0.0,1.8,156.0,1005.1,20.0
2025-03-15 22:00:00,,25.0,80.0,0.0,1.2,63.0,1005.3,15.0
2025-03-15 23:00:00,,25.5,78.0,0.0,0.8,153.0,1006.0,130.0
2025-03-16 00:00:00,,27.5,65.0,0.0,1.4,270.0,1006.4,450.0
2025-03-16 01:00:00,,29.3,57.0,0.0,4.1,345.0,1006.7,820.0
2025-03-16 02:00:00,,31.3,49.0,0.0,2.5,30.0,1006.6,1505.0
2025-03-16 03:00:00,,33.1,42.0,0.0,1.4,293.0,1005.9,1905.0
2025-03-16 04:00:00,,33.9,40.0,0.0,8.5,265.0,1004.9,2055.0
2025-03-16 05:00:00,,33.2,46.0,0.0,10.3,254.0,1004.0,1460.0
2025-03-16 06:00:00,,33.2,46.0,0.1,10.8,232.0,1003.1,1370.0
2025-03-16 07:00:00,,33.2,45.0,0.0,11.7,205.0,1002.5,1245.0
2025-03-16 08:00:00,,33.0,46.0,0.0,12.3,202.0,1002.0,930.0
2025-03-16 09:00:00,,33.3,46.0,0.0,7.2,199.0,1002.0,1685.0
2025-03-16 10:00:00,,32.4,46.0,0.0,8.0,130.0,1002.7,1490.0
2025-03-16 11:00:00,,30.6,52.0,0.0,10.9,123.0,1003.6,655.0
2025-03-16 12:00:00,,29.3,57.0,0.0,7.4,133.0,1004.2,465.0
2025-03-16 13:00:00,,29.1,57.0,0.0,4.1,151.0,1005.1,350.0
2025-03-16 14:00:00,,28.6,59.0,0.0,4.1,214.0,1005.8,360.0
2025-03-16 15:00:00,,28.2,62.0,0.0,6.3,252.0,1005.7,460.0
2025-03-16 16:00:00,,27.8,64.0,0.0,6.2,255.0,1005.3,515.0
2025-03-16 17:00:00,,27.4,66.0,0.0,5.1,293.0,1005.0,305.0
2025-03-16 18:00:00,,27.2,68.0,0.0,4.2,317.0,1004.5,220.0
2025-03-16 19:00:00,,26.9,70.0,0.0,3.6,311.0,1004.3,155.0
2025-03-16 20:00:00,,26.7,72.0,0.0,3.9,292.0,1004.3,210.0
2025-03-16 21:00:00,,26.4,74.0,0.0,4.2,288.0,1004.8,265.0
2025-03-16 22:00:00,,26.2,77.0,0.0,3.1,280.0,1005.3,290.0
2025-03-16 23:00:00,,26.6,75.0,0.0,3.4,288.0,1006.0,380.0
2025-03-17 00:00:00,,27.7,69.0,0.0,5.6,301.0,1006.4,1095.0
2025-03-17 01:00:00,,29.7,59.0,0.0,10.3,38.0,1007.2,1325.0
2025-03-17 02:00:00,,31.2,53.0,0.0,13.3,41.0,1007.2,1505.0
2025-03-17 03:00:00,,32.2,49.0,0.0,16.9,38.0,1006.5,1645.0
2025-03-17 04:00:00,,32.6,47.0,0.0,17.4,40.0,1005.8,1620.0
2025-03-17 05:00:00,,33.0,46.0,0.0,15.7,46.0,1004.9,1645.0
2025-03-17 06:00:00,,33.0,46.0,0.0,14.1,52.0,1003.9,1590.0
2025-03-17 07:00:00,,33.2,45.0,0.0,10.7,63.0,1003.1,1585.0
2025-03-17 08:00:00,,32.5,47.0,0.0,8.9,61.0,1003.1,1545.0
2025-03-17 09:00:00,,31.7,49.0,0.0,6.7,66.0,1003.5,1430.0
2025-03-17 10:00:00,,30.2,54.0,0.0,2.6,51.0,1004.3,1165.0
2025-03-17 11:00:00,,29.1,58.0,0.0,4.5,175.0,1004.8,980.0
2025-03-17 12:00:00,,28.6,60.0,0.0,4.5,230.0,1005.5,940.0
2025-03-17 13:00:00,,28.7,61.0,0.0,1.6,63.0,1006.7,1035.0
2025-03-17 14:00:00,,28.2,63.0,0.0,0.6,342.0,1007.1,1015.0
2025-03-17 15:00:00,,27.9,64.0,0.0,0.8,333.0,1007.2,1010.0
2025-03-17 16:00:00,,27.7,64.0,0.0,2.2,360.0,1006.9,1015.0
2025-03-17 17:00:00,,27.3,65.0,0.0,3.9,336.0,1006.5,950.0
2025-03-17 18:00:00,,27.0,67.0,0.0,4.8,323.0,1006.1,955.0
2025-03-17 19:00:00,,26.8,68.0,0.0,4.1,326.0,1005.8,925.0
2025-03-17 20:00:00,,26.7,68.0,0.0,3.3,331.0,1005.8,925.0
2025-03-17 21:00:00,,26.5,69.0,0.0,5.8,326.0,1006.3,535.0
2025-03-17 22:00:00,,26.3,70.0,0.0,6.1,336.0,1007.0,245.0
2025-03-17 23:00:00,,26.5,69.0,0.0,5.0,325.0,1007.8,545.0
2025-03-18 00:00:00,,27.8,64.0,0.0,1.2,27.0,1008.5,995.0
2025-03-18 01:00:00,,29.5,58.0,0.0,3.7,55.0,1008.9,1240.0
2025-03-18 02:00:00,,30.8,52.0,0.1,4.9,28.0,1008.5,1310.0
2025-03-18 03:00:00,,32.2,47.0,0.3,7.1,34.0,1008.0,1465.0
2025-03-18 04:00:00,,32.8,46.0,0.3,3.6,20.0,1007.2,1565.0
2025-03-18 05:00:00,,33.3,45.0,0.0,2.7,318.0,1006.4,1735.0
2025-03-18 06:00:00,,33.6,45.0,0.1,2.9,313.0,1005.3,1785.0
2025-03-18 07:00:00,,33.5,45.0,0.1,2.0,297.0,1004.5,1740.0
2025-03-18 08:00:00,,33.3,46.0,0.1,1.6,297.0,1004.1,1730.0
2025-03-18 09:00:00,,32.3,49.0,0.0,3.2,344.0,1004.5,1465.0
2025-03-18 10:00:00,,30.9,52.0,0.0,3.6,37.0,1005.7,1185.0
2025-03-18 11:00:00,,29.6,56.0,0.0,4.0,126.0,1006.4,770.0
2025-03-18 12:00:00,,28.6,61.0,0.0,2.1,128.0,1007.4,520.0
2025-03-18 13:00:00,,28.7,62.0,0.0,4.4,161.0,1008.0,535.0
2025-03-18 14:00:00,,28.2,65.0,0.0,3.8,221.0,1008.7,595.0
2025-03-18 15:00:00,,27.9,67.0,0.0,4.5,254.0,1008.9,685.0
2025-03-18 16:00:00,,27.6,68.0,0.0,4.4,302.0,1008.6,680.0
2025-03-18 17:00:00,,27.2,69.0,0.0,5.2,319.0,1008.3,650.0
2025-03-18 18:00:00,,26.9,69.0,0.0,6.9,332.0,1007.9,630.0
2025-03-18 19:00:00,,26.6,70.0,0.0,7.5,349.0,1007.7,360.0
2025-03-18 20:00:00,,26.4,70.0,0.0,4.7,360.0,1007.6,215.0
2025-03-18 21:00:00,,26.2,71.0,0.0,3.7,349.0,1007.9,145.0
2025-03-18 22:00:00,,26.0,72.0,0.0,5.2,338.0,1008.3,150.0
2025-03-18 23:00:00,,26.3,71.0,0.0,5.5,322.0,1008.8,275.0
2025-03-19 00:00:00,,27.4,67.0,0.0,5.5,308.0,1009.3,580.0
2025-03-19 01:00:00,,29.3,58.0,0.0,8.1,37.0,1010.2,1270.0
2025-03-19 02:00:00,,30.8,52.0,0.0,10.8,33.0,1010.2,1420.0
2025-03-19 03:00:00,,31.9,48.0,0.0,15.8,32.0,1009.7,1535.0
2025-03-19 04:00:00,,32.4,46.0,0.0,14.5,30.0,1008.8,1495.0
2025-03-19 05:00:00,,32.9,45.0,0.0,14.2,35.0,1007.8,1550.0
2025-03-19 06:00:00,,32.6,47.0,0.0,10.6,42.0,1006.9,1490.0
2025-03-19 07:00:00,,32.6,47.0,0.0,6.4,38.0,1006.1,1540.0
2025-03-19 08:00:00,,32.3,48.0,0.0,7.4,45.0,1005.9,1550.0
2025-03-19 09:00:00,,31.0,51.0,0.0,5.0,64.0,1006.3,1210.0
2025-03-19 10:00:00,,29.8,55.0,0.0,3.8,175.0,1007.1,1125.0
2025-03-19 11:00:00,,29.1,58.0,0.0,5.2,250.0,1007.9,1090.0
2025-03-19 12:00:00,,28.6,59.0,0.0,3.5,255.0,1008.6,1085.0
2025-03-19 13:00:00,,29.0,58.0,0.0,6.0,61.0,1009.5,1185.0
2025-03-19 14:00:00,,28.4,61.0,0.0,3.3,49.0,1009.8,1145.0
2025-03-19 15:00:00,,28.2,62.0,0.0,2.9,47.0,1009.9,1135.0
2025-03-19 16:00:00,,27.8,63.0,0.0,1.9,22.0,1009.9,1155.0
2025-03-19 17:00:00,,27.5,64.0,0.0,2.4,347.0,1009.5,1105.0
2025-03-19 18:00:00,,27.0,66.0,0.0,3.9,336.0,1009.1,605.0
2025-03-19 19:00:00,,26.5,69.0,0.0,7.6,342.0,1008.8,425.0
2025-03-19 20:00:00,,26.2,71.0,0.0,9.9,344.0,1008.7,385.0
2025-03-19 21:00:00,,25.8,73.0,0.0,11.1,347.0,1008.9,310.0
2025-03-19 22:00:00,,25.8,72.0,0.0,9.9,344.0,1009.2,255.0
2025-03-19 23:00:00,,26.2,70.0,0.0,9.2,339.0,1009.9,300.0
2025-03-20 00:00:00,,27.2,65.0,0.0,7.7,3.0,1010.4,1105.0
2025-03-20 01:00:00,,28.5,59.0,0.0,17.9,41.0,1011.7,1300.0
2025-03-20 02:00:00,,29.4,55.0,0.0,18.6,47.0,1011.6,1405.0
2025-03-20 03:00:00,,30.4,52.0,0.0,19.5,47.0,1011.2,1540.0
2025-03-20 04:00:00,,30.5,51.0,0.0,18.2,54.0,1010.5,1535.0
2025-03-20 05:00:00,,31.5,47.0,0.0,17.9,54.0,1009.2,1700.0
2025-03-20 06:00:00,,32.1,45.0,0.0,14.5,54.0,1008.0,1775.0
2025-03-20 07:00:00,,31.7,46.0,0.0,12.6,63.0,1007.3,1740.0
2025-03-20 08:00:00,,31.1,48.0,0.0,9.5,63.0,1007.4,1640.0
2025-03-20 09:00:00,,29.8,51.0,0.0,4.4,58.0,1007.6,1370.0
2025-03-20 10:00:00,,29.1,52.0,0.0,2.7,67.0,1007.9,1295.0
2025-03-20 11:00:00,,28.3,56.0,0.0,2.8,105.0,1008.2,1190.0
2025-03-20 12:00:00,,27.7,59.0,0.0,4.0,72.0,1009.0,1140.0
2025-03-20 13:00:00,,27.7,61.0,0.0,6.1,56.0,1010.2,1150.0
2025-03-20 14:00:00,,27.4,63.0,0.0,5.2,61.0,1010.5,1215.0
2025-03-20 15:00:00,,27.1,64.0,0.0,4.1,38.0,1010.5,1170.0
2025-03-20 16:00:00,,26.9,65.0,0.0,3.8,360.0,1010.1,1170.0
2025-03-20 17:00:00,,26.4,66.0,0.0,5.3,342.0,1009.5,1165.0
2025-03-20 18:00:00,,26.2,67.0,0.0,3.3,351.0,1009.0,1185.0
2025-03-20 19:00:00,,26.0,68.0,0.0,4.5,323.0,1008.8,1145.0
2025-03-20 20:00:00,,25.8,69.0,0.0,5.7,314.0,1008.8,1135.0
2025-03-20 21:00:00,,25.5,70.0,0.0,6.6,307.0,1009.0,440.0
2025-03-20 22:00:00,,25.4,70.0,0.0,5.8,306.0,1009.5,415.0
2025-03-20 23:00:00,,25.7,69.0,0.0,6.7,322.0,1010.2,470.0
2025-03-21 00:00:00,,26.6,64.0,0.0,4.3,5.0,1010.9,1160.0
2025-03-21 01:00:00,,27.8,60.0,0.0,8.0,28.0,1011.9,1265.0
2025-03-21 02:00:00,,28.7,55.0,0.0,12.6,41.0,1011.7,1400.0
2025-03-21 03:00:00,,29.2,52.0,0.0,14.0,41.0,1011.4,1445.0
2025-03-21 04:00:00,,30.1,49.0,0.0,16.4,45.0,1010.5,1535.0
2025-03-21 05:00:00,,31.4,45.0,0.0,13.9,44.0,1009.4,1680.0
2025-03-21 06:00:00,,31.5,44.0,0.0,13.4,43.0,1008.3,1715.0
2025-03-21 07:00:00,,30.6,47.0,0.0,11.7,47.0,1007.5,1515.0
2025-03-21 08:00:00,,29.8,49.0,0.0,7.9,63.0,1007.7,1285.0
2025-03-21 09:00:00,,29.0,50.0,0.0,5.1,86.0,1007.9,1080.0
2025-03-21 10:00:00,,27.8,55.0,0.0,4.8,110.0,1008.2,820.0
2025-03-21 11:00:00,,27.1,58.0,0.0,5.8,160.0,1008.8,715.0
2025-03-21 12:00:00,,26.6,60.0,0.0,3.2,199.0,1009.7,770.0
2025-03-21 13:00:00,,26.8,60.0,0.0,5.6,207.0,1010.9,930.0
2025-03-21 14:00:00,,26.7,61.0,0.0,5.4,206.0,1011.4,985.0
2025-03-21 15:00:00,,26.4,62.0,0.0,4.4,235.0,1011.3,965.0
2025-03-21 16:00:00,,26.1,63.0,0.0,4.6,252.0,1010.6,945.0
2025-03-21 17:00:00,,25.8,63.0,0.0,4.1,268.0,1009.7,935.0
2025-03-21 18:00:00,,25.4,65.0,0.0,5.8,272.0,1009.1,930.0
2025-03-21 19:00:00,,25.0,67.0,0.0,7.0,293.0,1008.6,860.0
2025-03-21 20:00:00,,24.7,70.0,0.0,6.6,291.0,1008.4,260.0
2025-03-21 21:00:00,,24.8,69.0,0.0,5.7,283.0,1009.0,895.0
2025-03-21 22:00:00,,24.7,69.0,0.0,4.0,288.0,1009.4,245.0
2025-03-21 23:00:00,,25.0,68.0,0.0,3.6,300.0,1010.2,910.0
2025-03-22 00:00:00,,26.1,63.0,0.0,2.7,340.0,1010.6,990.0
2025-03-22 01:00:00,,28.1,55.0,0.0,5.6,45.0,1011.2,1290.0
2025-03-22 02:00:00,,30.4,45.0,0.0,6.8,42.0,1010.6,1725.0
2025-03-22 03:00:00,,31.4,42.0,0.0,7.0,23.0,1009.9,1895.0
2025-03-22 04:00:00,,31.5,43.0,0.0,6.3,24.0,1009.2,1695.0
2025-03-22 05:00:00,,32.0,41.0,0.0,4.7,360.0,1007.8,2040.0
2025-03-22 06:00:00,,32.5,39.0,0.0,5.3,342.0,1006.8,2085.0
2025-03-22 07:00:00,,31.7,42.0,0.0,7.8,13.0,1006.1,1605.0
2025-03-22 08:00:00,,31.4,44.0,0.0,8.8,33.0,1006.2,1705.0
2025-03-22 09:00:00,,29.9,48.0,0.0,12.7,57.0,1006.6,1215.0
2025-03-22 10:00:00,,28.3,53.0,0.0,12.2,74.0,1007.2,725.0
2025-03-22 11:00:00,,27.3,56.0,0.0,9.5,109.0,1007.8,615.0
2025-03-22 12:00:00,,26.6,58.0,0.0,7.7,120.0,1008.6,595.0
2025-03-22 13:00:00,,26.8,59.0,0.0,4.6,162.0,1009.5,590.0
2025-03-22 14:00:00,,26.4,61.0,0.0,2.8,195.0,1009.8,645.0
2025-03-22 15:00:00,,26.1,63.0,0.0,4.3,222.0,1009.9,685.0
2025-03-22 16:00:00,,25.8,65.0,0.0,6.7,236.0,1009.6,765.0
2025-03-22 17:00:00,,25.6,66.0,0.0,5.2,245.0,1008.7,820.0
2025-03-22 18:00:00,,25.3,67.0,0.0,3.4,267.0,1008.2,715.0
2025-03-22 19:00:00,,24.9,69.0,0.0,2.3,328.0,1007.4,165.0
2025-03-22 20:00:00,,24.4,71.0,0.0,3.5,348.0,1007.4,175.0
2025-03-22 21:00:00,,24.0,75.0,0.0,4.7,351.0,1007.6,145.0
2025-03-22 22:00:00,,23.7,77.0,0.0,4.7,356.0,1008.2,130.0
2025-03-22 23:00:00,,24.2,74.0,0.0,4.2,342.0,1008.9,170.0
2025-03-23 00:00:00,,25.8,66.0,0.0,4.0,280.0,1009.5,810.0
2025-03-23 01:00:00,,27.9,58.0,0.0,3.8,79.0,1010.1,1205.0
2025-03-23 02:00:00,,29.8,49.0,0.0,4.0,90.0,1009.4,1580.0
2025-03-23 03:00:00,,30.9,45.0,0.0,1.5,187.0,1008.8,1805.0
2025-03-23 04:00:00,,31.8,42.0,0.0,2.3,309.0,1008.0,1940.0
2025-03-23 05:00:00,,32.0,41.0,0.0,4.3,327.0,1006.7,1980.0
2025-03-23 06:00:00,,32.2,41.0,0.0,4.9,332.0,1005.6,1965.0
2025-03-23 07:00:00,,31.7,43.0,0.0,7.6,1.0,1004.6,1865.0
2025-03-23 08:00:00,,31.3,45.0,0.0,9.0,30.0,1004.6,1440.0
2025-03-23 09:00:00,,30.5,48.0,0.0,8.3,63.0,1004.9,1295.0
2025-03-23 10:00:00,,29.4,51.0,0.0,7.7,79.0,1005.7,880.0
2025-03-23 11:00:00,,28.0,56.0,0.0,7.0,108.0,1006.5,525.0
2025-03-23 12:00:00,,27.0,60.0,0.0,4.5,124.0,1007.0,420.0
2025-03-23 13:00:00,,27.2,61.0,0.0,4.4,117.0,1007.7,285.0
2025-03-23 14:00:00,,26.8,63.0,0.0,3.6,135.0,1008.1,275.0
2025-03-23 15:00:00,,26.4,64.0,0.0,1.3,172.0,1007.7,285.0
2025-03-23 16:00:00,,26.1,66.0,0.0,1.2,243.0,1006.9,280.0
2025-03-23 17:00:00,,25.9,67.0,0.0,2.5,270.0,1006.0,325.0
2025-03-23 18:00:00,,25.6,69.0,0.0,5.2,290.0,1005.1,345.0
2025-03-23 19:00:00,,25.2,70.0,0.0,4.8,292.0,1004.5,205.0
2025-03-23 20:00:00,,24.9,72.0,0.0,4.3,270.0,1004.7,170.0
2025-03-23 21:00:00,,24.8,73.0,0.0,3.1,301.0,1004.9,205.0
2025-03-23 22:00:00,,24.6,74.0,0.0,2.5,352.0,1005.3,125.0
2025-03-23 23:00:00,,25.1,71.0,0.0,2.8,345.0,1006.0,245.0
2025-03-24 00:00:00,,26.6,63.0,0.0,3.6,290.0,1006.3,425.0
2025-03-24 01:00:00,,28.5,58.0,0.0,3.4,286.0,1006.9,840.0
2025-03-24 02:00:00,,30.8,51.0,0.0,2.6,236.0,1006.3,1385.0
2025-03-24 03:00:00,,30.6,52.0,0.0,7.5,250.0,1005.8,935.0
2025-03-24 04:00:00,,31.1,52.0,0.0,8.3,272.0,1005.3,1075.0
2025-03-24 05:00:00,,31.9,50.0,0.0,7.2,270.0,1004.5,1345.0
2025-03-24 06:00:00,,31.6,51.0,0.0,7.7,286.0,1003.7,1150.0
2025-03-24 07:00:00,,32.8,47.0,0.0,6.6,291.0,1002.6,1560.0
2025-03-24 08:00:00,,32.8,47.0,0.0,5.6,276.0,1002.1,1635.0
2025-03-24 09:00:00,,32.2,49.0,0.0,6.4,254.0,1002.5,1395.0
2025-03-24 10:00:00,,31.5,52.0,0.0,1.0,225.0,1003.1,1235.0
2025-03-24 11:00:00,,30.7,55.0,0.0,3.6,81.0,1003.8,930.0
2025-03-24 12:00:00,,29.8,57.0,0.0,3.5,129.0,1004.7,470.0
2025-03-24 13:00:00,,28.9,60.0,0.0,6.0,123.0,1005.7,415.0
2025-03-24 14:00:00,,28.5,61.0,0.0,2.7,132.0,1006.1,370.0
2025-03-24 15:00:00,,28.2,62.0,0.0,5.7,169.0,1005.8,440.0
2025-03-24 16:00:00,,27.8,65.0,0.0,4.6,169.0,1005.1,425.0
2025-03-24 17:00:00,,27.6,66.0,0.0,3.5,171.0,1004.3,425.0
2025-03-24 18:00:00,,27.0,70.0,0.0,2.0,175.0,1003.9,395.0
2025-03-24 19:00:00,,26.9,70.0,0.0,2.2,5.0,1003.3,375.0
2025-03-24 20:00:00,,26.7,71.0,0.0,4.8,345.0,1003.0,310.0
2025-03-24 21:00:00,,26.4,74.0,0.0,5.5,341.0,1003.0,320.0
2025-03-24 22:00:00,,26.1,76.0,0.0,4.9,352.0,1003.3,345.0
2025-03-24 23:00:00,,26.3,76.0,0.0,3.3,347.0,1003.7,290.0
2025-03-25 00:00:00,,27.5,71.0,0.0,1.7,347.0,1003.9,435.0
2025-03-25 01:00:00,,29.7,63.0,0.0,2.0,360.0,1004.2,785.0
2025-03-25 02:00:00,,31.5,55.0,0.0,2.4,189.0,1003.7,1290.0
2025-03-25 03:00:00,,32.8,50.0,0.0,4.1,214.0,1003.2,1435.0
2025-03-25 04:00:00,,33.7,46.0,0.1,4.8,228.0,1002.2,1625.0
2025-03-25 05:00:00,,34.5,44.0,0.0,6.5,228.0,1001.4,1700.0
2025-03-25 06:00:00,,34.8,43.0,0.2,8.2,229.0,1000.3,1790.0
2025-03-25 07:00:00,,34.7,41.0,0.0,8.0,205.0,999.6,1765.0
2025-03-25 08:00:00,,34.8,39.0,0.0,10.4,154.0,999.5,1800.0
2025-03-25 09:00:00,,34.2,38.0,0.0,13.8,143.0,1000.0,1660.0
2025-03-25 10:00:00,,32.7,44.0,0.0,14.6,130.0,1001.0,880.0
2025-03-25 11:00:00,,31.4,51.0,0.0,10.6,130.0,1002.0,675.0
2025-03-25 12:00:00,,30.4,56.0,0.0,6.6,127.0,1003.1,530.0
2025-03-25 13:00:00,,30.1,57.0,0.0,4.0,93.0,1004.0,495.0
2025-03-25 14:00:00,,29.6,59.0,0.0,3.6,360.0,1004.4,440.0
2025-03-25 15:00:00,,28.7,66.0,0.0,3.1,347.0,1004.3,250.0
2025-03-25 16:00:00,,28.1,69.0,0.0,1.8,281.0,1004.2,230.0
2025-03-25 17:00:00,,27.8,70.0,0.0,2.3,225.0,1003.7,300.0
2025-03-25 18:00:00,,27.6,69.0,0.0,2.8,135.0,1003.3,310.0
2025-03-25 19:00:00,,27.1,71.0,0.0,1.3,90.0,1002.7,285.0
2025-03-25 20:00:00,,26.4,75.0,0.0,3.8,360.0,1002.3,220.0
2025-03-25 21:00:00,,25.7,79.0,0.0,3.7,14.0,1002.5,125.0
2025-03-25 22:00:00,,25.4,81.0,0.0,0.7,14.0,1003.2,10.0
2025-03-25 23:00:00,,26.2,77.0,0.0,0.0,270.0,1004.0,185.0
2025-03-26 00:00:00,,28.0,68.0,0.0,1.3,254.0,1004.4,385.0
2025-03-26 01:00:00,,30.1,57.0,0.0,3.4,238.0,1004.6,940.0
2025-03-26 02:00:00,,32.4,47.0,0.0,1.7,221.0,1004.1,1670.0
2025-03-26 03:00:00,,33.3,43.0,0.0,3.4,254.0,1003.6,1765.0
2025-03-26 04:00:00,,34.2,41.0,0.0,6.3,219.0,1002.4,1745.0
2025-03-26 05:00:00,,35.1,39.0,0.0,8.1,231.0,1001.0,1965.0
2025-03-26 06:00:00,,35.6,37.0,0.0,7.4,227.0,1000.1,2075.0
2025-03-26 07:00:00,,35.3,38.0,0.1,6.9,208.0,999.9,1870.0
2025-03-26 08:00:00,,34.9,39.0,0.0,9.9,170.0,999.8,1635.0
2025-03-26 09:00:00,,33.9,44.0,0.1,10.7,132.0,1000.3,1670.0
2025-03-26 10:00:00,,32.5,49.0,0.0,9.0,121.0,1001.3,1005.0
2025-03-26 11:00:00,,31.0,57.0,0.0,9.1,126.0,1002.1,690.0
2025-03-26 12:00:00,,30.1,61.0,0.0,7.8,134.0,1002.7,435.0
2025-03-26 13:00:00,,30.1,61.0,0.0,4.9,144.0,1003.0,305.0
2025-03-26 14:00:00,,29.5,63.0,0.0,4.2,173.0,1003.4,310.0
2025-03-26 15:00:00,,29.0,64.0,0.0,2.7,212.0,1003.3,280.0
2025-03-26 16:00:00,,28.6,66.0,0.0,4.3,270.0,1003.0,360.0
2025-03-26 17:00:00,,28.0,69.0,0.0,5.4,291.0,1002.7,445.0
2025-03-26 18:00:00,,27.6,70.0,0.0,2.8,285.0,1002.4,390.0
2025-03-26 19:00:00,,27.5,70.0,0.0,3.1,220.0,1002.1,375.0
2025-03-26 20:00:00,,27.5,70.0,0.0,1.5,284.0,1001.8,320.0
2025-03-26 21:00:00,,27.2,72.0,0.0,1.3,124.0,1002.5,110.0
2025-03-26 22:00:00,,27.1,72.0,0.0,2.0,135.0,1003.3,135.0
2025-03-26 23:00:00,,27.6,69.0,0.0,3.0,147.0,1003.7,260.0
2025-03-27 00:00:00,,28.9,64.0,0.0,2.6,164.0,1004.1,555.0
2025-03-27 01:00:00,,30.8,58.0,0.0,4.4,125.0,1004.8,1020.0
2025-03-27 02:00:00,,32.1,56.0,0.2,11.2,136.0,1004.6,1330.0
2025-03-27 03:00:00,,32.7,54.0,0.0,13.5,139.0,1003.7,1265.0
2025-03-27 04:00:00,,33.7,51.0,0.0,12.6,137.0,1002.5,1405.0
2025-03-27 05:00:00,,34.7,47.0,0.0,11.7,144.0,1001.1,1600.0
2025-03-27 06:00:00,,35.3,45.0,0.0,12.1,145.0,999.8,1845.0
2025-03-27 07:00:00,,33.7,48.0,1.1,11.5,120.0,999.8,1280.0
2025-03-27 08:00:00,,33.6,49.0,0.1,8.5,115.0,999.7,1420.0
2025-03-27 09:00:00,,33.3,50.0,0.0,9.1,131.0,1000.2,1420.0
2025-03-27 10:00:00,,32.3,53.0,0.1,7.2,127.0,1001.1,1175.0
2025-03-27 11:00:00,,31.7,55.0,0.0,5.9,125.0,1001.8,960.0
2025-03-27 12:00:00,,30.9,58.0,0.0,5.8,126.0,1002.7,580.0
2025-03-27 13:00:00,,30.8,60.0,0.0,5.0,131.0,1003.1,550.0
2025-03-27 14:00:00,,30.2,62.0,0.0,2.2,156.0,1003.7,460.0
2025-03-27 15:00:00,,29.7,64.0,0.0,2.2,145.0,1003.5,415.0
2025-03-27 16:00:00,,29.3,66.0,0.0,0.5,270.0,1003.0,360.0
2025-03-27 17:00:00,,28.9,67.0,0.0,1.9,287.0,1002.4,430.0
2025-03-27 18:00:00,,28.5,69.0,0.0,4.8,312.0,1001.9,435.0
2025-03-27 19:00:00,,28.0,73.0,0.0,4.4,322.0,1001.7,410.0
2025-03-27 20:00:00,,27.7,74.0,0.0,0.9,349.0,1002.0,275.0
2025-03-27 21:00:00,,27.5,74.0,0.0,0.4,63.0,1002.3,195.0
2025-03-27 22:00:00,,27.5,73.0,0.0,0.4,27.0,1003.2,155.0
2025-03-27 23:00:00,,28.0,71.0,0.0,0.6,304.0,1003.9,255.0
2025-03-28 00:00:00,,29.3,64.0,0.0,2.3,293.0,1004.5,660.0
2025-03-28 01:00:00,,31.4,54.0,0.0,1.7,229.0,1005.1,1115.0
2025-03-28 02:00:00,,33.2,48.0,0.0,2.2,246.0,1004.9,1455.0
2025-03-28 03:00:00,,34.7,43.0,0.0,3.0,253.0,1004.1,1850.0
2025-03-28 04:00:00,,35.7,40.0,0.0,4.7,254.0,1002.9,2145.0
2025-03-28 05:00:00,,34.4,44.0,0.0,3.2,251.0,1001.6,1810.0
2025-03-28 06:00:00,,35.0,43.0,0.0,5.9,333.0,1000.9,1810.0
2025-03-28 07:00:00,,32.8,49.0,0.0,6.5,150.0,1001.1,605.0
2025-03-28 08:00:00,,30.2,67.0,2.2,4.9,118.0,1001.8,690.0
2025-03-28 09:00:00,,30.5,64.0,0.0,5.9,160.0,1001.7,875.0
2025-03-28 10:00:00,,30.2,63.0,0.0,3.9,112.0,1002.4,910.0
2025-03-28 11:00:00,,29.6,66.0,0.0,3.2,317.0,1003.6,825.0
2025-03-28 12:00:00,,28.6,71.0,0.4,6.4,324.0,1004.1,465.0
2025-03-28 13:00:00,,28.0,86.0,0.0,1.6,270.0,1004.5,190.0
2025-03-28 14:00:00,,27.5,84.0,1.2,8.8,274.0,1005.0,275.0
2025-03-28 15:00:00,,27.3,85.0,0.0,4.0,273.0,1005.3,210.0
2025-03-28 16:00:00,,27.2,84.0,0.1,5.0,229.0,1004.6,355.0
2025-03-28 17:00:00,,26.6,86.0,0.2,2.1,345.0,1004.1,220.0
2025-03-28 18:00:00,,26.4,87.0,0.1,1.5,111.0,1003.6,155.0
2025-03-28 19:00:00,,26.3,87.0,0.1,1.3,270.0,1003.1,180.0
2025-03-28 20:00:00,,26.1,89.0,0.1,4.2,250.0,1003.3,165.0
2025-03-28 21:00:00,,25.9,90.0,0.2,2.7,270.0,1003.2,125.0
2025-03-28 22:00:00,,25.8,91.0,0.2,4.8,248.0,1004.1,175.0
2025-03-28 23:00:00,,26.0,89.0,0.1,4.3,237.0,1005.2,230.0
2025-03-29 00:00:00,,26.8,86.0,0.1,2.9,300.0,1005.4,285.0
2025-03-29 01:00:00,,28.5,79.0,0.1,4.0,175.0,1005.4,915.0
2025-03-29 02:00:00,,28.6,77.0,0.0,4.0,148.0,1005.7,1060.0
2025-03-29 03:00:00,,30.6,66.0,0.0,6.3,77.0,1005.4,1380.0
2025-03-29 04:00:00,,31.1,61.0,0.0,7.9,77.0,1004.4,1330.0
2025-03-29 05:00:00,,30.7,62.0,0.0,9.0,87.0,1003.8,1330.0
2025-03-29 06:00:00,,31.0,60.0,0.0,10.3,87.0,1003.0,1320.0
2025-03-29 07:00:00,,30.8,61.0,0.0,9.9,81.0,1002.7,1325.0
2025-03-29 08:00:00,,29.9,63.0,0.2,9.5,99.0,1003.1,1085.0
2025-03-29 09:00:00,,29.0,69.0,0.0,8.0,108.0,1003.5,895.0
2025-03-29 10:00:00,,28.5,73.0,0.0,3.7,119.0,1003.9,800.0
2025-03-29 11:00:00,,28.1,74.0,0.0,1.6,180.0,1004.6,40.0
2025-03-29 12:00:00,,27.7,77.0,0.0,1.8,307.0,1005.3,35.0
2025-03-29 13:00:00,,27.3,87.0,0.1,2.1,285.0,1006.1,95.0
2025-03-29 14:00:00,,27.0,89.0,0.0,4.9,246.0,1006.8,130.0
2025-03-29 15:00:00,,26.7,90.0,0.1,3.9,254.0,1006.7,135.0
2025-03-29 16:00:00,,26.6,88.0,0.3,2.9,259.0,1006.2,110.0
2025-03-29 17:00:00,,26.4,89.0,0.0,4.0,306.0,1005.9,120.0
2025-03-29 18:00:00,,26.2,89.0,0.0,5.2,316.0,1005.0,150.0
2025-03-29 19:00:00,,26.1,87.0,0.0,3.6,315.0,1005.0,100.0
2025-03-29 20:00:00,,26.0,86.0,0.0,2.7,312.0,1005.3,90.0
2025-03-29 21:00:00,,25.8,87.0,0.0,2.4,324.0,1005.6,70.0
2025-03-29 22:00:00,,25.6,87.0,0.0,2.6,286.0,1005.8,55.0
2025-03-29 23:00:00,,26.2,85.0,0.0,2.8,235.0,1006.6,125.0
2025-03-30 00:00:00,,26.8,82.0,0.2,3.1,216.0,1007.2,240.0
2025-03-30 01:00:00,,29.4,67.0,0.0,4.8,77.0,1007.5,1045.0
2025-03-30 02:00:00,,30.8,63.0,0.0,3.8,82.0,1007.7,1380.0
2025-03-30 03:00:00,,32.0,57.0,0.0,7.9,57.0,1007.5,1610.0
2025-03-30 04:00:00,,32.4,55.0,0.0,11.0,58.0,1006.4,1630.0
2025-03-30 05:00:00,,32.8,54.0,0.0,9.4,64.0,1005.4,1630.0
2025-03-30 06:00:00,,32.9,53.0,0.0,11.5,61.0,1004.6,1665.0
2025-03-30 07:00:00,,31.2,59.0,0.1,2.7,110.0,1004.1,1160.0
2025-03-30 08:00:00,,31.9,56.0,0.0,4.1,41.0,1003.8,1380.0
2025-03-30 09:00:00,,30.4,63.0,0.5,0.5,270.0,1003.9,430.0
2025-03-30 10:00:00,,30.1,62.0,0.2,3.2,117.0,1004.6,1150.0
2025-03-30 11:00:00,,29.4,65.0,0.0,3.6,123.0,1005.1,1000.0
2025-03-30 12:00:00,,28.5,70.0,0.0,5.8,129.0,1005.8,325.0
2025-03-30 13:00:00,,28.1,69.0,0.0,2.9,210.0,1006.2,510.0
2025-03-30 14:00:00,,27.7,72.0,0.0,7.2,217.0,1006.9,505.0
2025-03-30 15:00:00,,27.3,76.0,0.0,7.2,208.0,1006.9,230.0
2025-03-30 16:00:00,,27.1,78.0,0.0,6.0,196.0,1006.6,240.0
2025-03-30 17:00:00,,26.9,79.0,0.0,5.7,208.0,1006.5,200.0
2025-03-30 18:00:00,,26.6,80.0,0.0,5.4,194.0,1005.9,190.0
2025-03-30 19:00:00,,26.3,82.0,0.0,3.8,183.0,1005.7,145.0
2025-03-30 20:00:00,,26.0,83.0,0.0,1.8,191.0,1005.3,50.0
2025-03-30 21:00:00,,25.7,85.0,0.0,4.1,257.0,1005.1,75.0
2025-03-30 22:00:00,,25.4,88.0,0.0,3.9,298.0,1005.5,75.0
2025-03-30 23:00:00,,26.0,86.0,0.0,3.6,297.0,1006.1,175.0
2025-03-31 00:00:00,,27.3,77.0,0.0,3.4,286.0,1006.8,570.0
2025-03-31 01:00:00,,29.4,66.0,0.0,1.4,140.0,1007.5,1025.0
2025-03-31 02:00:00,,30.8,60.0,0.0,1.3,254.0,1007.1,1355.0
2025-03-31 03:00:00,,32.5,55.0,0.0,0.7,256.0,1006.8,1670.0
2025-03-31 04:00:00,,32.5,53.0,0.0,2.1,160.0,1005.7,1600.0
2025-03-31 05:00:00,,29.6,66.0,2.2,4.8,165.0,1005.2,530.0
2025-03-31 06:00:00,,32.4,57.0,0.2,0.8,225.0,1004.1,1510.0
2025-03-31 07:00:00,,32.3,56.0,0.0,5.2,102.0,1003.2,1425.0
2025-03-31 08:00:00,,30.6,62.0,0.9,4.4,128.0,1003.1,700.0
2025-03-31 09:00:00,,31.4,58.0,0.0,3.3,99.0,1003.2,1280.0
2025-03-31 10:00:00,,30.5,61.0,0.0,6.1,118.0,1003.7,1125.0
2025-03-31 11:00:00,,29.4,67.0,0.0,8.0,132.0,1004.2,375.0
2025-03-31 12:00:00,,28.5,71.0,0.0,7.8,136.0,1004.6,315.0
2025-03-31 13:00:00,,28.4,72.0,0.0,6.4,142.0,1005.2,295.0
2025-03-31 14:00:00,,28.1,73.0,0.0,3.5,156.0,1006.0,260.0
2025-03-31 15:00:00,,27.7,75.0,0.0,2.6,129.0,1006.1,220.0
2025-03-31 16:00:00,,27.3,76.0,0.0,1.3,135.0,1005.9,90.0
2025-03-31 17:00:00,,27.0,78.0,0.0,1.0,329.0,1005.4,45.0
2025-03-31 18:00:00,,26.6,81.0,0.0,2.9,313.0,1004.9,275.0
2025-03-31 19:00:00,,26.4,83.0,0.0,4.2,320.0,1004.4,265.0
2025-03-31 20:00:00,,26.0,85.0,0.0,4.5,337.0,1004.6,225.0
2025-03-31 21:00:00,,25.6,85.0,0.0,5.8,4.0,1004.6,335.0
2025-03-31 22:00:00,,25.5,84.0,0.0,6.5,352.0,1005.0,315.0
2025-03-31 23:00:00,,26.0,83.0,0.0,4.5,346.0,1005.5,270.0
2025-04-01 00:00:00,,27.7,74.0,0.0,5.6,345.0,1006.1,455.0
2025-04-01 01:00:00,,29.5,66.0,0.0,2.2,360.0,1006.5,785.0
2025-04-01 02:00:00,,31.2,58.0,0.0,1.5,30.0,1006.3,1165.0
2025-04-01 03:00:00,,32.6,52.0,0.0,0.6,236.0,1005.7,1370.0
2025-04-01 04:00:00,,33.6,49.0,0.0,4.6,231.0,1004.7,1590.0
2025-04-01 05:00:00,,34.0,48.0,0.0,8.1,238.0,1003.8,1725.0
2025-04-01 06:00:00,,32.2,54.0,0.3,8.4,208.0,1003.2,790.0
2025-04-01 07:00:00,,31.6,58.0,0.6,2.8,162.0,1002.7,720.0
2025-04-01 08:00:00,,31.7,57.0,0.1,0.9,143.0,1002.5,860.0
2025-04-01 09:00:00,,31.2,58.0,0.2,4.6,261.0,1003.2,715.0
2025-04-01 10:00:00,,29.2,67.0,2.1,5.6,270.0,1004.0,155.0
2025-04-01 11:00:00,,27.5,79.0,1.2,9.3,248.0,1004.6,195.0
2025-04-01 12:00:00,,27.8,77.0,0.0,5.8,272.0,1005.3,185.0
2025-04-01 13:00:00,,29.6,65.0,0.0,3.7,241.0,1005.7,595.0
2025-04-01 14:00:00,,29.1,69.0,0.0,4.5,275.0,1006.1,470.0
2025-04-01 15:00:00,,28.7,71.0,0.0,2.0,297.0,1006.1,60.0
2025-04-01 16:00:00,,28.6,71.0,0.0,2.3,162.0,1005.8,85.0
2025-04-01 17:00:00,,28.2,72.0,0.0,2.3,180.0,1005.4,80.0
2025-04-01 18:00:00,,27.7,75.0,0.0,2.9,90.0,1005.0,60.0
2025-04-01 19:00:00,,27.0,80.0,0.0,3.1,45.0,1004.8,50.0
2025-04-01 20:00:00,,26.5,84.0,0.0,3.0,52.0,1004.9,50.0
2025-04-01 21:00:00,,26.2,86.0,0.0,2.3,86.0,1005.3,40.0
2025-04-01 22:00:00,,26.0,87.0,0.0,2.8,108.0,1005.9,45.0
2025-04-01 23:00:00,,26.9,83.0,0.0,2.0,170.0,1006.8,115.0
2025-04-02 00:00:00,,28.5,70.0,0.0,1.6,207.0,1007.4,590.0
2025-04-02 01:00:00,,29.7,65.0,0.0,1.5,291.0,1008.2,930.0
2025-04-02 02:00:00,,31.3,57.0,0.0,2.0,265.0,1007.9,1195.0
2025-04-02 03:00:00,,32.7,51.0,0.1,4.0,273.0,1007.5,1550.0
2025-04-02 04:00:00,,33.2,51.0,0.1,7.6,274.0,1006.6,1735.0
2025-04-02 05:00:00,,33.3,49.0,0.7,7.6,256.0,1005.4,1570.0
2025-04-02 06:00:00,,32.7,52.0,0.1,4.8,329.0,1005.0,1335.0
2025-04-02 07:00:00,,31.5,57.0,1.0,7.4,347.0,1004.4,645.0
2025-04-02 08:00:00,,32.5,53.0,0.0,5.7,311.0,1003.9,1150.0
2025-04-02 09:00:00,,32.4,51.0,0.0,6.0,339.0,1004.0,1085.0
2025-04-02 10:00:00,,31.2,59.0,0.1,4.8,25.0,1004.6,665.0
2025-04-02 11:00:00,,30.7,63.0,0.0,5.0,30.0,1005.1,755.0
2025-04-02 12:00:00,,29.7,67.0,0.0,4.2,47.0,1005.6,295.0
2025-04-02 13:00:00,,29.6,65.0,0.0,3.4,93.0,1006.7,215.0
2025-04-02 14:00:00,,29.0,69.0,0.0,2.1,165.0,1007.4,195.0
2025-04-02 15:00:00,,28.4,72.0,0.0,2.4,216.0,1007.6,185.0
2025-04-02 16:00:00,,28.2,73.0,0.1,4.1,247.0,1007.3,280.0
2025-04-02 17:00:00,,27.7,75.0,0.0,6.8,268.0,1006.9,530.0
2025-04-02 18:00:00,,27.3,77.0,0.1,7.2,271.0,1006.5,530.0
2025-04-02 19:00:00,,27.0,78.0,0.0,5.1,276.0,1005.9,465.0
2025-04-02 20:00:00,,26.8,78.0,0.0,3.9,307.0,1006.0,410.0
2025-04-02 21:00:00,,26.4,80.0,0.0,2.6,348.0,1006.3,365.0
2025-04-02 22:00:00,,26.1,81.0,0.0,2.2,9.0,1006.9,65.0
2025-04-02 23:00:00,,26.7,78.0,0.0,1.1,351.0,1007.5,315.0
2025-04-03 00:00:00,,27.9,73.0,0.0,2.1,250.0,1008.1,475.0
2025-04-03 01:00:00,,30.2,61.0,0.0,1.5,240.0,1008.7,835.0
2025-04-03 02:00:00,,31.5,56.0,0.0,3.3,216.0,1008.3,1150.0
2025-04-03 03:00:00,,32.9,50.0,0.1,4.2,223.0,1007.5,1380.0
2025-04-03 04:00:00,,33.7,47.0,0.0,4.1,236.0,1006.7,1460.0
2025-04-03 05:00:00,,34.0,46.0,0.5,3.3,257.0,1005.8,1445.0
2025-04-03 06:00:00,,34.0,47.0,0.4,3.5,261.0,1004.6,1435.0
2025-04-03 07:00:00,,34.0,49.0,0.6,4.2,265.0,1003.9,1480.0
2025-04-03 08:00:00,,31.2,60.0,0.5,3.3,96.0,1004.4,560.0
2025-04-03 09:00:00,,30.5,63.0,0.1,1.8,66.0,1004.6,560.0
2025-04-03 10:00:00,,30.4,62.0,0.2,4.8,315.0,1005.4,625.0
2025-04-03 11:00:00,,29.6,66.0,0.2,2.3,231.0,1005.5,440.0
2025-04-03 12:00:00,,29.4,67.0,0.0,2.5,249.0,1006.2,745.0
2025-04-03 13:00:00,,29.5,63.0,0.0,4.6,108.0,1006.5,315.0
2025-04-03 14:00:00,,28.9,66.0,0.0,3.0,155.0,1007.1,300.0
2025-04-03 15:00:00,,28.6,67.0,0.0,4.0,201.0,1007.2,340.0
2025-04-03 16:00:00,,28.3,69.0,0.0,4.0,234.0,1006.9,485.0
2025-04-03 17:00:00,,28.0,70.0,0.0,2.7,233.0,1006.6,490.0
2025-04-03 18:00:00,,27.8,71.0,0.0,0.7,90.0,1006.0,15.0
2025-04-03 19:00:00,,27.5,72.0,0.0,0.2,360.0,1005.7,10.0
2025-04-03 20:00:00,,27.3,73.0,0.0,0.9,270.0,1005.5,20.0
2025-04-03 21:00:00,,27.1,74.0,0.0,3.1,177.0,1005.7,390.0
2025-04-03 22:00:00,,26.8,75.0,0.0,3.8,172.0,1006.1,305.0
2025-04-03 23:00:00,,27.2,72.0,0.0,2.7,188.0,1006.7,300.0
2025-04-04 00:00:00,,28.5,66.0,0.0,2.0,207.0,1007.3,680.0
2025-04-04 01:00:00,,30.6,59.0,0.0,3.3,84.0,1008.0,1170.0
2025-04-04 02:00:00,,32.6,51.0,0.0,3.8,121.0,1007.5,1420.0
2025-04-04 03:00:00,,33.9,44.0,0.2,3.8,131.0,1006.9,1630.0
2025-04-04 04:00:00,,34.3,44.0,0.6,1.3,236.0,1006.1,1725.0
2025-04-04 05:00:00,,33.9,45.0,1.2,0.6,304.0,1005.2,1590.0
2025-04-04 06:00:00,,33.9,48.0,0.8,1.8,281.0,1004.3,1715.0
2025-04-04 07:00:00,,33.5,50.0,0.0,0.6,288.0,1003.8,1670.0
2025-04-04 08:00:00,,30.9,61.0,0.4,5.8,97.0,1004.1,640.0
2025-04-04 09:00:00,,31.8,56.0,0.2,6.2,116.0,1003.9,1125.0
2025-04-04 10:00:00,,31.1,58.0,0.2,7.7,101.0,1004.6,1090.0
2025-04-04 11:00:00,,30.0,62.0,0.0,5.5,122.0,1005.4,835.0
2025-04-04 12:00:00,,29.2,65.0,0.0,2.8,140.0,1006.0,755.0
2025-04-04 13:00:00,,29.1,67.0,0.0,4.8,160.0,1006.5,520.0
2025-04-04 14:00:00,,28.6,69.0,0.0,5.2,164.0,1007.1,535.0
2025-04-04 15:00:00,,28.2,71.0,0.0,5.4,154.0,1007.2,515.0
2025-04-04 16:00:00,,27.8,72.0,0.0,4.7,173.0,1006.8,500.0
2025-04-04 17:00:00,,27.5,74.0,0.0,4.7,180.0,1006.3,450.0
2025-04-04 18:00:00,,27.2,74.0,0.0,3.5,189.0,1005.6,435.0
2025-04-04 19:00:00,,27.0,75.0,0.0,2.3,209.0,1005.3,375.0
2025-04-04 20:00:00,,27.0,76.0,0.0,3.1,270.0,1005.2,360.0
2025-04-04 21:00:00,,26.7,78.0,0.0,4.5,320.0,1005.6,360.0
2025-04-04 22:00:00,,26.4,79.0,0.0,4.4,339.0,1006.1,310.0
2025-04-04 23:00:00,,26.9,75.0,0.0,3.3,315.0,1006.4,335.0
2025-04-05 00:00:00,,28.3,69.0,0.0,2.0,280.0,1007.3,550.0
2025-04-05 01:00:00,,29.9,63.0,0.0,1.5,144.0,1007.9,785.0
2025-04-05 02:00:00,,31.4,58.0,0.0,4.3,197.0,1007.6,1125.0
2025-04-05 03:00:00,,33.0,53.0,0.0,5.9,225.0,1006.8,1495.0
2025-04-05 04:00:00,,34.2,47.0,0.0,6.3,217.0,1005.8,1775.0
2025-04-05 05:00:00,,30.8,58.0,0.5,5.0,360.0,1005.6,600.0
2025-04-05 06:00:00,,32.1,56.0,0.5,5.1,309.0,1004.3,1145.0
2025-04-05 07:00:00,,33.5,51.0,0.0,5.4,249.0,1003.6,1555.0
2025-04-05 08:00:00,,32.2,53.0,0.0,3.8,211.0,1003.5,1135.0
2025-04-05 09:00:00,,29.0,68.0,1.0,5.1,8.0,1004.1,355.0
2025-04-05 10:00:00,,29.0,68.0,0.1,3.4,335.0,1004.6,230.0
2025-04-05 11:00:00,,28.8,70.0,0.0,3.7,325.0,1005.0,145.0
2025-04-05 12:00:00,,27.6,77.0,0.1,11.5,319.0,1006.1,290.0
2025-04-05 13:00:00,,28.8,74.0,0.0,3.3,68.0,1006.1,160.0
2025-04-05 14:00:00,,28.2,77.0,0.0,3.1,149.0,1006.6,150.0
2025-04-05 15:00:00,,27.7,78.0,0.0,3.3,151.0,1006.5,155.0
2025-04-05 16:00:00,,27.1,80.0,0.0,1.9,112.0,1005.8,90.0
2025-04-05 17:00:00,,26.5,84.0,0.0,2.3,39.0,1005.1,55.0
2025-04-05 18:00:00,,25.9,89.0,0.0,3.1,10.0,1004.6,50.0
2025-04-05 19:00:00,,25.3,93.0,0.0,2.2,9.0,1004.2,45.0
2025-04-05 20:00:00,,25.1,94.0,0.0,1.5,150.0,1004.3,40.0
2025-04-05 21:00:00,,25.1,94.0,0.0,1.9,119.0,1004.5,30.0
2025-04-05 22:00:00,,24.9,94.0,0.0,0.2,360.0,1005.1,10.0
2025-04-05 23:00:00,,25.7,89.0,0.0,0.6,304.0,1005.8,205.0
2025-04-06 00:00:00,,27.2,82.0,0.0,2.5,278.0,1006.8,310.0
2025-04-06 01:00:00,,29.0,72.0,0.0,4.0,302.0,1007.8,585.0
2025-04-06 02:00:00,,30.1,65.0,0.4,1.5,315.0,1007.5,830.0
2025-04-06 03:00:00,,32.0,58.0,0.3,1.5,263.0,1007.0,1310.0
2025-04-06 04:00:00,,33.2,53.0,0.0,2.4,197.0,1006.1,1590.0
2025-04-06 05:00:00,,34.3,48.0,0.0,4.0,207.0,1004.8,1770.0
2025-04-06 06:00:00,,34.3,46.0,0.0,6.0,205.0,1003.6,1770.0
2025-04-06 07:00:00,,34.1,45.0,0.0,6.4,212.0,1003.0,1685.0
2025-04-06 08:00:00,,32.1,52.0,0.0,8.3,46.0,1003.5,585.0
2025-04-06 09:00:00,,31.8,56.0,0.1,6.6,35.0,1003.5,635.0
2025-04-06 10:00:00,,31.6,57.0,0.0,4.5,53.0,1004.4,315.0
2025-04-06 11:00:00,,31.0,55.0,0.0,4.5,90.0,1005.4,315.0
2025-04-06 12:00:00,,30.2,60.0,0.0,5.6,356.0,1006.2,415.0
2025-04-06 13:00:00,,27.7,77.0,0.0,10.9,333.0,1007.1,355.0
2025-04-06 14:00:00,,27.2,80.0,0.0,8.6,345.0,1007.5,280.0
2025-04-06 15:00:00,,27.2,81.0,0.0,7.6,348.0,1007.7,300.0
2025-04-06 16:00:00,,27.2,80.0,0.0,6.2,350.0,1007.2,325.0
2025-04-06 17:00:00,,27.0,83.0,0.0,5.7,11.0,1006.6,300.0
2025-04-06 18:00:00,,26.6,86.0,0.0,4.0,36.0,1006.1,150.0
2025-04-06 19:00:00,,26.0,89.0,0.0,2.4,73.0,1005.8,105.0
2025-04-06 20:00:00,,25.5,91.0,0.0,2.3,94.0,1006.1,90.0
2025-04-06 21:00:00,,25.2,92.0,0.0,2.2,42.0,1006.4,70.0
2025-04-06 22:00:00,,25.1,91.0,0.0,2.3,67.0,1007.1,70.0
2025-04-06 23:00:00,,25.9,84.0,0.0,0.8,135.0,1007.8,135.0
2025-04-07 00:00:00,,27.9,72.0,0.0,1.5,234.0,1008.2,325.0
2025-04-07 01:00:00,,30.3,60.0,0.0,2.9,259.0,1008.6,920.0
2025-04-07 02:00:00,,32.3,52.0,0.0,1.4,270.0,1008.6,1315.0
2025-04-07 03:00:00,,34.0,46.0,0.0,1.3,286.0,1008.0,1685.0
2025-04-07 04:00:00,,35.1,42.0,0.0,0.4,297.0,1006.9,1895.0
2025-04-07 05:00:00,,36.0,38.0,0.0,0.7,270.0,1005.6,2095.0
2025-04-07 06:00:00,,36.3,37.0,0.0,2.5,240.0,1004.4,2115.0
2025-04-07 07:00:00,,36.1,38.0,0.0,2.5,240.0,1003.8,2085.0
2025-04-07 08:00:00,,35.5,39.0,0.0,0.5,45.0,1003.7,1905.0
2025-04-07 09:00:00,,34.4,43.0,0.0,9.3,126.0,1004.4,1730.0
2025-04-07 10:00:00,,32.0,53.0,0.0,13.2,128.0,1005.9,900.0
2025-04-07 11:00:00,,30.7,58.0,0.0,11.1,117.0,1007.0,700.0
2025-04-07 12:00:00,,29.8,62.0,0.0,6.6,123.0,1007.6,550.0
2025-04-07 13:00:00,,29.9,62.0,0.0,4.3,156.0,1007.9,490.0
2025-04-07 14:00:00,,29.5,64.0,0.0,6.0,173.0,1008.7,455.0
2025-04-07 15:00:00,,29.1,66.0,0.0,5.8,180.0,1008.8,460.0
2025-04-07 16:00:00,,28.7,68.0,0.0,4.3,185.0,1008.2,455.0
2025-04-07 17:00:00,,28.4,69.0,0.0,3.0,256.0,1007.8,505.0
2025-04-07 18:00:00,,28.0,71.0,0.0,3.9,283.0,1007.1,505.0
2025-04-07 19:00:00,,27.7,72.0,0.0,3.6,297.0,1006.5,430.0
2025-04-07 20:00:00,,27.5,73.0,0.0,2.9,317.0,1006.5,370.0
2025-04-07 21:00:00,,27.2,74.0,0.0,0.5,45.0,1007.0,55.0
2025-04-07 22:00:00,,27.0,75.0,0.0,0.6,72.0,1007.5,35.0
2025-04-07 23:00:00,,27.7,71.0,0.0,0.3,45.0,1008.3,295.0
2025-04-08 00:00:00,,29.0,65.0,0.0,1.1,279.0,1008.8,500.0
2025-04-08 01:00:00,,30.8,59.0,0.0,2.1,255.0,1009.4,930.0
2025-04-08 02:00:00,,32.5,52.0,0.0,3.3,241.0,1008.8,1345.0
2025-04-08 03:00:00,,34.1,47.0,0.0,4.8,250.0,1008.2,1620.0
2025-04-08 04:00:00,,34.5,46.0,0.0,4.6,257.0,1007.4,1615.0
2025-04-08 05:00:00,,34.6,46.0,0.0,5.4,264.0,1006.4,1700.0
2025-04-08 06:00:00,,34.8,46.0,0.0,7.8,278.0,1005.3,1770.0
2025-04-08 07:00:00,,32.4,53.0,0.1,3.1,130.0,1005.2,655.0
2025-04-08 08:00:00,,32.6,53.0,0.6,4.6,11.0,1004.7,795.0
2025-04-08 09:00:00,,33.2,50.0,0.0,4.8,299.0,1004.6,1360.0
2025-04-08 10:00:00,,32.6,52.0,0.0,0.9,270.0,1005.2,1280.0
2025-04-08 11:00:00,,31.8,55.0,0.0,1.7,148.0,1006.2,1105.0
2025-04-08 12:00:00,,30.7,59.0,0.0,4.3,132.0,1006.8,440.0
2025-04-08 13:00:00,,29.9,63.0,0.0,6.5,120.0,1007.3,305.0
2025-04-08 14:00:00,,29.3,65.0,0.0,3.4,162.0,1007.8,325.0
2025-04-08 15:00:00,,28.9,66.0,0.0,4.2,185.0,1007.6,345.0
2025-04-08 16:00:00,,28.5,68.0,0.0,5.3,198.0,1007.1,385.0
2025-04-08 17:00:00,,28.1,69.0,0.0,4.0,198.0,1006.4,430.0
2025-04-08 18:00:00,,27.9,70.0,0.0,2.9,176.0,1005.6,415.0
2025-04-08 19:00:00,,27.7,71.0,0.0,2.7,160.0,1004.8,350.0
2025-04-08 20:00:00,,27.6,71.0,0.0,2.6,155.0,1004.9,350.0
2025-04-08 21:00:00,,27.3,72.0,0.0,2.4,126.0,1005.3,325.0
2025-04-08 22:00:00,,27.1,72.0,0.0,2.4,103.0,1005.5,270.0
2025-04-08 23:00:00,,27.7,70.0,0.0,2.4,107.0,1006.3,380.0
2025-04-09 00:00:00,,29.0,64.0,0.0,0.4,270.0,1007.1,580.0
2025-04-09 01:00:00,,31.0,57.0,0.0,2.2,14.0,1007.3,1120.0
2025-04-09 02:00:00,,32.6,50.0,0.0,1.9,17.0,1006.9,1475.0
2025-04-09 03:00:00,,34.0,44.0,0.0,1.8,217.0,1006.4,1580.0
2025-04-09 04:00:00,,34.9,41.0,0.0,4.5,254.0,1005.5,1780.0
2025-04-09 05:00:00,,35.4,41.0,0.0,7.4,252.0,1004.3,1855.0
2025-04-09 06:00:00,,35.6,41.0,0.0,7.9,249.0,1003.0,1805.0
2025-04-09 07:00:00,,35.9,39.0,0.0,7.7,240.0,1002.3,1860.0
2025-04-09 08:00:00,,35.5,38.0,0.0,7.3,203.0,1002.0,1765.0
2025-04-09 09:00:00,,34.6,42.0,0.0,13.7,152.0,1002.0,1590.0
2025-04-09 10:00:00,,32.6,48.0,0.0,15.9,129.0,1002.7,605.0
2025-04-09 11:00:00,,31.6,52.0,0.0,11.8,114.0,1003.6,450.0
2025-04-09 12:00:00,,30.9,55.0,0.0,5.3,147.0,1004.3,400.0
2025-04-09 13:00:00,,30.5,58.0,0.0,3.0,142.0,1005.4,415.0
2025-04-09 14:00:00,,30.1,59.0,0.0,1.1,279.0,1006.0,355.0
2025-04-09 15:00:00,,29.5,64.0,0.0,3.9,313.0,1005.7,505.0
2025-04-09 16:00:00,,29.0,68.0,0.0,1.9,253.0,1005.2,490.0
2025-04-09 17:00:00,,28.5,69.0,0.0,2.1,195.0,1004.4,375.0
2025-04-09 18:00:00,,28.2,69.0,0.0,2.4,193.0,1003.7,335.0
2025-04-09 19:00:00,,27.7,70.0,0.0,1.6,180.0,1003.2,150.0
2025-04-09 20:00:00,,27.2,72.0,0.0,0.7,166.0,1003.4,40.0
2025-04-09 21:00:00,,26.8,74.0,0.0,0.4,117.0,1003.7,35.0
2025-04-09 22:00:00,,26.5,75.0,0.0,1.8,135.0,1004.2,40.0
2025-04-09 23:00:00,,27.4,72.0,0.0,1.7,131.0,1004.7,220.0
2025-04-10 00:00:00,,29.1,64.0,0.0,0.5,225.0,1005.3,525.0
2025-04-10 01:00:00,,31.1,53.0,0.0,2.4,207.0,1005.6,1065.0
2025-04-10 02:00:00,,32.9,45.0,0.0,3.2,214.0,1005.1,1260.0
2025-04-10 03:00:00,,34.4,40.0,0.0,4.6,222.0,1004.2,1485.0
2025-04-10 04:00:00,,35.4,39.0,0.0,7.3,230.0,1003.4,1640.0
2025-04-10 05:00:00,,35.8,39.0,0.0,9.6,230.0,1002.2,1745.0
2025-04-10 06:00:00,,36.4,34.0,0.0,9.7,231.0,1001.0,2000.0
2025-04-10 07:00:00,,36.9,29.0,0.0,5.2,256.0,1000.4,1995.0
2025-04-10 08:00:00,,36.1,30.0,0.0,12.2,246.0,1000.2,540.0
2025-04-10 09:00:00,,32.9,50.0,0.0,15.0,241.0,1000.8,475.0
2025-04-10 10:00:00,,32.0,57.0,0.0,11.5,250.0,1001.7,390.0
2025-04-10 11:00:00,,31.7,60.0,0.0,11.9,228.0,1002.6,495.0
2025-04-10 12:00:00,,31.4,59.0,0.0,12.0,219.0,1003.6,765.0
2025-04-10 13:00:00,,30.8,63.0,0.0,8.6,281.0,1004.8,765.0
2025-04-10 14:00:00,,30.3,64.0,0.1,1.3,262.0,1005.4,625.0
2025-04-10 15:00:00,,29.6,68.0,0.1,5.1,162.0,1005.2,325.0
2025-04-10 16:00:00,,29.4,68.0,0.0,4.4,192.0,1004.6,275.0
2025-04-10 17:00:00,,29.4,68.0,0.0,2.2,256.0,1004.0,275.0
2025-04-10 18:00:00,,29.1,68.0,0.0,3.4,6.0,1003.4,715.0
2025-04-10 19:00:00,,28.9,68.0,0.0,5.1,18.0,1002.9,625.0
2025-04-10 20:00:00,,28.5,69.0,0.0,4.3,28.0,1002.9,360.0
2025-04-10 21:00:00,,28.0,72.0,0.0,2.7,32.0,1003.3,120.0
2025-04-10 22:00:00,,27.6,74.0,0.0,2.7,94.0,1003.8,85.0
2025-04-10 23:00:00,,28.6,70.0,0.0,3.0,123.0,1004.8,320.0
2025-04-11 00:00:00,,30.1,63.0,0.0,3.1,130.0,1005.7,740.0
2025-04-11 01:00:00,,31.4,60.0,0.0,2.4,153.0,1006.0,1090.0
2025-04-11 02:00:00,,32.8,53.0,0.0,3.5,152.0,1005.7,1385.0
2025-04-11 03:00:00,,33.5,50.0,0.0,2.8,145.0,1005.1,1475.0
2025-04-11 04:00:00,,34.8,45.0,0.0,4.0,183.0,1004.1,1605.0
2025-04-11 05:00:00,,35.9,41.0,0.0,6.6,197.0,1002.7,1745.0
2025-04-11 06:00:00,,36.6,38.0,0.0,6.7,185.0,1001.3,1890.0
2025-04-11 07:00:00,,36.8,37.0,0.0,7.3,147.0,1000.7,1990.0
2025-04-11 08:00:00,,36.2,39.0,0.0,10.5,121.0,1000.6,1965.0
2025-04-11 09:00:00,,35.1,41.0,0.0,13.1,120.0,1001.1,1510.0
2025-04-11 10:00:00,,33.4,47.0,0.0,12.0,123.0,1001.8,905.0
2025-04-11 11:00:00,,31.7,55.0,0.0,11.4,123.0,1002.8,755.0
2025-04-11 12:00:00,,30.5,61.0,0.0,9.6,124.0,1003.7,565.0
2025-04-11 13:00:00,,30.3,62.0,0.0,6.6,119.0,1004.4,410.0
2025-04-11 14:00:00,,29.9,64.0,0.0,6.0,147.0,1005.2,380.0
2025-04-11 15:00:00,,29.3,66.0,0.0,7.2,148.0,1005.2,390.0
2025-04-11 16:00:00,,29.0,68.0,0.0,6.3,141.0,1004.7,405.0
2025-04-11 17:00:00,,28.6,69.0,0.0,1.8,96.0,1004.2,400.0
2025-04-11 18:00:00,,28.2,71.0,0.0,1.9,343.0,1003.9,395.0
2025-04-11 19:00:00,,27.9,72.0,0.0,2.7,318.0,1003.6,340.0
2025-04-11 20:00:00,,27.5,74.0,0.0,2.2,318.0,1003.8,180.0
2025-04-11 21:00:00,,27.5,74.0,0.1,1.9,299.0,1004.4,205.0
2025-04-11 22:00:00,,27.5,75.0,0.0,0.5,270.0,1005.2,175.0
2025-04-11 23:00:00,,28.2,72.0,0.0,2.8,333.0,1005.8,340.0
2025-04-12 00:00:00,,29.8,66.0,0.0,1.0,292.0,1006.3,780.0
2025-04-12 01:00:00,,32.1,55.0,0.0,2.5,176.0,1006.5,1225.0
2025-04-12 02:00:00,,33.9,48.0,0.0,4.4,187.0,1005.9,1520.0
2025-04-12 03:00:00,,35.2,43.0,0.0,6.6,206.0,1005.2,1700.0
2025-04-12 04:00:00,,36.0,41.0,0.0,8.4,211.0,1004.5,1830.0
2025-04-12 05:00:00,,36.9,36.0,0.0,9.8,200.0,1003.4,1945.0
2025-04-12 06:00:00,,37.2,35.0,0.0,11.6,186.0,1002.5,1955.0
2025-04-12 07:00:00,,37.2,36.0,0.0,11.4,175.0,1001.8,2055.0
2025-04-12 08:00:00,,36.4,38.0,0.0,12.9,160.0,1002.0,1925.0
2025-04-12 09:00:00,,34.2,46.0,0.1,15.8,142.0,1002.9,1070.0
2025-04-12 10:00:00,,33.0,51.0,0.0,14.3,126.0,1004.0,865.0
2025-04-12 11:00:00,,31.5,58.0,0.0,12.0,125.0,1004.9,650.0
2025-04-12 12:00:00,,30.8,61.0,0.0,8.2,140.0,1005.3,470.0
2025-04-12 13:00:00,,31.3,60.0,0.0,7.4,139.0,1006.3,420.0
2025-04-12 14:00:00,,30.8,62.0,0.0,5.3,156.0,1006.6,385.0
2025-04-12 15:00:00,,30.2,65.0,0.0,5.7,167.0,1006.4,365.0
2025-04-12 16:00:00,,29.7,68.0,0.0,1.1,99.0,1005.8,365.0
2025-04-12 17:00:00,,29.2,70.0,0.0,1.5,346.0,1005.0,405.0
2025-04-12 18:00:00,,28.8,71.0,0.0,1.5,135.0,1004.6,345.0
2025-04-12 19:00:00,,28.5,73.0,0.0,2.7,160.0,1004.7,260.0
2025-04-12 20:00:00,,28.4,73.0,0.0,2.3,184.0,1004.8,225.0
2025-04-12 21:00:00,,28.3,74.0,0.0,0.3,225.0,1005.2,200.0
2025-04-12 22:00:00,,28.1,75.0,0.0,0.5,225.0,1006.0,165.0
2025-04-12 23:00:00,,28.8,72.0,0.0,1.7,288.0,1006.5,300.0
2025-04-13 00:00:00,,30.3,67.0,0.0,3.7,256.0,1006.9,590.0
2025-04-13 01:00:00,,32.0,58.0,0.0,3.4,276.0,1007.0,1025.0
2025-04-13 02:00:00,,33.3,53.0,0.0,4.7,268.0,1006.4,1240.0
2025-04-13 03:00:00,,34.4,50.0,0.0,5.4,272.0,1005.8,1490.0
2025-04-13 04:00:00,,35.2,48.0,0.0,6.5,273.0,1005.1,1695.0
2025-04-13 05:00:00,,35.1,46.0,0.0,6.4,207.0,1004.0,1445.0
2025-04-13 06:00:00,,32.1,59.0,2.1,5.3,66.0,1003.5,775.0
2025-04-13 07:00:00,,33.1,54.0,0.0,7.3,130.0,1002.9,850.0
2025-04-13 08:00:00,,31.4,61.0,3.8,4.0,144.0,1003.3,275.0
2025-04-13 09:00:00,,30.1,68.0,0.1,5.3,282.0,1003.2,315.0
2025-04-13 10:00:00,,29.8,72.0,0.0,3.3,315.0,1003.6,270.0
2025-04-13 11:00:00,,29.6,73.0,0.0,3.4,342.0,1004.1,325.0
2025-04-13 12:00:00,,29.7,72.0,0.0,0.7,284.0,1004.8,290.0
2025-04-13 13:00:00,,30.2,69.0,0.0,1.5,263.0,1005.4,405.0
2025-04-13 14:00:00,,30.1,70.0,0.0,1.7,229.0,1005.5,565.0
2025-04-13 15:00:00,,29.9,71.0,0.0,3.1,190.0,1005.4,500.0
2025-04-13 16:00:00,,29.6,73.0,0.0,2.7,203.0,1004.8,430.0
2025-04-13 17:00:00,,29.3,74.0,0.0,0.2,270.0,1004.5,395.0
2025-04-13 18:00:00,,28.9,76.0,0.0,1.5,135.0,1004.1,60.0
2025-04-13 19:00:00,,28.3,79.0,0.0,2.6,146.0,1003.6,60.0
2025-04-13 20:00:00,,27.9,82.0,0.0,3.4,137.0,1003.5,85.0
2025-04-13 21:00:00,,27.4,83.0,0.0,4.5,119.0,1003.7,155.0
2025-04-13 22:00:00,,27.0,84.0,0.0,5.1,132.0,1004.1,190.0
2025-04-13 23:00:00,,27.7,78.0,0.0,3.3,135.0,1005.0,290.0
2025-04-14 00:00:00,,29.5,68.0,0.0,1.3,360.0,1006.0,525.0
2025-04-14 01:00:00,,30.3,67.0,0.4,2.9,317.0,1006.6,875.0
2025-04-14 02:00:00,,31.7,60.0,0.2,3.2,308.0,1006.5,1105.0
2025-04-14 03:00:00,,32.8,55.0,0.1,4.9,278.0,1005.9,1175.0
2025-04-14 04:00:00,,33.5,52.0,0.1,5.7,261.0,1005.0,1195.0
2025-04-14 05:00:00,,34.1,50.0,0.1,6.6,261.0,1003.6,1295.0
2025-04-14 06:00:00,,34.6,47.0,0.0,6.7,254.0,1002.5,1420.0
2025-04-14 07:00:00,,34.8,45.0,0.0,7.6,263.0,1001.8,1485.0
2025-04-14 08:00:00,,34.7,44.0,0.0,7.8,266.0,1001.8,1545.0
2025-04-14 09:00:00,,34.3,43.0,0.0,6.7,254.0,1001.7,1300.0
2025-04-14 10:00:00,,33.4,47.0,0.0,7.2,248.0,1002.4,210.0
2025-04-14 11:00:00,,32.3,57.0,0.0,9.8,227.0,1003.1,265.0
2025-04-14 12:00:00,,31.4,64.0,0.0,11.5,214.0,1004.0,425.0
2025-04-14 13:00:00,,30.8,65.0,0.0,5.9,247.0,1004.9,430.0
2025-04-14 14:00:00,,29.8,71.0,0.2,4.0,300.0,1005.6,325.0
2025-04-14 15:00:00,,29.7,69.0,0.1,3.8,180.0,1005.6,200.0
2025-04-14 16:00:00,,29.7,68.0,0.0,4.9,172.0,1005.3,190.0
2025-04-14 17:00:00,,29.6,68.0,0.0,4.8,158.0,1004.6,225.0
2025-04-14 18:00:00,,29.1,70.0,0.0,0.6,72.0,1004.4,40.0
2025-04-14 19:00:00,,28.6,73.0,0.0,3.2,357.0,1004.0,135.0
2025-04-14 20:00:00,,28.1,75.0,0.0,4.0,8.0,1004.1,155.0
2025-04-14 21:00:00,,27.6,78.0,0.0,4.4,12.0,1004.1,155.0
2025-04-14 22:00:00,,27.3,79.0,0.0,4.3,2.0,1004.4,135.0
2025-04-14 23:00:00,,28.0,75.0,0.0,4.4,351.0,1004.9,200.0
2025-04-15 00:00:00,,29.6,67.0,0.0,3.6,351.0,1005.3,595.0
2025-04-15 01:00:00,,31.2,55.0,0.0,4.6,321.0,1006.0,875.0
2025-04-15 02:00:00,,32.5,51.0,0.0,5.6,315.0,1005.7,1190.0
2025-04-15 03:00:00,,33.9,47.0,0.0,5.7,294.0,1005.3,1455.0
2025-04-15 04:00:00,,34.6,46.0,0.0,7.6,269.0,1004.4,1535.0
2025-04-15 05:00:00,,34.5,47.0,0.2,6.9,253.0,1003.4,1480.0
2025-04-15 06:00:00,,35.1,45.0,0.0,5.9,239.0,1002.4,1560.0
2025-04-15 07:00:00,,35.1,44.0,0.0,9.4,228.0,1001.8,1625.0
2025-04-15 08:00:00,,35.0,44.0,0.0,7.6,242.0,1001.6,1550.0
2025-04-15 09:00:00,,32.9,52.0,0.3,7.9,223.0,1002.2,630.0
2025-04-15 10:00:00,,31.5,57.0,0.4,1.7,238.0,1003.4,925.0
2025-04-15 11:00:00,,30.5,62.0,0.1,5.1,318.0,1004.3,640.0
2025-04-15 12:00:00,,29.8,67.0,0.1,6.0,344.0,1004.5,440.0
2025-04-15 13:00:00,,29.6,66.0,0.0,1.8,45.0,1005.0,145.0
2025-04-15 14:00:00,,29.2,69.0,0.1,2.6,78.0,1005.7,295.0
2025-04-15 15:00:00,,29.0,70.0,0.0,1.0,239.0,1005.5,300.0
2025-04-15 16:00:00,,28.6,72.0,0.0,2.1,232.0,1005.1,370.0
2025-04-15 17:00:00,,28.4,74.0,0.0,2.0,225.0,1004.7,400.0
2025-04-15 18:00:00,,28.2,75.0,0.0,1.0,338.0,1004.3,400.0
2025-04-15 19:00:00,,27.5,80.0,0.0,4.3,360.0,1003.8,265.0
2025-04-15 20:00:00,,27.0,84.0,0.0,4.9,356.0,1003.8,225.0
2025-04-15 21:00:00,,26.7,85.0,0.0,4.1,337.0,1004.2,185.0
2025-04-15 22:00:00,,26.6,86.0,0.0,3.0,327.0,1004.6,160.0
2025-04-15 23:00:00,,27.3,81.0,0.0,2.2,284.0,1005.2,225.0
2025-04-16 00:00:00,,28.8,73.0,0.0,2.2,256.0,1005.9,575.0
2025-04-16 01:00:00,,30.6,65.0,0.0,1.2,231.0,1005.9,940.0
2025-04-16 02:00:00,,32.3,54.0,0.0,2.2,215.0,1005.4,1280.0
2025-04-16 03:00:00,,34.2,47.0,0.0,3.0,232.0,1004.8,1700.0
2025-04-16 04:00:00,,35.2,43.0,0.0,6.5,228.0,1004.3,1735.0
2025-04-16 05:00:00,,35.5,41.0,0.0,7.2,219.0,1003.4,1755.0
2025-04-16 06:00:00,,36.2,36.0,0.0,6.7,204.0,1002.7,1940.0
2025-04-16 07:00:00,,36.4,28.0,0.0,10.3,177.0,1002.3,1930.0
2025-04-16 08:00:00,,36.5,25.0,0.0,13.1,157.0,1001.8,2030.0
2025-04-16 09:00:00,,35.3,27.0,0.0,9.4,182.0,1002.4,1325.0
2025-04-16 10:00:00,,33.7,31.0,0.0,5.2,194.0,1003.3,590.0
2025-04-16 11:00:00,,32.7,35.0,0.0,4.1,193.0,1004.2,455.0
2025-04-16 12:00:00,,31.7,38.0,0.0,3.4,212.0,1004.7,390.0
2025-04-16 13:00:00,,31.0,48.0,0.0,1.2,39.0,1005.4,345.0
2025-04-16 14:00:00,,30.3,52.0,0.0,4.4,128.0,1006.1,360.0
2025-04-16 15:00:00,,29.5,59.0,0.0,5.8,129.0,1006.0,375.0
2025-04-16 16:00:00,,28.7,64.0,0.0,5.1,122.0,1005.7,240.0
2025-04-16 17:00:00,,28.0,68.0,0.0,3.1,90.0,1005.2,100.0
2025-04-16 18:00:00,,27.3,72.0,0.0,2.5,4.0,1004.6,80.0
2025-04-16 19:00:00,,26.7,77.0,0.0,2.7,340.0,1004.3,65.0
2025-04-16 20:00:00,,26.3,81.0,0.0,2.1,329.0,1004.5,80.0
2025-04-16 21:00:00,,26.0,84.0,0.0,1.9,319.0,1004.9,20.0
2025-04-16 22:00:00,,25.7,86.0,0.0,1.9,343.0,1005.3,15.0
2025-04-16 23:00:00,,26.9,78.0,0.0,1.3,326.0,1005.9,165.0
2025-04-17 00:00:00,,29.1,63.0,0.0,1.9,299.0,1006.6,450.0
2025-04-17 01:00:00,,31.7,51.0,0.0,1.0,239.0,1006.9,1355.0
2025-04-17 02:00:00,,33.7,43.0,0.0,1.7,212.0,1006.4,1790.0
2025-04-17 03:00:00,,35.1,38.0,0.0,5.1,238.0,1006.0,1935.0
2025-04-17 04:00:00,,35.6,37.0,0.0,9.3,242.0,1005.4,2010.0
2025-04-17 05:00:00,,35.2,41.0,0.0,10.9,243.0,1004.3,1745.0
2025-04-17 06:00:00,,35.5,38.0,0.0,8.3,236.0,1003.2,1780.0
2025-04-17 07:00:00,,36.4,33.0,0.0,6.6,209.0,1002.5,2030.0
2025-04-17 08:00:00,,36.2,33.0,0.0,8.7,188.0,1002.1,2025.0
2025-04-17 09:00:00,,35.6,34.0,0.0,10.4,171.0,1002.3,1760.0
2025-04-17 10:00:00,,34.4,38.0,0.0,10.0,167.0,1002.8,820.0
2025-04-17 11:00:00,,32.8,45.0,0.0,4.8,169.0,1003.6,520.0
2025-04-17 12:00:00,,31.7,51.0,0.0,2.3,148.0,1004.4,345.0
2025-04-17 13:00:00,,31.3,51.0,0.0,4.5,137.0,1005.2,345.0
2025-04-17 14:00:00,,30.3,58.0,0.0,4.4,120.0,1005.5,220.0
2025-04-17 15:00:00,,29.5,62.0,0.0,3.7,137.0,1005.3,195.0
2025-04-17 16:00:00,,28.9,65.0,0.0,2.9,150.0,1004.8,180.0
2025-04-17 17:00:00,,28.3,67.0,0.0,1.1,180.0,1004.3,110.0
2025-04-17 18:00:00,,27.8,69.0,0.0,2.6,196.0,1004.1,115.0
2025-04-17 19:00:00,,27.4,71.0,0.0,2.4,197.0,1004.1,100.0
2025-04-17 20:00:00,,27.1,73.0,0.0,0.7,180.0,1004.4,75.0
2025-04-17 21:00:00,,26.6,75.0,0.0,1.4,23.0,1004.6,70.0
2025-04-17 22:00:00,,26.2,77.0,0.0,1.8,66.0,1005.0,40.0
2025-04-17 23:00:00,,27.3,73.0,0.0,1.7,32.0,1005.6,220.0
2025-04-18 00:00:00,,29.3,63.0,0.0,2.7,318.0,1006.2,400.0
2025-04-18 01:00:00,,31.6,49.0,0.0,4.0,297.0,1006.7,905.0
2025-04-18 02:00:00,,33.4,45.0,0.0,3.9,286.0,1006.1,1515.0
2025-04-18 03:00:00,,35.4,39.0,0.0,5.1,278.0,1005.4,1895.0
2025-04-18 04:00:00,,36.6,35.0,0.0,7.3,242.0,1004.4,2100.0
2025-04-18 05:00:00,,36.2,39.0,0.0,9.2,239.0,1003.6,1910.0
2025-04-18 06:00:00,,35.9,41.0,0.2,8.8,268.0,1002.9,1865.0
2025-04-18 07:00:00,,36.3,40.0,0.1,7.2,258.0,1002.3,1960.0
2025-04-18 08:00:00,,36.3,40.0,0.0,5.4,262.0,1001.7,1925.0
2025-04-18 09:00:00,,35.1,42.0,0.0,4.5,217.0,1002.0,1450.0
2025-04-18 10:00:00,,34.4,46.0,0.0,9.3,158.0,1002.4,1265.0
2025-04-18 11:00:00,,32.7,53.0,0.0,11.1,130.0,1003.2,670.0
2025-04-18 12:00:00,,31.5,58.0,0.0,10.2,143.0,1003.8,460.0
2025-04-18 13:00:00,,30.7,64.0,0.0,6.2,116.0,1004.8,580.0
2025-04-18 14:00:00,,30.0,65.0,0.0,5.2,360.0,1005.4,335.0
2025-04-18 15:00:00,,29.5,67.0,0.0,3.0,284.0,1005.3,240.0
2025-04-18 16:00:00,,29.4,67.0,0.0,4.7,261.0,1005.1,405.0
2025-04-18 17:00:00,,29.1,70.0,0.0,5.7,279.0,1004.5,475.0
2025-04-18 18:00:00,,28.7,74.0,0.0,3.8,287.0,1004.1,475.0
2025-04-18 19:00:00,,28.4,76.0,0.0,2.7,266.0,1003.7,435.0
2025-04-18 20:00:00,,28.3,77.0,0.0,1.7,221.0,1003.8,415.0
2025-04-18 21:00:00,,28.1,77.0,0.0,1.9,139.0,1004.3,410.0
2025-04-18 22:00:00,,28.0,76.0,0.0,3.4,106.0,1004.9,435.0
2025-04-18 23:00:00,,28.5,72.0,0.0,3.2,93.0,1005.5,460.0
2025-04-19 00:00:00,,30.0,65.0,0.0,1.5,30.0,1005.8,750.0
2025-04-19 01:00:00,,32.1,56.0,0.0,1.8,156.0,1006.2,1285.0
2025-04-19 02:00:00,,34.2,45.0,0.0,6.3,129.0,1005.7,1680.0
2025-04-19 03:00:00,,35.8,38.0,0.0,8.0,140.0,1005.4,1985.0
2025-04-19 04:00:00,,36.4,34.0,0.0,6.2,154.0,1004.8,2050.0
2025-04-19 05:00:00,,37.2,29.0,0.0,4.9,152.0,1003.7,2130.0
2025-04-19 06:00:00,,37.6,27.0,0.0,6.8,143.0,1002.7,2230.0
2025-04-19 07:00:00,,37.7,25.0,0.0,12.1,131.0,1002.3,2265.0
2025-04-19 08:00:00,,36.9,25.0,0.0,13.3,122.0,1002.1,1885.0
2025-04-19 09:00:00,,35.8,27.0,0.0,12.7,117.0,1002.2,1425.0
2025-04-19 10:00:00,,33.9,36.0,0.0,13.6,101.0,1002.7,865.0
2025-04-19 11:00:00,,32.5,43.0,0.0,10.7,97.0,1003.3,585.0
2025-04-19 12:00:00,,31.4,48.0,0.0,7.8,98.0,1003.9,465.0
2025-04-19 13:00:00,,30.3,56.0,0.0,5.6,90.0,1004.6,405.0
2025-04-19 14:00:00,,29.7,57.0,0.0,3.8,131.0,1005.2,415.0
2025-04-19 15:00:00,,29.2,57.0,0.0,4.1,167.0,1005.3,425.0
2025-04-19 16:00:00,,28.8,58.0,0.0,4.8,160.0,1005.0,375.0
2025-04-19 17:00:00,,28.4,60.0,0.0,1.7,103.0,1004.9,340.0
2025-04-19 18:00:00,,27.9,62.0,0.0,3.5,24.0,1004.5,140.0
2025-04-19 19:00:00,,27.2,66.0,0.0,5.2,12.0,1004.2,155.0
2025-04-19 20:00:00,,26.6,72.0,0.0,4.8,22.0,1004.6,115.0
2025-04-19 21:00:00,,26.1,76.0,0.0,2.8,50.0,1005.0,55.0
2025-04-19 22:00:00,,25.8,78.0,0.0,2.0,45.0,1005.4,20.0
2025-04-19 23:00:00,,27.4,69.0,0.0,2.0,333.0,1006.0,180.0
2025-04-20 00:00:00,,29.3,59.0,0.0,2.7,274.0,1006.6,520.0
2025-04-20 01:00:00,,31.3,52.0,0.0,2.3,293.0,1006.7,945.0
2025-04-20 02:00:00,,33.7,45.0,0.0,0.9,270.0,1006.4,1550.0
2025-04-20 03:00:00,,35.8,37.0,0.0,0.4,297.0,1005.7,1970.0
2025-04-20 04:00:00,,37.4,31.0,0.0,1.6,264.0,1005.0,2240.0
2025-04-20 05:00:00,,37.0,35.0,0.0,6.2,253.0,1003.9,2095.0
2025-04-20 06:00:00,,36.1,40.0,0.3,7.6,256.0,1003.1,1810.0
2025-04-20 07:00:00,,36.7,40.0,0.1,4.3,242.0,1002.6,2050.0
2025-04-20 08:00:00,,36.2,41.0,0.0,3.3,22.0,1002.3,1960.0
2025-04-20 09:00:00,,35.6,42.0,0.1,1.3,360.0,1002.8,1720.0
2025-04-20 10:00:00,,34.2,47.0,0.1,8.6,127.0,1003.5,1295.0
2025-04-20 11:00:00,,32.1,56.0,0.0,11.9,125.0,1004.3,645.0
2025-04-20 12:00:00,,31.1,61.0,0.0,11.6,133.0,1004.9,575.0
2025-04-20 13:00:00,,31.0,61.0,0.0,10.0,142.0,1005.9,510.0
2025-04-20 14:00:00,,30.5,64.0,0.0,9.3,144.0,1006.6,500.0
2025-04-20 15:00:00,,30.0,67.0,0.0,7.8,142.0,1006.7,490.0
2025-04-20 16:00:00,,29.7,68.0,0.0,6.1,133.0,1006.4,480.0
2025-04-20 17:00:00,,29.5,68.0,0.0,3.5,78.0,1006.0,420.0
2025-04-20 18:00:00,,29.2,68.0,0.0,3.7,23.0,1005.3,380.0
2025-04-20 19:00:00,,28.7,71.0,0.0,4.5,5.0,1005.0,315.0
2025-04-20 20:00:00,,28.3,74.0,0.0,1.0,22.0,1005.1,220.0
2025-04-20 21:00:00,,28.0,75.0,0.0,1.7,108.0,1005.6,290.0
2025-04-20 22:00:00,,27.9,75.0,0.0,3.3,135.0,1006.0,315.0
2025-04-20 23:00:00,,28.7,71.0,0.0,2.8,153.0,1006.6,420.0
2025-04-21 00:00:00,,30.3,63.0,0.0,0.4,243.0,1007.0,615.0
2025-04-21 01:00:00,,32.6,53.0,0.0,4.0,87.0,1007.2,1215.0
2025-04-21 02:00:00,,34.2,46.0,0.0,5.2,102.0,1006.8,1555.0
2025-04-21 03:00:00,,35.0,43.0,0.0,5.0,92.0,1006.4,1690.0
2025-04-21 04:00:00,,35.7,41.0,0.4,2.5,30.0,1005.5,1860.0
2025-04-21 05:00:00,,37.1,36.0,0.2,2.3,321.0,1004.2,2095.0
2025-04-21 06:00:00,,37.6,34.0,0.0,2.2,279.0,1003.0,2215.0
2025-04-21 07:00:00,,36.9,35.0,0.0,3.0,237.0,1002.8,2125.0
2025-04-21 08:00:00,,36.4,37.0,0.1,4.4,142.0,1002.7,2050.0
2025-04-21 09:00:00,,35.6,39.0,0.0,10.3,105.0,1002.9,1755.0
2025-04-21 10:00:00,,34.1,43.0,0.0,11.3,99.0,1003.6,935.0
2025-04-21 11:00:00,,32.7,49.0,0.0,8.0,108.0,1004.5,590.0
2025-04-21 12:00:00,,31.7,54.0,0.0,6.2,123.0,1005.2,340.0
2025-04-21 13:00:00,,31.5,58.0,0.0,4.7,148.0,1006.0,325.0
2025-04-21 14:00:00,,30.6,64.0,0.0,6.2,188.0,1006.6,385.0
2025-04-21 15:00:00,,29.8,69.0,0.0,6.6,169.0,1006.9,450.0
2025-04-21 16:00:00,,29.2,71.0,0.0,7.6,142.0,1006.6,385.0
2025-04-21 17:00:00,,28.6,72.0,0.0,5.9,125.0,1006.2,290.0
2025-04-21 18:00:00,,28.2,73.0,0.0,5.7,125.0,1006.0,220.0
2025-04-21 19:00:00,,27.8,73.0,0.0,4.8,103.0,1005.9,180.0
2025-04-21 20:00:00,,27.5,74.0,0.0,2.4,81.0,1006.0,155.0
2025-04-21 21:00:00,,27.2,75.0,0.0,2.0,175.0,1006.3,185.0
2025-04-21 22:00:00,,26.9,77.0,0.0,2.5,176.0,1006.6,225.0
2025-04-21 23:00:00,,27.7,73.0,0.0,0.8,225.0,1007.2,285.0
2025-04-22 00:00:00,,29.4,63.0,0.0,1.0,301.0,1007.5,500.0
2025-04-22 01:00:00,,31.6,53.0,0.0,3.1,306.0,1007.6,820.0
2025-04-22 02:00:00,,33.5,45.0,0.0,4.6,296.0,1007.1,1320.0
2025-04-22 03:00:00,,35.0,41.0,0.0,5.8,275.0,1006.1,1580.0
2025-04-22 04:00:00,,36.1,39.0,0.0,8.8,253.0,1005.3,1790.0
2025-04-22 05:00:00,,36.4,38.0,0.0,12.6,234.0,1004.1,1825.0
2025-04-22 06:00:00,,36.1,40.0,0.0,13.0,223.0,1002.9,1415.0
2025-04-22 07:00:00,,36.6,37.0,0.0,11.8,203.0,1002.1,1785.0
2025-04-22 08:00:00,,36.5,35.0,0.0,13.0,186.0,1001.7,1705.0
2025-04-22 09:00:00,,35.4,40.0,0.0,15.4,175.0,1001.9,1095.0
2025-04-22 10:00:00,,33.7,48.0,0.0,15.4,144.0,1002.4,630.0
2025-04-22 11:00:00,,32.6,52.0,0.0,11.2,130.0,1003.2,440.0
2025-04-22 12:00:00,,31.8,58.0,0.0,7.2,183.0,1003.8,400.0
2025-04-22 13:00:00,,31.8,56.0,0.0,8.4,217.0,1005.1,675.0
2025-04-22 14:00:00,,31.4,58.0,0.0,6.2,201.0,1005.6,480.0
2025-04-22 15:00:00,,31.0,60.0,0.0,3.5,219.0,1005.5,430.0
2025-04-22 16:00:00,,30.8,61.0,0.0,3.9,236.0,1005.2,580.0
2025-04-22 17:00:00,,30.5,63.0,0.0,3.4,227.0,1004.9,730.0
2025-04-22 18:00:00,,30.3,64.0,0.0,3.9,196.0,1004.5,675.0
2025-04-22 19:00:00,,29.8,66.0,0.0,4.2,185.0,1003.9,550.0
2025-04-22 20:00:00,,29.2,70.0,0.0,1.8,169.0,1003.7,305.0
2025-04-22 21:00:00,,28.6,73.0,0.0,2.2,95.0,1004.4,80.0
2025-04-22 22:00:00,,28.3,74.0,0.0,1.8,360.0,1005.0,160.0
2025-04-22 23:00:00,,29.1,71.0,0.0,0.4,297.0,1005.6,500.0
2025-04-23 00:00:00,,30.5,63.0,0.0,1.9,299.0,1006.3,805.0
2025-04-23 01:00:00,,31.9,58.0,0.1,3.3,311.0,1006.8,1070.0
2025-04-23 02:00:00,,33.5,51.0,0.0,3.2,273.0,1006.3,1340.0
2025-04-23 03:00:00,,35.0,45.0,0.0,4.9,253.0,1005.5,1580.0
2025-04-23 04:00:00,,35.6,43.0,0.0,6.8,248.0,1004.9,1700.0
2025-04-23 05:00:00,,36.0,42.0,0.0,6.9,255.0,1003.4,1790.0
2025-04-23 06:00:00,,36.5,41.0,0.0,6.6,257.0,1002.1,1875.0
2025-04-23 07:00:00,,36.6,40.0,0.0,7.1,264.0,1001.2,1910.0
2025-04-23 08:00:00,,36.4,41.0,0.0,8.5,243.0,1000.8,1905.0
2025-04-23 09:00:00,,33.8,52.0,0.3,11.5,228.0,1001.2,490.0
2025-04-23 10:00:00,,33.0,57.0,0.0,11.9,218.0,1001.8,415.0
2025-04-23 11:00:00,,32.8,58.0,0.0,13.5,209.0,1002.8,840.0
2025-04-23 12:00:00,,32.2,59.0,0.0,11.9,190.0,1003.7,695.0
2025-04-23 13:00:00,,31.6,64.0,0.0,9.1,194.0,1004.4,730.0
2025-04-23 14:00:00,,30.8,69.0,0.0,8.6,168.0,1005.2,670.0
2025-04-23 15:00:00,,30.2,71.0,0.0,8.6,129.0,1005.3,560.0
2025-04-23 16:00:00,,29.6,73.0,0.0,6.9,121.0,1004.8,350.0
2025-04-23 17:00:00,,29.0,75.0,0.0,4.6,126.0,1004.2,230.0
2025-04-23 18:00:00,,28.6,76.0,0.0,4.0,141.0,1003.8,225.0
2025-04-23 19:00:00,,28.2,78.0,0.0,4.4,145.0,1003.5,260.0
2025-04-23 20:00:00,,27.7,81.0,0.0,4.3,138.0,1003.7,260.0
2025-04-23 21:00:00,,27.5,81.0,0.0,3.6,139.0,1004.1,230.0
2025-04-23 22:00:00,,27.3,81.0,0.0,1.8,127.0,1004.7,200.0
2025-04-23 23:00:00,,28.1,76.0,0.0,1.5,45.0,1005.3,290.0
2025-04-24 00:00:00,,29.9,68.0,0.0,3.1,329.0,1005.8,610.0
2025-04-24 01:00:00,,31.7,57.0,0.0,3.7,284.0,1006.5,1075.0
2025-04-24 02:00:00,,33.1,50.0,0.0,3.4,267.0,1006.3,1435.0
2025-04-24 03:00:00,,34.4,45.0,0.0,4.8,243.0,1005.7,1705.0
2025-04-24 04:00:00,,35.0,42.0,0.0,7.4,231.0,1004.6,1785.0
2025-04-24 05:00:00,,35.4,41.0,0.0,10.7,228.0,1003.5,1855.0
2025-04-24 06:00:00,,35.7,38.0,0.0,12.3,230.0,1002.5,1905.0
2025-04-24 07:00:00,,36.6,32.0,0.0,11.0,228.0,1001.5,2070.0
2025-04-24 08:00:00,,36.6,30.0,0.0,10.0,229.0,1001.2,2095.0
2025-04-24 09:00:00,,35.9,32.0,0.0,9.3,205.0,1001.2,1915.0
2025-04-24 10:00:00,,34.6,37.0,0.0,12.2,144.0,1001.9,855.0
2025-04-24 11:00:00,,32.8,45.0,0.0,11.0,146.0,1002.9,525.0
2025-04-24 12:00:00,,31.8,49.0,0.0,8.5,162.0,1003.7,415.0
2025-04-24 13:00:00,,31.7,47.0,0.0,3.8,163.0,1004.7,405.0
2025-04-24 14:00:00,,31.0,51.0,0.0,3.4,180.0,1005.4,350.0
2025-04-24 15:00:00,,30.2,55.0,0.0,3.1,177.0,1005.7,335.0
2025-04-24 16:00:00,,29.5,58.0,0.0,0.6,108.0,1005.5,270.0
2025-04-24 17:00:00,,28.9,60.0,0.0,1.5,173.0,1005.4,220.0
2025-04-24 18:00:00,,28.4,63.0,0.0,1.9,197.0,1004.7,205.0
2025-04-24 19:00:00,,27.9,65.0,0.0,1.1,270.0,1004.5,185.0
2025-04-24 20:00:00,,27.3,68.0,0.0,0.4,333.0,1004.6,80.0
2025-04-24 21:00:00,,27.1,69.0,0.0,1.1,81.0,1004.9,75.0
2025-04-24 22:00:00,,26.9,69.0,0.0,2.8,101.0,1005.4,80.0
2025-04-24 23:00:00,,28.2,63.0,0.0,2.2,156.0,1006.0,180.0
2025-04-25 00:00:00,,30.4,52.0,0.0,1.7,193.0,1006.4,740.0
2025-04-25 01:00:00,,32.7,42.0,0.0,0.7,270.0,1006.5,1290.0
2025-04-25 02:00:00,,34.2,37.0,0.0,3.7,235.0,1006.4,1585.0
2025-04-25 03:00:00,,35.1,37.0,0.0,7.2,243.0,1005.8,1810.0
2025-04-25 04:00:00,,35.5,38.0,0.0,8.7,248.0,1005.0,1885.0
2025-04-25 05:00:00,,36.0,36.0,0.0,9.4,246.0,1004.1,1950.0
2025-04-25 06:00:00,,35.8,38.0,0.2,11.5,226.0,1003.3,1545.0
2025-04-25 07:00:00,,35.1,41.0,0.3,10.9,220.0,1002.8,1060.0
2025-04-25 08:00:00,,35.4,40.0,0.1,11.7,214.0,1002.4,1715.0
2025-04-25 09:00:00,,35.1,42.0,0.1,12.8,194.0,1002.5,1560.0
2025-04-25 10:00:00,,34.1,45.0,0.0,13.5,167.0,1002.9,960.0
2025-04-25 11:00:00,,32.7,50.0,0.0,11.4,149.0,1003.9,650.0
2025-04-25 12:00:00,,31.3,57.0,0.0,8.8,160.0,1004.9,520.0
2025-04-25 13:00:00,,31.2,55.0,0.0,3.7,191.0,1006.0,450.0
2025-04-25 14:00:00,,30.6,57.0,0.0,2.3,32.0,1007.2,475.0
2025-04-25 15:00:00,,29.8,60.0,0.0,7.9,33.0,1007.2,405.0
2025-04-25 16:00:00,,28.6,64.0,0.0,5.6,50.0,1006.8,230.0
2025-04-25 17:00:00,,28.0,66.0,0.0,5.0,125.0,1006.1,155.0
2025-04-25 18:00:00,,27.9,67.0,0.0,5.6,115.0,1005.5,180.0
2025-04-25 19:00:00,,27.6,69.0,0.0,5.9,88.0,1004.9,165.0
2025-04-25 20:00:00,,27.2,71.0,0.0,4.7,94.0,1005.1,110.0
2025-04-25 21:00:00,,26.9,73.0,0.0,4.0,93.0,1005.5,105.0
2025-04-25 22:00:00,,26.7,74.0,0.0,4.0,85.0,1006.0,105.0
2025-04-25 23:00:00,,27.8,70.0,0.0,2.5,69.0,1006.5,230.0
2025-04-26 00:00:00,,29.7,62.0,0.0,0.9,307.0,1007.0,590.0
2025-04-26 01:00:00,,32.3,50.0,0.0,2.2,85.0,1007.4,1345.0
2025-04-26 02:00:00,,34.3,42.0,0.0,2.7,70.0,1007.0,1895.0
2025-04-26 03:00:00,,35.8,35.0,0.0,6.0,65.0,1006.4,2230.0
2025-04-26 04:00:00,,36.2,32.0,0.0,7.1,60.0,1005.6,2300.0
2025-04-26 05:00:00,,36.7,31.0,0.0,8.6,57.0,1004.7,2305.0
2025-04-26 06:00:00,,36.9,30.0,0.0,9.7,43.0,1003.8,2255.0
2025-04-26 07:00:00,,36.5,30.0,0.0,12.4,49.0,1003.3,2115.0
2025-04-26 08:00:00,,35.8,30.0,0.0,15.1,64.0,1003.0,1755.0
2025-04-26 09:00:00,,34.5,31.0,0.0,14.0,72.0,1003.1,1420.0
2025-04-26 10:00:00,,33.1,35.0,0.0,10.5,73.0,1004.1,1160.0
2025-04-26 11:00:00,,31.7,43.0,0.0,9.2,92.0,1005.2,935.0
2025-04-26 12:00:00,,30.5,52.0,0.0,8.7,111.0,1006.1,790.0
2025-04-26 13:00:00,,30.4,52.0,0.0,7.0,116.0,1006.8,740.0
2025-04-26 14:00:00,,29.5,58.0,0.0,7.2,127.0,1007.5,615.0
2025-04-26 15:00:00,,29.1,62.0,0.0,5.6,117.0,1007.5,575.0
2025-04-26 16:00:00,,28.7,65.0,0.0,3.1,87.0,1006.5,515.0
2025-04-26 17:00:00,,28.5,65.0,0.0,3.5,21.0,1005.6,375.0
2025-04-26 18:00:00,,28.1,64.0,0.0,5.6,15.0,1005.2,340.0
2025-04-26 19:00:00,,27.6,67.0,0.0,5.9,12.0,1004.7,235.0
2025-04-26 20:00:00,,27.0,70.0,0.0,5.8,22.0,1004.8,160.0
2025-04-26 21:00:00,,26.6,73.0,0.0,4.2,40.0,1005.3,105.0
2025-04-26 22:00:00,,26.6,73.0,0.0,3.5,39.0,1005.9,85.0
2025-04-26 23:00:00,,27.9,68.0,0.0,0.7,14.0,1006.5,385.0
2025-04-27 00:00:00,,29.3,62.0,0.0,2.3,45.0,1007.1,975.0
2025-04-27 01:00:00,,31.8,52.0,0.0,4.6,64.0,1007.0,1445.0
2025-04-27 02:00:00,,34.0,43.0,0.0,4.3,42.0,1006.3,1735.0
2025-04-27 03:00:00,,35.8,36.0,0.0,4.7,23.0,1005.7,2020.0
2025-04-27 04:00:00,,36.6,34.0,0.0,3.7,346.0,1004.3,2205.0
2025-04-27 05:00:00,,36.8,33.0,0.0,4.5,331.0,1003.2,2260.0
2025-04-27 06:00:00,,36.3,35.0,0.0,3.5,309.0,1002.3,2145.0
2025-04-27 07:00:00,,36.0,36.0,0.0,5.6,345.0,1001.6,2110.0
2025-04-27 08:00:00,,35.7,35.0,0.0,8.0,25.0,1001.5,2045.0
2025-04-27 09:00:00,,34.5,35.0,0.0,10.6,55.0,1001.7,1465.0
2025-04-27 10:00:00,,32.5,38.0,0.0,10.9,83.0,1002.4,695.0
2025-04-27 11:00:00,,31.0,44.0,0.0,8.3,124.0,1003.2,575.0
2025-04-27 12:00:00,,29.9,52.0,0.0,7.5,145.0,1004.0,490.0
2025-04-27 13:00:00,,30.1,52.0,0.0,7.4,141.0,1005.0,590.0
2025-04-27 14:00:00,,29.7,55.0,0.0,2.9,176.0,1005.6,570.0
2025-04-27 15:00:00,,29.6,56.0,0.0,3.1,263.0,1005.6,595.0
2025-04-27 16:00:00,,29.2,57.0,0.0,3.1,339.0,1005.1,560.0
2025-04-27 17:00:00,,28.7,58.0,0.0,5.9,337.0,1004.8,345.0
2025-04-27 18:00:00,,27.9,63.0,0.0,7.3,344.0,1004.3,265.0
2025-04-27 19:00:00,,27.3,65.0,0.0,8.2,9.0,1003.7,240.0
2025-04-27 20:00:00,,26.8,68.0,0.0,6.6,16.0,1003.7,220.0
2025-04-27 21:00:00,,26.7,70.0,0.0,3.8,19.0,1004.2,190.0
2025-04-27 22:00:00,,26.8,71.0,0.0,3.2,19.0,1004.5,190.0
2025-04-27 23:00:00,,27.8,67.0,0.0,1.9,29.0,1004.7,240.0
2025-04-28 00:00:00,,29.6,60.0,0.0,3.6,183.0,1005.2,550.0
2025-04-28 01:00:00,,31.4,55.0,0.0,5.2,200.0,1005.8,1070.0
2025-04-28 02:00:00,,32.9,51.0,0.0,4.6,239.0,1004.8,1370.0
2025-04-28 03:00:00,,34.4,47.0,0.0,6.0,243.0,1004.1,1760.0
2025-04-28 04:00:00,,34.5,47.0,0.0,7.3,263.0,1003.3,1780.0
2025-04-28 05:00:00,,33.9,51.0,0.5,10.2,249.0,1002.2,1145.0
2025-04-28 06:00:00,,30.1,71.0,5.4,7.1,207.0,1002.0,405.0
2025-04-28 07:00:00,,31.1,64.0,1.1,5.4,37.0,1001.6,400.0
2025-04-28 08:00:00,,29.9,68.0,0.9,5.4,37.0,1001.7,420.0
2025-04-28 09:00:00,,30.3,68.0,0.2,3.4,16.0,1001.8,315.0
2025-04-28 10:00:00,,30.3,68.0,0.1,1.8,53.0,1002.3,410.0
2025-04-28 11:00:00,,30.3,68.0,0.0,1.0,315.0,1003.0,240.0
2025-04-28 12:00:00,,30.3,68.0,0.0,0.9,270.0,1003.7,660.0
2025-04-28 13:00:00,,30.0,73.0,0.0,2.2,95.0,1004.0,45.0
2025-04-28 14:00:00,,29.3,78.0,0.1,3.6,70.0,1004.7,70.0
2025-04-28 15:00:00,,28.3,84.0,0.3,2.6,344.0,1004.8,75.0
2025-04-28 16:00:00,,28.2,85.0,0.0,3.8,278.0,1004.2,160.0
2025-04-28 17:00:00,,27.7,87.0,0.0,3.6,250.0,1003.4,245.0
2025-04-28 18:00:00,,27.6,86.0,0.0,2.3,270.0,1002.8,275.0
2025-04-28 19:00:00,,27.6,83.0,0.0,0.9,37.0,1002.5,290.0
2025-04-28 20:00:00,,27.1,88.0,0.0,2.2,35.0,1002.6,225.0
2025-04-28 21:00:00,,26.8,90.0,0.0,3.0,17.0,1003.0,180.0
2025-04-28 22:00:00,,26.5,92.0,0.0,0.7,14.0,1003.4,125.0
2025-04-28 23:00:00,,27.3,86.0,0.0,0.8,207.0,1003.9,230.0
2025-04-29 00:00:00,,28.7,75.0,0.0,2.6,236.0,1004.3,430.0
2025-04-29 01:00:00,,30.3,68.0,0.0,1.6,270.0,1004.7,690.0
2025-04-29 02:00:00,,31.6,61.0,0.0,1.5,225.0,1004.3,1015.0
2025-04-29 03:00:00,,33.0,56.0,0.1,2.7,222.0,1003.9,1515.0
2025-04-29 04:00:00,,34.2,52.0,0.0,2.7,242.0,1003.2,1830.0
2025-04-29 05:00:00,,33.9,49.0,0.1,5.1,141.0,1002.5,1430.0
2025-04-29 06:00:00,,33.3,50.0,1.3,4.2,160.0,1001.9,975.0
2025-04-29 07:00:00,,34.4,49.0,0.0,1.8,233.0,1001.2,1825.0
2025-04-29 08:00:00,,33.1,52.0,0.6,5.3,123.0,1001.4,520.0
2025-04-29 09:00:00,,31.2,63.0,1.3,3.1,177.0,1001.8,445.0
2025-04-29 10:00:00,,31.2,63.0,0.0,3.0,213.0,1002.8,335.0
2025-04-29 11:00:00,,29.6,70.0,0.3,3.6,290.0,1004.2,70.0
2025-04-29 12:00:00,,29.4,75.0,0.0,1.2,309.0,1005.0,50.0
2025-04-29 13:00:00,,29.8,70.0,0.0,2.2,261.0,1005.3,230.0
2025-04-29 14:00:00,,29.4,72.0,0.0,1.9,241.0,1005.6,395.0
2025-04-29 15:00:00,,29.0,74.0,0.0,2.2,235.0,1005.7,345.0
2025-04-29 16:00:00,,28.8,75.0,0.0,3.0,194.0,1005.4,415.0
2025-04-29 17:00:00,,28.3,76.0,0.0,1.9,139.0,1004.9,35.0
2025-04-29 18:00:00,,27.9,80.0,0.0,3.2,93.0,1004.6,45.0
2025-04-29 19:00:00,,27.5,84.0,0.0,3.2,90.0,1004.2,45.0
2025-04-29 20:00:00,,27.2,86.0,0.0,3.1,80.0,1004.2,40.0
2025-04-29 21:00:00,,26.9,88.0,0.0,3.1,69.0,1004.5,45.0
2025-04-29 22:00:00,,26.7,90.0,0.0,3.1,45.0,1004.6,45.0
2025-04-29 23:00:00,,27.9,79.0,0.0,0.9,349.0,1005.2,465.0
2025-04-30 00:00:00,,29.1,72.0,0.0,3.0,253.0,1005.6,695.0
2025-04-30 01:00:00,,31.2,60.0,0.0,1.3,188.0,1005.9,975.0
2025-04-30 02:00:00,,32.9,52.0,0.1,0.9,233.0,1005.4,1340.0
2025-04-30 03:00:00,,34.4,46.0,0.1,1.1,252.0,1005.0,1655.0
2025-04-30 04:00:00,,35.5,42.0,0.1,1.1,261.0,1004.1,1850.0
2025-04-30 05:00:00,,35.5,41.0,0.1,1.4,293.0,1003.1,1925.0
2025-04-30 06:00:00,,35.5,41.0,0.0,0.5,270.0,1002.4,1865.0
2025-04-30 07:00:00,,35.3,42.0,0.0,0.9,233.0,1002.3,1835.0
2025-04-30 08:00:00,,34.8,43.0,0.0,3.2,153.0,1002.0,1720.0
2025-04-30 09:00:00,,34.2,45.0,0.1,5.6,111.0,1002.1,1450.0
2025-04-30 10:00:00,,32.9,50.0,0.2,7.3,79.0,1003.1,1050.0
2025-04-30 11:00:00,,31.9,56.0,0.0,8.8,90.0,1004.0,815.0
2025-04-30 12:00:00,,30.8,62.0,0.0,8.9,114.0,1004.8,595.0
2025-04-30 13:00:00,,30.7,62.0,0.0,2.3,90.0,1005.6,605.0
2025-04-30 14:00:00,,30.5,62.0,0.0,2.3,67.0,1006.1,675.0
2025-04-30 15:00:00,,30.1,63.0,0.0,2.2,95.0,1005.9,620.0
2025-04-30 16:00:00,,29.7,65.0,0.0,3.1,59.0,1005.6,615.0
2025-04-30 17:00:00,,29.3,66.0,0.0,2.3,39.0,1005.2,465.0
2025-04-30 18:00:00,,28.9,68.0,0.0,2.7,28.0,1004.7,400.0
2025-04-30 19:00:00,,28.6,69.0,0.0,2.9,11.0,1004.2,355.0
2025-04-30 20:00:00,,28.2,72.0,0.0,3.3,9.0,1004.6,265.0
2025-04-30 21:00:00,,27.9,74.0,0.0,3.6,20.0,1004.6,225.0
2025-04-30 22:00:00,,27.7,75.0,0.0,2.2,9.0,1004.9,200.0
2025-04-30 23:00:00,,28.7,70.0,0.0,0.6,304.0,1005.6,425.0
2025-05-01 00:00:00,,30.3,62.0,0.0,1.7,108.0,1006.4,925.0
2025-05-01 01:00:00,,32.0,55.0,0.0,1.9,124.0,1006.5,1080.0
2025-05-01 02:00:00,,34.0,47.0,0.0,1.7,212.0,1006.1,1530.0
2025-05-01 03:00:00,,35.1,43.0,0.0,2.6,205.0,1005.5,1760.0
2025-05-01 04:00:00,,35.6,41.0,0.0,3.1,216.0,1005.0,1895.0
2025-05-01 05:00:00,,36.4,39.0,0.0,3.0,218.0,1003.8,2010.0
2025-05-01 06:00:00,,37.0,37.0,0.0,5.1,219.0,1002.3,2075.0
2025-05-01 07:00:00,,36.5,38.0,0.0,2.4,287.0,1002.3,2015.0
2025-05-01 08:00:00,,35.4,42.0,0.0,5.7,302.0,1002.1,1880.0
2025-05-01 09:00:00,,33.1,51.0,0.7,7.9,24.0,1002.7,715.0
2025-05-01 10:00:00,,33.1,50.0,0.1,5.8,340.0,1003.3,920.0
2025-05-01 11:00:00,,31.9,55.0,0.0,9.4,271.0,1004.5,455.0
2025-05-01 12:00:00,,31.2,59.0,0.0,6.8,297.0,1005.2,450.0
2025-05-01 13:00:00,,30.9,58.0,0.1,12.0,328.0,1006.1,595.0
2025-05-01 14:00:00,,29.2,67.0,0.1,5.9,35.0,1006.5,235.0
2025-05-01 15:00:00,,29.1,69.0,0.0,7.4,353.0,1006.4,235.0
2025-05-01 16:00:00,,28.5,74.0,0.0,6.8,360.0,1005.7,290.0
2025-05-01 17:00:00,,28.0,78.0,0.0,6.5,346.0,1004.9,255.0
2025-05-01 18:00:00,,27.5,80.0,0.0,5.8,356.0,1004.4,220.0
2025-05-01 19:00:00,,27.3,81.0,0.0,4.1,15.0,1003.8,170.0
2025-05-01 20:00:00,,27.2,82.0,0.0,1.8,6.0,1003.7,110.0
2025-05-01 21:00:00,,27.0,83.0,0.0,0.5,360.0,1003.9,15.0
2025-05-01 22:00:00,,27.0,83.0,0.0,1.3,326.0,1004.2,30.0
2025-05-01 23:00:00,,28.1,77.0,0.0,1.0,329.0,1004.7,300.0
2025-05-02 00:00:00,,29.7,68.0,0.0,2.0,275.0,1004.6,520.0
2025-05-02 01:00:00,,31.9,57.0,0.0,1.8,281.0,1004.9,975.0
2025-05-02 02:00:00,,33.5,48.0,0.0,1.1,261.0,1004.9,1405.0
2025-05-02 03:00:00,,35.1,43.0,0.0,2.9,263.0,1004.2,1735.0
2025-05-02 04:00:00,,36.3,39.0,0.0,3.5,255.0,1003.3,1965.0
2025-05-02 05:00:00,,36.9,37.0,0.0,4.3,265.0,1002.3,2105.0
2025-05-02 06:00:00,,36.8,38.0,0.0,6.1,275.0,1001.3,2205.0
2025-05-02 07:00:00,,35.6,41.0,0.0,3.1,291.0,1001.1,1430.0
2025-05-02 08:00:00,,34.7,43.0,1.0,3.7,313.0,1001.2,1370.0
2025-05-02 09:00:00,,34.5,44.0,0.2,5.9,140.0,1001.2,1470.0
2025-05-02 10:00:00,,33.6,50.0,0.0,10.2,118.0,1002.0,1295.0
2025-05-02 11:00:00,,32.2,56.0,0.0,11.1,110.0,1002.9,910.0
2025-05-02 12:00:00,,31.2,60.0,0.0,8.3,114.0,1003.4,785.0
2025-05-02 13:00:00,,31.5,58.0,0.0,2.9,120.0,1004.3,835.0
2025-05-02 14:00:00,,31.2,59.0,0.0,3.6,135.0,1004.8,840.0
2025-05-02 15:00:00,,30.6,61.0,0.0,3.2,146.0,1004.5,670.0
2025-05-02 16:00:00,,30.2,62.0,0.0,3.7,151.0,1004.1,600.0
2025-05-02 17:00:00,,30.0,63.0,0.0,1.8,186.0,1003.3,600.0
2025-05-02 18:00:00,,29.6,65.0,0.0,2.9,101.0,1003.1,165.0
2025-05-02 19:00:00,,29.1,67.0,0.0,5.0,105.0,1003.0,220.0
2025-05-02 20:00:00,,28.7,69.0,0.0,3.0,76.0,1002.9,390.0
2025-05-02 21:00:00,,28.5,70.0,0.0,4.2,126.0,1003.2,350.0
2025-05-02 22:00:00,,28.4,71.0,0.0,3.1,126.0,1003.3,340.0
2025-05-02 23:00:00,,28.9,69.0,0.0,1.5,194.0,1004.2,445.0
2025-05-03 00:00:00,,30.1,64.0,0.0,3.2,223.0,1005.1,780.0
2025-05-03 01:00:00,,32.2,56.0,0.0,4.0,177.0,1005.1,1285.0
2025-05-03 02:00:00,,33.8,50.0,0.0,5.6,130.0,1004.7,1680.0
2025-05-03 03:00:00,,34.6,45.0,0.0,7.2,127.0,1004.3,1780.0
2025-05-03 04:00:00,,35.2,42.0,0.0,6.2,134.0,1003.6,1885.0
2025-05-03 05:00:00,,35.1,43.0,0.0,4.6,132.0,1002.7,1815.0
2025-05-03 06:00:00,,35.5,41.0,0.0,2.5,90.0,1001.5,1830.0
2025-05-03 07:00:00,,36.0,40.0,0.0,0.9,270.0,1000.8,1945.0
2025-05-03 08:00:00,,35.1,42.0,0.0,1.1,288.0,1000.8,1760.0
2025-05-03 09:00:00,,34.1,45.0,0.0,3.8,270.0,1001.2,1615.0
2025-05-03 10:00:00,,33.4,47.0,0.0,1.9,209.0,1002.1,1280.0
2025-05-03 11:00:00,,32.7,49.0,0.0,2.6,146.0,1002.5,980.0
2025-05-03 12:00:00,,31.9,54.0,0.0,4.8,117.0,1002.8,695.0
2025-05-03 13:00:00,,30.9,65.0,0.0,4.2,263.0,1003.7,340.0
2025-05-03 14:00:00,,30.6,66.0,0.0,4.6,257.0,1003.7,600.0
2025-05-03 15:00:00,,30.3,66.0,0.0,5.1,231.0,1004.1,660.0
2025-05-03 16:00:00,,29.9,68.0,0.0,3.9,233.0,1004.0,600.0
2025-05-03 17:00:00,,29.3,70.0,0.0,1.7,167.0,1003.4,485.0
2025-05-03 18:00:00,,29.2,71.0,0.0,2.0,297.0,1002.7,500.0
2025-05-03 19:00:00,,28.9,75.0,0.0,5.2,346.0,1002.4,570.0
2025-05-03 20:00:00,,28.6,75.0,0.0,2.4,99.0,1002.4,490.0
2025-05-03 21:00:00,,28.4,74.0,0.0,3.3,112.0,1002.5,385.0
2025-05-03 22:00:00,,28.2,74.0,0.0,0.4,333.0,1002.6,265.0
2025-05-03 23:00:00,,28.8,71.0,0.0,1.5,300.0,1003.2,700.0
2025-05-04 00:00:00,,30.2,64.0,0.0,1.5,69.0,1003.4,990.0
2025-05-04 01:00:00,,32.8,53.0,0.0,7.1,120.0,1003.1,1470.0
2025-05-04 02:00:00,,34.3,49.0,0.0,9.0,102.0,1002.3,1645.0
2025-05-04 03:00:00,,35.6,44.0,0.0,10.6,105.0,1002.2,2025.0
2025-05-04 04:00:00,,31.8,62.0,3.6,11.8,115.0,1002.2,840.0
2025-05-04 05:00:00,,33.6,54.0,0.1,10.7,106.0,1001.6,1615.0
2025-05-04 06:00:00,,32.0,59.0,0.7,10.2,83.0,1000.9,1085.0
2025-05-04 07:00:00,,32.5,57.0,0.0,10.0,157.0,1000.9,1325.0
2025-05-04 08:00:00,,27.6,82.0,7.9,3.0,335.0,1001.8,280.0
2025-05-04 09:00:00,,27.7,84.0,0.3,3.9,336.0,1002.0,290.0
2025-05-04 10:00:00,,26.4,88.0,0.0,7.9,347.0,1002.7,185.0
2025-05-04 11:00:00,,26.2,88.0,0.0,3.5,35.0,1003.2,130.0
2025-05-04 12:00:00,,26.4,88.0,0.1,2.4,54.0,1003.9,110.0
2025-05-04 13:00:00,,28.1,80.0,0.4,2.5,201.0,1004.0,275.0
2025-05-04 14:00:00,,27.9,80.0,0.3,2.3,184.0,1004.5,300.0
2025-05-04 15:00:00,,27.8,81.0,0.0,2.8,165.0,1004.6,300.0
2025-05-04 16:00:00,,27.8,80.0,0.0,0.4,297.0,1003.8,325.0
2025-05-04 17:00:00,,25.5,90.0,4.7,7.5,307.0,1004.5,205.0
2025-05-04 18:00:00,,25.6,91.0,4.2,1.7,122.0,1003.7,125.0
2025-05-04 19:00:00,,25.5,93.0,0.1,2.1,345.0,1003.4,125.0
2025-05-04 20:00:00,,25.7,91.0,0.0,1.7,58.0,1003.4,185.0
2025-05-04 21:00:00,,25.6,92.0,0.0,0.6,18.0,1003.5,140.0
2025-05-04 22:00:00,,25.5,93.0,0.0,1.3,98.0,1003.5,160.0
2025-05-04 23:00:00,,26.0,89.0,0.0,1.6,207.0,1004.0,215.0
2025-05-05 00:00:00,,27.2,84.0,0.0,0.9,323.0,1004.3,365.0
2025-05-05 01:00:00,,31.0,64.0,0.0,5.0,139.0,1004.2,855.0
2025-05-05 02:00:00,,32.7,56.0,0.1,7.7,156.0,1003.9,1235.0
2025-05-05 03:00:00,,34.3,50.0,0.0,9.7,152.0,1003.2,1645.0
2025-05-05 04:00:00,,33.3,54.0,0.0,9.9,143.0,1002.7,1330.0
2025-05-05 05:00:00,,33.5,54.0,0.0,11.4,169.0,1002.2,1280.0
2025-05-05 06:00:00,,31.5,65.0,1.6,10.4,122.0,1001.6,870.0
2025-05-05 07:00:00,,31.4,65.0,0.0,3.2,183.0,1001.3,985.0
2025-05-05 08:00:00,,30.2,70.0,0.1,2.4,279.0,1001.3,645.0
2025-05-05 09:00:00,,29.2,74.0,0.2,4.5,220.0,1002.1,400.0
2025-05-05 10:00:00,,27.8,82.0,1.5,3.1,130.0,1002.7,245.0
2025-05-05 11:00:00,,27.6,82.0,0.1,3.4,180.0,1003.1,255.0
2025-05-05 12:00:00,,27.7,82.0,0.1,5.5,148.0,1004.3,390.0
2025-05-05 13:00:00,,26.8,85.0,1.3,4.9,208.0,1004.8,225.0
2025-05-05 14:00:00,,26.9,84.0,0.0,4.6,108.0,1004.9,185.0
2025-05-05 15:00:00,,26.7,85.0,0.0,2.0,85.0,1004.9,170.0
2025-05-05 16:00:00,,26.5,86.0,0.0,0.7,14.0,1003.9,115.0
2025-05-05 17:00:00,,26.4,87.0,0.0,3.5,15.0,1003.5,130.0
2025-05-05 18:00:00,,26.4,87.0,0.0,3.0,17.0,1002.7,125.0
2025-05-05 19:00:00,,26.2,90.0,0.0,2.3,45.0,1002.3,120.0
2025-05-05 20:00:00,,26.1,91.0,0.0,2.3,94.0,1002.8,90.0
2025-05-05 21:00:00,,26.1,90.0,0.0,3.0,123.0,1003.1,85.0
2025-05-05 22:00:00,,26.2,88.0,0.0,4.0,111.0,1003.4,100.0
2025-05-05 23:00:00,,27.4,81.0,0.0,2.0,175.0,1004.3,195.0
2025-05-06 00:00:00,,28.9,76.0,0.0,4.3,147.0,1004.4,520.0
2025-05-06 01:00:00,,30.8,64.0,0.0,3.6,153.0,1004.9,715.0
2025-05-06 02:00:00,,32.1,60.0,0.0,5.5,189.0,1004.4,940.0
2025-05-06 03:00:00,,32.7,57.0,0.1,5.2,221.0,1003.9,1065.0
2025-05-06 04:00:00,,33.1,55.0,0.1,5.9,243.0,1003.4,1190.0
2025-05-06 05:00:00,,32.5,58.0,0.4,8.4,230.0,1002.7,995.0
2025-05-06 06:00:00,,31.8,62.0,0.3,5.0,224.0,1002.1,545.0
2025-05-06 07:00:00,,31.7,62.0,0.0,3.5,242.0,1001.7,845.0
2025-05-06 08:00:00,,29.6,70.0,0.1,5.2,134.0,1001.9,375.0
2025-05-06 09:00:00,,29.4,70.0,0.1,3.4,90.0,1002.4,515.0
2025-05-06 10:00:00,,27.8,78.0,1.1,5.4,176.0,1003.2,265.0
2025-05-06 11:00:00,,27.8,79.0,0.1,0.2,360.0,1003.8,180.0
2025-05-06 12:00:00,,27.7,80.0,0.0,4.2,43.0,1004.2,225.0
2025-05-06 13:00:00,,27.0,86.0,0.1,5.6,97.0,1005.0,180.0
2025-05-06 14:00:00,,26.3,86.0,0.7,9.2,135.0,1005.4,170.0
2025-05-06 15:00:00,,25.8,89.0,0.1,6.3,117.0,1004.7,135.0
2025-05-06 16:00:00,,25.7,89.0,0.0,3.6,139.0,1004.1,105.0
2025-05-06 17:00:00,,25.7,90.0,0.0,1.3,180.0,1003.4,55.0
2025-05-06 18:00:00,,25.7,91.0,0.0,1.3,45.0,1003.0,45.0
2025-05-06 19:00:00,,25.7,92.0,0.0,3.8,65.0,1002.0,80.0
2025-05-06 20:00:00,,25.7,92.0,0.0,4.1,77.0,1001.8,85.0
2025-05-06 21:00:00,,25.6,91.0,0.0,3.2,87.0,1001.9,60.0
2025-05-06 22:00:00,,25.6,93.0,0.0,2.4,103.0,1002.1,45.0
2025-05-06 23:00:00,,26.7,87.0,0.0,0.3,135.0,1002.9,115.0
2025-05-07 00:00:00,,28.4,78.0,0.0,1.0,211.0,1003.6,350.0
2025-05-07 01:00:00,,30.1,73.0,0.0,2.0,170.0,1004.1,660.0
2025-05-07 02:00:00,,31.2,67.0,0.4,5.1,153.0,1003.7,835.0
2025-05-07 03:00:00,,32.0,66.0,0.2,7.2,177.0,1003.3,1165.0
2025-05-07 04:00:00,,32.4,64.0,0.0,9.5,190.0,1002.1,1065.0
2025-05-07 05:00:00,,30.8,70.0,1.8,6.5,136.0,1001.7,625.0
2025-05-07 06:00:00,,30.0,71.0,1.8,6.9,31.0,1001.5,275.0
2025-05-07 07:00:00,,27.0,88.0,6.5,4.8,42.0,1001.8,155.0
2025-05-07 08:00:00,,26.9,89.0,0.4,2.5,159.0,1001.0,225.0
2025-05-07 09:00:00,,27.6,85.0,0.0,3.1,187.0,1001.3,340.0
2025-05-07 10:00:00,,27.6,85.0,0.0,1.5,83.0,1002.2,330.0
2025-05-07 11:00:00,,27.4,86.0,0.0,3.1,100.0,1003.1,210.0
2025-05-07 12:00:00,,27.1,88.0,0.0,2.5,86.0,1003.8,145.0
2025-05-07 13:00:00,,26.1,92.0,0.1,1.3,225.0,1004.6,175.0
2025-05-07 14:00:00,,26.0,94.0,0.0,3.5,51.0,1005.2,140.0
2025-05-07 15:00:00,,25.9,93.0,0.0,4.4,38.0,1005.1,130.0
2025-05-07 16:00:00,,25.8,94.0,0.0,2.8,11.0,1004.2,125.0
2025-05-07 17:00:00,,25.8,94.0,0.0,2.7,28.0,1003.4,120.0
2025-05-07 18:00:00,,25.7,94.0,0.0,5.3,24.0,1002.6,140.0
2025-05-07 19:00:00,,25.5,95.0,0.0,4.3,45.0,1002.2,125.0
2025-05-07 20:00:00,,25.3,95.0,0.0,3.4,58.0,1002.5,95.0
2025-05-07 21:00:00,,25.1,97.0,0.0,3.3,6.0,1003.0,75.0
2025-05-07 22:00:00,,25.2,97.0,0.0,3.1,350.0,1003.4,95.0
2025-05-07 23:00:00,,26.3,92.0,0.0,2.1,322.0,1003.9,165.0
2025-05-08 00:00:00,,27.6,85.0,0.0,2.4,279.0,1004.5,320.0
2025-05-08 01:00:00,,28.8,80.0,0.0,2.4,306.0,1004.5,380.0
2025-05-08 02:00:00,,29.2,78.0,0.1,3.7,215.0,1004.1,615.0
2025-05-08 03:00:00,,30.2,75.0,0.1,2.9,184.0,1003.8,915.0
2025-05-08 04:00:00,,30.3,74.0,0.3,5.8,214.0,1002.7,725.0
2025-05-08 05:00:00,,29.9,77.0,0.5,5.9,198.0,1002.2,700.0
2025-05-08 06:00:00,,30.8,67.0,0.3,4.7,83.0,1001.5,1000.0
2025-05-08 07:00:00,,29.9,67.0,1.0,3.9,118.0,1001.9,590.0
2025-05-08 08:00:00,,29.0,76.0,0.3,5.8,5.0,1001.6,405.0
2025-05-08 09:00:00,,27.5,81.0,3.4,2.1,218.0,1003.0,80.0
2025-05-08 10:00:00,,26.5,88.0,0.8,3.1,10.0,1003.4,105.0
2025-05-08 11:00:00,,26.3,90.0,0.0,5.4,352.0,1003.9,105.0
2025-05-08 12:00:00,,26.1,93.0,0.0,3.2,344.0,1004.4,95.0
2025-05-08 13:00:00,,28.3,84.0,0.0,5.8,5.0,1004.6,180.0
2025-05-08 14:00:00,,28.2,85.0,0.0,3.3,306.0,1005.3,170.0
2025-05-08 15:00:00,,27.9,86.0,0.0,0.4,90.0,1004.5,15.0
2025-05-08 16:00:00,,27.6,87.0,0.0,4.5,182.0,1003.6,185.0
2025-05-08 17:00:00,,27.4,87.0,0.0,3.1,144.0,1003.3,105.0
2025-05-08 18:00:00,,27.2,86.0,0.0,3.5,141.0,1002.9,80.0
2025-05-08 19:00:00,,26.7,89.0,0.0,4.2,133.0,1002.5,110.0
2025-05-08 20:00:00,,26.5,90.0,0.0,3.8,163.0,1002.8,105.0
2025-05-08 21:00:00,,26.4,90.0,0.0,2.2,145.0,1003.2,50.0
2025-05-08 22:00:00,,26.4,90.0,0.0,0.9,191.0,1004.1,40.0
2025-05-08 23:00:00,,27.5,82.0,0.0,3.3,216.0,1004.7,205.0
2025-05-09 00:00:00,,28.7,77.0,0.0,1.7,167.0,1005.2,520.0
2025-05-09 01:00:00,,29.9,75.0,0.1,2.2,175.0,1005.3,600.0
2025-05-09 02:00:00,,30.9,70.0,0.0,3.2,109.0,1005.5,1040.0
2025-05-09 03:00:00,,32.0,64.0,0.0,3.8,131.0,1005.1,1335.0
2025-05-09 04:00:00,,31.9,62.0,0.0,2.1,232.0,1004.9,1125.0
2025-05-09 05:00:00,,31.7,65.0,0.0,7.1,264.0,1004.0,815.0
2025-05-09 06:00:00,,30.7,67.0,0.6,2.4,347.0,1003.3,730.0
2025-05-09 07:00:00,,30.3,71.0,0.1,0.6,108.0,1003.4,775.0
2025-05-09 08:00:00,,29.2,74.0,0.4,6.8,11.0,1002.9,410.0
2025-05-09 09:00:00,,29.3,75.0,0.0,3.9,66.0,1002.9,355.0
2025-05-09 10:00:00,,29.2,74.0,0.0,2.5,94.0,1003.1,295.0
2025-05-09 11:00:00,,28.9,76.0,0.0,4.8,165.0,1003.7,295.0
2025-05-09 12:00:00,,28.6,79.0,0.0,5.2,178.0,1004.4,305.0
2025-05-09 13:00:00,,29.2,79.0,0.0,3.8,199.0,1004.3,125.0
2025-05-09 14:00:00,,28.8,82.0,0.0,1.7,221.0,1004.6,40.0
2025-05-09 15:00:00,,28.2,86.0,0.0,1.9,49.0,1004.8,40.0
2025-05-09 16:00:00,,27.5,90.0,0.0,2.3,39.0,1004.5,50.0
2025-05-09 17:00:00,,27.2,91.0,0.0,1.7,41.0,1004.0,35.0
2025-05-09 18:00:00,,26.9,92.0,0.0,2.3,119.0,1003.5,35.0
2025-05-09 19:00:00,,27.2,88.0,0.0,4.8,143.0,1003.2,65.0
2025-05-09 20:00:00,,27.1,87.0,0.0,3.2,106.0,1003.3,45.0
2025-05-09 21:00:00,,26.7,89.0,0.0,2.6,78.0,1003.6,30.0
2025-05-09 22:00:00,,26.4,93.0,0.0,4.2,353.0,1004.1,50.0
2025-05-09 23:00:00,,27.5,86.0,0.0,3.4,313.0,1004.9,170.0
2025-05-10 00:00:00,,29.0,76.0,0.0,2.3,293.0,1005.1,550.0
2025-05-10 01:00:00,,31.0,60.0,0.1,6.1,114.0,1005.0,995.0
2025-05-10 02:00:00,,32.6,52.0,0.0,8.5,125.0,1004.4,1320.0
2025-05-10 03:00:00,,33.5,49.0,0.0,9.4,138.0,1003.8,1470.0
2025-05-10 04:00:00,,34.6,44.0,0.0,10.1,151.0,1003.1,1690.0
2025-05-10 05:00:00,,35.5,39.0,0.0,10.3,158.0,1002.4,1885.0
2025-05-10 06:00:00,,35.7,38.0,0.0,8.7,174.0,1001.4,1905.0
2025-05-10 07:00:00,,35.7,36.0,0.0,6.1,199.0,1000.6,1895.0
2025-05-10 08:00:00,,35.1,36.0,0.0,2.3,266.0,1000.3,1870.0
2025-05-10 09:00:00,,34.2,41.0,0.0,5.5,314.0,1000.4,920.0
2025-05-10 10:00:00,,32.5,55.0,0.0,8.3,314.0,1001.4,500.0
2025-05-10 11:00:00,,31.7,60.0,0.1,4.7,288.0,1002.4,160.0
2025-05-10 12:00:00,,31.0,61.0,0.0,10.6,223.0,1003.4,395.0
2025-05-10 13:00:00,,31.1,58.0,0.0,7.5,222.0,1003.8,305.0
2025-05-10 14:00:00,,30.5,62.0,0.0,4.9,190.0,1004.2,275.0
2025-05-10 15:00:00,,29.6,67.0,0.0,1.9,221.0,1004.5,85.0
2025-05-10 16:00:00,,28.8,71.0,0.0,2.7,337.0,1004.1,240.0
2025-05-10 17:00:00,,28.3,75.0,0.0,4.7,358.0,1003.7,155.0
2025-05-10 18:00:00,,27.6,80.0,0.0,3.8,17.0,1003.2,90.0
2025-05-10 19:00:00,,27.4,81.0,0.0,3.1,69.0,1002.5,60.0
2025-05-10 20:00:00,,27.2,80.0,0.0,2.2,90.0,1002.3,25.0
2025-05-10 21:00:00,,26.9,82.0,0.0,1.9,56.0,1002.5,20.0
2025-05-10 22:00:00,,26.8,83.0,0.0,3.6,37.0,1002.9,35.0
2025-05-10 23:00:00,,28.1,75.0,0.0,3.6,45.0,1003.5,250.0
2025-05-11 00:00:00,,29.6,68.0,0.0,2.9,4.0,1003.8,595.0
2025-05-11 01:00:00,,31.2,58.0,0.0,1.1,342.0,1004.0,925.0
2025-05-11 02:00:00,,32.6,51.0,0.0,1.7,221.0,1003.6,1200.0
2025-05-11 03:00:00,,33.9,46.0,0.0,4.5,203.0,1003.2,1395.0
2025-05-11 04:00:00,,34.6,43.0,0.0,6.9,203.0,1002.6,1475.0
2025-05-11 05:00:00,,34.7,42.0,0.0,8.5,197.0,1001.8,1495.0
2025-05-11 06:00:00,,35.1,42.0,0.0,8.8,195.0,1000.6,1525.0
2025-05-11 07:00:00,,34.6,46.0,0.1,10.8,212.0,1000.2,1550.0
2025-05-11 08:00:00,,31.3,59.0,0.8,11.5,184.0,1000.6,595.0
2025-05-11 09:00:00,,31.1,59.0,0.1,11.0,156.0,1000.8,665.0
2025-05-11 10:00:00,,30.9,60.0,0.0,8.7,146.0,1001.2,520.0
2025-05-11 11:00:00,,30.5,62.0,0.0,5.5,139.0,1002.0,360.0
2025-05-11 12:00:00,,30.1,65.0,0.0,4.9,188.0,1002.8,370.0
2025-05-11 13:00:00,,29.9,68.0,0.0,3.1,246.0,1003.6,595.0
2025-05-11 14:00:00,,29.4,70.0,0.1,2.4,171.0,1003.8,450.0
2025-05-11 15:00:00,,29.2,70.0,0.0,2.9,150.0,1003.7,280.0
2025-05-11 16:00:00,,29.1,71.0,0.1,3.2,117.0,1003.2,115.0
2025-05-11 17:00:00,,28.8,73.0,0.0,1.3,286.0,1002.7,45.0
2025-05-11 18:00:00,,27.4,80.0,0.3,7.1,9.0,1002.7,175.0
2025-05-11 19:00:00,,26.0,82.0,1.1,11.2,49.0,1002.3,130.0
2025-05-11 20:00:00,,25.7,84.0,0.6,2.9,187.0,1002.9,70.0
2025-05-11 21:00:00,,25.8,87.0,0.3,2.4,63.0,1002.7,40.0
2025-05-11 22:00:00,,26.0,88.0,0.0,2.7,23.0,1002.9,40.0
2025-05-11 23:00:00,,27.4,77.0,0.0,1.6,63.0,1003.5,195.0
2025-05-12 00:00:00,,29.1,70.0,0.0,0.6,18.0,1003.7,435.0
2025-05-12 01:00:00,,31.8,59.0,0.0,0.7,270.0,1003.9,970.0
2025-05-12 02:00:00,,33.2,53.0,0.0,2.9,210.0,1003.3,1255.0
2025-05-12 03:00:00,,34.4,48.0,0.0,7.5,195.0,1002.9,1435.0
2025-05-12 04:00:00,,35.0,45.0,0.0,9.0,195.0,1002.2,1500.0
2025-05-12 05:00:00,,35.6,42.0,0.0,8.6,188.0,1001.3,1675.0
2025-05-12 06:00:00,,33.0,53.0,0.2,12.1,205.0,1000.7,600.0
2025-05-12 07:00:00,,32.4,58.0,0.5,5.7,217.0,1000.4,490.0
2025-05-12 08:00:00,,31.6,63.0,0.1,6.7,188.0,1000.6,810.0
2025-05-12 09:00:00,,30.8,67.0,0.1,5.0,251.0,1000.8,720.0
2025-05-12 10:00:00,,27.8,81.0,2.6,2.3,252.0,1002.3,275.0
2025-05-12 11:00:00,,26.9,84.0,1.7,3.1,156.0,1003.3,270.0
2025-05-12 12:00:00,,26.7,85.0,0.1,6.0,37.0,1004.4,380.0
2025-05-12 13:00:00,,27.0,87.0,0.8,4.9,358.0,1004.3,265.0
2025-05-12 14:00:00,,25.4,93.0,5.6,6.5,360.0,1005.8,220.0
2025-05-12 15:00:00,,24.8,97.0,1.9,8.3,33.0,1006.0,245.0
2025-05-12 16:00:00,,25.1,93.0,0.8,5.8,5.0,1005.1,180.0
2025-05-12 17:00:00,,25.0,94.0,0.9,3.5,321.0,1005.0,150.0
2025-05-12 18:00:00,,24.5,96.0,4.8,6.3,358.0,1005.0,200.0
2025-05-12 19:00:00,,24.2,97.0,1.7,6.7,81.0,1004.7,165.0
2025-05-12 20:00:00,,24.6,92.0,0.0,5.7,127.0,1004.6,150.0
2025-05-12 21:00:00,,24.9,91.0,0.0,4.5,173.0,1004.7,160.0
2025-05-12 22:00:00,,25.2,89.0,0.0,1.3,124.0,1005.0,110.0
2025-05-12 23:00:00,,26.0,86.0,0.0,1.3,34.0,1005.7,175.0
2025-05-13 00:00:00,,27.2,83.0,0.0,1.4,140.0,1005.8,335.0
2025-05-13 01:00:00,,28.8,76.0,0.0,3.3,292.0,1006.3,440.0
2025-05-13 02:00:00,,30.2,72.0,0.0,2.6,254.0,1006.0,755.0
2025-05-13 03:00:00,,31.2,69.0,0.0,3.2,227.0,1005.7,1050.0
2025-05-13 04:00:00,,32.0,66.0,0.1,3.5,255.0,1005.1,1190.0
2025-05-13 05:00:00,,31.8,66.0,0.1,3.3,257.0,1004.4,1025.0
2025-05-13 06:00:00,,31.9,66.0,0.0,2.0,360.0,1003.5,1025.0
2025-05-13 07:00:00,,32.3,65.0,0.0,2.3,356.0,1003.1,1195.0
2025-05-13 08:00:00,,31.1,69.0,0.1,4.3,345.0,1003.6,655.0
2025-05-13 09:00:00,,28.0,79.0,5.2,4.9,6.0,1004.7,285.0
2025-05-13 10:00:00,,26.7,84.0,1.5,0.8,117.0,1005.0,150.0
2025-05-13 11:00:00,,26.6,86.0,0.0,4.5,157.0,1005.0,145.0
2025-05-13 12:00:00,,26.5,87.0,0.0,3.0,128.0,1005.8,180.0
2025-05-13 13:00:00,,25.8,91.0,0.4,2.6,344.0,1007.0,240.0
2025-05-13 14:00:00,,26.0,91.0,0.0,1.3,344.0,1007.3,215.0
2025-05-13 15:00:00,,25.8,92.0,0.0,4.9,88.0,1007.0,160.0
2025-05-13 16:00:00,,25.6,89.0,0.0,7.4,112.0,1005.9,170.0
2025-05-13 17:00:00,,25.6,89.0,0.0,6.5,118.0,1005.0,150.0
2025-05-13 18:00:00,,25.7,90.0,0.0,5.4,124.0,1004.3,135.0
2025-05-13 19:00:00,,25.9,90.0,0.0,2.2,55.0,1004.0,50.0
2025-05-13 20:00:00,,25.2,95.0,0.0,5.5,11.0,1004.1,60.0
2025-05-13 21:00:00,,24.7,97.0,0.0,5.7,9.0,1004.6,90.0
2025-05-13 22:00:00,,24.5,97.0,0.0,5.4,8.0,1005.1,115.0
2025-05-13 23:00:00,,25.2,95.0,0.0,5.2,16.0,1005.7,130.0
2025-05-14 00:00:00,,27.0,88.0,0.0,3.8,329.0,1006.1,220.0
2025-05-14 01:00:00,,29.2,78.0,0.0,2.7,302.0,1006.5,460.0
2025-05-14 02:00:00,,31.0,67.0,0.1,1.0,292.0,1006.6,805.0
2025-05-14 03:00:00,,32.4,61.0,0.1,1.5,315.0,1006.0,1045.0
2025-05-14 04:00:00,,33.0,59.0,0.1,2.6,286.0,1005.4,1525.0
2025-05-14 05:00:00,,33.3,58.0,0.0,5.1,280.0,1004.5,1645.0
2025-05-14 06:00:00,,33.8,58.0,0.7,8.3,274.0,1003.8,615.0
2025-05-14 07:00:00,,31.6,66.0,3.0,6.7,301.0,1003.9,470.0
2025-05-14 08:00:00,,30.7,69.0,0.9,3.0,218.0,1003.4,345.0
2025-05-14 09:00:00,,31.2,66.0,0.0,4.0,267.0,1003.1,185.0
2025-05-14 10:00:00,,29.7,75.0,0.0,3.3,261.0,1003.9,50.0
2025-05-14 11:00:00,,29.3,83.0,0.0,3.7,203.0,1004.6,35.0
2025-05-14 12:00:00,,29.2,85.0,0.0,3.4,227.0,1005.3,55.0
2025-05-14 13:00:00,,29.2,80.0,0.0,4.7,173.0,1005.8,130.0
2025-05-14 14:00:00,,28.8,79.0,0.0,3.6,160.0,1006.0,100.0
2025-05-14 15:00:00,,28.3,78.0,0.0,5.9,178.0,1005.9,125.0
2025-05-14 16:00:00,,27.9,80.0,0.0,4.5,175.0,1005.6,95.0
2025-05-14 17:00:00,,27.5,81.0,0.0,3.9,164.0,1005.1,75.0
2025-05-14 18:00:00,,27.2,82.0,0.0,2.6,106.0,1004.6,45.0
2025-05-14 19:00:00,,26.5,87.0,0.0,2.5,45.0,1004.5,30.0
2025-05-14 20:00:00,,25.9,92.0,0.0,4.1,23.0,1004.5,45.0
2025-05-14 21:00:00,,25.6,93.0,0.0,4.5,360.0,1004.6,55.0
2025-05-14 22:00:00,,25.6,93.0,0.0,3.8,357.0,1004.7,50.0
2025-05-14 23:00:00,,26.9,86.0,0.0,2.5,330.0,1005.5,145.0
2025-05-15 00:00:00,,28.0,79.0,0.0,3.1,294.0,1005.8,405.0
2025-05-15 01:00:00,,29.6,72.0,0.0,1.6,297.0,1006.2,630.0
2025-05-15 02:00:00,,30.5,70.0,0.1,3.8,267.0,1006.3,675.0
2025-05-15 03:00:00,,31.0,70.0,0.2,4.4,302.0,1005.8,635.0
2025-05-15 04:00:00,,31.3,66.0,2.2,6.5,341.0,1005.3,530.0
2025-05-15 05:00:00,,31.1,70.0,1.7,8.8,337.0,1004.6,500.0
2025-05-15 06:00:00,,31.3,70.0,1.0,7.7,298.0,1003.8,590.0
2025-05-15 07:00:00,,31.0,68.0,4.6,3.5,298.0,1003.7,275.0
2025-05-15 08:00:00,,29.7,73.0,1.7,7.4,274.0,1003.5,320.0
2025-05-15 09:00:00,,28.9,78.0,0.0,6.9,275.0,1003.7,200.0
2025-05-15 10:00:00,,28.5,82.0,0.0,5.5,261.0,1003.7,135.0
2025-05-15 11:00:00,,28.3,86.0,0.0,6.1,256.0,1004.3,105.0
2025-05-15 12:00:00,,28.4,88.0,0.0,2.9,270.0,1005.0,40.0
2025-05-15 13:00:00,,28.9,84.0,0.0,1.5,300.0,1005.8,35.0
2025-05-15 14:00:00,,29.0,81.0,0.0,2.2,222.0,1006.3,30.0
2025-05-15 15:00:00,,28.8,80.0,0.0,2.4,107.0,1006.5,60.0
2025-05-15 16:00:00,,28.3,82.0,0.0,0.8,315.0,1006.2,10.0
2025-05-15 17:00:00,,27.9,85.0,0.0,1.5,83.0,1005.8,20.0
2025-05-15 18:00:00,,27.3,88.0,0.0,1.6,96.0,1005.5,35.0
2025-05-15 19:00:00,,27.1,89.0,0.0,1.9,151.0,1005.3,40.0
2025-05-15 20:00:00,,26.9,89.0,0.0,3.5,152.0,1005.3,70.0
2025-05-15 21:00:00,,26.6,89.0,0.0,1.7,131.0,1005.3,30.0
2025-05-15 22:00:00,,26.4,90.0,0.0,2.2,336.0,1005.5,40.0
2025-05-15 23:00:00,,27.3,86.0,0.0,3.1,315.0,1005.7,305.0
2025-05-16 00:00:00,,28.2,82.0,0.0,3.8,270.0,1006.1,360.0
2025-05-16 01:00:00,,31.0,68.0,0.0,2.6,214.0,1006.2,1080.0
2025-05-16 02:00:00,,33.1,56.0,0.0,7.5,134.0,1005.9,1565.0
2025-05-16 03:00:00,,34.1,50.0,0.0,9.1,122.0,1004.9,1775.0
2025-05-16 04:00:00,,34.7,48.0,0.0,10.3,117.0,1004.0,1885.0
2025-05-16 05:00:00,,35.1,47.0,0.0,10.0,116.0,1003.5,1910.0
2025-05-16 06:00:00,,35.2,46.0,0.0,8.7,124.0,1002.8,1945.0
2025-05-16 07:00:00,,35.0,46.0,0.0,6.7,110.0,1002.3,1905.0
2025-05-16 08:00:00,,34.5,48.0,0.0,5.4,105.0,1002.0,1790.0
2025-05-16 09:00:00,,33.4,50.0,0.1,7.3,130.0,1002.5,1325.0
2025-05-16 10:00:00,,32.4,55.0,0.0,7.6,115.0,1003.1,1070.0
2025-05-16 11:00:00,,31.1,61.0,0.0,7.8,103.0,1004.0,645.0
2025-05-16 12:00:00,,30.0,67.0,0.0,5.1,126.0,1004.7,475.0
2025-05-16 13:00:00,,29.7,70.0,0.0,4.9,176.0,1005.2,525.0
2025-05-16 14:00:00,,29.6,71.0,0.0,3.9,196.0,1006.1,505.0
2025-05-16 15:00:00,,29.3,72.0,0.0,3.6,180.0,1006.4,320.0
2025-05-16 16:00:00,,28.9,75.0,0.0,1.3,124.0,1005.8,50.0
2025-05-16 17:00:00,,28.5,78.0,0.0,2.4,54.0,1005.2,60.0
2025-05-16 18:00:00,,27.9,82.0,0.0,4.9,8.0,1004.8,125.0
2025-05-16 19:00:00,,27.3,85.0,0.0,4.9,10.0,1004.5,150.0
2025-05-16 20:00:00,,26.7,88.0,0.0,4.0,21.0,1004.6,90.0
2025-05-16 21:00:00,,26.3,91.0,0.0,2.0,5.0,1004.6,35.0
2025-05-16 22:00:00,,26.3,92.0,0.0,1.8,360.0,1004.9,35.0
2025-05-16 23:00:00,,27.6,84.0,0.0,0.3,315.0,1005.4,210.0
2025-05-17 00:00:00,,29.2,74.0,0.0,1.8,246.0,1005.6,540.0
2025-05-17 01:00:00,,31.3,65.0,0.0,1.3,236.0,1006.2,1045.0
2025-05-17 02:00:00,,32.7,61.0,0.0,0.2,270.0,1006.1,1445.0
2025-05-17 03:00:00,,33.6,55.0,0.1,3.2,106.0,1005.6,1680.0
2025-05-17 04:00:00,,33.4,53.0,0.0,3.3,45.0,1005.0,1465.0
2025-05-17 05:00:00,,34.9,49.0,0.1,0.4,360.0,1003.9,1845.0
2025-05-17 06:00:00,,35.5,47.0,0.0,2.9,184.0,1003.0,2010.0
2025-05-17 07:00:00,,35.4,45.0,0.0,3.7,141.0,1002.5,1985.0
2025-05-17 08:00:00,,34.7,47.0,0.0,1.9,326.0,1002.2,1725.0
2025-05-17 09:00:00,,34.1,50.0,0.1,2.0,315.0,1002.4,1650.0
2025-05-17 10:00:00,,32.8,53.0,0.0,4.1,119.0,1003.0,1185.0
2025-05-17 11:00:00,,31.7,57.0,0.0,7.5,111.0,1004.0,905.0
2025-05-17 12:00:00,,30.5,63.0,0.0,6.3,108.0,1004.8,500.0
2025-05-17 13:00:00,,29.9,66.0,0.0,3.5,102.0,1005.6,600.0
2025-05-17 14:00:00,,29.6,67.0,0.0,2.8,135.0,1005.8,575.0
2025-05-17 15:00:00,,29.6,68.0,0.0,1.5,187.0,1006.0,505.0
2025-05-17 16:00:00,,29.1,76.0,0.0,0.4,153.0,1005.5,525.0
2025-05-17 17:00:00,,28.7,77.0,0.0,0.8,45.0,1005.4,60.0
2025-05-17 18:00:00,,28.3,75.0,0.0,3.0,25.0,1005.1,105.0
2025-05-17 19:00:00,,27.6,79.0,0.0,3.5,28.0,1004.8,115.0
2025-05-17 20:00:00,,27.1,84.0,0.0,3.8,19.0,1004.9,85.0
2025-05-17 21:00:00,,26.7,86.0,0.0,1.8,45.0,1004.8,35.0
2025-05-17 22:00:00,,26.7,87.0,0.0,3.2,87.0,1004.9,45.0
2025-05-17 23:00:00,,28.2,75.0,0.0,2.2,156.0,1005.3,315.0
2025-05-18 00:00:00,,29.6,69.0,0.0,1.4,247.0,1005.7,645.0
2025-05-18 01:00:00,,32.0,56.0,0.0,5.6,97.0,1006.1,1210.0
2025-05-18 02:00:00,,33.8,49.0,0.0,7.7,87.0,1005.6,1580.0
2025-05-18 03:00:00,,35.0,44.0,0.1,8.7,95.0,1005.1,1790.0
2025-05-18 04:00:00,,36.1,40.0,0.0,7.1,109.0,1004.6,2065.0
2025-05-18 05:00:00,,36.6,36.0,0.0,3.6,200.0,1003.7,2260.0
2025-05-18 06:00:00,,36.7,35.0,0.0,3.8,225.0,1002.9,2255.0
2025-05-18 07:00:00,,35.9,37.0,0.0,2.3,252.0,1002.2,2100.0
2025-05-18 08:00:00,,35.6,37.0,0.0,1.3,286.0,1001.9,2070.0
2025-05-18 09:00:00,,35.2,37.0,0.0,5.0,120.0,1002.2,1850.0
2025-05-18 10:00:00,,34.0,41.0,0.0,9.0,102.0,1002.6,1300.0
2025-05-18 11:00:00,,32.2,50.0,0.0,11.8,110.0,1003.4,905.0
2025-05-18 12:00:00,,31.2,56.0,0.0,8.8,121.0,1004.1,765.0
2025-05-18 13:00:00,,30.7,59.0,0.0,5.7,134.0,1005.1,705.0
2025-05-18 14:00:00,,30.4,61.0,0.0,5.3,147.0,1005.5,735.0
2025-05-18 15:00:00,,30.1,63.0,0.0,4.8,127.0,1005.5,700.0
2025-05-18 16:00:00,,29.7,64.0,0.0,3.1,80.0,1004.8,590.0
2025-05-18 17:00:00,,29.3,66.0,0.0,2.9,11.0,1004.2,125.0
2025-05-18 18:00:00,,28.8,68.0,0.0,5.1,333.0,1004.0,180.0
2025-05-18 19:00:00,,28.0,74.0,0.0,6.0,331.0,1004.0,160.0
2025-05-18 20:00:00,,27.4,78.0,0.0,6.1,341.0,1004.1,130.0
2025-05-18 21:00:00,,27.1,80.0,0.0,5.4,8.0,1004.0,120.0
2025-05-18 22:00:00,,26.8,82.0,0.0,4.2,18.0,1004.2,95.0
2025-05-18 23:00:00,,28.3,70.0,0.0,1.2,333.0,1004.6,275.0
2025-05-19 00:00:00,,30.1,62.0,0.0,2.5,266.0,1004.6,660.0
2025-05-19 01:00:00,,33.0,50.0,0.0,4.3,132.0,1005.3,1425.0
2025-05-19 02:00:00,,34.7,44.0,0.0,9.4,120.0,1004.7,1690.0
2025-05-19 03:00:00,,36.1,40.0,0.0,12.3,119.0,1003.9,1965.0
2025-05-19 04:00:00,,37.1,37.0,0.0,11.5,117.0,1003.2,2160.0
2025-05-19 05:00:00,,37.1,36.0,0.0,10.1,121.0,1002.3,2175.0
2025-05-19 06:00:00,,37.4,35.0,0.1,9.0,116.0,1001.3,2195.0
2025-05-19 07:00:00,,37.5,35.0,0.0,10.5,115.0,1000.5,2215.0
2025-05-19 08:00:00,,36.7,38.0,0.0,11.7,107.0,1000.6,2050.0
2025-05-19 09:00:00,,35.4,42.0,0.0,14.4,114.0,1000.9,1695.0
2025-05-19 10:00:00,,33.7,49.0,0.0,13.9,115.0,1001.5,1110.0
2025-05-19 11:00:00,,32.0,56.0,0.0,11.5,113.0,1002.5,850.0
2025-05-19 12:00:00,,30.9,61.0,0.0,9.5,122.0,1003.4,735.0
2025-05-19 13:00:00,,30.7,63.0,0.0,6.9,139.0,1004.4,635.0
2025-05-19 14:00:00,,30.6,64.0,0.0,4.7,137.0,1005.0,590.0
2025-05-19 15:00:00,,30.3,64.0,0.0,4.8,155.0,1005.0,615.0
2025-05-19 16:00:00,,30.3,64.0,0.0,3.4,133.0,1004.7,635.0
2025-05-19 17:00:00,,30.0,65.0,0.0,1.9,29.0,1004.4,615.0
2025-05-19 18:00:00,,29.7,66.0,0.0,2.2,336.0,1004.1,595.0
2025-05-19 19:00:00,,29.4,68.0,0.0,1.8,349.0,1003.9,510.0
2025-05-19 20:00:00,,28.9,70.0,0.0,1.4,310.0,1003.7,75.0
2025-05-19 21:00:00,,28.4,73.0,0.0,2.1,329.0,1003.8,80.0
2025-05-19 22:00:00,,28.2,75.0,0.0,3.2,317.0,1004.0,125.0
2025-05-19 23:00:00,,29.2,69.0,0.0,5.4,270.0,1004.8,575.0
2025-05-20 00:00:00,,30.7,62.0,0.0,2.6,254.0,1005.1,880.0
2025-05-20 01:00:00,,33.3,50.0,0.0,3.6,127.0,1005.1,1425.0
2025-05-20 02:00:00,,34.7,44.0,0.0,5.7,122.0,1004.8,1705.0
2025-05-20 03:00:00,,35.6,42.0,0.3,9.1,97.0,1004.4,1890.0
2025-05-20 04:00:00,,37.0,37.0,0.0,11.8,109.0,1003.5,2150.0
2025-05-20 05:00:00,,37.2,37.0,0.0,12.5,106.0,1002.8,2130.0
2025-05-20 06:00:00,,37.3,36.0,0.0,8.9,111.0,1001.9,2210.0
2025-05-20 07:00:00,,37.0,37.0,0.0,8.3,104.0,1001.6,2180.0
2025-05-20 08:00:00,,36.2,39.0,0.0,9.0,95.0,1001.6,2030.0
2025-05-20 09:00:00,,35.4,41.0,0.0,10.9,117.0,1001.6,1860.0
2025-05-20 10:00:00,,33.7,48.0,0.0,10.2,113.0,1002.6,1240.0
2025-05-20 11:00:00,,32.2,55.0,0.0,7.9,120.0,1003.6,1020.0
2025-05-20 12:00:00,,31.1,60.0,0.0,6.5,132.0,1004.4,860.0
2025-05-20 13:00:00,,30.7,61.0,0.0,4.3,118.0,1004.9,670.0
2025-05-20 14:00:00,,30.2,63.0,0.0,4.1,131.0,1005.4,650.0
2025-05-20 15:00:00,,30.0,64.0,0.0,2.2,90.0,1005.3,650.0
2025-05-20 16:00:00,,29.7,65.0,0.0,1.2,63.0,1005.0,610.0
2025-05-20 17:00:00,,29.6,66.0,0.0,3.6,139.0,1004.6,625.0
2025-05-20 18:00:00,,29.2,68.0,0.0,2.3,113.0,1004.4,530.0
2025-05-20 19:00:00,,28.8,69.0,0.0,3.1,111.0,1004.1,575.0
2025-05-20 20:00:00,,28.6,69.0,0.0,2.3,135.0,1004.2,505.0
2025-05-20 21:00:00,,28.5,70.0,0.0,3.9,158.0,1004.2,485.0
2025-05-20 22:00:00,,28.3,70.0,0.0,1.8,135.0,1004.5,415.0
2025-05-20 23:00:00,,29.1,66.0,0.0,1.9,151.0,1005.3,590.0
2025-05-21 00:00:00,,30.7,60.0,0.0,2.4,189.0,1005.8,970.0
2025-05-21 01:00:00,,32.9,50.0,0.0,6.7,149.0,1006.1,1470.0
2025-05-21 02:00:00,,34.3,45.0,0.0,9.7,151.0,1005.7,1685.0
2025-05-21 03:00:00,,35.0,43.0,0.0,10.7,153.0,1005.0,1735.0
2025-05-21 04:00:00,,36.0,41.0,0.0,11.5,155.0,1004.1,1915.0
2025-05-21 05:00:00,,36.7,38.0,0.0,11.9,157.0,1003.2,2055.0
2025-05-21 06:00:00,,37.0,37.0,0.0,12.7,159.0,1001.7,2165.0
2025-05-21 07:00:00,,37.0,36.0,0.0,13.0,161.0,1001.0,2200.0
2025-05-21 08:00:00,,36.1,37.0,0.0,7.3,140.0,1000.9,2035.0
2025-05-21 09:00:00,,35.1,37.0,0.0,3.4,183.0,1001.4,1730.0
2025-05-21 10:00:00,,34.2,39.0,0.0,1.7,257.0,1001.9,1535.0
2025-05-21 11:00:00,,33.3,42.0,0.0,1.0,211.0,1002.7,895.0
2025-05-21 12:00:00,,32.7,44.0,0.0,2.2,76.0,1003.6,650.0
2025-05-21 13:00:00,,32.1,49.0,0.0,3.7,129.0,1004.3,540.0
2025-05-21 14:00:00,,31.6,52.0,0.0,2.2,104.0,1004.5,575.0
2025-05-21 15:00:00,,30.9,55.0,0.0,0.7,284.0,1004.4,590.0
2025-05-21 16:00:00,,30.4,57.0,0.0,2.2,235.0,1004.0,530.0
2025-05-21 17:00:00,,30.1,59.0,0.0,1.7,193.0,1003.5,545.0
2025-05-21 18:00:00,,29.7,60.0,0.0,1.3,98.0,1003.0,490.0
2025-05-21 19:00:00,,29.4,61.0,0.0,1.7,72.0,1002.7,55.0
2025-05-21 20:00:00,,29.0,63.0,0.0,2.7,82.0,1002.7,70.0
2025-05-21 21:00:00,,28.6,65.0,0.0,4.4,102.0,1002.9,110.0
2025-05-21 22:00:00,,28.4,67.0,0.0,5.7,122.0,1003.2,170.0
2025-05-21 23:00:00,,29.3,64.0,0.0,4.2,137.0,1003.5,400.0
2025-05-22 00:00:00,,30.7,57.0,0.0,3.0,163.0,1003.6,760.0
2025-05-22 01:00:00,,32.7,51.0,0.0,2.7,188.0,1003.7,1265.0
2025-05-22 02:00:00,,35.0,42.0,0.0,4.0,122.0,1003.0,1755.0
2025-05-22 03:00:00,,36.3,38.0,0.0,3.9,133.0,1002.1,2055.0
2025-05-22 04:00:00,,36.5,38.0,0.0,3.7,259.0,1001.4,2085.0
2025-05-22 05:00:00,,36.2,41.0,0.0,7.8,275.0,1000.5,2035.0
2025-05-22 06:00:00,,36.6,41.0,0.0,7.0,293.0,999.5,2095.0
2025-05-22 07:00:00,,36.8,40.0,0.0,9.2,273.0,999.0,2210.0
2025-05-22 08:00:00,,34.2,52.0,2.2,10.9,254.0,999.1,500.0
2025-05-22 09:00:00,,34.3,49.0,0.1,7.2,276.0,999.1,600.0
2025-05-22 10:00:00,,34.5,47.0,0.0,4.6,257.0,999.8,1540.0
2025-05-22 11:00:00,,33.6,48.0,0.2,2.6,192.0,1000.9,850.0
2025-05-22 12:00:00,,32.5,52.0,0.0,7.4,93.0,1001.9,560.0
2025-05-22 13:00:00,,32.1,55.0,0.0,9.3,99.0,1002.6,660.0
2025-05-22 14:00:00,,30.3,64.0,0.0,10.1,327.0,1003.7,545.0
2025-05-22 15:00:00,,29.2,70.0,0.1,6.7,304.0,1003.4,305.0
2025-05-22 16:00:00,,29.0,70.0,0.0,5.6,295.0,1002.7,355.0
2025-05-22 17:00:00,,28.9,70.0,0.0,4.0,297.0,1002.2,355.0
2025-05-22 18:00:00,,28.9,69.0,0.0,4.0,342.0,1002.0,320.0
2025-05-22 19:00:00,,28.6,70.0,0.0,3.1,360.0,1001.6,280.0
2025-05-22 20:00:00,,28.2,72.0,0.0,1.0,22.0,1001.8,225.0
2025-05-22 21:00:00,,28.0,73.0,0.0,2.2,145.0,1001.9,225.0
2025-05-22 22:00:00,,28.1,72.0,0.0,3.2,128.0,1002.3,365.0
2025-05-22 23:00:00,,29.0,68.0,0.0,3.8,109.0,1002.9,560.0
2025-05-23 00:00:00,,30.5,61.0,0.0,3.7,113.0,1003.0,925.0
2025-05-23 01:00:00,,32.9,49.0,0.0,4.0,120.0,1002.8,1420.0
2025-05-23 02:00:00,,34.8,41.0,0.0,4.2,115.0,1002.4,1810.0
2025-05-23 03:00:00,,36.2,35.0,0.0,4.3,135.0,1001.6,2055.0
2025-05-23 04:00:00,,37.1,31.0,0.0,3.6,217.0,1000.9,2145.0
2025-05-23 05:00:00,,37.0,33.0,0.0,7.3,242.0,1000.0,2165.0
2025-05-23 06:00:00,,36.6,35.0,0.0,8.2,251.0,999.3,2085.0
2025-05-23 07:00:00,,36.6,35.0,0.0,4.3,285.0,999.0,2170.0
2025-05-23 08:00:00,,36.7,35.0,0.0,3.6,270.0,998.8,2270.0
2025-05-23 09:00:00,,36.3,35.0,0.0,3.7,235.0,999.3,2230.0
2025-05-23 10:00:00,,35.4,33.0,0.0,7.9,147.0,1000.1,1990.0
2025-05-23 11:00:00,,33.7,41.0,0.0,9.9,117.0,1001.0,655.0
2025-05-23 12:00:00,,32.3,50.0,0.0,6.9,105.0,1002.0,495.0
2025-05-23 13:00:00,,31.8,51.0,0.0,4.6,116.0,1002.7,390.0
2025-05-23 14:00:00,,31.0,56.0,0.0,2.8,162.0,1003.2,300.0
2025-05-23 15:00:00,,30.5,58.0,0.0,3.1,260.0,1003.4,355.0
2025-05-23 16:00:00,,30.0,60.0,0.0,3.1,260.0,1003.2,375.0
2025-05-23 17:00:00,,29.7,62.0,0.0,3.7,317.0,1003.3,450.0
2025-05-23 18:00:00,,29.1,69.0,0.0,5.0,325.0,1002.9,475.0
2025-05-23 19:00:00,,28.6,72.0,0.0,2.8,342.0,1003.0,455.0
2025-05-23 20:00:00,,28.5,73.0,0.0,1.0,315.0,1003.0,475.0
2025-05-23 21:00:00,,28.4,73.0,0.0,1.6,186.0,1003.1,460.0
2025-05-23 22:00:00,,28.3,72.0,0.0,1.5,135.0,1003.2,405.0
2025-05-23 23:00:00,,29.0,67.0,0.0,0.3,315.0,1003.7,415.0
2025-05-24 00:00:00,,30.5,60.0,0.0,0.0,270.0,1003.7,740.0
2025-05-24 01:00:00,,33.0,50.0,0.0,2.1,121.0,1003.6,1385.0
2025-05-24 02:00:00,,34.5,45.0,0.0,3.3,186.0,1003.4,1670.0
2025-05-24 03:00:00,,35.4,42.0,0.0,3.3,174.0,1002.9,1815.0
2025-05-24 04:00:00,,36.4,38.0,0.0,2.9,173.0,1002.0,1965.0
2025-05-24 05:00:00,,36.8,37.0,0.0,2.3,231.0,1001.4,2155.0
2025-05-24 06:00:00,,37.0,37.0,0.0,1.6,264.0,1000.5,2255.0
2025-05-24 07:00:00,,37.0,36.0,0.0,3.6,243.0,1000.1,2305.0
2025-05-24 08:00:00,,36.5,36.0,0.0,4.0,198.0,1000.3,2160.0
2025-05-24 09:00:00,,34.8,41.0,0.1,6.4,29.0,1001.1,1460.0
2025-05-24 10:00:00,,33.6,46.0,0.0,3.6,37.0,1002.0,1270.0
2025-05-24 11:00:00,,32.8,48.0,0.0,3.6,70.0,1003.2,930.0
2025-05-24 12:00:00,,31.8,53.0,0.0,2.7,352.0,1004.1,780.0
2025-05-24 13:00:00,,31.4,57.0,0.0,10.2,111.0,1004.6,745.0
2025-05-24 14:00:00,,31.3,56.0,0.0,5.9,102.0,1005.5,830.0
2025-05-24 15:00:00,,31.0,55.0,0.0,1.0,301.0,1005.8,930.0
2025-05-24 16:00:00,,30.4,57.0,0.0,0.9,143.0,1005.6,845.0
2025-05-24 17:00:00,,29.7,61.0,0.0,3.4,84.0,1004.9,305.0
2025-05-24 18:00:00,,29.1,65.0,0.0,3.5,39.0,1004.3,140.0
2025-05-24 19:00:00,,28.6,68.0,0.0,2.3,67.0,1003.9,75.0
2025-05-24 20:00:00,,28.3,70.0,0.0,3.1,77.0,1003.9,85.0
2025-05-24 21:00:00,,28.0,71.0,0.0,2.4,54.0,1004.0,70.0
2025-05-24 22:00:00,,27.8,73.0,0.0,1.6,27.0,1004.1,75.0
2025-05-24 23:00:00,,28.8,69.0,0.0,1.1,288.0,1004.8,400.0
2025-05-25 00:00:00,,30.2,62.0,0.0,1.6,264.0,1005.3,715.0
2025-05-25 01:00:00,,32.7,51.0,0.0,1.5,277.0,1005.5,1390.0
2025-05-25 02:00:00,,34.4,45.0,0.0,2.9,240.0,1005.2,1745.0
2025-05-25 03:00:00,,35.3,42.0,0.0,3.9,246.0,1004.6,1965.0
2025-05-25 04:00:00,,35.9,41.0,0.0,6.3,255.0,1004.0,2180.0
2025-05-25 05:00:00,,35.7,43.0,0.0,8.9,256.0,1003.1,2040.0
2025-05-25 06:00:00,,35.1,43.0,0.5,9.5,260.0,1002.5,1255.0
2025-05-25 07:00:00,,34.8,45.0,1.1,8.3,286.0,1002.3,1385.0
2025-05-25 08:00:00,,33.7,49.0,0.5,5.0,19.0,1002.3,790.0
2025-05-25 09:00:00,,33.2,49.0,0.2,3.3,311.0,1002.7,700.0
2025-05-25 10:00:00,,33.0,50.0,0.1,6.0,159.0,1003.4,885.0
2025-05-25 11:00:00,,32.4,54.0,0.0,10.5,127.0,1004.1,960.0
2025-05-25 12:00:00,,31.5,58.0,0.0,10.8,114.0,1004.8,685.0
2025-05-25 13:00:00,,31.3,58.0,0.0,8.8,131.0,1005.2,750.0
2025-05-25 14:00:00,,30.8,61.0,0.0,7.8,130.0,1005.4,805.0
2025-05-25 15:00:00,,30.4,64.0,0.0,8.2,123.0,1005.7,720.0
2025-05-25 16:00:00,,30.0,66.0,0.0,5.4,98.0,1004.9,675.0
2025-05-25 17:00:00,,29.7,66.0,0.0,3.9,24.0,1004.3,650.0
2025-05-25 18:00:00,,29.2,67.0,0.0,3.8,355.0,1004.0,465.0
2025-05-25 19:00:00,,28.8,70.0,0.0,1.8,349.0,1003.6,190.0
2025-05-25 20:00:00,,28.5,71.0,0.0,1.7,131.0,1003.7,140.0
2025-05-25 21:00:00,,28.4,72.0,0.0,3.8,135.0,1004.0,355.0
2025-05-25 22:00:00,,28.3,72.0,0.0,2.9,68.0,1004.1,375.0
2025-05-25 23:00:00,,29.1,69.0,0.0,1.4,337.0,1004.6,595.0
2025-05-26 00:00:00,,30.7,62.0,0.0,0.9,360.0,1005.2,955.0
2025-05-26 01:00:00,,33.0,51.0,0.0,5.6,97.0,1005.3,1410.0
2025-05-26 02:00:00,,34.7,45.0,0.0,7.3,115.0,1005.3,1780.0
2025-05-26 03:00:00,,35.9,41.0,0.1,7.7,114.0,1004.9,1995.0
2025-05-26 04:00:00,,36.4,39.0,0.1,6.5,141.0,1004.0,2095.0
2025-05-26 05:00:00,,33.1,50.0,1.1,9.6,40.0,1004.1,715.0
2025-05-26 06:00:00,,35.5,43.0,0.3,2.7,360.0,1002.9,1975.0
2025-05-26 07:00:00,,35.8,40.0,0.0,5.2,174.0,1002.1,2070.0
2025-05-26 08:00:00,,34.6,44.0,0.1,6.7,144.0,1002.0,1675.0
2025-05-26 09:00:00,,34.6,44.0,0.0,3.3,49.0,1002.1,1710.0
2025-05-26 10:00:00,,33.1,48.0,0.0,1.9,338.0,1003.0,1165.0
2025-05-26 11:00:00,,32.0,52.0,0.2,2.3,302.0,1004.1,875.0
2025-05-26 12:00:00,,30.9,60.0,0.0,6.3,297.0,1004.9,420.0
2025-05-26 13:00:00,,31.4,59.0,0.0,3.1,100.0,1005.3,830.0
2025-05-26 14:00:00,,30.6,62.0,0.0,2.4,279.0,1005.8,585.0
2025-05-26 15:00:00,,30.2,65.0,0.0,3.4,354.0,1005.8,250.0
2025-05-26 16:00:00,,29.6,69.0,0.0,4.3,358.0,1005.1,195.0
2025-05-26 17:00:00,,29.0,73.0,0.0,2.9,11.0,1004.4,115.0
2025-05-26 18:00:00,,28.9,72.0,0.0,3.5,69.0,1004.3,135.0
2025-05-26 19:00:00,,28.7,70.0,0.0,3.4,87.0,1003.9,480.0
2025-05-26 20:00:00,,28.4,70.0,0.0,3.0,73.0,1003.6,130.0
2025-05-26 21:00:00,,28.2,71.0,0.0,1.3,8.0,1004.0,65.0
2025-05-26 22:00:00,,28.1,73.0,0.0,2.4,347.0,1004.3,95.0
2025-05-26 23:00:00,,28.9,69.0,0.0,1.7,311.0,1004.8,700.0
2025-05-27 00:00:00,,30.5,62.0,0.0,4.9,92.0,1005.0,1040.0
2025-05-27 01:00:00,,32.9,51.0,0.0,6.2,107.0,1004.8,1385.0
2025-05-27 02:00:00,,34.4,46.0,0.0,8.6,113.0,1004.5,1620.0
2025-05-27 03:00:00,,35.8,42.0,0.0,9.3,105.0,1004.0,1815.0
2025-05-27 04:00:00,,36.8,39.0,0.0,9.0,106.0,1003.2,2040.0
2025-05-27 05:00:00,,37.4,37.0,0.0,6.4,144.0,1002.5,2260.0
2025-05-27 06:00:00,,34.4,44.0,0.3,8.3,136.0,1002.0,875.0
2025-05-27 07:00:00,,35.6,40.0,0.0,4.5,85.0,1001.3,1705.0
2025-05-27 08:00:00,,36.0,39.0,0.0,4.0,87.0,1001.1,1905.0
2025-05-27 09:00:00,,34.4,43.0,0.1,4.7,83.0,1001.6,1325.0
2025-05-27 10:00:00,,33.8,47.0,0.0,5.7,66.0,1002.4,1330.0
2025-05-27 11:00:00,,32.5,54.0,0.0,7.6,85.0,1003.1,930.0
2025-05-27 12:00:00,,31.3,59.0,0.0,8.9,119.0,1004.4,705.0
2025-05-27 13:00:00,,31.0,59.0,0.0,2.3,45.0,1004.7,565.0
2025-05-27 14:00:00,,30.7,61.0,0.0,4.3,132.0,1005.3,665.0
2025-05-27 15:00:00,,30.5,62.0,0.0,4.1,193.0,1005.0,730.0
2025-05-27 16:00:00,,29.8,65.0,0.0,5.4,143.0,1004.8,610.0
2025-05-27 17:00:00,,29.4,67.0,0.0,4.3,152.0,1004.8,460.0
2025-05-27 18:00:00,,28.8,70.0,0.0,5.0,154.0,1004.1,350.0
2025-05-27 19:00:00,,28.4,72.0,0.0,5.1,122.0,1003.8,385.0
2025-05-27 20:00:00,,28.3,72.0,0.0,1.1,81.0,1003.6,70.0
2025-05-27 21:00:00,,28.1,73.0,0.0,1.0,338.0,1003.3,60.0
2025-05-27 22:00:00,,28.1,74.0,0.0,2.0,80.0,1003.8,360.0
2025-05-27 23:00:00,,28.9,70.0,0.0,4.7,184.0,1004.5,495.0
2025-05-28 00:00:00,,30.3,63.0,0.0,5.6,165.0,1005.0,885.0
2025-05-28 01:00:00,,31.4,59.0,0.0,7.8,124.0,1005.6,1230.0
2025-05-28 02:00:00,,31.6,57.0,0.1,11.3,134.0,1005.5,1160.0
2025-05-28 03:00:00,,32.2,55.0,0.1,13.5,126.0,1005.0,1090.0
2025-05-28 04:00:00,,32.2,55.0,0.0,12.6,131.0,1003.9,1045.0
2025-05-28 05:00:00,,33.8,50.0,0.0,12.9,137.0,1002.8,1275.0
2025-05-28 06:00:00,,34.4,47.0,0.0,12.9,144.0,1001.8,1460.0
2025-05-28 07:00:00,,34.1,48.0,0.0,10.9,151.0,1001.3,1435.0
2025-05-28 08:00:00,,33.8,49.0,0.0,11.0,148.0,1001.2,1420.0
2025-05-28 09:00:00,,31.7,59.0,0.1,15.2,137.0,1002.2,765.0
2025-05-28 10:00:00,,31.4,60.0,0.0,13.4,132.0,1002.7,840.0
2025-05-28 11:00:00,,30.9,62.0,0.0,13.5,128.0,1003.8,850.0
2025-05-28 12:00:00,,30.1,65.0,0.0,10.4,127.0,1004.7,665.0
2025-05-28 13:00:00,,30.7,63.0,0.0,9.6,147.0,1005.3,830.0
2025-05-28 14:00:00,,30.6,63.0,0.0,7.9,153.0,1006.1,850.0
2025-05-28 15:00:00,,30.4,63.0,0.0,7.2,143.0,1006.5,845.0
2025-05-28 16:00:00,,30.1,64.0,0.0,6.6,154.0,1005.3,885.0
2025-05-28 17:00:00,,29.6,65.0,0.0,3.1,204.0,1004.9,825.0
2025-05-28 18:00:00,,29.2,67.0,0.0,1.2,153.0,1004.2,625.0
2025-05-28 19:00:00,,29.0,67.0,0.0,2.2,261.0,1003.8,775.0
2025-05-28 20:00:00,,28.3,70.0,0.0,4.8,292.0,1004.6,280.0
2025-05-28 21:00:00,,27.7,78.0,0.0,5.6,6.0,1004.2,260.0
2025-05-28 22:00:00,,27.4,81.0,0.0,5.2,338.0,1004.7,245.0
2025-05-28 23:00:00,,28.0,78.0,0.0,4.5,34.0,1005.2,355.0
2025-05-29 00:00:00,,29.3,70.0,0.0,0.6,18.0,1005.5,735.0
2025-05-29 01:00:00,,30.2,66.0,0.0,4.5,286.0,1006.5,840.0
2025-05-29 02:00:00,,31.4,59.0,0.0,8.3,259.0,1006.7,1115.0
2025-05-29 03:00:00,,30.9,59.0,0.6,12.2,244.0,1006.5,865.0
2025-05-29 04:00:00,,31.2,59.0,0.2,8.6,260.0,1006.1,900.0
2025-05-29 05:00:00,,31.6,56.0,0.0,8.4,239.0,1005.0,970.0
2025-05-29 06:00:00,,31.8,55.0,0.0,8.0,254.0,1004.2,790.0
2025-05-29 07:00:00,,32.0,56.0,0.0,9.3,262.0,1003.3,705.0
2025-05-29 08:00:00,,31.1,60.0,0.0,9.1,252.0,1003.3,615.0
2025-05-29 09:00:00,,30.8,64.0,0.0,10.7,234.0,1003.6,710.0
2025-05-29 10:00:00,,30.1,69.0,0.0,13.5,232.0,1003.8,720.0
2025-05-29 11:00:00,,30.0,70.0,0.0,10.8,228.0,1004.3,625.0
2025-05-29 12:00:00,,30.0,70.0,0.0,7.8,236.0,1005.1,595.0
2025-05-29 13:00:00,,29.8,68.0,0.0,9.2,253.0,1005.9,705.0
2025-05-29 14:00:00,,29.6,70.0,0.0,7.6,263.0,1005.7,750.0
2025-05-29 15:00:00,,29.4,71.0,0.0,5.1,266.0,1005.4,670.0
2025-05-29 16:00:00,,29.4,72.0,0.0,4.3,265.0,1005.0,630.0
2025-05-29 17:00:00,,29.2,73.0,0.0,5.6,245.0,1004.6,600.0
2025-05-29 18:00:00,,29.0,74.0,0.0,4.7,268.0,1004.5,600.0
2025-05-29 19:00:00,,29.0,75.0,0.0,5.1,252.0,1004.4,695.0
2025-05-29 20:00:00,,28.9,76.0,0.0,5.4,274.0,1004.2,720.0
2025-05-29 21:00:00,,28.6,77.0,0.1,4.8,255.0,1004.3,630.0
2025-05-29 22:00:00,,28.7,76.0,0.1,5.6,225.0,1004.4,680.0
2025-05-29 23:00:00,,29.5,71.0,0.0,8.9,249.0,1005.2,755.0
2025-05-30 00:00:00,,29.2,72.0,0.2,12.5,263.0,1005.7,710.0
2025-05-30 01:00:00,,29.4,71.0,0.0,2.6,304.0,1006.1,785.0
2025-05-30 02:00:00,,30.5,66.0,0.0,5.6,276.0,1006.3,1045.0
2025-05-30 03:00:00,,31.6,61.0,0.0,8.6,258.0,1005.8,1095.0
2025-05-30 04:00:00,,31.9,58.0,0.0,9.9,248.0,1005.4,1015.0
2025-05-30 05:00:00,,31.9,60.0,0.0,13.6,244.0,1005.1,975.0
2025-05-30 06:00:00,1.43,31.6,62.0,0.0,14.5,248.0,1004.5,910.0
2025-05-30 07:00:00,1.15,30.4,68.0,3.5,13.1,261.0,1004.4,715.0
2025-05-30 08:00:00,0.51,28.9,76.0,0.6,9.2,254.0,1004.2,540.0
2025-05-30 09:00:00,0.282,29.2,75.0,0.1,5.6,237.0,1004.1,590.0
2025-05-30 10:00:00,0.272,29.0,77.0,0.1,6.1,227.0,1004.1,580.0
2025-05-30 11:00:00,0.373,28.8,79.0,0.3,6.8,241.0,1004.8,585.0
2025-05-30 12:00:00,0.417,28.6,78.0,0.6,5.5,257.0,1005.8,525.0
2025-05-30 13:00:00,1.56,27.7,80.0,0.6,4.6,288.0,1007.1,450.0
2025-05-30 14:00:00,1.81,27.4,83.0,0.6,3.2,326.0,1007.2,350.0
2025-05-30 15:00:00,1.84,27.0,87.0,0.2,4.5,7.0,1006.9,280.0
2025-05-30 16:00:00,1.48,26.8,88.0,0.0,4.3,57.0,1006.5,205.0
2025-05-30 17:00:00,1.45,26.7,88.0,0.1,4.8,68.0,1006.2,180.0
2025-05-30 18:00:00,1.95,26.7,86.0,0.3,4.8,56.0,1005.6,170.0
2025-05-30 19:00:00,2.18,26.4,84.0,0.3,4.3,73.0,1004.9,145.0
2025-05-30 20:00:00,2.19,26.2,84.0,0.2,3.4,72.0,1004.6,95.0
2025-05-30 21:00:00,2.48,26.1,86.0,0.2,2.3,94.0,1004.7,50.0
2025-05-30 22:00:00,3.08,26.2,86.0,0.6,2.3,67.0,1004.7,45.0
2025-05-30 23:00:00,3.76,26.5,87.0,1.0,3.7,29.0,1005.2,115.0
2025-05-31 00:00:00,11.1,27.0,85.0,0.2,2.8,281.0,1005.7,225.0
2025-05-31 01:00:00,18.5,27.8,84.0,0.5,3.8,131.0,1006.3,320.0
2025-05-31 02:00:00,18.7,28.2,83.0,0.5,6.8,245.0,1006.3,570.0
2025-05-31 03:00:00,16.4,29.3,79.0,0.5,8.8,242.0,1005.8,710.0
2025-05-31 04:00:00,10.7,30.0,74.0,0.1,11.8,242.0,1005.3,785.0
2025-05-31 05:00:00,6.77,30.7,71.0,0.1,12.9,240.0,1004.5,860.0
2025-05-31 06:00:00,4.78,30.5,71.0,0.1,12.2,234.0,1003.8,800.0
2025-05-31 07:00:00,3.26,30.8,66.0,0.2,13.4,243.0,1003.5,800.0
2025-05-31 08:00:00,1.88,28.6,79.0,2.3,15.4,233.0,1003.6,590.0
2025-05-31 09:00:00,1.17,27.7,85.0,0.0,14.6,236.0,1003.9,460.0
2025-05-31 10:00:00,1.39,27.9,83.0,0.0,11.2,246.0,1004.4,540.0
2025-05-31 11:00:00,0.839,26.8,87.0,1.6,10.4,228.0,1005.3,420.0
2025-05-31 12:00:00,0.509,27.2,88.0,0.6,10.1,207.0,1005.4,480.0
2025-05-31 13:00:00,1.03,25.7,95.0,2.1,5.6,68.0,1006.4,100.0
2025-05-31 14:00:00,0.904,25.5,95.0,0.6,5.7,72.0,1006.7,85.0
2025-05-31 15:00:00,0.693,25.4,96.0,0.0,5.4,86.0,1006.0,80.0
2025-05-31 16:00:00,0.923,25.5,96.0,0.0,6.1,109.0,1005.5,85.0
2025-05-31 17:00:00,1.28,25.9,94.0,0.2,6.8,148.0,1005.2,195.0
2025-05-31 18:00:00,2.22,26.0,95.0,0.1,5.3,145.0,1004.6,145.0
2025-05-31 19:00:00,3.28,25.9,96.0,0.0,5.6,153.0,1004.1,150.0
2025-05-31 20:00:00,3.83,26.0,95.0,0.0,5.1,144.0,1003.8,140.0
2025-05-31 21:00:00,4.46,25.5,96.0,0.0,3.4,108.0,1003.5,70.0
2025-05-31 22:00:00,5.67,25.9,93.0,0.0,4.4,122.0,1003.8,55.0
2025-05-31 23:00:00,6.56,26.9,89.0,0.0,3.4,133.0,1004.6,240.0
2025-06-01 00:00:00,6.48,27.7,85.0,0.1,5.7,238.0,1005.6,540.0
2025-06-01 01:00:00,6.27,29.6,74.0,0.1,3.7,194.0,1005.4,875.0
2025-06-01 02:00:00,5.67,30.6,67.0,0.0,10.1,221.0,1005.3,1010.0
2025-06-01 03:00:00,5.37,30.1,71.0,0.2,14.6,232.0,1005.1,820.0
2025-06-01 04:00:00,4.93,29.9,76.0,0.0,13.0,241.0,1004.6,745.0
2025-06-01 05:00:00,4.21,29.5,77.0,0.0,13.6,246.0,1003.9,770.0
2025-06-01 06:00:00,3.26,29.8,75.0,0.1,17.8,235.0,1003.2,835.0
2025-06-01 07:00:00,2.44,29.3,79.0,0.0,15.2,246.0,1002.5,775.0
2025-06-01 08:00:00,1.43,30.0,75.0,0.0,15.8,240.0,1002.2,895.0
2025-06-01 09:00:00,0.903,29.6,76.0,0.0,16.6,239.0,1002.4,825.0
2025-06-01 10:00:00,,29.2,80.0,0.0,14.8,236.0,1003.1,760.0
2025-06-01 11:00:00,,28.3,83.0,0.3,14.2,237.0,1003.7,655.0
2025-06-01 12:00:00,,26.6,86.0,2.0,16.6,249.0,1004.9,510.0
2025-06-01 13:00:00,,28.4,84.0,0.0,10.4,240.0,1004.8,620.0
2025-06-01 14:00:00,,28.1,84.0,0.0,12.3,240.0,1005.1,565.0
2025-06-01 15:00:00,0.26,27.8,84.0,0.2,14.6,240.0,1005.2,610.0
2025-06-01 16:00:00,0.28,27.5,86.0,0.0,13.0,235.0,1004.9,615.0
2025-06-01 17:00:00,0.239,27.5,85.0,0.0,10.1,226.0,1003.6,590.0
2025-06-01 18:00:00,,27.3,87.0,0.0,9.5,237.0,1003.4,495.0
2025-06-01 19:00:00,,27.2,88.0,0.0,6.9,237.0,1003.0,460.0
2025-06-01 20:00:00,,27.3,87.0,0.0,8.6,231.0,1002.8,465.0
2025-06-01 21:00:00,,27.2,87.0,0.1,10.6,240.0,1002.7,495.0
2025-06-01 22:00:00,,27.4,86.0,0.1,11.1,219.0,1002.5,610.0
2025-06-01 23:00:00,,27.6,85.0,0.0,13.5,237.0,1003.4,650.0
2025-06-02 00:00:00,,28.4,82.0,0.1,13.1,240.0,1003.7,770.0
2025-06-02 01:00:00,,30.1,73.0,0.1,14.9,225.0,1003.4,875.0
2025-06-02 02:00:00,,30.7,71.0,0.2,15.2,233.0,1003.3,935.0
2025-06-02 03:00:00,1.51,30.3,72.0,0.2,16.4,230.0,1003.5,780.0
2025-06-02 04:00:00,0.717,30.4,75.0,0.1,18.3,245.0,1003.0,870.0
2025-06-02 05:00:00,0.337,30.3,77.0,0.7,18.2,235.0,1002.1,800.0
2025-06-02 06:00:00,,29.5,79.0,0.8,21.2,233.0,1001.8,915.0
2025-06-02 07:00:00,0.159,29.6,78.0,0.1,18.1,236.0,1001.2,940.0
2025-06-02 08:00:00,0.413,29.4,74.0,0.4,20.1,234.0,1001.3,925.0
2025-06-02 09:00:00,0.63,28.0,81.0,2.4,16.4,225.0,1001.5,640.0
2025-06-02 10:00:00,,27.6,83.0,0.1,14.4,226.0,1002.0,730.0
2025-06-02 11:00:00,,27.8,82.0,0.1,15.3,232.0,1002.7,640.0
2025-06-02 12:00:00,,26.9,86.0,3.1,15.0,240.0,1003.8,575.0
2025-06-02 13:00:00,,26.7,86.0,0.7,12.1,240.0,1005.0,430.0
2025-06-02 14:00:00,,27.0,87.0,0.0,6.4,202.0,1004.5,380.0
2025-06-02 15:00:00,,26.9,88.0,0.0,4.9,204.0,1004.3,370.0
2025-06-02 16:00:00,,26.7,89.0,0.0,5.5,171.0,1003.5,155.0
2025-06-02 17:00:00,2.98,26.5,91.0,0.1,7.6,184.0,1002.8,375.0
2025-06-02 18:00:00,3.2,26.3,92.0,0.1,9.9,195.0,1001.8,420.0
2025-06-02 19:00:00,3.36,26.4,91.0,0.1,11.3,200.0,1001.9,520.0
2025-06-02 20:00:00,3.76,26.6,90.0,0.1,6.9,186.0,1001.7,445.0
2025-06-02 21:00:00,4.19,26.4,91.0,0.0,8.1,192.0,1001.8,415.0
2025-06-02 22:00:00,5.17,26.6,90.0,0.1,8.7,198.0,1001.9,460.0
2025-06-02 23:00:00,,27.5,87.0,0.1,10.3,209.0,1002.4,630.0
2025-06-03 00:00:00,8.93,28.3,82.0,0.1,14.2,221.0,1002.9,715.0
2025-06-03 01:00:00,7.61,29.7,76.0,0.0,12.7,230.0,1003.3,900.0
2025-06-03 02:00:00,5.26,30.4,73.0,0.2,14.9,236.0,1003.1,850.0
2025-06-03 03:00:00,,30.6,72.0,0.0,15.9,241.0,1002.8,830.0
2025-06-03 04:00:00,,30.8,73.0,0.1,16.5,240.0,1002.1,770.0
2025-06-03 05:00:00,,31.0,68.0,0.4,20.8,242.0,1001.5,850.0
2025-06-03 06:00:00,,29.4,77.0,5.2,18.2,250.0,1001.8,695.0
2025-06-03 07:00:00,,29.3,79.0,0.5,12.4,228.0,1001.1,610.0
2025-06-03 08:00:00,2.59,29.2,81.0,0.2,14.6,230.0,1000.7,675.0
2025-06-03 09:00:00,2.72,28.9,80.0,0.2,13.5,239.0,1001.2,580.0
2025-06-03 10:00:00,2.66,28.2,84.0,0.2,10.1,246.0,1002.1,460.0
2025-06-03 11:00:00,2.73,28.0,86.0,0.2,7.5,197.0,1002.5,385.0
2025-06-03 12:00:00,3.4,27.8,86.0,0.0,8.5,216.0,1003.3,470.0
2025-06-03 13:00:00,3.8,27.6,89.0,0.2,2.7,176.0,1004.3,330.0
2025-06-03 14:00:00,4.05,26.4,93.0,3.6,3.0,123.0,1004.9,45.0
2025-06-03 15:00:00,4.03,26.7,94.0,0.1,2.2,175.0,1004.8,40.0
2025-06-03 16:00:00,4.71,25.6,95.0,6.2,5.1,117.0,1004.6,90.0
2025-06-03 17:00:00,5.16,25.6,94.0,0.0,3.1,170.0,1003.8,175.0
2025-06-03 18:00:00,5.73,25.7,96.0,0.1,2.9,120.0,1002.7,45.0
2025-06-03 19:00:00,6.85,25.6,96.0,0.0,3.4,198.0,1002.4,90.0
2025-06-03 20:00:00,8.46,26.5,92.0,0.0,8.1,186.0,1002.3,395.0
2025-06-03 21:00:00,7.81,26.4,93.0,0.1,7.5,169.0,1002.7,300.0
2025-06-03 22:00:00,8.07,26.4,93.0,0.1,8.1,175.0,1003.5,370.0
2025-06-03 23:00:00,9.77,27.2,89.0,0.1,7.2,194.0,1004.0,480.0
2025-06-04 00:00:00,10.7,28.7,79.0,0.1,10.7,216.0,1004.2,685.0
2025-06-04 01:00:00,9.9,30.1,75.0,0.0,5.4,214.0,1003.8,735.0
2025-06-04 02:00:00,9.48,30.6,72.0,0.0,10.6,231.0,1004.1,750.0
2025-06-04 03:00:00,9.43,30.9,71.0,0.1,10.1,229.0,1003.6,730.0
2025-06-04 04:00:00,10.6,30.7,75.0,0.2,13.0,237.0,1003.4,720.0
2025-06-04 05:00:00,11.4,30.7,74.0,0.1,15.2,236.0,1003.0,705.0
2025-06-04 06:00:00,9.18,30.5,74.0,0.1,17.1,244.0,1002.7,880.0
2025-06-04 07:00:00,7.49,29.8,77.0,0.6,12.1,228.0,1001.9,720.0
2025-06-04 08:00:00,5.19,29.7,76.0,0.3,14.2,232.0,1002.0,780.0
2025-06-04 09:00:00,3.8,27.6,85.0,4.1,14.4,233.0,1003.0,570.0
2025-06-04 10:00:00,3.27,26.2,91.0,6.7,12.0,279.0,1004.8,470.0
2025-06-04 11:00:00,2.88,26.4,87.0,0.1,2.6,245.0,1004.9,335.0
2025-06-04 12:00:00,2.68,26.3,89.0,0.1,5.2,61.0,1005.4,140.0
2025-06-04 13:00:00,2.41,26.5,92.0,0.0,7.5,127.0,1006.0,170.0
2025-06-04 14:00:00,2.24,26.8,91.0,0.0,2.9,158.0,1006.0,105.0
2025-06-04 15:00:00,2.54,27.0,90.0,0.0,6.3,204.0,1006.3,480.0
2025-06-04 16:00:00,2.17,27.1,90.0,0.0,4.7,198.0,1005.9,370.0
2025-06-04 17:00:00,1.98,26.9,91.0,0.0,3.6,171.0,1004.7,210.0
2025-06-04 18:00:00,1.67,26.7,92.0,0.0,5.8,173.0,1003.9,260.0
2025-06-04 19:00:00,1.43,26.5,93.0,0.0,7.0,168.0,1003.9,310.0
2025-06-04 20:00:00,1.84,26.2,94.0,0.0,6.6,137.0,1004.0,215.0
2025-06-04 21:00:00,2.82,26.0,94.0,0.0,4.3,112.0,1003.8,110.0
2025-06-04 22:00:00,3.23,25.9,94.0,0.0,4.1,113.0,1004.0,80.0
2025-06-04 23:00:00,4.93,26.7,90.0,0.0,4.0,87.0,1004.4,165.0
2025-06-05 00:00:00,6.47,27.6,85.0,0.0,2.0,90.0,1004.6,335.0
2025-06-05 01:00:00,7.21,29.8,78.0,0.0,2.9,202.0,1004.2,660.0
2025-06-05 02:00:00,8.36,30.7,73.0,0.0,5.5,261.0,1004.4,870.0
2025-06-05 03:00:00,9.89,31.0,71.0,0.0,7.2,267.0,1004.4,855.0
2025-06-05 04:00:00,8.46,31.5,67.0,0.0,8.3,254.0,1003.8,775.0
2025-06-05 05:00:00,7.36,31.6,69.0,0.0,9.8,244.0,1003.0,595.0
2025-06-05 06:00:00,8.37,30.9,72.0,0.2,8.9,242.0,1002.2,550.0
2025-06-05 07:00:00,8.35,30.4,76.0,0.1,4.5,272.0,1002.0,625.0
2025-06-05 08:00:00,7.02,29.6,80.0,0.2,2.9,227.0,1002.3,630.0
2025-06-05 09:00:00,8.71,27.2,83.0,8.9,5.7,238.0,1003.5,225.0
2025-06-05 10:00:00,13.4,26.7,85.0,0.4,4.6,141.0,1004.0,250.0
2025-06-05 11:00:00,17.7,26.3,89.0,0.1,5.2,25.0,1004.2,160.0
2025-06-05 12:00:00,18.0,26.5,89.0,0.0,3.2,243.0,1005.1,120.0
2025-06-05 13:00:00,19.4,26.3,94.0,4.1,2.2,132.0,1005.4,60.0
2025-06-05 14:00:00,23.6,25.7,95.0,0.2,6.5,88.0,1005.7,225.0
2025-06-05 15:00:00,26.6,25.9,90.0,0.1,1.5,173.0,1005.1,110.0
2025-06-05 16:00:00,28.9,25.6,91.0,0.0,2.9,86.0,1004.1,95.0
2025-06-05 17:00:00,30.5,25.7,92.0,0.0,2.5,21.0,1003.5,95.0
2025-06-05 18:00:00,30.6,25.6,94.0,0.0,3.4,84.0,1003.2,75.0
2025-06-05 19:00:00,30.9,25.6,94.0,0.0,2.8,125.0,1003.2,45.0
2025-06-05 20:00:00,30.6,25.4,96.0,0.0,5.8,185.0,1003.9,110.0
2025-06-05 21:00:00,29.7,25.8,89.0,0.3,2.8,153.0,1004.0,195.0
2025-06-05 22:00:00,29.4,25.6,91.0,0.0,5.7,81.0,1003.6,110.0
2025-06-05 23:00:00,29.1,26.4,87.0,0.0,0.6,214.0,1004.4,225.0
2025-06-06 00:00:00,29.0,27.6,82.0,0.0,0.5,180.0,1004.4,455.0
2025-06-06 01:00:00,29.2,29.7,73.0,0.0,1.5,225.0,1004.2,655.0
2025-06-06 02:00:00,30.6,30.3,72.0,0.0,2.5,266.0,1004.0,685.0
2025-06-06 03:00:00,33.6,31.2,71.0,0.0,2.8,259.0,1003.3,750.0
2025-06-06 04:00:00,36.9,31.5,71.0,0.1,5.3,252.0,1002.8,780.0
2025-06-06 05:00:00,39.7,32.0,70.0,0.1,5.5,229.0,1001.8,785.0
2025-06-06 06:00:00,40.1,29.6,75.0,1.5,5.8,34.0,1001.9,260.0
2025-06-06 07:00:00,35.9,29.3,77.0,0.1,3.1,114.0,1001.6,400.0
2025-06-06 08:00:00,32.0,29.1,80.0,0.2,2.6,115.0,1001.1,355.0
2025-06-06 09:00:00,28.2,29.5,74.0,1.3,4.1,193.0,1001.5,365.0
2025-06-06 10:00:00,26.0,25.5,93.0,11.1,8.0,38.0,1002.9,170.0
2025-06-06 11:00:00,24.8,25.7,88.0,0.4,2.0,315.0,1003.2,160.0
2025-06-06 12:00:00,26.0,24.8,94.0,1.1,2.6,56.0,1004.0,95.0
2025-06-06 13:00:00,28.4,27.0,91.0,0.0,5.9,337.0,1003.9,240.0
2025-06-06 14:00:00,29.3,26.7,92.0,0.0,6.4,11.0,1004.5,265.0
2025-06-06 15:00:00,27.3,26.2,94.0,0.0,5.2,346.0,1004.2,265.0
2025-06-06 16:00:00,25.9,25.9,95.0,0.0,3.1,336.0,1003.6,195.0
2025-06-06 17:00:00,25.4,25.8,94.0,0.0,4.0,324.0,1002.9,180.0
2025-06-06 18:00:00,25.6,25.4,96.0,0.0,3.9,336.0,1002.4,150.0
2025-06-06 19:00:00,25.0,25.1,97.0,0.0,4.0,355.0,1002.1,150.0
2025-06-06 20:00:00,24.4,25.0,97.0,0.0,2.3,29.0,1002.3,105.0
2025-06-06 21:00:00,23.7,24.8,97.0,0.0,3.1,7.0,1002.2,110.0
2025-06-06 22:00:00,23.5,24.6,98.0,0.0,2.9,4.0,1002.7,80.0
2025-06-06 23:00:00,23.5,25.5,94.0,0.0,3.7,346.0,1003.2,160.0
2025-06-07 00:00:00,22.2,26.6,89.0,0.0,4.4,341.0,1003.5,250.0
2025-06-07 01:00:00,21.9,28.6,79.0,0.0,4.4,302.0,1003.5,460.0
2025-06-07 02:00:00,21.6,29.5,75.0,0.0,3.7,293.0,1003.7,650.0
2025-06-07 03:00:00,22.5,30.3,72.0,0.1,5.4,274.0,1002.9,750.0
2025-06-07 04:00:00,23.5,30.4,74.0,0.4,6.4,254.0,1002.2,650.0
2025-06-07 05:00:00,23.8,27.9,81.0,6.8,10.3,155.0,1002.0,310.0
2025-06-07 06:00:00,24.2,27.5,86.0,0.5,0.3,135.0,1001.2,210.0
2025-06-07 07:00:00,27.2,27.7,83.0,0.6,6.8,243.0,1001.0,475.0
2025-06-07 08:00:00,27.7,27.7,80.0,2.9,3.4,267.0,1001.0,365.0
2025-06-07 09:00:00,28.4,27.7,81.0,0.3,2.9,210.0,1001.3,485.0
2025-06-07 10:00:00,28.6,27.1,83.0,0.6,6.0,333.0,1001.9,275.0
2025-06-07 11:00:00,29.2,26.6,88.0,0.2,3.4,58.0,1002.1,85.0
2025-06-07 12:00:00,28.8,26.3,91.0,0.0,4.3,42.0,1002.6,100.0
2025-06-07 13:00:00,28.8,26.0,92.0,0.1,3.3,174.0,1002.8,95.0
2025-06-07 14:00:00,29.3,25.9,93.0,0.4,1.3,196.0,1003.3,120.0
2025-06-07 15:00:00,31.2,25.9,92.0,0.2,2.7,8.0,1002.8,145.0
2025-06-07 16:00:00,28.2,25.6,94.0,0.2,3.2,357.0,1002.6,170.0
2025-06-07 17:00:00,25.6,25.7,89.0,0.2,3.6,354.0,1002.0,150.0
2025-06-07 18:00:00,22.0,25.5,93.0,0.1,5.0,339.0,1001.4,180.0
2025-06-07 19:00:00,17.8,25.4,91.0,0.7,5.6,353.0,1001.1,195.0
2025-06-07 20:00:00,13.0,24.6,96.0,1.6,9.1,14.0,1001.2,240.0
2025-06-07 21:00:00,9.65,24.5,96.0,1.4,6.9,17.0,1001.0,220.0
2025-06-07 22:00:00,7.74,24.5,95.0,0.4,6.9,6.0,1001.5,235.0
2025-06-07 23:00:00,7.39,25.1,93.0,0.3,5.9,11.0,1002.1,230.0
2025-06-08 00:00:00,7.11,25.3,93.0,0.3,3.8,11.0,1002.3,215.0
2025-06-08 01:00:00,6.54,26.5,85.0,0.1,4.3,255.0,1002.1,335.0
2025-06-08 02:00:00,6.33,27.3,82.0,0.2,4.6,281.0,1002.0,425.0
2025-06-08 03:00:00,5.59,28.3,79.0,0.0,3.9,248.0,1001.5,555.0
2025-06-08 04:00:00,5.4,28.7,78.0,0.1,6.3,239.0,1000.8,625.0
2025-06-08 05:00:00,5.96,28.8,77.0,0.2,6.0,253.0,999.9,565.0
2025-06-08 06:00:00,7.61,28.8,79.0,0.0,8.3,222.0,999.2,625.0
2025-06-08 07:00:00,10.5,28.5,81.0,0.1,7.5,233.0,998.8,575.0
2025-06-08 08:00:00,14.1,27.3,83.0,2.0,9.5,213.0,998.9,475.0
2025-06-08 09:00:00,14.6,27.2,82.0,0.9,8.2,218.0,999.0,455.0
2025-06-08 10:00:00,13.9,26.3,89.0,2.0,4.1,195.0,999.7,255.0
2025-06-08 11:00:00,10.6,26.1,92.0,0.4,3.1,149.0,1000.6,75.0
2025-06-08 12:00:00,8.96,25.9,96.0,0.1,0.9,127.0,1001.1,20.0
2025-06-08 13:00:00,7.46,26.6,92.0,0.1,3.7,203.0,1000.9,245.0
2025-06-08 14:00:00,6.36,26.3,93.0,0.1,3.4,198.0,1001.7,230.0
2025-06-08 15:00:00,5.51,26.5,89.0,0.1,6.3,217.0,1001.7,485.0
2025-06-08 16:00:00,4.65,26.7,89.0,0.0,7.1,195.0,1001.1,545.0
2025-06-08 17:00:00,4.68,26.5,87.0,0.1,7.3,200.0,1000.3,470.0
2025-06-08 18:00:00,4.43,26.5,86.0,0.1,5.3,172.0,999.5,425.0
2025-06-08 19:00:00,4.2,26.1,90.0,0.0,6.9,149.0,999.3,340.0
2025-06-08 20:00:00,4.21,25.7,91.0,0.1,6.9,173.0,999.5,370.0
2025-06-08 21:00:00,3.87,25.8,91.0,0.1,6.1,137.0,999.9,170.0
2025-06-08 22:00:00,4.01,25.7,92.0,0.1,5.9,153.0,999.8,215.0
2025-06-08 23:00:00,3.71,26.6,88.0,0.2,3.7,137.0,1000.1,370.0
2025-06-09 00:00:00,3.32,27.6,83.0,0.1,6.4,196.0,1000.2,475.0
2025-06-09 01:00:00,3.02,29.4,76.0,0.1,7.4,236.0,1000.2,785.0
2025-06-09 02:00:00,1.77,30.1,72.0,0.0,8.4,225.0,999.8,805.0
2025-06-09 03:00:00,1.87,30.4,70.0,0.1,8.1,227.0,999.4,815.0
2025-06-09 04:00:00,2.08,30.2,71.0,0.2,10.2,231.0,998.4,725.0
2025-06-09 05:00:00,1.36,29.7,75.0,0.6,14.3,226.0,998.0,680.0
2025-06-09 06:00:00,0.58,30.1,74.0,0.4,14.5,222.0,997.8,905.0
2025-06-09 07:00:00,0.811,29.1,77.0,0.2,15.1,221.0,997.3,825.0
2025-06-09 08:00:00,0.646,28.4,78.0,0.6,14.8,221.0,997.3,750.0
2025-06-09 09:00:00,0.524,27.8,79.0,0.8,13.0,211.0,997.8,625.0
2025-06-09 10:00:00,0.621,26.0,90.0,1.6,7.9,200.0,998.5,510.0
2025-06-09 11:00:00,1.77,26.3,91.0,1.6,6.1,194.0,998.8,440.0
2025-06-09 12:00:00,3.25,26.3,92.0,0.1,8.8,179.0,998.6,450.0
2025-06-09 13:00:00,4.2,26.3,92.0,0.2,9.3,131.0,999.8,300.0
2025-06-09 14:00:00,3.96,26.5,91.0,0.0,7.8,130.0,999.8,310.0
2025-06-09 15:00:00,3.64,26.6,91.0,0.0,7.7,152.0,1000.1,285.0
2025-06-09 16:00:00,3.32,26.6,89.0,0.0,7.3,164.0,999.0,400.0
2025-06-09 17:00:00,3.03,26.7,87.0,0.0,7.9,164.0,998.5,405.0
2025-06-09 18:00:00,3.03,26.3,89.0,0.0,4.5,113.0,998.0,75.0
2025-06-09 19:00:00,2.98,26.0,90.0,0.0,4.5,88.0,997.6,50.0
2025-06-09 20:00:00,2.76,25.9,91.0,0.0,5.0,71.0,997.3,50.0
2025-06-09 21:00:00,2.49,25.6,92.0,0.0,5.9,67.0,997.6,45.0
2025-06-09 22:00:00,2.2,25.6,91.0,0.0,5.8,68.0,998.1,35.0
2025-06-09 23:00:00,2.64,27.4,86.0,0.0,2.1,285.0,998.8,75.0
2025-06-10 00:00:00,3.19,27.8,82.0,0.3,4.9,216.0,999.1,510.0
2025-06-10 01:00:00,2.8,29.8,72.0,0.1,4.7,162.0,999.8,700.0
2025-06-10 02:00:00,1.98,30.4,72.0,0.1,6.5,182.0,999.7,1175.0
2025-06-10 03:00:00,0.696,30.6,70.0,0.7,10.2,221.0,999.3,720.0
2025-06-10 04:00:00,1.15,28.3,80.0,1.6,12.6,224.0,999.1,475.0
2025-06-10 05:00:00,0.92,28.3,82.0,0.2,14.4,211.0,998.8,515.0
2025-06-10 06:00:00,0.909,28.8,78.0,1.9,11.5,202.0,998.5,490.0
2025-06-10 07:00:00,0.732,27.8,85.0,1.1,4.2,198.0,997.8,340.0
2025-06-10 08:00:00,0.668,27.5,87.0,0.4,6.0,209.0,997.7,440.0
2025-06-10 09:00:00,1.81,26.2,89.0,3.6,11.0,212.0,998.2,395.0
2025-06-10 10:00:00,2.3,26.3,92.0,0.9,6.0,185.0,999.1,375.0
2025-06-10 11:00:00,3.12,25.8,95.0,1.0,6.1,175.0,999.1,280.0
2025-06-10 12:00:00,4.77,25.7,97.0,1.5,3.6,153.0,999.9,55.0
2025-06-10 13:00:00,5.47,26.0,95.0,0.3,5.6,92.0,1000.2,60.0
2025-06-10 14:00:00,6.13,25.8,94.0,0.2,5.1,84.0,1000.4,45.0
2025-06-10 15:00:00,7.13,25.6,95.0,0.4,3.6,90.0,1000.3,35.0
2025-06-10 16:00:00,7.94,25.3,96.0,0.2,3.6,96.0,1000.0,30.0
2025-06-10 17:00:00,8.75,25.3,95.0,0.1,3.1,80.0,999.6,25.0
2025-06-10 18:00:00,8.78,25.4,94.0,0.1,3.9,74.0,999.1,40.0
2025-06-10 19:00:00,7.83,25.1,95.0,0.1,2.8,165.0,997.9,30.0
2025-06-10 20:00:00,7.91,24.9,95.0,0.1,3.2,128.0,997.9,30.0
2025-06-10 21:00:00,8.13,24.7,96.0,0.0,3.3,103.0,998.5,30.0
2025-06-10 22:00:00,8.39,25.5,93.0,0.0,6.5,90.0,999.3,60.0
2025-06-10 23:00:00,8.21,26.3,91.0,0.1,3.5,99.0,999.9,70.0
2025-06-11 00:00:00,8.12,27.2,88.0,0.1,2.9,202.0,999.9,255.0
2025-06-11 01:00:00,8.71,27.3,85.0,1.2,4.5,178.0,1000.6,525.0
2025-06-11 02:00:00,7.64,26.5,93.0,1.7,4.0,198.0,1000.8,285.0
2025-06-11 03:00:00,7.2,27.2,87.0,1.6,5.7,212.0,1000.6,590.0
2025-06-11 04:00:00,6.79,27.0,89.0,1.3,9.8,218.0,1000.1,515.0
2025-06-11 05:00:00,,27.8,84.0,1.0,9.6,218.0,999.8,825.0
2025-06-11 06:00:00,3.4,26.9,89.0,3.0,13.6,220.0,999.3,675.0
2025-06-11 07:00:00,2.31,27.1,87.0,1.8,13.4,226.0,999.1,720.0
2025-06-11 08:00:00,1.79,26.3,91.0,2.4,12.5,219.0,999.2,585.0
2025-06-11 09:00:00,1.94,26.3,93.0,1.8,10.5,207.0,999.7,585.0
2025-06-11 10:00:00,2.21,26.3,93.0,1.9,8.1,208.0,1000.1,540.0
2025-06-11 11:00:00,2.5,26.1,94.0,1.0,7.1,221.0,1000.3,300.0
2025-06-11 12:00:00,3.03,25.9,96.0,0.5,2.2,185.0,1000.8,25.0
2025-06-11 13:00:00,3.34,26.5,89.0,0.7,13.3,218.0,1001.5,525.0
2025-06-11 14:00:00,3.49,26.5,91.0,0.2,10.1,199.0,1001.9,435.0
2025-06-11 15:00:00,3.4,26.4,91.0,0.5,8.1,198.0,1001.9,490.0
2025-06-11 16:00:00,4.71,26.4,91.0,0.5,6.8,209.0,1001.5,455.0
2025-06-11 17:00:00,5.24,26.0,93.0,0.3,2.9,176.0,1001.2,265.0
2025-06-11 18:00:00,6.01,25.8,96.0,0.6,5.2,119.0,1000.7,70.0
2025-06-11 19:00:00,6.58,25.7,96.0,0.8,5.4,116.0,1000.9,85.0
2025-06-11 20:00:00,6.61,25.6,96.0,1.0,4.2,100.0,1000.9,55.0
2025-06-11 21:00:00,6.23,25.6,95.0,1.4,5.6,119.0,1001.1,85.0
2025-06-11 22:00:00,6.12,25.7,95.0,0.4,4.9,156.0,1002.1,115.0
2025-06-11 23:00:00,6.34,26.1,95.0,1.6,4.3,178.0,1002.7,200.0
2025-06-12 00:00:00,6.76,27.0,87.0,1.8,9.0,206.0,1003.4,540.0
2025-06-12 01:00:00,6.47,27.1,83.0,0.5,8.3,166.0,1003.8,630.0
2025-06-12 02:00:00,6.72,27.8,82.0,0.8,7.0,181.0,1004.0,745.0
2025-06-12 03:00:00,6.6,27.7,83.0,0.6,5.4,165.0,1004.1,560.0
2025-06-12 04:00:00,6.65,27.8,84.0,0.5,7.9,150.0,1003.5,640.0
2025-06-12 05:00:00,6.62,28.6,80.0,0.2,9.0,165.0,1003.2,715.0
2025-06-12 06:00:00,7.23,28.7,79.0,0.3,9.2,164.0,1003.1,615.0
2025-06-12 07:00:00,7.34,28.2,82.0,0.4,8.9,161.0,1002.7,550.0
2025-06-12 08:00:00,7.36,27.7,85.0,0.2,7.7,152.0,1002.9,470.0
2025-06-12 09:00:00,7.63,27.4,88.0,0.4,7.6,152.0,1003.2,410.0
2025-06-12 10:00:00,7.15,27.3,88.0,0.1,6.7,161.0,1003.8,380.0
2025-06-12 11:00:00,7.85,27.1,90.0,0.2,8.1,152.0,1004.2,375.0
2025-06-12 12:00:00,8.07,26.9,91.0,0.1,9.6,146.0,1004.8,360.0
2025-06-12 13:00:00,8.1,27.3,89.0,0.0,6.2,168.0,1005.5,250.0
2025-06-12 14:00:00,7.94,27.1,90.0,0.0,5.6,163.0,1005.9,210.0
2025-06-12 15:00:00,8.46,26.9,91.0,0.1,6.3,160.0,1006.4,215.0
2025-06-12 16:00:00,9.74,26.7,92.0,0.0,5.7,134.0,1006.3,135.0
2025-06-12 17:00:00,9.84,26.6,93.0,0.0,6.8,119.0,1005.7,160.0
2025-06-12 18:00:00,8.69,26.5,92.0,0.0,7.0,125.0,1005.2,285.0
2025-06-12 19:00:00,8.31,26.5,92.0,0.0,7.6,137.0,1004.5,280.0
2025-06-12 20:00:00,7.71,26.6,91.0,0.0,8.0,146.0,1004.4,330.0
2025-06-12 21:00:00,7.08,26.5,91.0,0.0,7.1,144.0,1004.4,260.0
2025-06-12 22:00:00,7.16,26.5,91.0,0.0,4.8,160.0,1005.0,145.0
2025-06-12 23:00:00,7.5,26.9,91.0,0.0,6.6,145.0,1005.6,300.0
2025-06-13 00:00:00,5.65,27.6,88.0,0.0,6.1,168.0,1006.0,335.0
2025-06-13 01:00:00,4.32,29.2,79.0,0.0,8.3,146.0,1006.6,540.0
2025-06-13 02:00:00,3.27,29.6,75.0,0.0,5.4,146.0,1006.9,565.0
2025-06-13 03:00:00,3.42,31.0,68.0,0.0,5.5,163.0,1006.9,785.0
2025-06-13 04:00:00,4.85,31.6,64.0,0.0,5.7,169.0,1006.5,890.0
2025-06-13 05:00:00,6.1,31.7,63.0,0.0,6.3,177.0,1006.1,860.0
2025-06-13 06:00:00,6.34,31.8,63.0,0.0,7.2,192.0,1005.4,950.0
2025-06-13 07:00:00,6.83,31.5,64.0,0.0,4.8,191.0,1004.7,855.0
2025-06-13 08:00:00,6.87,31.7,63.0,0.0,2.7,180.0,1004.4,945.0
2025-06-13 09:00:00,6.95,31.4,63.0,0.0,2.4,117.0,1004.6,890.0
2025-06-13 10:00:00,7.13,30.0,69.0,0.0,6.6,103.0,1005.5,455.0
2025-06-13 11:00:00,7.6,29.1,76.0,0.1,9.5,115.0,1006.2,455.0
2025-06-13 12:00:00,9.71,28.3,80.0,0.0,9.2,140.0,1006.6,310.0
2025-06-13 13:00:00,14.2,28.3,80.0,0.0,6.8,107.0,1007.3,115.0
2025-06-13 14:00:00,14.4,27.9,82.0,0.0,5.6,112.0,1007.6,80.0
2025-06-13 15:00:00,15.3,27.5,82.0,0.0,5.9,110.0,1007.5,75.0
2025-06-13 16:00:00,17.6,27.3,82.0,0.0,5.5,122.0,1006.9,75.0
2025-06-13 17:00:00,19.5,27.0,83.0,0.0,6.4,148.0,1006.6,100.0
2025-06-13 18:00:00,18.6,26.9,84.0,0.0,2.7,94.0,1005.5,60.0
2025-06-13 19:00:00,18.0,26.5,86.0,0.0,2.3,122.0,1005.4,45.0
2025-06-13 20:00:00,16.9,26.2,89.0,0.0,1.5,144.0,1005.1,40.0
2025-06-13 21:00:00,15.8,26.0,88.0,0.0,2.2,85.0,1004.7,25.0
2025-06-13 22:00:00,14.2,25.8,90.0,0.0,4.3,88.0,1004.7,30.0
2025-06-13 23:00:00,15.9,27.3,86.0,0.0,4.1,113.0,1005.2,160.0
2025-06-14 00:00:00,18.0,28.6,82.0,0.0,2.9,176.0,1005.3,275.0
2025-06-14 01:00:00,18.2,29.5,76.0,0.0,4.7,238.0,1005.9,245.0
2025-06-14 02:00:00,19.6,31.4,67.0,0.0,1.6,180.0,1006.0,850.0
2025-06-14 03:00:00,20.7,32.4,62.0,0.0,0.7,284.0,1005.5,1055.0
2025-06-14 04:00:00,21.7,32.7,60.0,0.0,1.9,287.0,1004.8,1175.0
2025-06-14 05:00:00,23.6,33.0,60.0,0.0,2.1,290.0,1004.1,1150.0
2025-06-14 06:00:00,26.3,33.4,57.0,0.0,0.7,284.0,1003.5,1270.0
2025-06-14 07:00:00,28.7,33.6,55.0,0.0,1.5,240.0,1002.8,1245.0
2025-06-14 08:00:00,27.8,33.2,57.0,0.0,3.9,193.0,1002.7,1110.0
2025-06-14 09:00:00,28.2,32.7,58.0,0.0,6.3,178.0,1002.8,955.0
2025-06-14 10:00:00,26.2,31.3,69.0,0.0,8.5,175.0,1003.3,560.0
2025-06-14 11:00:00,24.6,30.2,75.0,0.0,9.9,143.0,1004.0,415.0
2025-06-14 12:00:00,23.4,29.3,79.0,0.0,9.4,140.0,1004.8,245.0
2025-06-14 13:00:00,22.3,29.3,78.0,0.0,9.1,142.0,1005.2,250.0
2025-06-14 14:00:00,20.3,29.1,78.0,0.0,7.6,146.0,1006.0,210.0
2025-06-14 15:00:00,17.2,28.7,81.0,0.0,5.9,142.0,1005.8,165.0
2025-06-14 16:00:00,14.4,28.3,82.0,0.0,8.0,140.0,1005.5,265.0
2025-06-14 17:00:00,14.5,27.8,85.0,0.0,1.8,127.0,1005.0,35.0
2025-06-14 18:00:00,12.7,27.2,88.0,0.0,4.8,323.0,1004.9,160.0
2025-06-14 19:00:00,10.7,26.6,93.0,0.0,5.3,350.0,1004.5,160.0
2025-06-14 20:00:00,8.99,26.2,94.0,0.0,3.3,315.0,1004.5,85.0
2025-06-14 21:00:00,8.07,26.0,94.0,0.0,3.7,305.0,1004.4,110.0
2025-06-14 22:00:00,6.93,25.7,95.0,0.0,2.3,270.0,1004.8,90.0
2025-06-14 23:00:00,6.08,26.1,94.0,0.0,0.2,360.0,1005.1,115.0
2025-06-15 00:00:00,5.96,27.9,85.0,0.0,2.1,165.0,1005.4,300.0
2025-06-15 01:00:00,5.21,30.8,68.0,0.0,6.1,156.0,1005.0,815.0
2025-06-15 02:00:00,5.32,31.9,62.0,0.0,6.9,160.0,1004.8,980.0
2025-06-15 03:00:00,4.79,32.7,57.0,0.0,7.9,159.0,1004.2,1100.0
2025-06-15 04:00:00,4.52,33.4,54.0,0.0,9.3,161.0,1003.5,1200.0
2025-06-15 05:00:00,4.16,33.7,53.0,0.0,8.5,163.0,1003.0,1215.0
2025-06-15 06:00:00,4.14,33.8,52.0,0.0,7.3,171.0,1002.2,1210.0
2025-06-15 07:00:00,4.59,34.0,50.0,0.0,7.8,171.0,1002.0,1295.0
2025-06-15 08:00:00,4.82,31.6,57.0,0.2,14.6,162.0,1002.6,645.0
2025-06-15 09:00:00,4.83,30.6,65.0,0.1,3.9,156.0,1003.0,585.0
2025-06-15 10:00:00,5.75,30.3,67.0,0.0,4.9,147.0,1003.6,530.0
2025-06-15 11:00:00,7.82,29.7,71.0,0.0,3.9,156.0,1004.2,360.0
2025-06-15 12:00:00,9.63,29.3,73.0,0.0,1.6,117.0,1004.7,170.0
2025-06-15 13:00:00,12.5,26.5,81.0,0.5,3.3,319.0,1006.0,145.0
2025-06-15 14:00:00,17.7,26.6,82.0,0.1,2.4,279.0,1006.8,355.0
2025-06-15 15:00:00,23.7,26.3,84.0,0.0,3.6,139.0,1007.0,330.0
2025-06-15 16:00:00,24.6,26.0,86.0,0.0,4.6,99.0,1006.2,215.0
2025-06-15 17:00:00,23.9,25.6,89.0,0.0,3.6,70.0,1005.8,120.0
2025-06-15 18:00:00,23.5,25.3,91.0,0.0,3.1,80.0,1005.1,90.0
2025-06-15 19:00:00,23.3,25.2,93.0,0.0,3.6,45.0,1004.7,75.0
2025-06-15 20:00:00,21.8,25.1,95.0,0.0,3.0,65.0,1004.7,60.0
2025-06-15 21:00:00,19.3,25.0,96.0,0.0,3.2,71.0,1005.1,45.0
2025-06-15 22:00:00,18.2,25.0,96.0,0.0,2.7,67.0,1005.3,35.0
2025-06-15 23:00:00,14.2,26.3,88.0,0.0,2.7,28.0,1005.7,95.0
2025-06-16 00:00:00,8.47,28.2,78.0,0.0,1.3,45.0,1005.8,425.0
2025-06-16 01:00:00,7.51,30.7,66.0,0.0,2.1,121.0,1006.2,780.0
2025-06-16 02:00:00,6.64,31.7,60.0,0.1,5.4,143.0,1006.0,1015.0
2025-06-16 03:00:00,6.44,32.8,56.0,0.0,6.8,138.0,1005.4,1155.0
2025-06-16 04:00:00,6.59,33.2,55.0,0.0,7.5,140.0,1004.7,1355.0
2025-06-16 05:00:00,9.02,32.0,59.0,0.0,10.7,82.0,1004.4,1010.0
2025-06-16 06:00:00,6.23,31.1,62.0,0.1,2.9,68.0,1003.8,690.0
2025-06-16 07:00:00,6.03,31.9,60.0,0.1,1.8,281.0,1003.3,1045.0
2025-06-16 08:00:00,7.34,30.8,63.0,0.0,1.3,56.0,1003.8,655.0
2025-06-16 09:00:00,7.74,29.2,71.0,0.2,2.2,14.0,1004.3,185.0
2025-06-16 10:00:00,7.76,29.0,73.0,0.0,1.8,24.0,1004.3,195.0
2025-06-16 11:00:00,8.26,28.7,76.0,0.0,2.3,18.0,1004.4,75.0
2025-06-16 12:00:00,10.5,28.7,77.0,0.0,2.1,59.0,1005.0,80.0
2025-06-16 13:00:00,10.5,29.5,71.0,0.0,1.4,180.0,1005.7,105.0
2025-06-16 14:00:00,9.45,28.9,75.0,0.0,5.0,90.0,1006.2,150.0
2025-06-16 15:00:00,8.99,28.2,79.0,0.0,6.0,95.0,1006.3,155.0
2025-06-16 16:00:00,12.5,27.6,83.0,0.0,5.6,105.0,1005.9,170.0
2025-06-16 17:00:00,14.0,27.4,84.0,0.2,3.7,141.0,1005.8,155.0
2025-06-16 18:00:00,14.3,27.0,86.0,1.1,1.3,304.0,1005.4,95.0
2025-06-16 19:00:00,16.0,26.6,91.0,1.1,3.1,353.0,1005.3,250.0
2025-06-16 20:00:00,15.2,26.1,94.0,0.2,5.0,339.0,1005.3,245.0
2025-06-16 21:00:00,14.0,25.6,96.0,0.0,5.9,340.0,1005.6,215.0
2025-06-16 22:00:00,12.8,25.6,93.0,0.0,4.7,353.0,1005.8,165.0
2025-06-16 23:00:00,11.2,26.4,89.0,0.0,3.6,6.0,1006.1,215.0
2025-06-17 00:00:00,8.3,27.7,81.0,0.1,2.8,349.0,1006.5,395.0
2025-06-17 01:00:00,7.29,27.0,84.0,0.4,6.0,175.0,1006.9,315.0
2025-06-17 02:00:00,6.26,28.6,75.0,1.4,3.7,145.0,1007.0,520.0
2025-06-17 03:00:00,4.0,30.0,71.0,0.1,2.1,218.0,1006.0,765.0
2025-06-17 04:00:00,3.14,30.0,71.0,0.1,3.2,199.0,1005.2,780.0
2025-06-17 05:00:00,5.23,28.0,79.0,0.9,0.8,333.0,1005.1,245.0
2025-06-17 06:00:00,4.43,27.4,83.0,0.5,4.3,28.0,1004.5,165.0
2025-06-17 07:00:00,5.95,27.5,84.0,1.2,6.3,345.0,1004.0,200.0
2025-06-17 08:00:00,11.9,27.4,84.0,0.0,3.2,304.0,1004.1,215.0
2025-06-17 09:00:00,15.2,27.4,85.0,0.1,0.6,72.0,1004.6,295.0
2025-06-17 10:00:00,13.5,26.7,86.0,2.0,1.5,306.0,1005.2,195.0
2025-06-17 11:00:00,12.6,25.6,90.0,3.8,5.2,96.0,1005.3,140.0
2025-06-17 12:00:00,14.9,25.4,93.0,0.3,3.1,54.0,1006.1,100.0
2025-06-17 13:00:00,19.9,25.5,93.0,0.4,3.4,18.0,1006.1,120.0
2025-06-17 14:00:00,24.4,25.4,93.0,0.4,3.6,33.0,1006.6,190.0
2025-06-17 15:00:00,26.2,24.9,96.0,2.7,3.2,47.0,1006.7,105.0
2025-06-17 16:00:00,26.6,24.5,98.0,3.3,4.5,37.0,1006.3,135.0
2025-06-17 17:00:00,27.0,24.6,99.0,4.8,2.2,14.0,1005.6,90.0
2025-06-17 18:00:00,27.0,24.5,100.0,2.8,4.5,53.0,1005.5,120.0
2025-06-17 19:00:00,25.8,24.3,100.0,2.5,1.5,45.0,1005.1,90.0
2025-06-17 20:00:00,24.6,24.1,99.0,1.6,2.9,120.0,1005.0,140.0
2025-06-17 21:00:00,23.8,24.1,96.0,2.3,3.1,180.0,1004.9,150.0
2025-06-17 22:00:00,23.7,24.3,94.0,0.5,3.2,16.0,1005.3,115.0
2025-06-17 23:00:00,24.0,24.6,95.0,0.3,3.8,3.0,1005.9,135.0
2025-06-18 00:00:00,25.9,25.4,93.0,0.6,5.2,346.0,1006.3,205.0
2025-06-18 01:00:00,30.2,26.3,90.0,0.2,2.6,286.0,1006.7,215.0
2025-06-18 02:00:00,27.7,27.5,87.0,0.4,3.8,197.0,1006.5,495.0
2025-06-18 03:00:00,20.1,28.0,85.0,0.5,5.0,145.0,1006.0,680.0
2025-06-18 04:00:00,10.0,28.6,80.0,0.4,6.8,169.0,1005.8,720.0
2025-06-18 05:00:00,5.7,27.5,82.0,3.0,9.3,134.0,1005.2,430.0
2025-06-18 06:00:00,5.16,27.7,78.0,1.1,10.3,137.0,1004.9,460.0
2025-06-18 07:00:00,4.41,27.0,84.0,0.3,4.0,153.0,1004.3,235.0
2025-06-18 08:00:00,4.37,27.5,82.0,0.1,2.4,153.0,1004.1,275.0
2025-06-18 09:00:00,5.2,27.6,82.0,0.0,2.3,86.0,1004.4,365.0
2025-06-18 10:00:00,5.81,27.3,84.0,0.0,3.4,43.0,1005.0,270.0
2025-06-18 11:00:00,6.61,26.8,89.0,0.0,3.6,30.0,1005.4,100.0
2025-06-18 12:00:00,7.41,26.5,91.0,0.0,2.6,34.0,1005.9,90.0
2025-06-18 13:00:00,9.6,25.9,94.0,0.1,3.0,237.0,1006.1,60.0
2025-06-18 14:00:00,13.2,25.9,94.0,0.0,4.4,35.0,1006.5,95.0
2025-06-18 15:00:00,20.3,25.6,95.0,0.0,4.0,54.0,1006.1,85.0
2025-06-18 16:00:00,23.7,25.4,96.0,0.0,3.0,52.0,1005.4,30.0
2025-06-18 17:00:00,26.2,25.1,98.0,0.0,1.6,63.0,1004.9,15.0
2025-06-18 18:00:00,28.4,24.8,99.0,0.0,0.4,27.0,1004.3,10.0
2025-06-18 19:00:00,28.0,24.7,99.0,0.0,1.5,263.0,1004.2,15.0
2025-06-18 20:00:00,26.8,24.6,99.0,0.0,0.9,53.0,1004.2,10.0
2025-06-18 21:00:00,26.2,24.5,99.0,0.0,1.9,56.0,1004.4,20.0
2025-06-18 22:00:00,25.9,24.4,99.0,0.0,3.5,55.0,1004.8,30.0
2025-06-18 23:00:00,25.1,25.6,95.0,0.0,3.3,9.0,1005.6,105.0
2025-06-19 00:00:00,27.5,26.9,86.0,0.0,3.5,321.0,1005.8,325.0
2025-06-19 01:00:00,29.0,28.8,78.0,0.0,1.4,293.0,1005.7,460.0
2025-06-19 02:00:00,22.6,29.8,72.0,0.1,2.9,137.0,1005.7,755.0
2025-06-19 03:00:00,14.1,30.7,69.0,0.2,5.0,142.0,1005.2,960.0
2025-06-19 04:00:00,7.78,31.6,63.0,0.0,9.5,115.0,1004.6,1130.0
2025-06-19 05:00:00,6.14,32.3,59.0,0.0,9.7,112.0,1003.5,1260.0
2025-06-19 06:00:00,3.03,32.4,58.0,0.0,9.5,112.0,1003.0,1235.0
2025-06-19 07:00:00,0.723,32.6,57.0,0.0,8.3,114.0,1002.2,1275.0
2025-06-19 08:00:00,0.115,32.3,58.0,0.0,4.9,90.0,1002.3,1195.0
2025-06-19 09:00:00,0.023,30.9,62.0,0.1,2.1,308.0,1003.0,325.0
2025-06-19 10:00:00,0.0209,29.3,75.0,0.0,4.3,312.0,1003.9,140.0
2025-06-19 11:00:00,0.111,28.4,86.0,0.0,3.5,291.0,1004.3,85.0
2025-06-19 12:00:00,1.3,27.8,89.0,0.3,2.7,270.0,1005.1,95.0
2025-06-19 13:00:00,8.25,28.2,87.0,0.2,4.2,198.0,1005.6,60.0
2025-06-19 14:00:00,21.9,27.7,90.0,0.0,3.4,133.0,1006.1,45.0
2025-06-19 15:00:00,25.9,27.1,94.0,0.0,2.9,60.0,1006.0,35.0
2025-06-19 16:00:00,25.7,26.5,96.0,0.0,2.8,75.0,1005.4,35.0
2025-06-19 17:00:00,25.4,25.9,99.0,0.0,1.8,90.0,1004.5,20.0
2025-06-19 18:00:00,24.2,25.6,100.0,0.0,2.2,5.0,1004.3,15.0
2025-06-19 19:00:00,21.7,25.2,100.0,0.0,4.2,348.0,1004.3,35.0
2025-06-19 20:00:00,19.1,25.1,100.0,0.0,1.1,351.0,1004.4,10.0
2025-06-19 21:00:00,18.2,24.8,100.0,0.0,1.5,7.0,1004.7,15.0
2025-06-19 22:00:00,18.2,24.7,100.0,0.0,2.9,112.0,1005.0,40.0
2025-06-19 23:00:00,17.5,25.7,97.0,0.0,2.1,301.0,1004.9,100.0
2025-06-20 00:00:00,14.0,27.1,88.0,0.0,1.7,257.0,1005.2,280.0
2025-06-20 01:00:00,9.5,29.0,78.0,0.0,2.1,165.0,1005.5,500.0
2025-06-20 02:00:00,7.43,30.1,72.0,0.1,4.7,148.0,1005.5,750.0
2025-06-20 03:00:00,5.94,30.1,71.0,0.0,6.8,140.0,1005.3,790.0
2025-06-20 04:00:00,4.46,30.8,65.0,0.0,7.1,137.0,1004.7,870.0
2025-06-20 05:00:00,3.55,31.1,64.0,0.0,8.1,151.0,1003.9,870.0
2025-06-20 06:00:00,4.35,32.1,61.0,0.0,4.3,152.0,1003.5,1235.0
2025-06-20 07:00:00,3.39,29.9,70.0,1.7,4.7,23.0,1003.4,295.0
2025-06-20 08:00:00,3.66,29.5,74.0,0.1,4.6,13.0,1003.1,365.0
2025-06-20 09:00:00,3.34,29.2,75.0,0.0,3.9,347.0,1003.4,330.0
2025-06-20 10:00:00,3.62,28.8,77.0,0.0,2.0,170.0,1004.2,345.0
2025-06-20 11:00:00,4.33,28.1,80.0,0.0,3.4,183.0,1004.5,185.0
2025-06-20 12:00:00,5.2,27.7,82.0,0.0,2.3,151.0,1005.1,120.0
2025-06-20 13:00:00,6.78,27.4,87.0,1.0,3.1,332.0,1005.6,40.0
2025-06-20 14:00:00,14.3,25.7,93.0,3.3,11.9,1.0,1006.7,185.0
2025-06-20 15:00:00,18.2,25.2,94.0,0.0,5.1,4.0,1006.6,120.0
2025-06-20 16:00:00,20.9,24.7,94.0,0.6,5.6,2.0,1006.3,145.0
2025-06-20 17:00:00,23.3,24.9,93.0,0.0,1.5,201.0,1006.0,90.0
2025-06-20 18:00:00,24.1,24.8,95.0,0.0,5.1,51.0,1005.2,95.0
2025-06-20 19:00:00,24.5,24.7,96.0,0.0,6.9,9.0,1004.5,160.0
2025-06-20 20:00:00,24.8,24.6,94.0,0.0,6.7,3.0,1005.0,200.0
2025-06-20 21:00:00,23.7,24.6,94.0,0.0,6.0,351.0,1005.3,160.0
2025-06-20 22:00:00,23.0,24.7,94.0,0.0,3.4,354.0,1005.4,120.0
2025-06-20 23:00:00,22.5,25.7,92.0,0.0,1.5,300.0,1006.6,160.0
2025-06-21 00:00:00,21.4,26.9,89.0,0.0,0.7,346.0,1006.5,230.0
2025-06-21 01:00:00,22.3,29.6,72.0,0.0,7.4,148.0,1006.0,685.0
2025-06-21 02:00:00,22.2,30.4,71.0,0.2,10.0,147.0,1006.0,885.0
2025-06-21 03:00:00,17.3,30.6,69.0,0.1,10.7,153.0,1005.1,890.0
2025-06-21 04:00:00,13.1,31.2,68.0,0.0,10.6,162.0,1004.4,1000.0
2025-06-21 05:00:00,10.1,31.9,65.0,0.0,10.3,174.0,1003.4,1085.0
2025-06-21 06:00:00,8.79,31.2,67.0,0.1,5.7,162.0,1003.2,990.0
2025-06-21 07:00:00,8.94,30.7,69.0,0.1,3.3,221.0,1003.0,1000.0
2025-06-21 08:00:00,11.1,28.6,80.0,0.8,0.6,214.0,1003.5,545.0
2025-06-21 09:00:00,10.8,27.7,82.0,0.2,3.4,177.0,1003.9,490.0
2025-06-21 10:00:00,7.92,27.5,83.0,0.0,2.4,167.0,1004.2,430.0
2025-06-21 11:00:00,7.14,27.2,84.0,0.0,4.4,153.0,1004.8,325.0
2025-06-21 12:00:00,8.16,27.2,84.0,0.0,2.1,149.0,1006.0,235.0
2025-06-21 13:00:00,10.6,25.4,92.0,1.6,8.6,337.0,1006.4,175.0
2025-06-21 14:00:00,17.6,24.3,95.0,4.7,9.6,50.0,1007.0,155.0
2025-06-21 15:00:00,22.2,24.6,92.0,0.1,7.2,338.0,1006.5,135.0
2025-06-21 16:00:00,23.4,24.5,93.0,0.0,5.4,323.0,1006.3,180.0
2025-06-21 17:00:00,24.5,24.4,94.0,0.0,6.0,351.0,1005.8,190.0
2025-06-21 18:00:00,24.7,24.3,96.0,0.0,5.7,351.0,1005.4,185.0
2025-06-21 19:00:00,23.6,24.3,95.0,0.0,5.0,345.0,1004.9,175.0
2025-06-21 20:00:00,19.6,24.5,94.0,0.0,2.1,31.0,1005.1,105.0
2025-06-21 21:00:00,17.4,24.6,94.0,0.0,2.4,9.0,1004.8,105.0
2025-06-21 22:00:00,17.5,24.7,94.0,0.0,2.3,342.0,1005.1,105.0
2025-06-21 23:00:00,17.7,25.2,93.0,0.0,2.7,328.0,1006.0,155.0
2025-06-22 00:00:00,15.7,26.6,87.0,0.0,1.5,21.0,1005.7,240.0
2025-06-22 01:00:00,11.6,27.2,84.0,0.0,4.1,331.0,1005.7,280.0
2025-06-22 02:00:00,8.55,28.2,78.0,0.0,3.4,328.0,1005.6,405.0
2025-06-22 03:00:00,9.16,29.2,74.0,0.0,4.3,332.0,1005.1,590.0
2025-06-22 04:00:00,12.3,30.1,71.0,0.0,4.6,351.0,1004.6,820.0
2025-06-22 05:00:00,18.8,30.7,70.0,0.2,3.9,326.0,1003.6,990.0
2025-06-22 06:00:00,22.4,30.3,71.0,2.8,4.8,347.0,1003.2,605.0
2025-06-22 07:00:00,23.8,27.2,83.0,10.1,7.2,168.0,1003.2,355.0
2025-06-22 08:00:00,20.4,27.0,85.0,0.4,5.2,174.0,1003.2,330.0
2025-06-22 09:00:00,,27.1,84.0,0.4,6.5,141.0,1003.4,440.0
2025-06-22 10:00:00,13.9,26.9,85.0,0.3,5.9,157.0,1003.7,405.0
2025-06-22 11:00:00,15.2,26.6,88.0,0.2,6.1,137.0,1004.1,340.0
2025-06-22 12:00:00,18.4,26.3,91.0,0.1,4.9,129.0,1004.6,255.0
2025-06-22 13:00:00,19.4,26.7,90.0,1.6,3.8,163.0,1005.2,225.0
2025-06-22 14:00:00,21.7,26.4,94.0,1.0,3.1,87.0,1005.4,120.0
2025-06-22 15:00:00,24.3,26.3,96.0,0.9,2.8,130.0,1005.3,100.0
2025-06-22 16:00:00,23.5,26.2,95.0,1.1,3.6,186.0,1004.6,135.0
2025-06-22 17:00:00,23.8,26.2,94.0,0.6,3.7,133.0,1003.8,155.0
2025-06-22 18:00:00,23.6,26.1,92.0,1.1,0.7,166.0,1003.3,55.0
2025-06-22 19:00:00,22.4,26.1,93.0,0.3,1.9,61.0,1003.0,40.0
2025-06-22 20:00:00,21.4,25.6,94.0,3.4,2.2,9.0,1003.2,45.0
2025-06-22 21:00:00,20.8,25.3,96.0,2.8,3.2,177.0,1003.1,100.0
2025-06-22 22:00:00,18.6,25.2,96.0,1.4,1.9,163.0,1003.8,65.0
2025-06-22 23:00:00,,25.3,93.0,0.4,1.3,74.0,1004.3,90.0
2025-06-23 00:00:00,8.12,25.7,91.0,1.0,4.1,61.0,1004.5,195.0
2025-06-23 01:00:00,6.14,27.5,84.0,0.2,0.5,45.0,1004.6,355.0
2025-06-23 02:00:00,5.98,28.4,80.0,0.1,0.6,252.0,1004.6,490.0
2025-06-23 03:00:00,11.0,28.4,79.0,0.2,2.1,255.0,1004.5,610.0
2025-06-23 04:00:00,22.5,28.1,81.0,0.7,4.0,198.0,1004.0,555.0
2025-06-23 05:00:00,30.9,26.6,83.0,2.4,6.1,156.0,1003.7,280.0
2025-06-23 06:00:00,27.0,27.0,85.0,1.1,5.4,124.0,1002.8,330.0
2025-06-23 07:00:00,,27.1,86.0,1.0,3.6,123.0,1002.1,375.0
2025-06-23 08:00:00,7.04,27.0,86.0,0.7,3.9,156.0,1001.6,320.0
2025-06-23 09:00:00,6.71,26.9,87.0,0.5,3.8,155.0,1001.6,300.0
2025-06-23 10:00:00,7.54,26.5,90.0,0.3,3.8,172.0,1002.1,210.0
2025-06-23 11:00:00,8.12,26.2,93.0,0.3,4.6,129.0,1002.7,170.0
2025-06-23 12:00:00,8.89,26.0,94.0,0.2,4.4,117.0,1003.0,160.0
2025-06-23 13:00:00,11.8,25.9,93.0,0.1,2.7,110.0,1003.4,95.0
2025-06-23 14:00:00,15.5,25.3,95.0,0.0,2.5,90.0,1003.6,40.0
2025-06-23 15:00:00,21.9,24.9,96.0,0.0,1.5,54.0,1003.8,20.0
2025-06-23 16:00:00,22.6,24.7,97.0,0.0,2.4,77.0,1003.6,30.0
2025-06-23 17:00:00,22.4,24.8,96.0,0.0,5.3,62.0,1003.0,50.0
2025-06-23 18:00:00,21.8,24.5,96.0,0.0,4.2,78.0,1002.7,45.0
2025-06-23 19:00:00,19.8,24.6,95.0,0.0,4.6,111.0,1002.6,35.0
2025-06-23 20:00:00,17.9,24.6,93.0,0.0,5.4,105.0,1002.7,40.0
2025-06-23 21:00:00,13.9,24.5,92.0,0.0,4.5,88.0,1003.0,40.0
2025-06-23 22:00:00,11.5,24.5,92.0,0.0,3.4,72.0,1003.2,25.0
2025-06-23 23:00:00,9.61,25.6,89.0,0.0,2.4,73.0,1003.7,75.0
2025-06-24 00:00:00,9.01,27.3,81.0,0.0,0.9,259.0,1004.2,280.0
2025-06-24 01:00:00,8.87,29.2,74.0,0.0,1.8,191.0,1003.6,645.0
2025-06-24 02:00:00,5.95,30.4,66.0,0.0,5.6,147.0,1003.5,860.0
2025-06-24 03:00:00,4.02,31.1,65.0,0.0,9.0,160.0,1003.5,1070.0
2025-06-24 04:00:00,2.58,31.1,67.0,0.0,9.4,167.0,1003.1,1120.0
2025-06-24 05:00:00,2.31,31.4,63.0,0.0,11.8,192.0,1002.6,1300.0
2025-06-24 06:00:00,3.13,29.4,72.0,1.9,9.0,218.0,1002.6,610.0
2025-06-24 07:00:00,5.59,28.5,79.0,2.4,7.9,223.0,1002.5,565.0
2025-06-24 08:00:00,5.33,27.6,84.0,0.4,4.8,193.0,1002.2,420.0
2025-06-24 09:00:00,3.82,26.0,89.0,9.3,7.1,150.0,1003.0,220.0
2025-06-24 10:00:00,3.55,25.8,90.0,2.5,2.4,167.0,1003.8,210.0
2025-06-24 11:00:00,4.41,25.4,93.0,0.4,5.2,102.0,1004.0,180.0
2025-06-24 12:00:00,5.94,25.2,93.0,0.0,5.6,92.0,1004.3,125.0
2025-06-24 13:00:00,7.11,25.9,93.0,0.0,5.4,86.0,1004.8,65.0
2025-06-24 14:00:00,8.97,25.7,93.0,0.0,5.9,79.0,1005.6,55.0
2025-06-24 15:00:00,10.3,25.6,92.0,0.0,5.1,72.0,1005.6,45.0
2025-06-24 16:00:00,10.7,25.4,92.0,0.0,4.9,84.0,1005.2,35.0
2025-06-24 17:00:00,10.6,25.3,93.0,0.0,4.2,80.0,1004.3,30.0
2025-06-24 18:00:00,9.63,25.1,93.0,0.0,4.2,78.0,1003.6,30.0
2025-06-24 19:00:00,9.24,24.9,94.0,0.0,3.7,55.0,1003.9,20.0
2025-06-24 20:00:00,8.74,24.5,96.0,0.0,5.2,61.0,1003.7,25.0
2025-06-24 21:00:00,8.1,24.4,94.0,0.1,4.5,88.0,1003.8,30.0
2025-06-24 22:00:00,,24.5,93.0,0.0,4.5,83.0,1004.4,40.0
2025-06-24 23:00:00,,25.6,90.0,0.0,2.8,101.0,1004.5,70.0
2025-06-25 00:00:00,,27.6,80.0,0.0,1.8,169.0,1004.5,280.0
2025-06-25 01:00:00,6.51,29.2,73.0,0.0,1.1,90.0,1005.1,645.0
2025-06-25 02:00:00,8.51,30.1,68.0,0.0,1.9,214.0,1005.0,815.0
2025-06-25 03:00:00,12.3,30.8,66.0,0.0,3.6,233.0,1004.9,870.0
2025-06-25 04:00:00,15.1,31.3,65.0,0.0,5.2,245.0,1004.3,940.0
2025-06-25 05:00:00,11.5,31.5,64.0,0.1,7.3,253.0,1003.6,990.0
2025-06-25 06:00:00,9.51,30.6,67.0,1.1,8.4,254.0,1003.1,420.0
2025-06-25 07:00:00,,29.5,74.0,0.8,5.6,228.0,1003.2,400.0
2025-06-25 08:00:00,6.72,29.6,72.0,0.1,6.7,182.0,1003.0,520.0
2025-06-25 09:00:00,4.41,29.3,72.0,0.8,7.3,189.0,1003.2,685.0
2025-06-25 10:00:00,3.79,28.3,77.0,0.1,7.1,173.0,1003.6,410.0
2025-06-25 11:00:00,5.63,27.5,84.0,0.0,4.7,184.0,1004.7,200.0
2025-06-25 12:00:00,7.81,25.6,91.0,1.2,4.0,212.0,1005.9,140.0
2025-06-25 13:00:00,8.66,27.6,88.0,0.0,3.6,225.0,1005.6,35.0
2025-06-25 14:00:00,10.4,27.4,88.0,0.0,2.0,117.0,1006.1,25.0
2025-06-25 15:00:00,10.1,27.2,90.0,0.0,1.8,156.0,1006.2,35.0
2025-06-25 16:00:00,9.64,27.0,91.0,0.0,3.1,114.0,1005.7,40.0
2025-06-25 17:00:00,7.91,26.6,92.0,0.0,4.0,120.0,1005.0,45.0
2025-06-25 18:00:00,7.67,26.3,91.0,0.4,2.2,204.0,1005.0,20.0
2025-06-25 19:00:00,7.73,25.7,93.0,0.4,3.0,237.0,1004.2,50.0
2025-06-25 20:00:00,7.81,25.9,91.0,0.0,3.6,252.0,1004.2,260.0
2025-06-25 21:00:00,7.9,25.9,90.0,0.0,0.9,180.0,1003.8,70.0
2025-06-25 22:00:00,8.0,26.0,92.0,0.0,0.6,146.0,1004.3,10.0
2025-06-25 23:00:00,7.61,27.2,85.0,0.0,0.9,270.0,1004.8,380.0
2025-06-26 00:00:00,8.14,28.0,81.0,0.1,2.7,222.0,1005.3,550.0
2025-06-26 01:00:00,17.5,28.9,75.0,0.1,1.9,202.0,1005.6,620.0
2025-06-26 02:00:00,20.6,29.6,72.0,0.1,4.7,223.0,1005.2,720.0
2025-06-26 03:00:00,16.0,30.2,71.0,0.1,5.3,225.0,1005.1,855.0
2025-06-26 04:00:00,12.3,30.8,69.0,0.1,7.0,230.0,1004.6,1010.0
2025-06-26 05:00:00,9.88,30.4,69.0,0.1,7.0,244.0,1003.9,905.0
2025-06-26 06:00:00,7.38,30.2,70.0,0.2,7.1,225.0,1003.2,800.0
2025-06-26 07:00:00,5.27,28.7,75.0,7.4,5.1,253.0,1003.3,470.0
2025-06-26 08:00:00,2.12,27.7,78.0,5.2,2.4,132.0,1003.1,295.0
2025-06-26 09:00:00,0.684,27.0,83.0,0.4,5.2,194.0,1003.1,270.0
2025-06-26 10:00:00,0.357,26.8,86.0,0.7,7.9,219.0,1003.9,460.0
2025-06-26 11:00:00,0.461,26.4,89.0,0.8,2.9,173.0,1004.1,75.0
2025-06-26 12:00:00,0.4,25.9,94.0,1.1,4.3,213.0,1005.0,145.0
2025-06-26 13:00:00,0.423,25.8,89.0,1.3,9.8,223.0,1005.3,365.0
2025-06-26 14:00:00,0.455,25.4,91.0,3.2,3.8,172.0,1006.0,100.0
2025-06-26 15:00:00,0.619,25.4,92.0,0.4,1.8,84.0,1006.0,80.0
2025-06-26 16:00:00,0.326,25.4,89.0,0.2,1.4,230.0,1005.4,50.0
2025-06-26 17:00:00,0.304,25.5,90.0,0.1,1.2,297.0,1005.2,30.0
2025-06-26 18:00:00,0.136,25.4,91.0,0.6,4.3,45.0,1004.5,145.0
2025-06-26 19:00:00,0.064,25.2,94.0,0.0,3.4,58.0,1004.4,125.0
2025-06-26 20:00:00,0.169,24.9,96.0,0.0,3.8,41.0,1004.1,120.0
2025-06-26 21:00:00,0.296,24.9,96.0,0.0,1.5,36.0,1004.0,50.0
2025-06-26 22:00:00,0.765,24.9,96.0,0.0,4.0,30.0,1003.8,80.0
2025-06-26 23:00:00,1.32,25.4,94.0,0.0,2.7,352.0,1004.3,145.0
2025-06-27 00:00:00,1.43,26.4,88.0,0.0,2.9,313.0,1004.1,330.0
2025-06-27 01:00:00,2.17,28.5,79.0,0.0,5.6,268.0,1004.5,565.0
2025-06-27 02:00:00,5.89,28.8,77.0,0.0,8.8,258.0,1004.7,565.0
2025-06-27 03:00:00,6.72,29.2,76.0,0.0,7.6,245.0,1004.2,555.0
2025-06-27 04:00:00,8.23,29.3,76.0,0.0,10.5,233.0,1003.5,605.0
2025-06-27 05:00:00,9.36,29.3,76.0,0.1,12.8,236.0,1002.6,605.0
2025-06-27 06:00:00,5.28,29.4,78.0,0.1,13.5,234.0,1002.2,685.0
2025-06-27 07:00:00,1.72,28.9,78.0,0.3,12.1,227.0,1002.0,685.0
2025-06-27 08:00:00,0.299,27.0,87.0,5.4,4.4,212.0,1002.5,340.0
2025-06-27 09:00:00,0.144,27.1,87.0,0.2,4.9,216.0,1002.6,465.0
2025-06-27 10:00:00,0.153,27.0,87.0,0.3,4.2,216.0,1003.2,375.0
2025-06-27 11:00:00,0.0285,27.0,88.0,0.1,2.4,107.0,1003.5,55.0
2025-06-27 12:00:00,0.0381,26.2,91.0,1.7,1.1,81.0,1004.4,35.0
2025-06-27 13:00:00,0.0307,24.9,91.0,2.6,4.4,353.0,1005.2,120.0
2025-06-27 14:00:00,0.014,24.4,92.0,5.5,6.2,60.0,1005.6,180.0
2025-06-27 15:00:00,0.0165,24.6,91.0,0.3,5.4,94.0,1005.3,135.0
2025-06-27 16:00:00,0.0,24.5,92.0,0.1,1.7,72.0,1004.5,90.0
2025-06-27 17:00:00,0.00833,24.4,93.0,0.0,0.5,135.0,1003.8,30.0
2025-06-27 18:00:00,0.0,24.3,95.0,0.0,2.2,42.0,1003.1,55.0
2025-06-27 19:00:00,0.0332,24.3,94.0,0.0,3.6,60.0,1002.8,75.0
2025-06-27 20:00:00,0.0788,24.0,97.0,0.0,1.7,58.0,1002.6,35.0
2025-06-27 21:00:00,0.43,23.9,98.0,0.0,2.5,69.0,1002.8,35.0
2025-06-27 22:00:00,1.14,24.0,96.0,0.0,3.6,93.0,1002.9,40.0
2025-06-27 23:00:00,2.51,25.2,92.0,0.0,2.0,80.0,1003.2,110.0
2025-06-28 00:00:00,2.85,26.7,86.0,0.0,1.0,338.0,1003.4,335.0
2025-06-28 01:00:00,3.77,27.3,85.0,0.0,2.3,315.0,1004.2,355.0
2025-06-28 02:00:00,5.6,28.3,80.0,0.0,3.8,275.0,1003.4,530.0
2025-06-28 03:00:00,7.23,29.6,74.0,0.1,5.5,253.0,1003.0,640.0
2025-06-28 04:00:00,9.97,30.2,70.0,0.1,7.9,250.0,1002.3,730.0
2025-06-28 05:00:00,12.7,29.8,73.0,0.2,9.2,237.0,1001.7,710.0
2025-06-28 06:00:00,12.8,29.9,74.0,0.1,8.8,227.0,1000.9,820.0
2025-06-28 07:00:00,9.54,29.7,74.0,0.0,7.8,238.0,1000.6,735.0
2025-06-28 08:00:00,7.49,29.5,74.0,0.1,6.6,253.0,1000.5,750.0
2025-06-28 09:00:00,6.43,28.4,78.0,0.3,5.5,319.0,1001.1,515.0
2025-06-28 10:00:00,5.79,26.6,85.0,2.7,5.0,64.0,1001.3,190.0
2025-06-28 11:00:00,7.14,25.6,91.0,2.1,2.9,266.0,1002.2,75.0
2025-06-28 12:00:00,9.43,25.7,91.0,0.2,2.6,309.0,1002.2,120.0
2025-06-28 13:00:00,12.2,27.0,90.0,0.1,4.7,342.0,1002.0,175.0
2025-06-28 14:00:00,12.8,26.8,92.0,0.0,4.2,263.0,1001.9,215.0
2025-06-28 15:00:00,15.9,27.1,88.0,0.1,4.3,270.0,1001.8,365.0
2025-06-28 16:00:00,15.7,27.1,86.0,0.0,5.7,259.0,1001.3,405.0
2025-06-28 17:00:00,13.9,26.9,87.0,0.0,4.6,296.0,1000.9,330.0
2025-06-28 18:00:00,13.9,26.2,88.0,0.3,3.9,323.0,1001.2,240.0
2025-06-28 19:00:00,15.0,25.7,90.0,0.2,2.0,80.0,1000.9,130.0
2025-06-28 20:00:00,16.6,25.3,94.0,0.1,2.3,108.0,1000.7,85.0
2025-06-28 21:00:00,17.8,24.9,96.0,0.1,1.9,56.0,1000.8,40.0
2025-06-28 22:00:00,16.2,25.5,93.0,0.2,4.2,78.0,1001.3,110.0
2025-06-28 23:00:00,14.7,26.3,87.0,0.2,2.0,350.0,1002.1,225.0
2025-06-29 00:00:00,11.5,26.9,86.0,0.3,0.7,180.0,1002.5,400.0
2025-06-29 01:00:00,9.29,27.3,83.0,0.1,4.7,270.0,1002.2,415.0
2025-06-29 02:00:00,7.83,28.2,81.0,0.1,5.8,265.0,1002.2,650.0
2025-06-29 03:00:00,7.98,28.9,77.0,0.2,8.7,249.0,1001.9,770.0
2025-06-29 04:00:00,6.55,27.6,84.0,3.2,9.1,221.0,1001.5,495.0
2025-06-29 05:00:00,6.01,27.8,81.0,0.3,9.8,224.0,1001.3,595.0
2025-06-29 06:00:00,5.84,27.0,85.0,6.5,6.9,227.0,1000.5,425.0
2025-06-29 07:00:00,6.22,26.9,85.0,0.6,10.4,233.0,1000.3,460.0
2025-06-29 08:00:00,6.52,27.6,82.0,0.4,8.7,240.0,1000.0,480.0
2025-06-29 09:00:00,6.33,27.4,83.0,0.2,6.4,238.0,999.6,490.0
2025-06-29 10:00:00,6.17,27.2,84.0,0.1,4.9,242.0,1000.3,430.0
2025-06-29 11:00:00,5.78,26.6,85.0,0.3,3.5,321.0,1001.0,90.0
2025-06-29 12:00:00,5.77,26.5,86.0,0.2,0.4,360.0,1001.3,20.0
2025-06-29 13:00:00,7.49,27.0,87.0,0.0,0.7,284.0,1001.4,145.0
2025-06-29 14:00:00,11.5,26.2,90.0,0.6,5.1,297.0,1002.1,185.0
2025-06-29 15:00:00,18.8,26.2,91.0,0.0,1.1,288.0,1001.9,125.0
2025-06-29 16:00:00,19.6,26.0,91.0,0.0,0.6,288.0,1001.4,25.0
2025-06-29 17:00:00,22.3,25.5,93.0,0.0,1.3,82.0,1001.3,30.0
2025-06-29 18:00:00,22.8,25.3,95.0,0.1,2.8,117.0,1000.8,60.0
2025-06-29 19:00:00,21.5,25.1,94.0,1.2,2.8,79.0,1001.0,65.0
2025-06-29 20:00:00,20.0,25.1,94.0,0.3,1.3,74.0,1001.0,50.0
2025-06-29 21:00:00,19.6,24.9,95.0,0.5,2.0,190.0,1001.1,65.0
2025-06-29 22:00:00,18.7,24.8,96.0,0.3,5.2,124.0,1001.1,95.0
2025-06-29 23:00:00,17.5,25.6,90.0,0.0,4.8,160.0,1001.6,225.0
2025-06-30 00:00:00,18.2,26.6,86.0,0.0,4.0,148.0,1001.8,245.0
2025-06-30 01:00:00,19.7,28.3,78.0,0.0,3.3,216.0,1001.6,495.0
2025-06-30 02:00:00,21.1,28.9,78.0,0.0,4.3,228.0,1001.6,610.0
2025-06-30 03:00:00,24.6,29.4,77.0,0.1,6.4,234.0,1001.5,770.0
2025-06-30 04:00:00,26.5,28.8,77.0,0.7,13.0,235.0,1001.2,620.0
2025-06-30 05:00:00,27.7,28.7,79.0,1.3,9.6,213.0,1001.0,615.0
2025-06-30 06:00:00,23.8,27.9,84.0,0.1,8.8,221.0,1000.7,480.0
2025-06-30 07:00:00,16.4,26.9,83.0,3.2,13.8,212.0,1000.5,465.0
2025-06-30 08:00:00,9.45,26.6,87.0,1.9,8.8,211.0,1001.2,550.0
2025-06-30 09:00:00,8.14,26.7,86.0,0.3,5.2,180.0,1000.9,425.0
2025-06-30 10:00:00,9.74,26.5,88.0,0.5,4.8,158.0,1001.3,355.0
2025-06-30 11:00:00,10.8,25.8,94.0,0.5,5.4,143.0,1001.7,160.0
2025-06-30 12:00:00,11.7,25.5,95.0,0.1,5.3,145.0,1002.2,130.0
2025-06-30 13:00:00,10.5,26.0,88.0,1.4,4.1,178.0,1003.0,280.0
2025-06-30 14:00:00,9.66,25.7,92.0,0.2,1.5,120.0,1003.1,25.0
2025-06-30 15:00:00,11.1,25.3,96.0,0.1,2.8,117.0,1003.2,40.0
2025-06-30 16:00:00,16.3,24.9,98.0,0.0,1.8,114.0,1003.0,35.0
2025-06-30 17:00:00,17.2,24.9,98.0,0.0,2.2,132.0,1002.3,35.0
2025-06-30 18:00:00,17.4,24.5,97.0,0.0,2.4,138.0,1001.9,30.0
2025-06-30 19:00:00,17.2,24.4,97.0,0.1,2.7,132.0,1001.9,30.0
2025-06-30 20:00:00,14.9,24.8,96.0,0.1,2.8,130.0,1002.2,35.0
2025-06-30 21:00:00,14.7,24.3,97.0,0.0,2.0,135.0,1002.4,25.0
2025-06-30 22:00:00,13.1,24.7,96.0,0.0,3.4,84.0,1002.8,25.0
2025-06-30 23:00:00,11.1,26.1,93.0,0.0,2.4,81.0,1003.3,80.0
2025-07-01 00:00:00,7.4,27.0,85.0,0.0,1.3,135.0,1003.1,360.0
2025-07-01 01:00:00,8.98,28.6,77.0,0.1,2.8,252.0,1003.4,530.0
2025-07-01 02:00:00,12.7,29.1,76.0,0.0,5.3,237.0,1003.6,585.0
2025-07-01 03:00:00,15.9,29.6,75.0,0.1,7.7,254.0,1003.4,725.0
2025-07-01 04:00:00,14.2,29.5,75.0,0.0,7.3,253.0,1002.9,590.0
2025-07-01 05:00:00,10.3,28.7,79.0,0.0,6.0,260.0,1002.3,435.0
2025-07-01 06:00:00,7.67,29.3,77.0,0.0,8.3,250.0,1001.9,560.0
2025-07-01 07:00:00,6.02,29.7,75.0,0.0,8.0,236.0,1001.7,735.0
2025-07-01 08:00:00,5.22,28.1,77.0,3.4,8.5,207.0,1001.8,430.0
2025-07-01 09:00:00,4.72,26.7,84.0,3.6,6.1,156.0,1002.2,230.0
2025-07-01 10:00:00,5.27,26.2,88.0,0.3,0.5,225.0,1002.6,160.0
2025-07-01 11:00:00,6.17,26.3,89.0,0.2,2.5,82.0,1002.9,75.0
2025-07-01 12:00:00,7.19,26.0,93.0,0.1,0.4,180.0,1003.3,35.0
2025-07-01 13:00:00,9.08,27.1,87.0,0.4,3.4,205.0,1004.3,90.0
2025-07-01 14:00:00,8.47,26.5,91.0,0.6,3.1,280.0,1004.8,70.0
2025-07-01 15:00:00,7.77,26.1,94.0,0.4,1.6,333.0,1004.3,30.0
2025-07-01 16:00:00,7.08,25.9,96.0,0.3,0.5,45.0,1003.5,15.0
2025-07-01 17:00:00,7.21,25.8,95.0,0.1,1.2,309.0,1003.0,30.0
2025-07-01 18:00:00,7.62,25.5,97.0,0.0,2.4,351.0,1002.2,40.0
2025-07-01 19:00:00,8.3,25.4,99.0,0.0,1.4,320.0,1002.1,20.0
2025-07-01 20:00:00,9.45,25.5,96.0,0.4,0.4,297.0,1002.2,10.0
2025-07-01 21:00:00,13.3,25.4,96.0,0.3,0.7,256.0,1002.2,10.0
2025-07-01 22:00:00,14.9,25.6,96.0,0.3,3.5,285.0,1002.5,65.0
2025-07-01 23:00:00,14.5,26.2,94.0,0.1,3.5,298.0,1003.0,245.0
2025-07-02 00:00:00,8.76,27.0,86.0,0.4,3.5,294.0,1003.6,255.0
2025-07-02 01:00:00,8.37,28.2,81.0,0.1,3.2,308.0,1003.6,515.0
2025-07-02 02:00:00,12.8,29.0,79.0,0.0,4.5,299.0,1003.6,685.0
2025-07-02 03:00:00,15.8,29.5,77.0,0.1,4.3,268.0,1003.3,740.0
2025-07-02 04:00:00,15.8,29.9,75.0,0.1,6.9,264.0,1002.7,835.0
2025-07-02 05:00:00,11.0,29.3,74.0,0.2,13.5,245.0,1002.1,695.0
2025-07-02 06:00:00,9.94,28.6,80.0,0.8,7.6,242.0,1002.5,655.0
2025-07-02 07:00:00,7.58,27.1,84.0,0.5,9.1,234.0,1001.9,450.0
2025-07-02 08:00:00,6.44,28.3,78.0,0.1,8.3,236.0,1001.6,715.0
2025-07-02 09:00:00,5.49,26.6,85.0,2.1,11.0,232.0,1001.7,390.0
2025-07-02 10:00:00,4.55,26.6,88.0,2.0,3.0,197.0,1001.9,290.0
2025-07-02 11:00:00,4.17,26.2,90.0,1.0,4.8,209.0,1002.6,225.0
2025-07-02 12:00:00,4.79,25.8,95.0,0.3,3.5,195.0,1002.9,85.0
2025-07-02 13:00:00,4.6,27.2,84.0,0.1,7.3,213.0,1003.7,365.0
2025-07-02 14:00:00,5.12,26.9,85.0,0.1,9.8,230.0,1004.5,490.0
2025-07-02 15:00:00,5.09,26.2,88.0,1.5,4.4,218.0,1003.8,405.0
2025-07-02 16:00:00,4.45,26.1,90.0,0.3,8.4,222.0,1003.6,380.0
2025-07-02 17:00:00,3.74,25.3,92.0,8.5,12.9,223.0,1003.2,415.0
2025-07-02 18:00:00,2.53,25.6,90.0,0.4,12.1,233.0,1002.7,450.0
2025-07-02 19:00:00,1.92,25.8,89.0,0.3,11.6,223.0,1002.4,505.0
2025-07-02 20:00:00,1.75,25.2,91.0,3.7,11.7,226.0,1002.3,450.0
2025-07-02 21:00:00,1.41,24.8,92.0,2.7,14.7,221.0,1002.7,525.0
2025-07-02 22:00:00,1.19,25.3,90.0,1.6,8.5,205.0,1002.7,450.0
2025-07-02 23:00:00,0.852,25.7,90.0,0.3,16.9,230.0,1003.6,600.0
2025-07-03 00:00:00,1.59,26.2,87.0,0.3,18.1,220.0,1002.9,620.0
2025-07-03 01:00:00,2.05,26.5,86.0,0.9,12.5,226.0,1004.1,650.0
2025-07-03 02:00:00,2.81,26.6,86.0,0.9,12.2,232.0,1004.0,630.0
2025-07-03 03:00:00,1.7,26.6,86.0,1.2,14.2,234.0,1004.2,545.0
2025-07-03 04:00:00,1.19,26.1,87.0,1.8,13.4,219.0,1003.8,510.0
2025-07-03 05:00:00,0.714,26.7,87.0,1.9,14.2,230.0,1003.1,565.0
2025-07-03 06:00:00,0.771,26.7,87.0,1.6,16.1,237.0,1002.8,585.0
2025-07-03 07:00:00,0.481,26.3,90.0,1.6,16.5,239.0,1002.4,630.0
2025-07-03 08:00:00,0.474,26.3,90.0,1.6,14.0,238.0,1001.7,630.0
2025-07-03 09:00:00,0.631,26.5,89.0,1.4,13.3,237.0,1002.0,610.0
2025-07-03 10:00:00,0.641,26.4,90.0,0.9,9.4,228.0,1002.1,495.0
2025-07-03 11:00:00,0.843,26.0,93.0,0.6,10.2,204.0,1002.6,465.0
2025-07-03 12:00:00,0.855,25.7,92.0,0.4,12.1,226.0,1003.7,445.0
2025-07-03 13:00:00,0.83,25.8,95.0,0.5,2.3,94.0,1004.2,50.0
2025-07-03 14:00:00,1.38,25.7,96.0,0.4,2.0,85.0,1004.9,40.0
2025-07-03 15:00:00,2.18,25.5,94.0,0.4,1.6,117.0,1004.6,30.0
2025-07-03 16:00:00,3.2,25.4,92.0,0.2,6.2,202.0,1004.0,245.0
2025-07-03 17:00:00,2.94,25.5,91.0,0.2,11.6,215.0,1003.6,440.0
2025-07-03 18:00:00,2.95,25.4,91.0,0.2,14.6,213.0,1003.1,520.0
2025-07-03 19:00:00,3.27,25.6,90.0,0.2,12.9,208.0,1002.4,530.0
2025-07-03 20:00:00,3.48,25.4,91.0,0.3,11.9,200.0,1002.3,500.0
2025-07-03 21:00:00,4.0,25.5,91.0,0.2,7.8,193.0,1002.1,480.0
2025-07-03 22:00:00,4.91,25.6,91.0,0.2,6.5,185.0,1002.8,370.0
2025-07-03 23:00:00,5.17,26.5,88.0,0.1,6.8,207.0,1003.0,485.0
2025-07-04 00:00:00,5.73,27.1,85.0,0.1,12.6,234.0,1003.4,620.0
2025-07-04 01:00:00,6.56,28.5,77.0,0.2,8.6,209.0,1003.6,780.0
2025-07-04 02:00:00,7.13,29.2,74.0,0.2,9.2,213.0,1003.6,780.0
2025-07-04 03:00:00,7.82,29.5,72.0,0.2,9.0,217.0,1003.1,755.0
2025-07-04 04:00:00,10.4,30.0,69.0,0.2,9.8,227.0,1002.3,720.0
2025-07-04 05:00:00,12.8,29.8,74.0,0.3,11.8,241.0,1001.5,675.0
2025-07-04 06:00:00,8.61,29.2,78.0,0.7,15.0,233.0,1001.1,645.0
2025-07-04 07:00:00,4.74,29.5,77.0,0.1,16.1,245.0,1001.0,855.0
2025-07-04 08:00:00,2.85,29.3,75.0,0.2,14.3,243.0,1001.1,915.0
2025-07-04 09:00:00,2.13,27.8,84.0,4.5,9.5,241.0,1001.6,585.0
2025-07-04 10:00:00,1.8,25.6,91.0,6.6,10.0,244.0,1002.6,405.0
2025-07-04 11:00:00,2.01,26.1,90.0,0.7,9.1,205.0,1003.1,425.0
2025-07-04 12:00:00,1.75,26.0,91.0,0.2,7.8,206.0,1003.3,425.0
2025-07-04 13:00:00,1.99,27.1,88.0,0.0,5.3,162.0,1003.8,165.0
2025-07-04 14:00:00,2.76,26.8,90.0,0.0,5.8,146.0,1003.9,135.0
2025-07-04 15:00:00,5.34,26.5,91.0,0.0,5.3,156.0,1003.6,115.0
2025-07-04 16:00:00,8.68,26.2,92.0,0.0,4.5,133.0,1003.2,65.0
2025-07-04 17:00:00,9.94,25.9,94.0,0.0,4.2,137.0,1002.6,30.0
2025-07-04 18:00:00,9.71,25.9,92.0,0.0,5.5,128.0,1001.8,65.0
2025-07-04 19:00:00,10.3,25.9,90.0,0.0,5.3,128.0,1001.5,80.0
2025-07-04 20:00:00,10.7,25.8,90.0,0.0,4.5,124.0,1001.5,55.0
2025-07-04 21:00:00,10.9,25.6,90.0,0.0,4.0,129.0,1001.2,40.0
2025-07-04 22:00:00,11.6,25.7,90.0,0.0,5.1,141.0,1001.2,65.0
2025-07-04 23:00:00,10.8,26.9,87.0,0.0,0.7,256.0,1002.0,210.0
2025-07-05 00:00:00,12.4,28.0,83.0,0.0,3.5,246.0,1002.3,450.0
2025-07-05 01:00:00,16.1,29.2,75.0,0.5,7.9,215.0,1002.8,845.0
2025-07-05 02:00:00,19.3,28.3,78.0,0.5,7.7,217.0,1003.4,640.0
2025-07-05 03:00:00,18.1,27.4,81.0,3.5,16.4,227.0,1003.4,520.0
2025-07-05 04:00:00,9.13,27.0,86.0,2.6,13.7,208.0,1003.4,500.0
2025-07-05 05:00:00,6.68,26.9,87.0,1.2,9.2,201.0,1002.8,670.0
2025-07-05 06:00:00,6.78,27.2,85.0,1.2,13.5,224.0,1002.2,630.0
2025-07-05 07:00:00,7.8,27.0,86.0,0.8,12.1,222.0,1001.7,580.0
2025-07-05 08:00:00,9.23,27.1,87.0,0.3,12.1,229.0,1001.7,600.0
2025-07-05 09:00:00,9.5,27.4,83.0,0.3,14.3,216.0,1001.6,585.0
2025-07-05 10:00:00,10.5,27.1,85.0,0.1,14.5,222.0,1001.7,600.0
2025-07-05 11:00:00,11.0,26.9,86.0,0.1,10.2,203.0,1002.6,510.0
2025-07-05 12:00:00,12.6,26.9,87.0,0.0,7.9,176.0,1003.0,520.0
2025-07-05 13:00:00,17.5,26.9,88.0,0.0,6.1,152.0,1003.7,115.0
2025-07-05 14:00:00,18.1,26.8,88.0,0.0,5.9,166.0,1003.7,140.0
2025-07-05 15:00:00,19.3,26.7,87.0,0.0,3.3,158.0,1003.5,100.0
2025-07-05 16:00:00,19.9,26.5,87.0,0.0,4.9,156.0,1002.8,45.0
2025-07-05 17:00:00,20.6,26.2,89.0,0.0,3.7,191.0,1002.2,40.0
2025-07-05 18:00:00,20.6,26.1,90.0,0.0,5.4,165.0,1001.6,55.0
2025-07-05 19:00:00,20.8,25.9,90.0,0.0,5.6,165.0,1001.5,45.0
2025-07-05 20:00:00,20.4,25.5,91.0,0.0,5.5,142.0,1001.9,30.0
2025-07-05 21:00:00,20.2,25.5,90.0,0.0,4.8,115.0,1002.0,30.0
2025-07-05 22:00:00,20.2,25.5,90.0,0.0,1.5,249.0,1002.6,10.0
2025-07-05 23:00:00,19.8,26.8,88.0,0.1,3.8,225.0,1003.2,440.0
2025-07-06 00:00:00,19.7,27.7,83.0,0.0,8.4,223.0,1003.6,590.0
2025-07-06 01:00:00,17.8,28.6,77.0,0.1,6.6,217.0,1004.4,900.0
2025-07-06 02:00:00,17.0,29.1,74.0,0.9,11.9,252.0,1004.7,760.0
2025-07-06 03:00:00,14.6,28.4,80.0,7.9,18.0,246.0,1004.4,860.0
2025-07-06 04:00:00,11.5,27.2,85.0,3.9,15.2,219.0,1004.3,630.0
2025-07-06 05:00:00,9.01,27.5,82.0,0.1,12.0,212.0,1003.6,690.0
2025-07-06 06:00:00,7.88,28.6,76.0,0.3,17.6,223.0,1002.6,795.0
2025-07-06 07:00:00,6.54,29.1,75.0,0.1,18.8,231.0,1002.1,830.0
2025-07-06 08:00:00,5.73,28.7,78.0,0.1,20.3,237.0,1002.1,860.0
2025-07-06 09:00:00,5.35,28.0,78.0,0.1,17.7,237.0,1002.6,745.0
2025-07-06 10:00:00,4.83,27.6,80.0,0.4,14.8,237.0,1003.2,720.0
2025-07-06 11:00:00,4.93,27.1,82.0,0.2,15.3,242.0,1004.1,670.0
2025-07-06 12:00:00,4.91,26.8,85.0,0.3,10.9,224.0,1004.9,545.0
2025-07-06 13:00:00,4.37,27.2,84.0,0.2,10.2,224.0,1004.9,485.0
2025-07-06 14:00:00,4.48,27.0,86.0,0.0,11.1,222.0,1005.1,505.0
2025-07-06 15:00:00,3.95,26.8,87.0,0.0,9.4,212.0,1005.0,500.0
2025-07-06 16:00:00,3.44,26.8,87.0,0.0,9.2,227.0,1004.5,465.0
2025-07-06 17:00:00,2.88,26.7,88.0,0.1,9.7,235.0,1003.7,435.0
2025-07-06 18:00:00,2.88,26.5,89.0,0.0,9.4,218.0,1002.9,420.0
2025-07-06 19:00:00,2.81,26.6,89.0,0.0,10.3,203.0,1002.4,500.0
2025-07-06 20:00:00,2.68,26.5,89.0,0.1,10.0,206.0,1002.6,525.0
2025-07-06 21:00:00,2.42,26.5,89.0,0.1,9.9,215.0,1002.6,550.0
2025-07-06 22:00:00,3.5,26.6,87.0,0.4,10.7,225.0,1002.8,520.0
2025-07-06 23:00:00,2.93,27.5,86.0,0.1,14.0,228.0,1003.2,740.0
2025-07-07 00:00:00,2.05,28.0,83.0,0.2,15.8,226.0,1003.1,740.0
2025-07-07 01:00:00,2.36,28.7,79.0,0.5,16.5,234.0,1003.6,695.0
2025-07-07 02:00:00,2.51,29.4,76.0,0.3,16.1,239.0,1003.2,755.0
2025-07-07 03:00:00,2.27,29.7,75.0,0.1,17.2,244.0,1003.5,795.0
2025-07-07 04:00:00,1.89,30.2,74.0,0.1,17.3,239.0,1003.6,950.0
2025-07-07 05:00:00,2.04,30.3,71.0,0.0,17.4,238.0,1003.2,995.0
2025-07-07 06:00:00,2.41,30.4,71.0,0.0,16.9,242.0,1002.8,1015.0
2025-07-07 07:00:00,3.02,30.0,69.0,0.1,15.7,236.0,1001.9,895.0
2025-07-07 08:00:00,3.36,29.3,74.0,0.0,16.7,243.0,1001.9,830.0
2025-07-07 09:00:00,3.66,29.1,73.0,0.2,16.4,246.0,1002.3,770.0
2025-07-07 10:00:00,4.38,28.5,78.0,0.0,11.6,244.0,1002.3,665.0
2025-07-07 11:00:00,4.7,27.8,82.0,0.0,11.4,242.0,1003.1,565.0
2025-07-07 12:00:00,5.23,27.7,82.0,0.0,9.5,243.0,1003.9,565.0
2025-07-07 13:00:00,5.22,28.4,77.0,0.0,7.6,248.0,1003.8,585.0
2025-07-07 14:00:00,4.94,28.2,78.0,0.0,7.2,245.0,1004.2,520.0
2025-07-07 15:00:00,4.98,28.0,78.0,0.0,6.9,247.0,1004.0,495.0
2025-07-07 16:00:00,4.32,28.0,79.0,0.0,7.1,255.0,1003.4,610.0
2025-07-07 17:00:00,4.26,27.7,80.0,0.0,8.2,244.0,1003.0,630.0
2025-07-07 18:00:00,4.03,27.5,81.0,0.0,9.2,239.0,1003.0,660.0
2025-07-07 19:00:00,4.28,27.3,82.0,0.1,11.2,240.0,1002.5,635.0
2025-07-07 20:00:00,4.55,26.9,84.0,0.2,11.0,245.0,1002.4,615.0
2025-07-07 21:00:00,4.39,27.0,84.0,0.1,10.1,243.0,1002.5,625.0
2025-07-07 22:00:00,5.45,26.9,83.0,0.1,12.6,236.0,1002.8,590.0
2025-07-07 23:00:00,6.95,27.1,83.0,0.1,15.3,243.0,1003.4,680.0
2025-07-08 00:00:00,4.82,27.5,81.0,0.1,14.1,240.0,1003.1,595.0
2025-07-08 01:00:00,3.39,28.4,79.0,0.1,13.4,250.0,1003.9,720.0
2025-07-08 02:00:00,3.39,29.2,77.0,0.1,9.9,243.0,1003.2,705.0
2025-07-08 03:00:00,4.35,29.5,75.0,0.0,12.4,253.0,1003.0,715.0
2025-07-08 04:00:00,4.67,29.6,76.0,0.1,11.9,241.0,1002.7,790.0
2025-07-08 05:00:00,4.42,29.9,74.0,0.1,14.2,243.0,1001.9,895.0
2025-07-08 06:00:00,3.6,29.3,79.0,3.1,12.3,232.0,1001.4,745.0
2025-07-08 07:00:00,3.17,29.3,77.0,0.1,11.8,237.0,1001.0,710.0
2025-07-08 08:00:00,2.71,28.9,79.0,0.8,12.1,253.0,1000.5,720.0
2025-07-08 09:00:00,2.48,27.5,83.0,3.3,6.5,246.0,1000.7,360.0
2025-07-08 10:00:00,2.6,27.1,87.0,0.2,10.6,261.0,1001.1,445.0
2025-07-08 11:00:00,3.12,26.2,92.0,1.3,5.6,225.0,1001.6,245.0
2025-07-08 12:00:00,4.13,26.3,91.0,0.2,6.4,245.0,1002.3,355.0
2025-07-08 13:00:00,4.42,26.7,88.0,0.6,8.6,271.0,1003.2,495.0
2025-07-08 14:00:00,4.05,26.3,89.0,0.5,12.9,276.0,1004.1,575.0
2025-07-08 15:00:00,3.57,25.8,89.0,0.4,7.2,251.0,1003.5,440.0
2025-07-08 16:00:00,2.86,25.8,90.0,0.3,7.4,209.0,1003.1,450.0
2025-07-08 17:00:00,2.22,25.8,90.0,0.1,4.6,191.0,1002.0,415.0
2025-07-08 18:00:00,2.34,25.8,90.0,0.0,3.9,242.0,1001.3,365.0
2025-07-08 19:00:00,2.1,26.0,89.0,0.2,7.5,226.0,1001.2,375.0
2025-07-08 20:00:00,2.77,25.9,90.0,0.4,7.4,223.0,1001.1,380.0
2025-07-08 21:00:00,3.56,26.0,89.0,0.6,5.6,230.0,1001.3,355.0
2025-07-08 22:00:00,4.16,25.8,91.0,1.3,7.1,223.0,1001.8,355.0
2025-07-08 23:00:00,5.2,26.5,89.0,0.9,8.4,227.0,1002.0,410.0
2025-07-09 00:00:00,9.31,26.6,89.0,0.5,9.3,234.0,1002.1,455.0
2025-07-09 01:00:00,12.3,28.3,81.0,0.0,9.4,234.0,1002.1,710.0
2025-07-09 02:00:00,8.25,28.6,78.0,0.1,14.7,237.0,1002.3,830.0
2025-07-09 03:00:00,5.75,28.6,79.0,1.8,16.3,243.0,1002.1,840.0
2025-07-09 04:00:00,4.18,27.7,81.0,0.2,13.1,243.0,1001.6,630.0
2025-07-09 05:00:00,4.08,28.7,76.0,0.2,17.8,246.0,1000.8,730.0
2025-07-09 06:00:00,4.82,29.5,74.0,0.0,14.0,250.0,1000.2,905.0
2025-07-09 07:00:00,5.96,29.5,72.0,0.0,14.8,244.0,999.5,840.0
2025-07-09 08:00:00,5.58,29.5,71.0,0.0,15.6,241.0,999.0,855.0
2025-07-09 09:00:00,6.13,28.7,75.0,0.0,15.1,241.0,999.0,715.0
2025-07-09 10:00:00,6.35,28.0,79.0,0.0,13.2,238.0,999.3,655.0
2025-07-09 11:00:00,6.65,27.3,82.0,0.1,10.3,237.0,1000.1,545.0
2025-07-09 12:00:00,6.76,27.3,83.0,0.0,8.7,238.0,1000.6,520.0
2025-07-09 13:00:00,6.43,28.2,81.0,0.1,10.9,241.0,1000.1,680.0
2025-07-09 14:00:00,5.64,27.1,84.0,0.1,12.1,228.0,1000.8,550.0
2025-07-09 15:00:00,5.48,26.7,87.0,0.1,15.1,225.0,1001.1,565.0
2025-07-09 16:00:00,5.23,26.6,87.0,0.0,13.9,230.0,1001.0,640.0
2025-07-09 17:00:00,4.55,26.5,88.0,0.0,12.3,232.0,1000.3,575.0
2025-07-09 18:00:00,3.96,26.6,87.0,0.2,13.1,229.0,999.4,615.0
2025-07-09 19:00:00,2.94,26.6,87.0,0.2,11.4,232.0,998.6,605.0
2025-07-09 20:00:00,2.11,26.5,87.0,0.1,11.2,233.0,998.3,590.0
2025-07-09 21:00:00,2.42,26.7,86.0,0.1,12.7,239.0,998.2,605.0
2025-07-09 22:00:00,2.37,26.2,87.0,0.5,11.6,244.0,999.1,485.0
2025-07-09 23:00:00,2.49,26.5,88.0,0.4,8.8,226.0,999.2,460.0
2025-07-10 00:00:00,2.35,27.2,83.0,0.2,12.7,235.0,999.5,680.0
2025-07-10 01:00:00,2.7,28.7,75.0,0.3,17.1,243.0,999.2,815.0
2025-07-10 02:00:00,2.04,29.4,73.0,0.2,17.4,247.0,999.6,925.0
2025-07-10 03:00:00,3.78,29.9,70.0,0.2,18.2,240.0,999.6,920.0
2025-07-10 04:00:00,1.9,30.3,70.0,0.1,19.5,239.0,999.3,1000.0
2025-07-10 05:00:00,1.2,29.9,73.0,0.1,19.8,241.0,998.6,865.0
2025-07-10 06:00:00,1.75,29.3,73.0,0.6,24.0,232.0,998.3,795.0
2025-07-10 07:00:00,2.03,28.9,75.0,0.6,20.3,234.0,997.8,790.0
2025-07-10 08:00:00,1.52,28.3,81.0,2.1,17.0,236.0,997.6,715.0
2025-07-10 09:00:00,1.46,28.1,81.0,0.0,15.2,244.0,997.5,710.0
2025-07-10 10:00:00,2.15,27.6,82.0,0.1,15.6,240.0,998.0,605.0
2025-07-10 11:00:00,2.43,26.9,85.0,0.2,19.2,232.0,998.9,635.0
2025-07-10 12:00:00,3.03,25.8,90.0,1.5,11.4,219.0,1000.1,430.0
2025-07-10 13:00:00,3.05,26.1,90.0,0.1,11.8,206.0,1000.8,545.0
2025-07-10 14:00:00,2.99,26.2,90.0,0.3,9.9,212.0,1000.6,450.0
2025-07-10 15:00:00,3.26,26.3,89.0,0.1,10.9,224.0,1000.7,550.0
2025-07-10 16:00:00,4.25,26.6,87.0,0.0,9.8,216.0,1000.2,580.0
2025-07-10 17:00:00,4.65,26.3,89.0,0.1,8.3,194.0,999.9,480.0
2025-07-10 18:00:00,5.57,26.2,90.0,0.2,11.7,211.0,999.3,565.0
2025-07-10 19:00:00,5.69,26.2,90.0,0.2,10.8,212.0,998.9,545.0
2025-07-10 20:00:00,5.29,26.2,89.0,0.3,13.3,213.0,998.8,565.0
2025-07-10 21:00:00,5.12,26.1,89.0,0.3,11.9,209.0,999.0,520.0
2025-07-10 22:00:00,4.81,26.0,89.0,0.4,8.9,199.0,999.1,425.0
2025-07-10 23:00:00,4.88,26.5,87.0,0.4,9.9,217.0,1000.0,525.0
2025-07-11 00:00:00,4.05,27.3,85.0,0.2,10.1,221.0,1000.3,650.0
2025-07-11 01:00:00,4.63,27.9,80.0,0.2,15.8,230.0,1000.9,640.0
2025-07-11 02:00:00,3.84,28.7,77.0,0.2,16.0,235.0,1001.0,690.0
2025-07-11 03:00:00,2.32,29.6,75.0,0.2,18.0,229.0,1000.9,895.0
2025-07-11 04:00:00,1.82,28.1,83.0,3.4,15.7,222.0,1001.0,615.0
2025-07-11 05:00:00,2.51,29.3,77.0,0.1,14.2,229.0,1000.5,780.0
2025-07-11 06:00:00,3.43,29.5,75.0,0.1,15.3,236.0,999.8,685.0
2025-07-11 07:00:00,4.9,28.9,79.0,0.1,16.2,234.0,999.5,625.0
2025-07-11 08:00:00,4.84,28.8,79.0,0.1,15.5,227.0,999.6,735.0
2025-07-11 09:00:00,4.27,27.2,85.0,2.5,12.6,226.0,1000.2,505.0
2025-07-11 10:00:00,3.82,27.5,86.0,0.1,8.9,230.0,1000.4,545.0
2025-07-11 11:00:00,3.98,27.2,87.0,0.0,7.0,228.0,1001.3,465.0
2025-07-11 12:00:00,4.62,27.1,88.0,0.0,5.1,186.0,1001.8,310.0
2025-07-11 13:00:00,6.05,27.8,84.0,0.0,4.5,157.0,1002.4,135.0
2025-07-11 14:00:00,7.06,27.4,87.0,0.0,1.8,191.0,1002.9,30.0
2025-07-11 15:00:00,7.35,26.6,90.0,0.9,2.9,274.0,1003.7,125.0
2025-07-11 16:00:00,7.73,26.2,93.0,0.0,4.0,82.0,1002.6,65.0
2025-07-11 17:00:00,7.99,25.5,95.0,0.0,2.7,184.0,1002.7,80.0
2025-07-11 18:00:00,8.37,25.9,93.0,0.0,4.1,167.0,1002.4,165.0
2025-07-11 19:00:00,9.5,25.8,93.0,0.0,5.3,190.0,1002.5,220.0
2025-07-11 20:00:00,9.57,26.0,92.0,0.0,5.1,157.0,1002.6,250.0
2025-07-11 21:00:00,9.64,25.7,94.0,0.1,6.6,112.0,1002.5,180.0
2025-07-11 22:00:00,9.85,25.4,94.0,0.0,4.8,110.0,1002.3,130.0
2025-07-11 23:00:00,9.82,26.3,91.0,0.0,1.9,158.0,1002.8,170.0
2025-07-12 00:00:00,9.64,27.2,86.0,0.1,4.7,196.0,1003.5,375.0
2025-07-12 01:00:00,10.3,27.9,82.0,0.2,7.4,214.0,1004.2,620.0
2025-07-12 02:00:00,9.93,27.8,78.0,0.5,10.3,235.0,1004.0,520.0
2025-07-12 03:00:00,8.25,28.3,79.0,0.9,9.4,250.0,1004.0,670.0
2025-07-12 04:00:00,6.36,29.2,74.0,0.4,9.6,247.0,1003.4,640.0
2025-07-12 05:00:00,5.15,29.2,75.0,0.0,8.2,260.0,1002.7,680.0
2025-07-12 06:00:00,4.05,29.7,73.0,0.0,7.1,260.0,1002.1,675.0
2025-07-12 07:00:00,3.4,29.8,72.0,0.2,7.6,243.0,1001.5,700.0
2025-07-12 08:00:00,2.55,29.1,74.0,0.4,8.7,223.0,1001.5,560.0
2025-07-12 09:00:00,1.79,28.1,80.0,2.4,8.8,213.0,1002.0,475.0
2025-07-12 10:00:00,1.3,27.9,81.0,1.2,5.1,238.0,1002.6,470.0
2025-07-12 11:00:00,1.3,27.2,86.0,0.1,1.7,162.0,1002.7,55.0
2025-07-12 12:00:00,1.23,27.1,88.0,0.0,5.9,149.0,1002.9,180.0
2025-07-12 13:00:00,1.37,27.1,92.0,0.2,0.4,333.0,1003.5,20.0
2025-07-12 14:00:00,2.31,26.8,94.0,0.1,2.6,74.0,1003.9,50.0
2025-07-12 15:00:00,3.15,26.6,95.0,0.0,3.4,106.0,1004.3,60.0
2025-07-12 16:00:00,3.58,26.3,97.0,0.0,3.1,118.0,1003.9,55.0
2025-07-12 17:00:00,4.05,26.2,96.0,0.0,4.3,112.0,1003.1,70.0
2025-07-12 18:00:00,4.96,25.9,96.0,0.0,4.0,108.0,1002.8,60.0
2025-07-12 19:00:00,5.81,25.7,95.0,0.0,4.4,111.0,1002.6,70.0
2025-07-12 20:00:00,6.52,25.2,95.0,0.0,2.8,101.0,1002.5,40.0
2025-07-12 21:00:00,7.12,25.1,95.0,0.0,2.4,107.0,1002.9,35.0
2025-07-12 22:00:00,7.21,25.4,94.0,0.0,1.9,107.0,1003.1,30.0
2025-07-12 23:00:00,6.3,26.9,88.0,0.0,2.7,110.0,1003.6,175.0
2025-07-13 00:00:00,5.85,28.0,82.0,0.0,2.7,180.0,1003.7,440.0
2025-07-13 01:00:00,5.47,28.9,77.0,0.1,2.3,212.0,1003.9,560.0
2025-07-13 02:00:00,5.85,29.7,73.0,0.3,4.4,232.0,1003.8,690.0
2025-07-13 03:00:00,7.27,29.9,72.0,0.1,5.8,261.0,1003.5,690.0
2025-07-13 04:00:00,8.89,30.2,71.0,0.0,6.6,259.0,1003.0,695.0
2025-07-13 05:00:00,10.6,30.8,68.0,0.0,8.3,256.0,1002.6,845.0
2025-07-13 06:00:00,11.3,30.3,71.0,0.1,10.3,229.0,1001.9,790.0
2025-07-13 07:00:00,9.41,30.1,71.0,0.1,11.2,229.0,1001.9,810.0
2025-07-13 08:00:00,7.54,29.5,73.0,0.3,13.1,222.0,1001.4,640.0
2025-07-13 09:00:00,6.02,29.5,74.0,0.2,9.4,240.0,1001.4,675.0
2025-07-13 10:00:00,4.61,28.9,75.0,0.1,7.3,242.0,1001.9,600.0
2025-07-13 11:00:00,3.33,28.7,78.0,0.0,4.3,208.0,1002.1,370.0
2025-07-13 12:00:00,2.6,28.5,79.0,0.0,4.8,207.0,1002.2,320.0
2025-07-13 13:00:00,1.91,28.4,85.0,0.0,3.2,251.0,1002.8,45.0
2025-07-13 14:00:00,2.68,28.1,87.0,0.0,1.7,288.0,1003.3,15.0
2025-07-13 15:00:00,3.85,27.8,90.0,0.0,2.9,22.0,1003.2,30.0
2025-07-13 16:00:00,5.54,27.3,93.0,0.0,3.6,41.0,1002.7,30.0
2025-07-13 17:00:00,6.0,27.0,94.0,0.0,3.0,17.0,1002.2,20.0
2025-07-13 18:00:00,6.81,26.8,95.0,0.0,1.6,354.0,1002.0,15.0
2025-07-13 19:00:00,7.08,26.8,95.0,0.0,1.3,344.0,1002.0,15.0
2025-07-13 20:00:00,7.54,26.8,95.0,0.1,0.9,259.0,1001.9,30.0
2025-07-13 21:00:00,7.58,26.7,94.0,0.1,1.8,217.0,1002.0,95.0
2025-07-13 22:00:00,8.37,26.6,89.0,0.7,2.4,234.0,1002.3,205.0
2025-07-13 23:00:00,8.08,27.8,82.0,0.0,3.8,245.0,1002.5,415.0
2025-07-14 00:00:00,8.83,28.3,78.0,0.1,6.5,242.0,1002.8,560.0
2025-07-14 01:00:00,8.22,29.1,77.0,0.1,5.9,239.0,1003.0,665.0
2025-07-14 02:00:00,9.17,30.1,72.0,0.1,7.5,240.0,1002.9,775.0
2025-07-14 03:00:00,17.3,30.6,68.0,0.0,8.7,248.0,1002.5,760.0
2025-07-14 04:00:00,18.7,30.9,67.0,0.0,9.7,242.0,1002.1,785.0
2025-07-14 05:00:00,16.8,30.9,68.0,0.1,12.1,233.0,1001.9,775.0
2025-07-14 06:00:00,10.5,31.3,67.0,0.0,14.5,224.0,1001.4,925.0
2025-07-14 07:00:00,6.15,30.5,69.0,0.4,14.7,242.0,1000.5,845.0
2025-07-14 08:00:00,4.16,29.9,72.0,0.8,14.2,240.0,1000.4,705.0
2025-07-14 09:00:00,2.2,29.3,76.0,1.3,7.6,274.0,1000.6,595.0
2025-07-14 10:00:00,1.25,29.2,76.0,0.1,6.0,237.0,1000.9,655.0
2025-07-14 11:00:00,1.1,27.8,82.0,0.6,4.4,258.0,1001.7,200.0
2025-07-14 12:00:00,0.925,27.8,83.0,0.0,3.5,219.0,1002.0,160.0
2025-07-14 13:00:00,0.851,26.9,89.0,0.1,1.2,129.0,1002.4,85.0
2025-07-14 14:00:00,1.13,26.8,91.0,0.0,6.0,171.0,1003.2,210.0
2025-07-14 15:00:00,1.03,26.9,89.0,0.1,4.6,201.0,1002.9,310.0
2025-07-14 16:00:00,1.06,27.0,87.0,0.1,8.9,222.0,1002.3,365.0
2025-07-14 17:00:00,0.887,27.1,87.0,0.1,6.7,226.0,1001.8,365.0
2025-07-14 18:00:00,0.991,27.0,86.0,0.1,5.5,232.0,1001.5,345.0
2025-07-14 19:00:00,0.724,26.8,87.0,0.1,5.5,232.0,1001.5,290.0
2025-07-14 20:00:00,0.874,26.9,86.0,0.1,2.7,238.0,1001.4,220.0
2025-07-14 21:00:00,0.979,26.8,86.0,0.1,3.3,202.0,1001.4,260.0
2025-07-14 22:00:00,1.48,26.6,87.0,0.0,2.2,138.0,1001.3,30.0
2025-07-14 23:00:00,2.05,27.2,84.0,0.0,4.3,242.0,1001.7,340.0
2025-07-15 00:00:00,3.28,28.0,79.0,0.1,5.6,248.0,1001.8,445.0
2025-07-15 01:00:00,4.42,28.9,78.0,0.1,5.4,249.0,1002.0,675.0
2025-07-15 02:00:00,3.37,29.6,74.0,0.3,7.2,242.0,1001.9,765.0
2025-07-15 03:00:00,3.1,29.9,72.0,0.3,7.7,242.0,1001.7,710.0
2025-07-15 04:00:00,2.6,30.3,72.0,0.1,11.8,236.0,1001.4,830.0
2025-07-15 05:00:00,1.99,30.6,72.0,0.1,10.8,232.0,1000.9,885.0
2025-07-15 06:00:00,1.67,29.0,76.0,6.6,16.5,241.0,1000.8,560.0
2025-07-15 07:00:00,1.46,27.4,86.0,4.7,7.9,235.0,1000.6,420.0
2025-07-15 08:00:00,1.32,28.4,81.0,0.4,9.3,234.0,1000.5,615.0
2025-07-15 09:00:00,1.42,28.5,80.0,0.1,8.4,235.0,1000.6,515.0
2025-07-15 10:00:00,1.83,27.6,83.0,0.9,8.7,225.0,1001.0,390.0
2025-07-15 11:00:00,1.74,26.6,88.0,1.7,7.9,221.0,1001.6,360.0
2025-07-15 12:00:00,1.97,26.0,92.0,4.7,4.3,294.0,1002.4,230.0
2025-07-15 13:00:00,1.94,26.4,91.0,0.2,2.1,75.0,1002.6,90.0
2025-07-15 14:00:00,2.63,26.7,86.0,0.6,6.4,227.0,1003.5,335.0
2025-07-15 15:00:00,3.07,26.6,87.0,0.0,7.3,228.0,1003.3,405.0
2025-07-15 16:00:00,2.69,26.4,90.0,0.0,0.6,236.0,1002.1,315.0
2025-07-15 17:00:00,2.24,26.1,90.0,0.0,0.4,243.0,1001.8,45.0
2025-07-15 18:00:00,1.8,26.4,91.0,0.0,0.3,135.0,1001.6,35.0
2025-07-15 19:00:00,1.26,25.9,93.0,0.1,1.0,112.0,1001.2,50.0
2025-07-15 20:00:00,1.64,25.7,94.0,0.0,1.6,96.0,1000.8,50.0
2025-07-15 21:00:00,1.78,26.0,93.0,0.0,3.2,93.0,1000.9,55.0
2025-07-15 22:00:00,2.34,26.1,93.0,0.0,2.7,90.0,1001.3,45.0
2025-07-15 23:00:00,3.62,26.7,89.0,0.0,2.2,14.0,1001.5,225.0
2025-07-16 00:00:00,3.64,27.3,86.0,0.0,4.3,17.0,1001.7,390.0
2025-07-16 01:00:00,3.43,28.6,81.0,0.0,4.6,249.0,1002.4,610.0
2025-07-16 02:00:00,3.87,29.5,77.0,0.2,5.1,231.0,1002.4,735.0
2025-07-16 03:00:00,3.69,29.9,75.0,0.0,6.1,227.0,1002.2,825.0
2025-07-16 04:00:00,3.75,30.2,74.0,0.2,7.3,234.0,1001.6,750.0
2025-07-16 05:00:00,3.53,30.7,71.0,0.1,8.2,237.0,1000.9,795.0
2025-07-16 06:00:00,1.93,30.3,71.0,0.5,10.3,226.0,1000.3,665.0
2025-07-16 07:00:00,1.33,29.6,74.0,0.3,12.2,221.0,999.8,570.0
2025-07-16 08:00:00,1.13,29.1,75.0,0.9,12.6,234.0,999.5,550.0
2025-07-16 09:00:00,0.833,28.4,80.0,1.1,10.5,245.0,999.6,485.0
2025-07-16 10:00:00,0.693,27.3,84.0,0.9,7.0,244.0,1000.2,345.0
2025-07-16 11:00:00,1.08,25.6,91.0,3.5,4.4,212.0,1001.4,190.0
2025-07-16 12:00:00,1.2,25.7,91.0,0.2,2.2,325.0,1002.0,190.0
2025-07-16 13:00:00,1.67,26.1,93.0,0.2,2.1,70.0,1001.4,130.0
2025-07-16 14:00:00,1.87,25.9,90.0,0.4,2.1,142.0,1001.9,130.0
2025-07-16 15:00:00,2.15,26.0,90.0,0.0,1.8,186.0,1001.6,125.0
2025-07-16 16:00:00,1.79,25.8,91.0,0.0,1.5,7.0,1001.0,145.0
2025-07-16 17:00:00,2.29,26.0,90.0,0.0,0.2,90.0,1000.8,165.0
2025-07-16 18:00:00,2.93,26.0,91.0,0.0,0.5,90.0,1000.4,155.0
2025-07-16 19:00:00,3.57,25.8,91.0,0.0,0.6,108.0,1000.1,130.0
2025-07-16 20:00:00,3.95,25.9,91.0,0.0,0.4,63.0,999.7,20.0
2025-07-16 21:00:00,4.54,25.6,93.0,0.0,2.4,36.0,999.1,40.0
2025-07-16 22:00:00,6.03,25.5,93.0,0.0,5.9,43.0,999.1,130.0
2025-07-16 23:00:00,10.8,26.0,90.0,0.0,2.2,14.0,999.6,140.0
2025-07-17 00:00:00,12.9,27.1,83.0,0.0,1.3,360.0,1000.1,305.0
2025-07-17 01:00:00,12.7,27.5,84.0,0.0,4.6,349.0,1000.3,390.0
2025-07-17 02:00:00,14.3,28.1,82.0,0.1,4.2,342.0,1000.5,495.0
2025-07-17 03:00:00,16.2,28.6,81.0,0.1,3.0,322.0,1000.2,605.0
2025-07-17 04:00:00,19.5,28.2,81.0,0.1,3.5,215.0,999.3,355.0
2025-07-17 05:00:00,20.0,27.2,82.0,0.9,12.3,240.0,998.6,350.0
2025-07-17 06:00:00,13.4,27.2,83.0,0.5,8.9,256.0,998.1,360.0
2025-07-17 07:00:00,9.09,27.0,84.0,0.6,5.1,287.0,997.6,400.0
2025-07-17 08:00:00,6.23,27.0,85.0,1.4,6.8,272.0,997.2,330.0
2025-07-17 09:00:00,5.22,26.8,86.0,0.6,5.8,279.0,997.3,330.0
2025-07-17 10:00:00,4.92,26.9,87.0,0.4,5.4,304.0,997.8,395.0
2025-07-17 11:00:00,5.04,26.7,89.0,0.7,5.2,301.0,997.6,440.0
2025-07-17 12:00:00,5.64,26.3,93.0,1.2,4.0,291.0,998.1,275.0
2025-07-17 13:00:00,5.75,26.0,94.0,2.7,6.0,265.0,997.8,215.0
2025-07-17 14:00:00,5.78,26.1,93.0,0.8,7.2,289.0,997.6,280.0
2025-07-17 15:00:00,5.54,25.7,94.0,0.7,3.6,330.0,997.4,130.0
2025-07-17 16:00:00,5.48,25.7,95.0,0.2,3.4,313.0,996.7,125.0
2025-07-17 17:00:00,5.12,25.7,95.0,0.4,3.0,308.0,995.8,180.0
2025-07-17 18:00:00,5.02,25.9,94.0,0.5,2.9,263.0,995.3,165.0
2025-07-17 19:00:00,4.99,25.9,93.0,0.5,3.5,235.0,994.8,180.0
2025-07-17 20:00:00,6.23,25.9,94.0,0.4,4.2,216.0,994.2,175.0
2025-07-17 21:00:00,6.96,26.0,93.0,0.3,4.1,214.0,994.5,155.0
2025-07-17 22:00:00,6.98,25.9,92.0,0.5,8.8,231.0,994.9,315.0
2025-07-17 23:00:00,7.09,26.2,91.0,0.7,9.9,245.0,995.4,335.0
2025-07-18 00:00:00,7.12,26.7,90.0,0.7,3.8,245.0,995.3,305.0
2025-07-18 01:00:00,6.52,25.0,94.0,3.0,2.9,120.0,996.2,100.0
2025-07-18 02:00:00,4.78,25.4,93.0,5.9,3.0,194.0,996.3,160.0
2025-07-18 03:00:00,4.46,26.2,91.0,1.7,4.6,259.0,995.6,525.0
2025-07-18 04:00:00,3.45,26.1,86.0,1.4,11.6,266.0,994.3,395.0
2025-07-18 05:00:00,2.8,26.4,86.0,1.0,9.2,270.0,993.3,500.0
2025-07-18 06:00:00,1.78,26.9,85.0,1.1,8.3,246.0,993.3,545.0
2025-07-18 07:00:00,2.03,27.1,86.0,1.5,7.8,232.0,992.9,555.0
2025-07-18 08:00:00,1.66,26.7,89.0,1.3,10.3,245.0,992.3,470.0
2025-07-18 09:00:00,1.03,26.5,91.0,1.4,9.1,252.0,992.1,580.0
2025-07-18 10:00:00,0.718,26.3,92.0,1.0,9.3,245.0,993.0,580.0
2025-07-18 11:00:00,0.796,26.1,93.0,0.9,6.7,254.0,993.6,520.0
2025-07-18 12:00:00,0.888,26.1,92.0,0.8,9.7,242.0,994.0,550.0
2025-07-18 13:00:00,1.05,26.3,88.0,1.0,14.0,270.0,994.4,705.0
2025-07-18 14:00:00,0.78,25.9,92.0,1.4,9.3,254.0,994.3,645.0
2025-07-18 15:00:00,0.692,25.8,93.0,1.1,11.3,222.0,994.3,500.0
2025-07-18 16:00:00,0.633,25.6,93.0,1.2,13.9,223.0,993.8,495.0
2025-07-18 17:00:00,0.707,25.3,91.0,1.3,14.8,225.0,993.0,495.0
2025-07-18 18:00:00,0.754,25.3,90.0,0.8,16.2,222.0,992.7,555.0
2025-07-18 19:00:00,0.577,25.4,93.0,1.3,16.8,222.0,992.0,535.0
2025-07-18 20:00:00,0.348,25.6,91.0,1.4,20.3,228.0,992.0,610.0
2025-07-18 21:00:00,0.164,25.6,93.0,1.9,16.9,231.0,992.0,550.0
2025-07-18 22:00:00,0.314,25.1,92.0,2.0,20.2,230.0,992.6,595.0
2025-07-18 23:00:00,0.32,25.6,91.0,1.3,22.8,221.0,993.1,700.0
2025-07-19 00:00:00,0.23,25.7,92.0,2.3,19.3,219.0,993.3,835.0
2025-07-19 01:00:00,0.235,27.2,84.0,1.7,17.5,240.0,994.3,865.0
2025-07-19 02:00:00,0.231,26.8,82.0,1.3,23.3,237.0,994.8,785.0
2025-07-19 03:00:00,0.621,26.9,86.0,0.5,20.1,228.0,994.8,1010.0
2025-07-19 04:00:00,1.78,26.9,85.0,1.1,23.3,233.0,994.4,880.0
2025-07-19 05:00:00,2.14,27.1,87.0,2.5,21.2,240.0,993.5,820.0
2025-07-19 06:00:00,2.53,25.4,92.0,5.6,22.7,236.0,993.4,795.0
2025-07-19 07:00:00,2.91,26.5,90.0,2.5,24.2,227.0,993.4,890.0
2025-07-19 08:00:00,4.39,25.9,87.0,1.8,23.4,225.0,994.1,780.0
2025-07-19 09:00:00,6.15,26.0,88.0,1.5,19.3,216.0,994.3,860.0
2025-07-19 10:00:00,7.48,25.4,91.0,4.5,20.3,220.0,995.5,760.0
2025-07-19 11:00:00,9.49,25.6,89.0,0.6,23.9,225.0,996.4,780.0
2025-07-19 12:00:00,11.8,26.0,88.0,0.5,21.3,227.0,996.6,760.0
2025-07-19 13:00:00,8.91,25.9,90.0,5.0,13.0,235.0,997.5,575.0
2025-07-19 14:00:00,7.56,26.5,87.0,0.3,10.1,221.0,997.8,530.0
2025-07-19 15:00:00,6.58,26.1,86.0,0.3,15.4,216.0,997.8,565.0
2025-07-19 16:00:00,6.18,25.5,90.0,0.4,14.3,209.0,997.5,600.0
2025-07-19 17:00:00,5.34,25.4,91.0,1.3,17.1,206.0,997.3,720.0
2025-07-19 18:00:00,5.38,25.5,91.0,0.8,14.0,198.0,996.8,740.0
2025-07-19 19:00:00,6.61,24.7,92.0,2.4,15.2,216.0,996.8,670.0
2025-07-19 20:00:00,7.81,25.1,91.0,1.4,19.8,207.0,997.1,735.0
2025-07-19 21:00:00,9.33,25.7,91.0,0.5,17.1,205.0,997.2,810.0
2025-07-19 22:00:00,12.9,25.1,91.0,2.8,19.1,214.0,997.7,655.0
2025-07-19 23:00:00,17.1,25.5,90.0,2.5,19.5,212.0,998.4,710.0
2025-07-20 00:00:00,19.6,26.5,87.0,0.3,18.8,202.0,998.7,840.0
2025-07-20 01:00:00,19.9,28.2,80.0,0.3,18.2,213.0,998.7,1025.0
2025-07-20 02:00:00,19.3,28.2,80.0,0.2,25.7,222.0,999.0,1010.0
2025-07-20 03:00:00,16.8,28.5,78.0,0.2,24.7,226.0,998.7,1005.0
2025-07-20 04:00:00,11.3,28.8,76.0,0.3,23.3,224.0,998.6,1040.0
2025-07-20 05:00:00,9.05,27.1,84.0,1.9,25.1,228.0,998.1,760.0
2025-07-20 06:00:00,8.23,28.0,79.0,0.2,25.1,225.0,998.1,925.0
2025-07-20 07:00:00,7.25,28.2,78.0,0.3,25.3,221.0,997.4,950.0
2025-07-20 08:00:00,6.68,28.4,78.0,0.1,19.9,222.0,997.5,1035.0
2025-07-20 09:00:00,6.13,27.1,85.0,2.4,18.7,223.0,997.9,755.0
2025-07-20 10:00:00,5.77,26.7,87.0,1.7,16.6,220.0,998.8,690.0
2025-07-20 11:00:00,5.51,26.2,89.0,1.3,15.3,219.0,999.8,595.0
2025-07-20 12:00:00,5.65,25.6,91.0,1.9,17.0,219.0,1000.9,600.0
2025-07-20 13:00:00,5.08,26.6,87.0,2.1,16.4,224.0,1000.6,780.0
2025-07-20 14:00:00,4.8,26.9,85.0,0.2,14.9,216.0,1001.0,815.0
2025-07-20 15:00:00,5.07,27.1,82.0,0.2,16.3,222.0,1000.9,870.0
2025-07-20 16:00:00,5.13,26.4,83.0,0.2,14.6,226.0,1000.7,790.0
2025-07-20 17:00:00,4.67,26.5,87.0,0.1,13.5,217.0,1000.2,780.0
2025-07-20 18:00:00,4.84,26.2,87.0,0.2,12.9,226.0,1000.0,780.0
2025-07-20 19:00:00,4.94,25.9,87.0,0.2,16.5,224.0,999.7,635.0
2025-07-20 20:00:00,4.73,25.3,91.0,1.5,14.3,223.0,1000.2,560.0
2025-07-20 21:00:00,4.92,25.6,91.0,0.2,10.2,204.0,1000.4,535.0
2025-07-20 22:00:00,4.86,25.2,93.0,1.9,11.9,200.0,1001.3,465.0
2025-07-20 23:00:00,5.0,25.4,92.0,3.4,13.3,220.0,1001.6,515.0
2025-07-21 00:00:00,5.9,26.3,89.0,0.7,15.4,224.0,1001.8,575.0
2025-07-21 01:00:00,6.27,26.3,89.0,4.7,18.6,227.0,1001.4,550.0
2025-07-21 02:00:00,6.46,26.5,88.0,3.8,16.8,219.0,1001.7,540.0
2025-07-21 03:00:00,4.06,26.1,91.0,2.3,13.3,201.0,1001.2,510.0
2025-07-21 04:00:00,4.44,26.6,87.0,0.4,15.2,220.0,1001.0,725.0
2025-07-21 05:00:00,4.05,26.8,85.0,0.4,19.3,231.0,1000.2,755.0
2025-07-21 06:00:00,4.87,27.0,84.0,0.4,18.0,229.0,999.9,750.0
2025-07-21 07:00:00,5.94,26.9,85.0,0.7,19.7,233.0,999.8,700.0
2025-07-21 08:00:00,6.1,26.5,86.0,3.7,16.2,231.0,999.8,650.0
2025-07-21 09:00:00,5.78,26.6,87.0,0.2,12.6,241.0,999.7,610.0
2025-07-21 10:00:00,5.6,25.7,89.0,4.9,17.4,242.0,1000.2,515.0
2025-07-21 11:00:00,6.57,25.6,90.0,1.7,11.1,240.0,1000.9,475.0
2025-07-21 12:00:00,6.84,25.7,91.0,0.8,10.4,242.0,1001.5,485.0
2025-07-21 13:00:00,6.34,25.7,93.0,1.4,13.1,224.0,1001.4,535.0
2025-07-21 14:00:00,5.08,25.7,92.0,2.0,12.8,222.0,1001.8,535.0
2025-07-21 15:00:00,3.96,25.5,92.0,3.8,14.5,219.0,1001.9,525.0
2025-07-21 16:00:00,3.5,25.5,91.0,0.5,18.1,225.0,1001.0,535.0
2025-07-21 17:00:00,3.1,25.5,91.0,1.1,13.7,237.0,1000.5,500.0
2025-07-21 18:00:00,2.9,25.8,89.0,0.2,11.5,230.0,999.5,460.0
2025-07-21 19:00:00,2.89,25.2,91.0,1.9,9.2,274.0,999.3,370.0
2025-07-21 20:00:00,2.56,24.7,94.0,0.8,3.9,323.0,999.2,120.0
2025-07-21 21:00:00,2.05,24.3,94.0,11.4,3.1,40.0,999.4,60.0
2025-07-21 22:00:00,1.98,24.3,96.0,0.7,4.0,54.0,999.7,50.0
2025-07-21 23:00:00,1.75,24.6,96.0,1.1,0.9,53.0,1000.3,40.0
2025-07-22 00:00:00,1.52,25.2,93.0,0.6,2.8,55.0,1000.3,115.0
2025-07-22 01:00:00,1.23,26.8,86.0,0.4,11.8,237.0,1000.4,580.0
2025-07-22 02:00:00,1.37,27.0,84.0,0.3,14.6,238.0,1000.5,665.0
2025-07-22 03:00:00,1.41,27.4,82.0,0.5,14.8,240.0,1000.0,660.0
2025-07-22 04:00:00,1.34,27.7,82.0,0.2,14.3,239.0,999.5,690.0
2025-07-22 05:00:00,1.26,28.1,78.0,1.1,17.4,243.0,998.6,635.0
2025-07-22 06:00:00,1.12,28.0,79.0,0.9,16.9,237.0,998.1,690.0
2025-07-22 07:00:00,1.3,27.0,84.0,0.2,17.0,240.0,997.3,710.0
2025-07-22 08:00:00,1.47,27.0,85.0,12.8,19.7,242.0,997.2,635.0
2025-07-22 09:00:00,1.2,26.7,87.0,5.2,12.9,243.0,997.7,625.0
2025-07-22 10:00:00,0.971,26.3,86.0,0.5,15.5,247.0,998.0,560.0
2025-07-22 11:00:00,0.947,26.1,89.0,0.4,9.7,246.0,998.3,530.0
2025-07-22 12:00:00,0.74,26.1,87.0,0.4,8.0,250.0,999.0,430.0
2025-07-22 13:00:00,0.636,25.8,93.0,1.5,12.7,237.0,999.1,440.0
2025-07-22 14:00:00,0.568,25.9,91.0,0.8,11.8,244.0,999.6,470.0
2025-07-22 15:00:00,0.765,25.8,90.0,0.7,11.4,251.0,999.4,495.0
2025-07-22 16:00:00,0.656,25.8,89.0,0.6,10.3,251.0,998.8,480.0
2025-07-22 17:00:00,0.524,25.7,90.0,0.4,10.3,234.0,998.1,435.0
2025-07-22 18:00:00,0.388,25.7,91.0,0.7,15.0,243.0,997.5,530.0
2025-07-22 19:00:00,0.187,25.1,93.0,2.0,14.6,240.0,997.0,490.0
2025-07-22 20:00:00,0.299,24.9,93.0,1.9,11.9,240.0,997.0,435.0
2025-07-22 21:00:00,0.385,25.0,94.0,1.3,11.4,235.0,997.2,490.0
2025-07-22 22:00:00,0.31,24.8,94.0,1.0,11.0,222.0,997.1,405.0
2025-07-22 23:00:00,0.431,25.7,90.0,0.6,11.3,234.0,997.6,520.0
2025-07-23 00:00:00,0.399,26.6,87.0,0.3,13.4,230.0,997.5,570.0
2025-07-23 01:00:00,0.523,25.8,93.0,2.0,10.2,222.0,997.5,340.0
2025-07-23 02:00:00,0.565,27.0,86.0,1.8,11.2,217.0,997.3,480.0
2025-07-23 03:00:00,0.516,27.2,86.0,1.4,14.6,237.0,997.2,610.0
2025-07-23 04:00:00,0.435,26.3,89.0,2.8,16.6,233.0,996.7,535.0
2025-07-23 05:00:00,0.63,26.8,88.0,2.0,11.8,237.0,996.0,525.0
2025-07-23 06:00:00,0.743,25.9,91.0,2.7,11.0,240.0,995.3,675.0
2025-07-23 07:00:00,0.959,25.1,93.0,5.8,17.9,236.0,995.1,630.0
2025-07-23 08:00:00,1.35,26.3,91.0,2.8,13.1,217.0,994.5,680.0
2025-07-23 09:00:00,1.79,24.9,94.0,2.8,16.1,236.0,994.8,570.0
2025-07-23 10:00:00,2.17,24.7,95.0,5.1,12.2,241.0,995.3,450.0
2025-07-23 11:00:00,2.64,25.2,93.0,7.2,16.7,237.0,995.7,590.0
2025-07-23 12:00:00,3.15,25.2,94.0,1.7,12.0,246.0,996.2,470.0
2025-07-23 13:00:00,3.61,25.7,93.0,1.7,13.7,226.0,996.3,440.0
2025-07-23 14:00:00,3.49,25.9,92.0,1.1,10.8,227.0,996.6,465.0
2025-07-23 15:00:00,3.66,25.7,91.0,1.3,16.6,227.0,996.7,505.0
2025-07-23 16:00:00,3.81,25.5,94.0,1.1,17.0,220.0,995.9,555.0
2025-07-23 17:00:00,3.92,24.7,94.0,1.9,19.1,232.0,995.8,660.0
2025-07-23 18:00:00,3.7,24.8,95.0,3.7,17.1,198.0,994.8,565.0
2025-07-23 19:00:00,3.2,24.7,94.0,3.3,19.0,218.0,994.6,635.0
2025-07-23 20:00:00,2.35,25.2,93.0,3.7,21.2,211.0,994.7,765.0
2025-07-23 21:00:00,1.8,25.3,93.0,3.4,19.0,197.0,994.6,790.0
2025-07-23 22:00:00,2.28,25.3,93.0,5.2,22.4,200.0,995.0,825.0
2025-07-23 23:00:00,3.35,25.5,93.0,4.5,18.3,195.0,995.1,875.0
2025-07-24 00:00:00,3.84,25.7,91.0,2.8,21.3,207.0,995.5,950.0
2025-07-24 01:00:00,4.39,26.4,89.0,0.5,15.4,201.0,995.8,655.0
2025-07-24 02:00:00,4.22,26.8,86.0,0.2,15.9,193.0,995.8,815.0
2025-07-24 03:00:00,4.38,27.4,83.0,1.1,16.7,199.0,996.0,910.0
2025-07-24 04:00:00,4.72,26.5,91.0,3.8,18.2,203.0,995.3,780.0
2025-07-24 05:00:00,4.9,26.1,93.0,7.5,23.4,194.0,994.7,985.0
2025-07-24 06:00:00,4.78,25.6,92.0,4.0,24.1,194.0,994.3,990.0
2025-07-24 07:00:00,4.53,25.5,93.0,2.8,24.9,204.0,993.9,1090.0
2025-07-24 08:00:00,3.84,26.1,91.0,2.5,28.2,210.0,993.3,990.0
2025-07-24 09:00:00,3.6,26.3,89.0,1.4,28.0,209.0,993.2,950.0
2025-07-24 10:00:00,3.81,26.4,90.0,0.5,26.8,213.0,993.3,945.0
2025-07-24 11:00:00,3.96,26.0,89.0,0.8,31.3,220.0,994.1,960.0
2025-07-24 12:00:00,3.17,26.3,89.0,0.9,30.0,221.0,994.4,940.0
2025-07-24 13:00:00,2.53,25.6,91.0,1.3,25.8,212.0,995.0,915.0
2025-07-24 14:00:00,1.9,26.1,89.0,1.0,26.0,210.0,995.7,855.0
2025-07-24 15:00:00,1.34,25.8,90.0,0.6,24.8,211.0,995.6,735.0
2025-07-24 16:00:00,0.996,25.4,92.0,0.7,21.9,211.0,994.8,765.0
2025-07-24 17:00:00,0.48,25.4,90.0,1.1,21.5,216.0,995.0,750.0
2025-07-24 18:00:00,0.166,25.3,91.0,2.1,24.1,210.0,994.7,735.0
2025-07-24 19:00:00,0.162,24.9,93.0,2.4,25.8,226.0,994.7,710.0
2025-07-24 20:00:00,0.107,26.0,90.0,1.3,24.8,216.0,994.4,780.0
2025-07-24 21:00:00,0.0474,25.7,91.0,1.0,22.3,222.0,995.0,675.0
2025-07-24 22:00:00,0.124,26.1,90.0,0.2,25.1,217.0,995.5,695.0
2025-07-24 23:00:00,0.0535,26.3,89.0,0.9,19.3,216.0,996.7,670.0
2025-07-25 00:00:00,0.103,26.9,86.0,0.1,21.1,217.0,997.3,695.0
2025-07-25 01:00:00,0.0527,28.1,83.0,0.1,13.1,226.0,997.3,695.0
2025-07-25 02:00:00,0.442,28.5,82.0,0.0,15.5,225.0,997.9,840.0
2025-07-25 03:00:00,0.521,28.7,78.0,0.1,21.2,231.0,998.1,900.0
2025-07-25 04:00:00,0.481,28.0,82.0,1.5,22.5,230.0,997.8,815.0
2025-07-25 05:00:00,0.383,28.4,79.0,0.2,23.4,235.0,997.0,800.0
2025-07-25 06:00:00,0.215,28.8,79.0,0.2,24.1,232.0,996.9,905.0
2025-07-25 07:00:00,0.255,28.5,80.0,0.4,24.0,232.0,996.7,930.0
2025-07-25 08:00:00,0.18,27.9,81.0,0.1,24.9,233.0,996.5,855.0
2025-07-25 09:00:00,0.16,27.3,82.0,0.2,26.2,233.0,996.9,810.0
2025-07-25 10:00:00,0.18,27.1,85.0,0.2,22.2,233.0,997.4,785.0
2025-07-25 11:00:00,0.232,27.0,84.0,0.1,19.4,227.0,998.2,750.0
2025-07-25 12:00:00,0.649,26.7,86.0,0.1,19.3,219.0,998.8,670.0
2025-07-25 13:00:00,1.14,26.5,89.0,0.5,16.6,221.0,999.5,595.0
2025-07-25 14:00:00,1.2,26.3,90.0,1.5,17.2,213.0,1000.7,580.0
2025-07-25 15:00:00,1.05,25.8,92.0,6.2,17.8,213.0,1000.9,600.0
2025-07-25 16:00:00,1.04,26.1,91.0,0.6,14.9,208.0,1000.3,600.0
2025-07-25 17:00:00,1.39,26.2,89.0,0.3,14.4,210.0,999.7,710.0
2025-07-25 18:00:00,1.64,26.4,88.0,0.1,15.5,211.0,999.4,760.0
2025-07-25 19:00:00,2.18,26.3,87.0,0.3,16.9,214.0,998.9,765.0
2025-07-25 20:00:00,2.14,26.4,87.0,0.2,15.1,205.0,998.9,825.0
2025-07-25 21:00:00,2.74,26.5,86.0,0.1,18.8,218.0,999.1,825.0
2025-07-25 22:00:00,3.32,26.6,85.0,0.1,19.3,219.0,999.4,815.0
2025-07-25 23:00:00,3.84,26.8,85.0,0.2,17.5,220.0,999.8,845.0
2025-07-26 00:00:00,3.92,27.8,79.0,0.7,21.8,223.0,1000.4,935.0
2025-07-26 01:00:00,3.69,27.6,82.0,0.6,21.5,216.0,1000.7,935.0
2025-07-26 02:00:00,2.9,27.2,85.0,0.7,22.3,226.0,1001.1,830.0
2025-07-26 03:00:00,2.85,27.7,83.0,0.6,22.7,229.0,1000.8,830.0
2025-07-26 04:00:00,2.88,28.1,79.0,2.3,24.2,225.0,1000.4,825.0
2025-07-26 05:00:00,2.71,28.4,78.0,0.2,23.1,231.0,1000.1,950.0
2025-07-26 06:00:00,3.0,27.6,82.0,1.0,25.7,230.0,1000.3,910.0
2025-07-26 07:00:00,3.62,28.3,79.0,0.4,22.7,229.0,999.9,960.0
2025-07-26 08:00:00,3.69,28.8,77.0,0.2,19.9,235.0,999.5,1100.0
2025-07-26 09:00:00,3.39,27.8,82.0,0.4,20.9,237.0,999.8,875.0
2025-07-26 10:00:00,3.48,27.3,84.0,0.2,18.7,232.0,1000.4,845.0
2025-07-26 11:00:00,4.46,27.2,87.0,0.3,19.2,230.0,1000.6,835.0
2025-07-26 12:00:00,5.07,27.1,87.0,0.2,15.1,229.0,1001.2,790.0
2025-07-26 13:00:00,6.66,27.0,86.0,0.1,10.1,230.0,1002.0,690.0
2025-07-26 14:00:00,8.21,27.4,84.0,0.2,13.1,227.0,1002.7,815.0
2025-07-26 15:00:00,9.44,27.7,80.0,0.1,16.8,228.0,1002.8,885.0
2025-07-26 16:00:00,10.9,27.2,84.0,0.1,14.2,218.0,1001.9,750.0
2025-07-26 17:00:00,12.6,26.9,85.0,0.0,13.6,216.0,1001.6,710.0
2025-07-26 18:00:00,14.0,26.9,85.0,0.1,15.6,218.0,1001.0,755.0
2025-07-26 19:00:00,15.0,26.8,85.0,0.1,15.3,210.0,1000.6,765.0
2025-07-26 20:00:00,15.1,26.7,86.0,0.0,14.3,209.0,1000.5,750.0
2025-07-26 21:00:00,15.7,26.5,88.0,0.0,15.6,213.0,1000.3,775.0
2025-07-26 22:00:00,16.5,26.6,87.0,0.1,16.2,209.0,1000.5,835.0
2025-07-26 23:00:00,18.6,27.0,86.0,0.2,15.6,215.0,1000.7,850.0
2025-07-27 00:00:00,18.7,27.8,82.0,0.0,19.9,224.0,1000.8,930.0
2025-07-27 01:00:00,18.3,28.2,81.0,0.3,19.5,223.0,1001.2,905.0
2025-07-27 02:00:00,16.2,28.6,79.0,0.3,22.8,229.0,1001.1,875.0
2025-07-27 03:00:00,13.3,29.2,75.0,0.4,24.2,230.0,1000.5,925.0
2025-07-27 04:00:00,10.6,28.9,78.0,0.6,24.5,232.0,1000.1,940.0
2025-07-27 05:00:00,8.66,28.8,79.0,1.6,25.4,235.0,999.9,895.0
2025-07-27 06:00:00,7.97,28.2,80.0,0.3,23.4,237.0,999.6,905.0
2025-07-27 07:00:00,7.13,28.9,76.0,1.1,23.7,235.0,999.3,845.0
2025-07-27 08:00:00,6.9,27.9,82.0,0.5,23.7,232.0,998.9,855.0
2025-07-27 09:00:00,6.54,27.7,83.0,1.5,22.1,236.0,999.2,760.0
2025-07-27 10:00:00,6.32,27.1,86.0,0.4,19.4,235.0,999.7,690.0
2025-07-27 11:00:00,5.89,26.7,85.0,0.2,18.5,229.0,1000.7,685.0
2025-07-27 12:00:00,5.67,26.1,88.0,0.3,17.9,229.0,1001.6,670.0
2025-07-27 13:00:00,5.7,26.3,89.0,0.5,20.9,223.0,1001.7,675.0
2025-07-27 14:00:00,5.44,26.2,89.0,0.3,19.2,224.0,1001.9,760.0
2025-07-27 15:00:00,4.94,26.4,89.0,0.3,21.9,232.0,1001.8,760.0
2025-07-27 16:00:00,4.74,26.3,87.0,0.2,16.6,236.0,1001.2,735.0
2025-07-27 17:00:00,4.33,26.3,87.0,0.6,17.1,236.0,1000.7,735.0
2025-07-27 18:00:00,4.27,26.2,87.0,0.8,21.6,230.0,999.9,800.0
2025-07-27 19:00:00,3.83,26.2,89.0,0.2,22.9,228.0,999.1,840.0
2025-07-27 20:00:00,3.5,26.4,85.0,0.3,23.3,231.0,999.1,900.0
2025-07-27 21:00:00,3.45,26.2,86.0,0.5,22.5,235.0,999.2,940.0
2025-07-27 22:00:00,4.3,26.1,86.0,0.7,23.0,233.0,999.1,875.0
2025-07-27 23:00:00,6.04,26.7,84.0,0.6,25.8,236.0,999.3,955.0
2025-07-28 00:00:00,7.72,27.1,80.0,0.7,25.1,233.0,1000.0,925.0
2025-07-28 01:00:00,8.74,27.5,81.0,0.4,23.7,236.0,1000.4,1005.0
2025-07-28 02:00:00,12.4,28.9,74.0,0.2,24.5,242.0,1000.5,1260.0
2025-07-28 03:00:00,17.7,29.2,71.0,0.1,26.5,243.0,1000.4,1265.0
2025-07-28 04:00:00,18.2,29.3,71.0,0.1,28.2,240.0,999.7,1240.0
2025-07-28 05:00:00,17.8,29.5,70.0,0.1,27.4,240.0,999.5,1275.0
2025-07-28 06:00:00,17.9,29.5,70.0,0.5,27.8,240.0,999.0,1290.0
2025-07-28 07:00:00,17.7,28.7,73.0,0.4,25.9,240.0,999.0,1165.0
2025-07-28 08:00:00,18.8,28.0,80.0,0.2,21.1,247.0,998.7,1085.0
2025-07-28 09:00:00,20.5,28.1,77.0,0.3,20.5,242.0,998.9,1020.0
2025-07-28 10:00:00,20.5,27.1,83.0,0.6,18.8,241.0,999.6,940.0
2025-07-28 11:00:00,21.5,26.9,83.0,0.1,16.7,243.0,999.8,895.0
2025-07-28 12:00:00,21.7,26.8,82.0,0.1,17.7,240.0,1000.5,920.0
2025-07-28 13:00:00,22.1,28.1,75.0,0.3,18.0,242.0,1000.6,1250.0
2025-07-28 14:00:00,22.5,28.4,74.0,0.0,18.9,233.0,1001.1,1280.0
2025-07-28 15:00:00,22.7,28.3,73.0,0.1,19.7,232.0,1001.1,1220.0
2025-07-28 16:00:00,22.8,28.0,74.0,0.1,23.5,233.0,1000.3,1075.0
2025-07-28 17:00:00,23.4,27.9,76.0,0.2,22.7,237.0,999.8,1095.0
2025-07-28 18:00:00,23.3,27.3,81.0,0.3,22.9,230.0,999.0,1000.0
2025-07-28 19:00:00,23.6,27.3,81.0,0.4,24.8,229.0,998.7,1040.0
2025-07-28 20:00:00,23.3,27.3,80.0,0.3,27.5,227.0,998.6,1005.0
2025-07-28 21:00:00,23.0,27.1,81.0,0.4,22.1,235.0,999.1,980.0
2025-07-28 22:00:00,23.2,26.8,84.0,0.7,23.6,232.0,999.5,960.0
2025-07-28 23:00:00,23.7,26.9,83.0,0.3,23.0,235.0,999.9,960.0
2025-07-29 00:00:00,23.7,27.6,81.0,0.5,20.4,235.0,1000.6,990.0
2025-07-29 01:00:00,23.7,28.5,76.0,0.2,27.9,234.0,1000.7,1065.0
2025-07-29 02:00:00,22.1,28.8,77.0,0.5,27.5,234.0,1000.5,1075.0
2025-07-29 03:00:00,21.8,29.9,72.0,0.5,29.8,235.0,1000.4,1175.0
2025-07-29 04:00:00,22.1,29.8,73.0,0.6,30.4,237.0,1000.0,1170.0
2025-07-29 05:00:00,22.8,29.6,73.0,0.1,29.5,237.0,999.7,1170.0
2025-07-29 06:00:00,24.2,30.0,71.0,0.3,29.5,235.0,999.2,1245.0
2025-07-29 07:00:00,25.9,29.6,71.0,0.2,29.9,234.0,998.9,1255.0
2025-07-29 08:00:00,25.5,29.2,73.0,0.1,28.7,235.0,999.1,1195.0
2025-07-29 09:00:00,24.9,28.0,78.0,0.3,24.0,241.0,999.7,1035.0
2025-07-29 10:00:00,23.7,27.9,79.0,0.4,21.6,232.0,999.8,1085.0
2025-07-29 11:00:00,23.4,27.2,79.0,1.0,21.6,231.0,1000.8,895.0
2025-07-29 12:00:00,24.3,27.7,80.0,0.3,21.2,228.0,1001.4,1020.0
2025-07-29 13:00:00,24.7,28.2,78.0,0.3,16.2,230.0,1001.6,1075.0
2025-07-29 14:00:00,25.3,28.0,79.0,0.3,17.4,224.0,1002.3,1080.0
2025-07-29 15:00:00,25.5,27.8,79.0,0.4,19.2,232.0,1002.2,1030.0
2025-07-29 16:00:00,25.1,28.0,78.0,0.2,18.6,226.0,1001.6,1075.0
2025-07-29 17:00:00,25.3,28.0,77.0,0.1,19.1,222.0,1001.3,1070.0
2025-07-29 18:00:00,24.5,27.9,78.0,0.2,18.8,212.0,1000.4,1130.0
2025-07-29 19:00:00,23.7,28.0,75.0,0.0,19.0,213.0,1000.0,1160.0
2025-07-29 20:00:00,23.0,28.1,73.0,0.0,19.7,216.0,1000.0,1165.0
2025-07-29 21:00:00,22.6,28.0,73.0,0.0,21.5,216.0,999.8,1145.0
2025-07-29 22:00:00,22.8,28.0,75.0,0.0,20.4,218.0,1000.1,1130.0
2025-07-29 23:00:00,22.7,28.5,74.0,0.0,19.9,221.0,1000.8,1195.0
2025-07-30 00:00:00,23.0,29.0,73.0,0.0,20.3,220.0,1001.3,1235.0
2025-07-30 01:00:00,22.1,28.9,74.0,0.1,25.2,231.0,1001.7,1080.0
2025-07-30 02:00:00,21.4,29.5,71.0,0.1,24.2,232.0,1001.7,1150.0
2025-07-30 03:00:00,20.0,29.7,71.0,0.1,25.3,236.0,1001.6,1160.0
2025-07-30 04:00:00,18.4,30.1,70.0,0.1,25.3,234.0,1001.2,1155.0
2025-07-30 05:00:00,17.0,29.8,71.0,0.0,25.5,237.0,1000.8,1120.0
2025-07-30 06:00:00,16.6,29.9,70.0,0.1,26.6,237.0,1000.3,1180.0
2025-07-30 07:00:00,17.2,29.6,72.0,0.2,25.9,235.0,1000.1,1085.0
2025-07-30 08:00:00,17.0,29.3,73.0,0.2,25.6,235.0,999.8,1120.0
2025-07-30 09:00:00,16.7,29.0,74.0,0.1,23.7,233.0,1000.1,1135.0
2025-07-30 10:00:00,17.5,28.3,77.0,0.2,19.5,237.0,1001.0,960.0
2025-07-30 11:00:00,19.7,27.7,79.0,0.2,17.8,237.0,1001.7,855.0
2025-07-30 12:00:00,20.9,27.2,82.0,0.7,19.7,235.0,1002.7,775.0
2025-07-30 13:00:00,21.9,27.4,80.0,0.5,19.1,227.0,1002.6,915.0
2025-07-30 14:00:00,21.7,28.1,77.0,0.1,20.5,229.0,1002.8,925.0
2025-07-30 15:00:00,21.8,28.1,78.0,0.1,16.3,226.0,1002.3,960.0
2025-07-30 16:00:00,21.9,28.4,75.0,0.0,18.0,220.0,1001.5,1020.0
2025-07-30 17:00:00,21.6,28.3,74.0,0.0,18.6,219.0,1000.8,1070.0
2025-07-30 18:00:00,21.2,28.3,74.0,0.0,18.9,221.0,1000.8,1090.0
2025-07-30 19:00:00,20.0,28.3,71.0,0.0,19.4,218.0,1000.8,1160.0
2025-07-30 20:00:00,20.1,28.2,71.0,0.0,18.2,219.0,1000.9,1175.0
2025-07-30 21:00:00,20.3,28.1,72.0,0.0,17.3,216.0,1001.2,1145.0
2025-07-30 22:00:00,20.5,28.0,74.0,0.0,17.9,218.0,1001.8,1125.0
2025-07-30 23:00:00,21.1,28.5,73.0,0.0,19.0,223.0,1002.4,1145.0
2025-07-31 00:00:00,21.3,28.9,73.0,0.2,22.5,227.0,1002.6,1155.0
2025-07-31 01:00:00,21.7,29.8,68.0,0.0,21.9,222.0,1002.9,1280.0
2025-07-31 02:00:00,20.3,30.0,68.0,0.0,25.7,226.0,1002.8,1155.0
2025-07-31 03:00:00,19.6,30.5,67.0,0.0,23.2,229.0,1002.3,1225.0
2025-07-31 04:00:00,18.8,30.8,65.0,0.0,22.7,230.0,1001.8,1240.0
2025-07-31 05:00:00,18.2,30.7,66.0,0.0,24.2,234.0,1001.1,1180.0
2025-07-31 06:00:00,18.1,30.6,67.0,0.0,23.6,232.0,1000.9,1150.0
2025-07-31 07:00:00,18.6,30.4,67.0,0.0,24.5,235.0,1000.4,1095.0
2025-07-31 08:00:00,19.2,30.1,68.0,0.0,23.1,233.0,1000.3,1065.0
2025-07-31 09:00:00,19.6,29.6,70.0,0.1,22.4,232.0,1000.5,1090.0
2025-07-31 10:00:00,20.1,28.9,74.0,0.2,19.1,227.0,1001.2,990.0
2025-07-31 11:00:00,20.6,28.5,76.0,0.1,18.9,230.0,1001.9,925.0
2025-07-31 12:00:00,20.5,28.2,78.0,0.2,16.9,230.0,1002.6,840.0
2025-07-31 13:00:00,20.8,28.0,80.0,0.0,12.7,238.0,1003.0,845.0
2025-07-31 14:00:00,20.9,28.2,79.0,0.0,14.0,237.0,1003.3,885.0
2025-07-31 15:00:00,20.6,28.2,78.0,0.0,16.0,237.0,1003.1,895.0
2025-07-31 16:00:00,20.0,28.0,79.0,0.0,14.6,240.0,1002.5,905.0
2025-07-31 17:00:00,19.5,28.1,78.0,0.0,15.4,235.0,1001.9,950.0
2025-07-31 18:00:00,17.9,28.1,78.0,0.1,17.7,233.0,1001.4,935.0
2025-07-31 19:00:00,17.5,27.9,79.0,0.1,18.1,232.0,1001.2,875.0
2025-07-31 20:00:00,16.7,28.0,78.0,0.2,17.3,234.0,1001.5,910.0
2025-07-31 21:00:00,16.4,27.8,80.0,0.4,18.6,234.0,1001.5,860.0
2025-07-31 22:00:00,16.3,27.9,79.0,0.1,17.5,236.0,1001.9,845.0
2025-07-31 23:00:00,15.5,28.5,78.0,0.0,16.7,236.0,1002.5,895.0
2025-08-01 00:00:00,16.1,29.2,74.0,0.0,19.6,238.0,1002.7,1010.0
2025-08-01 01:00:00,14.1,29.8,71.0,0.0,18.1,242.0,1003.1,1045.0
2025-08-01 02:00:00,12.2,30.4,68.0,0.1,19.1,239.0,1003.0,1065.0
2025-08-01 03:00:00,11.2,30.9,66.0,0.0,19.8,236.0,1002.7,1120.0
2025-08-01 04:00:00,11.3,31.2,64.0,0.0,20.6,239.0,1002.2,1115.0
2025-08-01 05:00:00,11.4,31.3,64.0,0.0,20.1,234.0,1001.7,1145.0
2025-08-01 06:00:00,13.0,31.3,64.0,0.0,20.0,232.0,1001.4,1105.0
2025-08-01 07:00:00,15.3,31.0,64.0,0.0,19.6,235.0,1001.2,1070.0
2025-08-01 08:00:00,16.1,30.5,67.0,0.2,19.3,236.0,1001.4,965.0
2025-08-01 09:00:00,14.8,29.9,69.0,0.2,17.8,235.0,1001.7,875.0
2025-08-01 10:00:00,14.6,29.3,72.0,0.0,15.2,234.0,1002.2,800.0
2025-08-01 11:00:00,14.4,28.8,75.0,0.0,13.2,235.0,1002.7,750.0
2025-08-01 12:00:00,15.5,28.8,76.0,0.0,10.8,232.0,1003.5,755.0
2025-08-01 13:00:00,16.8,29.1,74.0,0.0,10.6,224.0,1004.1,710.0
2025-08-01 14:00:00,18.2,29.0,73.0,0.0,10.8,226.0,1004.5,730.0
2025-08-01 15:00:00,18.2,28.8,75.0,0.0,10.1,221.0,1004.5,740.0
2025-08-01 16:00:00,20.0,28.5,77.0,0.0,9.5,219.0,1004.2,730.0
2025-08-01 17:00:00,24.0,28.4,77.0,0.0,9.2,222.0,1003.7,720.0
2025-08-01 18:00:00,26.8,28.3,76.0,0.0,9.9,225.0,1003.0,720.0
2025-08-01 19:00:00,27.5,28.2,77.0,0.0,9.4,228.0,1002.9,690.0
2025-08-01 20:00:00,28.2,28.1,78.0,0.0,9.0,239.0,1003.0,725.0
2025-08-01 21:00:00,28.1,28.0,79.0,0.0,7.8,233.0,1003.3,740.0
2025-08-01 22:00:00,27.7,28.1,78.0,0.0,7.3,232.0,1003.5,775.0
2025-08-01 23:00:00,27.3,28.8,75.0,0.0,9.6,237.0,1003.6,810.0
2025-08-02 00:00:00,26.4,29.5,71.0,0.0,11.4,237.0,1004.0,890.0
2025-08-02 01:00:00,24.3,30.2,67.0,0.0,11.9,241.0,1004.8,935.0
2025-08-02 02:00:00,22.4,30.8,62.0,0.0,13.0,237.0,1004.4,1005.0
2025-08-02 03:00:00,21.0,31.4,59.0,0.0,13.6,238.0,1004.2,1060.0
2025-08-02 04:00:00,19.5,31.9,56.0,0.0,13.8,239.0,1003.9,1110.0
2025-08-02 05:00:00,18.8,32.2,55.0,0.0,12.9,243.0,1003.4,1210.0
2025-08-02 06:00:00,19.1,32.4,55.0,0.0,11.1,245.0,1003.1,1205.0
2025-08-02 07:00:00,19.5,32.4,54.0,0.0,9.9,245.0,1002.9,1180.0
2025-08-02 08:00:00,18.8,32.0,55.0,0.0,9.8,247.0,1002.9,1145.0
2025-08-02 09:00:00,18.1,31.4,57.0,0.0,10.8,246.0,1003.0,1085.0
2025-08-02 10:00:00,18.3,30.7,59.0,0.0,9.9,245.0,1003.3,940.0
2025-08-02 11:00:00,18.8,30.0,64.0,0.0,8.5,242.0,1003.9,595.0
2025-08-02 12:00:00,18.9,29.7,65.0,0.0,6.6,244.0,1004.5,615.0
2025-08-02 13:00:00,18.7,29.7,64.0,0.0,8.9,257.0,1005.3,730.0
2025-08-02 14:00:00,18.3,29.3,67.0,0.0,6.2,248.0,1005.6,645.0
2025-08-02 15:00:00,18.4,28.9,71.0,0.0,4.1,225.0,1005.3,550.0
2025-08-02 16:00:00,23.8,28.5,74.0,0.0,2.2,194.0,1004.9,100.0
2025-08-02 17:00:00,29.3,27.9,77.0,0.0,2.8,153.0,1004.1,25.0
2025-08-02 18:00:00,32.7,27.1,81.0,0.0,3.1,149.0,1003.7,20.0
2025-08-02 19:00:00,32.5,26.5,85.0,0.0,1.8,135.0,1003.4,10.0
2025-08-02 20:00:00,31.5,25.9,87.0,0.0,0.6,72.0,1003.5,10.0
2025-08-02 21:00:00,30.9,25.4,89.0,0.0,2.4,77.0,1003.4,15.0
2025-08-02 22:00:00,30.2,25.3,88.0,0.0,3.9,68.0,1003.7,25.0
2025-08-02 23:00:00,29.2,26.9,79.0,0.0,2.8,75.0,1004.0,85.0
2025-08-03 00:00:00,28.4,28.5,75.0,0.0,0.6,252.0,1004.5,470.0
2025-08-03 01:00:00,27.9,29.9,66.0,0.0,2.8,281.0,1005.1,675.0
2025-08-03 02:00:00,26.0,31.3,57.0,0.0,5.9,258.0,1005.1,965.0
2025-08-03 03:00:00,23.9,32.4,48.0,0.0,8.6,255.0,1004.5,1105.0
2025-08-03 04:00:00,22.9,32.9,46.0,0.0,9.3,261.0,1004.5,1110.0
2025-08-03 05:00:00,22.8,33.1,49.0,0.0,8.7,257.0,1004.0,1160.0
2025-08-03 06:00:00,22.0,33.3,49.0,0.0,9.4,259.0,1003.7,1220.0
2025-08-03 07:00:00,21.7,33.1,48.0,0.0,10.0,257.0,1003.2,1225.0
2025-08-03 08:00:00,21.4,32.6,49.0,0.0,10.7,256.0,1002.8,1155.0
2025-08-03 09:00:00,21.8,31.9,52.0,0.0,10.6,256.0,1003.2,1020.0
2025-08-03 10:00:00,21.0,31.0,57.0,0.0,10.4,253.0,1003.3,825.0
2025-08-03 11:00:00,21.0,30.3,63.0,0.0,9.9,245.0,1004.0,645.0
2025-08-03 12:00:00,20.6,30.2,62.0,0.0,9.2,258.0,1004.7,585.0
2025-08-03 13:00:00,19.8,30.2,65.0,0.0,5.2,268.0,1005.7,610.0
2025-08-03 14:00:00,20.0,29.8,67.0,0.0,4.9,268.0,1006.3,495.0
2025-08-03 15:00:00,19.7,29.3,70.0,0.0,4.4,263.0,1006.0,385.0
2025-08-03 16:00:00,20.1,28.8,74.0,0.0,3.1,273.0,1005.4,315.0
2025-08-03 17:00:00,25.2,28.2,79.0,0.0,3.0,327.0,1004.8,95.0
2025-08-03 18:00:00,30.3,27.5,82.0,0.0,3.1,21.0,1004.3,60.0
2025-08-03 19:00:00,33.1,27.0,84.0,0.0,3.4,43.0,1004.1,40.0
2025-08-03 20:00:00,34.7,26.3,87.0,0.0,3.4,58.0,1003.8,30.0
2025-08-03 21:00:00,34.6,25.8,88.0,0.0,2.6,74.0,1004.0,20.0
2025-08-03 22:00:00,34.2,25.5,88.0,0.0,2.0,63.0,1004.1,20.0
2025-08-03 23:00:00,33.9,26.9,79.0,0.0,2.4,27.0,1004.7,115.0
2025-08-04 00:00:00,33.0,28.6,68.0,0.0,1.1,360.0,1005.0,440.0
2025-08-04 01:00:00,32.4,30.1,63.0,0.0,2.2,305.0,1005.3,625.0
2025-08-04 02:00:00,32.8,31.6,55.0,0.0,4.7,286.0,1005.0,830.0
2025-08-04 03:00:00,30.8,32.6,49.0,0.0,7.4,271.0,1004.4,950.0
2025-08-04 04:00:00,25.8,33.2,45.0,0.0,9.4,269.0,1004.0,945.0
2025-08-04 05:00:00,20.3,33.7,42.0,0.0,8.6,272.0,1003.5,1030.0
2025-08-04 06:00:00,16.5,34.0,43.0,0.0,8.5,269.0,1003.2,1185.0
2025-08-04 07:00:00,16.3,33.6,47.0,0.0,10.0,255.0,1002.6,1155.0
2025-08-04 08:00:00,13.6,33.0,50.0,0.0,9.4,247.0,1002.8,1040.0
2025-08-04 09:00:00,12.2,32.5,52.0,0.0,7.5,250.0,1003.0,945.0
2025-08-04 10:00:00,11.0,31.6,58.0,0.0,8.2,247.0,1003.0,750.0
2025-08-04 11:00:00,10.6,30.8,63.0,0.0,7.6,239.0,1003.9,485.0
2025-08-04 12:00:00,10.3,30.6,63.0,0.0,6.4,234.0,1004.7,625.0
2025-08-04 13:00:00,10.6,30.2,68.0,0.0,7.4,229.0,1005.4,425.0
2025-08-04 14:00:00,10.9,29.8,70.0,0.0,5.5,224.0,1005.9,460.0
2025-08-04 15:00:00,11.6,29.3,72.0,0.0,4.8,211.0,1005.6,425.0
2025-08-04 16:00:00,14.1,29.0,74.0,0.0,2.4,222.0,1004.8,475.0
2025-08-04 17:00:00,17.8,28.6,76.0,0.0,1.0,31.0,1004.4,420.0
2025-08-04 18:00:00,21.5,28.1,78.0,0.0,2.1,52.0,1003.6,40.0
2025-08-04 19:00:00,23.9,27.7,80.0,0.0,1.5,83.0,1003.4,20.0
2025-08-04 20:00:00,26.3,27.2,82.0,0.0,1.5,69.0,1003.1,15.0
2025-08-04 21:00:00,27.9,26.8,85.0,0.0,4.6,31.0,1003.3,50.0
2025-08-04 22:00:00,28.3,26.3,86.0,0.0,5.8,22.0,1003.5,100.0
2025-08-04 23:00:00,28.6,27.4,80.0,0.0,5.1,343.0,1004.4,385.0
2025-08-05 00:00:00,31.7,29.0,71.0,0.0,6.2,350.0,1004.8,515.0
2025-08-05 01:00:00,31.8,30.5,65.0,0.0,7.8,347.0,1005.1,800.0
2025-08-05 02:00:00,30.1,32.0,57.0,0.0,6.4,331.0,1005.1,1135.0
2025-08-05 03:00:00,30.8,33.0,52.0,0.0,5.8,300.0,1004.7,1250.0
2025-08-05 04:00:00,34.5,33.7,52.0,0.0,6.6,287.0,1004.2,1405.0
2025-08-05 05:00:00,39.1,33.8,52.0,0.0,8.4,289.0,1003.6,1450.0
2025-08-05 06:00:00,41.5,34.1,51.0,0.0,10.5,276.0,1003.0,1525.0
2025-08-05 07:00:00,38.7,28.9,75.0,4.3,6.5,136.0,1003.5,290.0
2025-08-05 08:00:00,36.1,29.4,72.0,0.1,9.8,142.0,1003.3,400.0
2025-08-05 09:00:00,35.2,27.7,81.0,2.7,6.4,112.0,1003.5,230.0
2025-08-05 10:00:00,34.7,28.1,78.0,0.0,3.9,118.0,1004.0,150.0
2025-08-05 11:00:00,35.0,27.8,81.0,0.0,5.2,12.0,1005.2,270.0
2025-08-05 12:00:00,36.1,27.6,83.0,0.0,4.6,351.0,1005.3,260.0
2025-08-05 13:00:00,38.3,27.4,85.0,0.0,6.9,9.0,1005.0,260.0
2025-08-05 14:00:00,39.7,27.1,85.0,0.0,6.0,350.0,1005.8,245.0
2025-08-05 15:00:00,41.2,26.7,88.0,0.0,5.9,333.0,1005.8,200.0
2025-08-05 16:00:00,42.5,26.2,89.0,0.0,7.3,330.0,1005.0,265.0
2025-08-05 17:00:00,42.0,25.8,91.0,0.0,6.2,345.0,1004.2,240.0
2025-08-05 18:00:00,40.8,25.4,93.0,0.0,5.6,345.0,1003.7,200.0
2025-08-05 19:00:00,38.9,25.4,93.0,0.0,5.3,332.0,1003.7,220.0
2025-08-05 20:00:00,37.1,25.3,93.0,0.0,6.7,346.0,1003.6,245.0
2025-08-05 21:00:00,35.2,25.3,93.0,0.0,6.2,343.0,1003.8,240.0
2025-08-05 22:00:00,33.7,25.4,90.0,0.0,7.5,343.0,1003.9,255.0
2025-08-05 23:00:00,31.5,26.0,88.0,0.0,5.8,356.0,1004.5,260.0
2025-08-06 00:00:00,28.7,27.6,80.0,0.0,4.6,342.0,1004.7,375.0
2025-08-06 01:00:00,27.6,28.7,74.0,0.0,7.2,359.0,1004.6,540.0
2025-08-06 02:00:00,26.1,30.1,69.0,0.0,7.3,344.0,1004.6,765.0
2025-08-06 03:00:00,25.2,31.2,64.0,0.1,7.4,326.0,1004.2,1015.0
2025-08-06 04:00:00,26.8,32.0,62.0,0.0,6.8,299.0,1003.2,1365.0
2025-08-06 05:00:00,23.1,29.9,69.0,1.6,7.2,162.0,1003.0,495.0
2025-08-06 06:00:00,18.5,27.3,80.0,3.5,7.4,39.0,1003.1,275.0
2025-08-06 07:00:00,15.2,26.6,85.0,9.0,5.2,110.0,1002.7,145.0
2025-08-06 08:00:00,17.9,26.1,80.0,7.1,10.2,352.0,1003.1,285.0
2025-08-06 09:00:00,21.6,25.8,87.0,0.1,8.2,15.0,1003.1,310.0
2025-08-06 10:00:00,22.9,24.2,93.0,6.4,5.9,329.0,1004.1,265.0
2025-08-06 11:00:00,22.9,24.7,93.0,1.3,8.4,11.0,1004.2,300.0
2025-08-06 12:00:00,22.9,24.6,92.0,0.5,6.1,358.0,1004.4,290.0
2025-08-06 13:00:00,21.1,25.0,90.0,0.1,8.4,349.0,1004.9,400.0
2025-08-06 14:00:00,18.7,25.0,89.0,0.0,7.7,351.0,1005.2,400.0
2025-08-06 15:00:00,15.5,25.1,89.0,0.0,8.3,354.0,1004.8,420.0
2025-08-06 16:00:00,11.8,25.2,90.0,0.0,8.3,1.0,1004.1,450.0
2025-08-06 17:00:00,9.2,25.0,91.0,0.0,7.1,344.0,1003.3,405.0
2025-08-06 18:00:00,7.73,24.9,92.0,0.0,5.9,349.0,1002.8,355.0
2025-08-06 19:00:00,6.98,24.9,92.0,0.0,4.6,347.0,1003.0,305.0
2025-08-06 20:00:00,7.63,24.8,91.0,0.0,3.8,5.0,1002.7,225.0
2025-08-06 21:00:00,9.0,24.8,91.0,0.0,3.8,41.0,1002.7,180.0
2025-08-06 22:00:00,10.7,24.9,90.0,0.0,3.9,13.0,1003.0,170.0
2025-08-06 23:00:00,11.7,25.4,88.0,0.0,4.3,22.0,1003.6,205.0
2025-08-07 00:00:00,10.9,26.1,85.0,0.0,4.9,28.0,1004.4,265.0
2025-08-07 01:00:00,12.7,27.6,78.0,0.1,7.4,263.0,1004.0,505.0
2025-08-07 02:00:00,18.7,28.4,75.0,0.2,6.9,250.0,1003.8,620.0
2025-08-07 03:00:00,21.4,29.4,71.0,0.2,5.8,250.0,1003.7,815.0
2025-08-07 04:00:00,19.9,29.9,68.0,0.0,6.0,261.0,1003.3,895.0
2025-08-07 05:00:00,16.3,30.3,66.0,0.0,7.9,266.0,1002.4,925.0
2025-08-07 06:00:00,11.2,30.3,64.0,0.0,11.8,264.0,1001.5,975.0
2025-08-07 07:00:00,9.18,29.7,68.0,0.0,12.5,263.0,1001.0,800.0
2025-08-07 08:00:00,7.22,29.4,71.0,0.0,10.6,259.0,1000.9,720.0
2025-08-07 09:00:00,5.55,28.2,75.0,0.9,11.8,283.0,1001.1,625.0
2025-08-07 10:00:00,4.28,28.0,79.0,0.2,12.5,277.0,1001.7,685.0
2025-08-07 11:00:00,3.84,27.5,80.0,0.1,11.4,275.0,1002.7,580.0
2025-08-07 12:00:00,4.27,27.3,81.0,0.1,8.4,286.0,1003.2,535.0
2025-08-07 13:00:00,5.22,27.5,81.0,0.1,5.1,342.0,1003.7,535.0
2025-08-07 14:00:00,5.63,27.0,82.0,0.2,7.6,3.0,1004.1,510.0
2025-08-07 15:00:00,5.88,26.5,84.0,0.0,8.0,344.0,1003.8,490.0
2025-08-07 16:00:00,5.63,26.1,85.0,0.0,7.7,351.0,1003.1,475.0
2025-08-07 17:00:00,5.17,25.8,85.0,0.0,8.3,359.0,1002.7,475.0
2025-08-07 18:00:00,4.51,25.6,85.0,0.0,7.1,354.0,1002.4,435.0
2025-08-07 19:00:00,3.95,25.3,87.0,0.0,7.4,347.0,1002.4,395.0
2025-08-07 20:00:00,3.44,25.0,88.0,0.0,7.2,3.0,1002.6,370.0
2025-08-07 21:00:00,3.32,24.9,88.0,0.0,7.2,13.0,1002.9,350.0
2025-08-07 22:00:00,3.31,25.0,87.0,0.0,7.1,19.0,1003.5,310.0
2025-08-07 23:00:00,6.77,25.6,85.0,0.0,4.8,13.0,1004.1,270.0
2025-08-08 00:00:00,6.43,26.7,82.0,0.0,4.7,360.0,1004.4,345.0
2025-08-08 01:00:00,20.4,28.1,76.0,0.1,6.5,328.0,1004.7,605.0
2025-08-08 02:00:00,33.4,29.0,72.0,0.1,5.5,308.0,1004.7,680.0
2025-08-08 03:00:00,26.5,29.8,69.0,0.2,5.4,284.0,1004.7,825.0
2025-08-08 04:00:00,9.86,30.2,68.0,0.1,7.9,270.0,1003.8,865.0
2025-08-08 05:00:00,5.38,30.4,65.0,0.0,9.8,252.0,1002.7,855.0
2025-08-08 06:00:00,6.65,30.5,64.0,0.0,9.8,239.0,1002.1,830.0
2025-08-08 07:00:00,12.2,30.7,62.0,0.0,9.1,229.0,1002.0,905.0
2025-08-08 08:00:00,9.16,30.4,63.0,0.5,10.4,225.0,1002.0,820.0
2025-08-08 09:00:00,4.17,29.1,72.0,0.5,9.4,238.0,1002.5,595.0
2025-08-08 10:00:00,4.3,29.2,70.0,0.0,5.8,244.0,1003.2,750.0
2025-08-08 11:00:00,4.44,28.4,72.0,0.7,6.7,270.0,1003.8,425.0
2025-08-08 12:00:00,4.02,27.4,82.0,0.1,3.9,208.0,1004.8,180.0
2025-08-08 13:00:00,4.93,28.5,72.0,0.0,5.2,245.0,1005.0,420.0
2025-08-08 14:00:00,6.54,28.1,75.0,0.0,4.8,250.0,1005.4,225.0
2025-08-08 15:00:00,4.97,27.8,77.0,0.0,2.9,270.0,1004.9,70.0
2025-08-08 16:00:00,7.76,27.5,80.0,0.0,1.7,319.0,1004.7,20.0
2025-08-08 17:00:00,30.2,27.1,81.0,0.0,2.3,360.0,1004.1,25.0
2025-08-08 18:00:00,34.7,26.6,85.0,0.0,3.4,3.0,1003.9,40.0
2025-08-08 19:00:00,27.4,26.2,87.0,0.1,4.4,9.0,1004.0,70.0
2025-08-08 20:00:00,25.3,26.0,87.0,0.0,4.3,42.0,1004.2,60.0
2025-08-08 21:00:00,24.0,25.9,86.0,0.0,4.5,74.0,1004.4,60.0
2025-08-08 22:00:00,31.7,25.8,86.0,0.0,3.3,103.0,1004.7,40.0
2025-08-08 23:00:00,35.6,26.7,84.0,0.0,3.3,126.0,1005.3,95.0
2025-08-09 00:00:00,24.6,28.0,77.0,0.0,3.9,133.0,1005.9,560.0
2025-08-09 01:00:00,32.8,28.9,69.0,0.0,4.2,239.0,1006.0,760.0
2025-08-09 02:00:00,31.5,29.5,66.0,0.1,5.0,235.0,1005.9,845.0
2025-08-09 03:00:00,6.84,30.0,65.0,0.1,6.1,247.0,1005.5,960.0
2025-08-09 04:00:00,5.67,30.5,62.0,0.0,8.3,256.0,1004.9,1040.0
2025-08-09 05:00:00,6.34,30.9,60.0,0.0,10.4,255.0,1003.9,1070.0
2025-08-09 06:00:00,4.3,31.2,59.0,0.0,10.9,248.0,1003.2,1090.0
2025-08-09 07:00:00,5.68,31.1,59.0,0.0,11.2,246.0,1002.9,1045.0
2025-08-09 08:00:00,5.32,30.7,61.0,0.0,9.9,248.0,1002.9,975.0
2025-08-09 09:00:00,10.8,30.3,63.0,0.0,7.6,255.0,1003.2,940.0
2025-08-09 10:00:00,13.6,30.0,64.0,0.0,5.8,244.0,1003.8,970.0
2025-08-09 11:00:00,8.32,29.7,65.0,0.0,3.4,252.0,1004.2,980.0
2025-08-09 12:00:00,8.33,29.4,67.0,0.0,1.8,191.0,1004.8,745.0
2025-08-09 13:00:00,19.8,29.1,70.0,0.0,4.1,299.0,1005.2,335.0
2025-08-09 14:00:00,70.3,28.4,80.0,0.0,0.6,288.0,1005.8,10.0
2025-08-09 15:00:00,56.4,27.9,77.0,0.0,3.2,34.0,1005.8,40.0
2025-08-09 16:00:00,44.7,27.5,81.0,0.0,5.3,102.0,1005.3,65.0
2025-08-09 17:00:00,42.6,26.9,83.0,0.0,5.8,110.0,1004.9,65.0
2025-08-09 18:00:00,37.3,26.5,84.0,0.0,5.1,100.0,1004.3,55.0
2025-08-09 19:00:00,34.2,26.4,83.0,0.0,5.1,100.0,1004.4,60.0
2025-08-09 20:00:00,31.8,26.5,82.0,0.0,5.0,125.0,1004.3,90.0
2025-08-09 21:00:00,30.0,26.3,84.0,0.0,4.5,133.0,1004.4,100.0
2025-08-09 22:00:00,30.8,26.2,86.0,0.0,3.9,133.0,1004.4,50.0
2025-08-09 23:00:00,35.2,27.4,81.0,0.0,4.0,122.0,1004.6,250.0
2025-08-10 00:00:00,42.8,28.8,73.0,0.0,3.0,166.0,1004.9,715.0
2025-08-10 01:00:00,39.9,30.3,65.0,0.0,2.7,212.0,1005.2,930.0
2025-08-10 02:00:00,26.6,31.4,59.0,0.0,3.6,250.0,1005.0,1150.0
2025-08-10 03:00:00,38.1,32.3,55.0,0.0,6.4,260.0,1004.6,1265.0
2025-08-10 04:00:00,39.4,32.7,55.0,0.0,8.8,269.0,1004.2,1345.0
2025-08-10 05:00:00,34.9,33.1,51.0,0.0,10.4,270.0,1003.4,1360.0
2025-08-10 06:00:00,23.4,32.9,50.0,0.0,12.6,260.0,1002.9,1290.0
2025-08-10 07:00:00,17.5,32.2,52.0,0.1,12.6,237.0,1002.7,870.0
2025-08-10 08:00:00,6.97,31.6,56.0,0.2,9.6,214.0,1002.8,880.0
2025-08-10 09:00:00,4.37,30.3,58.0,0.0,9.4,198.0,1003.2,775.0
2025-08-10 10:00:00,5.3,29.1,66.0,0.3,6.0,159.0,1003.7,360.0
2025-08-10 11:00:00,6.28,28.7,69.0,0.0,6.3,145.0,1004.4,255.0
2025-08-10 12:00:00,6.31,28.2,73.0,0.1,3.1,80.0,1005.5,100.0
2025-08-10 13:00:00,6.17,28.8,73.0,0.1,1.2,333.0,1005.4,55.0
2025-08-10 14:00:00,19.7,28.6,74.0,0.0,1.3,74.0,1005.7,235.0
2025-08-10 15:00:00,33.0,28.5,74.0,0.0,1.0,31.0,1005.6,35.0
2025-08-10 16:00:00,36.2,28.2,76.0,0.0,2.1,52.0,1004.9,35.0
2025-08-10 17:00:00,37.0,27.8,79.0,0.0,2.2,35.0,1004.7,40.0
2025-08-10 18:00:00,32.2,27.4,81.0,0.0,1.3,172.0,1004.1,35.0
2025-08-10 19:00:00,32.4,27.0,84.0,0.0,1.3,8.0,1003.3,15.0
2025-08-10 20:00:00,31.7,26.7,87.0,0.0,2.8,40.0,1003.1,35.0
2025-08-10 21:00:00,30.2,26.1,90.0,0.0,3.1,45.0,1003.3,40.0
2025-08-10 22:00:00,32.2,25.7,91.0,0.0,3.4,47.0,1003.3,50.0
2025-08-10 23:00:00,29.6,26.5,86.0,0.0,2.7,58.0,1003.7,75.0
2025-08-11 00:00:00,23.0,28.6,74.0,0.0,0.2,270.0,1004.1,430.0
2025-08-11 01:00:00,26.6,30.8,61.0,0.0,4.4,325.0,1004.0,860.0
2025-08-11 02:00:00,23.8,32.1,55.0,0.0,5.4,320.0,1004.0,1075.0
2025-08-11 03:00:00,27.5,33.1,50.0,0.0,5.4,300.0,1003.6,1200.0
2025-08-11 04:00:00,35.1,33.5,49.0,0.1,6.8,288.0,1002.9,1390.0
2025-08-11 05:00:00,31.1,33.4,52.0,0.2,8.8,274.0,1002.1,1460.0
2025-08-11 06:00:00,30.5,33.4,52.0,0.0,11.2,270.0,1001.3,1475.0
2025-08-11 07:00:00,27.2,31.5,58.0,1.4,5.6,225.0,1001.6,665.0
2025-08-11 08:00:00,37.8,30.2,63.0,0.8,10.4,296.0,1001.8,635.0
2025-08-11 09:00:00,49.8,28.7,73.0,0.5,2.6,344.0,1001.6,455.0
2025-08-11 10:00:00,49.9,28.6,74.0,0.1,6.2,33.0,1002.3,475.0
2025-08-11 11:00:00,35.4,27.3,79.0,1.1,4.9,163.0,1003.5,265.0
2025-08-11 12:00:00,24.3,27.4,79.0,0.1,2.9,158.0,1003.4,220.0
2025-08-11 13:00:00,23.3,28.2,81.0,0.0,2.8,35.0,1003.9,80.0
2025-08-11 14:00:00,25.8,27.6,86.0,0.0,4.6,39.0,1004.4,70.0
2025-08-11 15:00:00,39.1,26.7,90.0,0.6,11.7,343.0,1005.0,325.0
2025-08-11 16:00:00,35.5,25.7,89.0,0.8,8.3,344.0,1004.1,245.0
2025-08-11 17:00:00,36.8,25.7,88.0,0.0,4.8,25.0,1003.7,165.0
2025-08-11 18:00:00,41.0,25.7,87.0,0.0,1.7,32.0,1003.6,75.0
2025-08-11 19:00:00,40.5,25.7,88.0,0.0,1.2,207.0,1003.1,30.0
2025-08-11 20:00:00,40.3,25.5,91.0,0.0,1.5,339.0,1003.1,20.0
2025-08-11 21:00:00,40.2,25.2,93.0,0.0,5.0,103.0,1003.3,60.0
2025-08-11 22:00:00,35.4,24.8,92.0,0.1,4.1,90.0,1003.0,65.0
2025-08-11 23:00:00,33.7,25.7,90.0,0.0,3.2,52.0,1003.3,110.0
2025-08-12 00:00:00,15.7,27.3,80.0,0.0,2.9,360.0,1003.4,375.0
2025-08-12 01:00:00,21.9,29.6,74.0,0.1,5.6,339.0,1003.1,655.0
2025-08-12 02:00:00,29.3,30.4,68.0,0.1,6.7,329.0,1003.1,815.0
2025-08-12 03:00:00,37.9,31.1,68.0,0.0,6.8,305.0,1002.8,1030.0
2025-08-12 04:00:00,37.5,31.5,67.0,0.0,9.7,267.0,1002.3,1075.0
2025-08-12 05:00:00,30.2,31.2,68.0,4.1,8.5,263.0,1001.8,955.0
2025-08-12 06:00:00,36.2,29.0,77.0,0.8,6.3,59.0,1001.7,480.0
2025-08-12 07:00:00,15.3,28.9,73.0,0.8,6.8,342.0,1001.7,565.0
2025-08-12 08:00:00,11.5,28.3,76.0,0.8,3.6,319.0,1001.5,560.0
2025-08-12 09:00:00,22.3,28.8,74.0,0.3,4.5,331.0,1002.0,620.0
2025-08-12 10:00:00,27.0,27.9,78.0,0.0,5.2,348.0,1002.4,325.0
2025-08-12 11:00:00,36.4,25.2,91.0,4.5,8.3,359.0,1003.6,235.0
2025-08-12 12:00:00,41.5,25.4,89.0,0.1,1.3,360.0,1003.6,125.0
2025-08-12 13:00:00,39.6,25.0,91.0,0.1,3.8,45.0,1004.3,170.0
2025-08-12 14:00:00,40.6,25.1,91.0,0.2,2.8,125.0,1004.3,100.0
2025-08-12 15:00:00,39.7,25.2,91.0,0.0,2.7,58.0,1004.7,55.0
2025-08-12 16:00:00,41.2,24.9,94.0,0.0,4.5,34.0,1003.8,140.0
2025-08-12 17:00:00,40.1,24.8,93.0,0.0,2.0,63.0,1003.2,105.0
2025-08-12 18:00:00,42.2,24.8,93.0,0.0,2.6,102.0,1002.8,85.0
2025-08-12 19:00:00,41.3,24.5,95.0,0.0,3.9,62.0,1002.6,45.0
2025-08-12 20:00:00,42.3,24.3,96.0,0.0,3.1,77.0,1002.7,30.0
2025-08-12 21:00:00,44.7,24.2,96.0,0.0,2.2,55.0,1002.5,30.0
2025-08-12 22:00:00,41.9,24.2,96.0,0.0,1.0,59.0,1002.4,35.0
2025-08-12 23:00:00,43.6,24.9,94.0,0.0,3.4,32.0,1003.0,90.0
2025-08-13 00:00:00,36.0,26.8,85.0,0.0,4.2,5.0,1003.4,245.0
2025-08-13 01:00:00,23.4,28.3,78.0,0.0,4.9,327.0,1003.3,590.0
2025-08-13 02:00:00,34.8,29.3,73.0,0.0,4.1,285.0,1003.2,680.0
2025-08-13 03:00:00,37.0,30.3,68.0,0.0,5.8,275.0,1003.1,800.0
2025-08-13 04:00:00,26.5,31.0,63.0,0.0,8.2,261.0,1002.6,930.0
2025-08-13 05:00:00,17.0,31.0,62.0,0.0,8.7,252.0,1002.0,1005.0
2025-08-13 06:00:00,22.5,31.1,65.0,0.0,10.5,263.0,1001.5,1275.0
2025-08-13 07:00:00,25.7,29.6,72.0,1.8,9.3,241.0,1001.6,655.0
2025-08-13 08:00:00,27.7,29.2,74.0,0.1,10.0,247.0,1001.5,760.0
2025-08-13 09:00:00,19.8,27.6,80.0,0.2,4.5,277.0,1002.2,345.0
2025-08-13 10:00:00,10.5,26.3,85.0,0.5,4.3,270.0,1002.7,365.0
2025-08-13 11:00:00,26.3,26.2,86.0,0.0,3.9,13.0,1003.4,215.0
2025-08-13 12:00:00,29.9,26.0,87.0,0.1,3.0,52.0,1003.6,125.0
2025-08-13 13:00:00,31.1,26.1,87.0,0.3,2.7,94.0,1003.8,70.0
2025-08-13 14:00:00,30.7,26.4,87.0,0.0,3.6,57.0,1004.6,115.0
2025-08-13 15:00:00,34.1,26.3,88.0,0.1,2.0,80.0,1004.0,95.0
2025-08-13 16:00:00,37.1,26.2,90.0,0.3,4.0,108.0,1003.3,160.0
2025-08-13 17:00:00,36.4,25.7,93.0,0.1,2.9,90.0,1002.8,115.0
2025-08-13 18:00:00,34.2,25.6,94.0,0.3,1.7,72.0,1002.6,50.0
2025-08-13 19:00:00,36.5,25.3,95.0,0.0,1.9,68.0,1002.3,40.0
2025-08-13 20:00:00,32.7,25.1,96.0,0.0,1.5,97.0,1002.1,35.0
2025-08-13 21:00:00,32.8,24.9,99.0,0.0,1.5,97.0,1002.1,25.0
2025-08-13 22:00:00,33.9,25.0,97.0,0.0,4.6,77.0,1002.6,50.0
2025-08-13 23:00:00,43.8,25.5,94.0,0.0,4.2,78.0,1003.2,90.0
2025-08-14 00:00:00,47.3,27.1,83.0,0.0,2.9,101.0,1003.4,330.0
2025-08-14 01:00:00,35.3,28.9,74.0,0.1,3.3,139.0,1003.3,660.0
2025-08-14 02:00:00,33.3,29.7,72.0,0.1,3.1,173.0,1003.7,890.0
2025-08-14 03:00:00,29.9,30.1,72.0,0.1,3.6,210.0,1003.0,1005.0
2025-08-14 04:00:00,23.8,31.0,67.0,0.1,4.4,187.0,1002.5,1325.0
2025-08-14 05:00:00,32.5,28.2,78.0,3.7,11.1,171.0,1002.2,510.0
2025-08-14 06:00:00,35.0,28.5,75.0,0.1,9.9,159.0,1002.3,640.0
2025-08-14 07:00:00,30.9,26.5,84.0,1.5,8.5,117.0,1002.3,360.0
2025-08-14 08:00:00,15.7,25.9,86.0,4.2,7.2,51.0,1002.2,205.0
2025-08-14 09:00:00,31.3,25.4,92.0,0.9,1.9,112.0,1002.0,135.0
2025-08-14 10:00:00,35.1,25.4,88.0,0.5,1.8,323.0,1003.0,145.0
2025-08-14 11:00:00,41.9,25.2,91.0,0.4,1.8,6.0,1003.2,135.0
2025-08-14 12:00:00,42.3,25.0,93.0,0.9,4.3,73.0,1003.7,115.0
2025-08-14 13:00:00,41.0,25.1,94.0,1.1,1.3,315.0,1004.0,100.0
2025-08-14 14:00:00,41.6,25.1,95.0,0.5,3.9,307.0,1004.3,120.0
2025-08-14 15:00:00,41.4,24.9,94.0,0.5,3.5,332.0,1004.1,130.0
2025-08-14 16:00:00,39.3,24.8,94.0,0.1,3.3,331.0,1003.4,125.0
2025-08-14 17:00:00,38.3,24.5,96.0,0.2,4.3,17.0,1002.5,115.0
2025-08-14 18:00:00,34.8,24.3,96.0,0.2,3.6,9.0,1001.7,110.0
2025-08-14 19:00:00,33.9,24.0,97.0,0.0,1.7,347.0,1001.5,90.0
2025-08-14 20:00:00,34.4,24.2,96.0,0.0,3.9,332.0,1001.8,100.0
2025-08-14 21:00:00,37.2,24.1,96.0,0.0,3.9,13.0,1001.7,115.0
2025-08-14 22:00:00,41.6,24.2,96.0,0.0,2.2,360.0,1001.9,115.0
2025-08-14 23:00:00,34.6,24.6,94.0,0.0,2.7,42.0,1002.0,140.0
2025-08-15 00:00:00,7.47,25.6,90.0,0.0,1.0,211.0,1002.3,210.0
2025-08-15 01:00:00,3.3,26.5,87.0,0.1,2.3,86.0,1002.8,370.0
2025-08-15 02:00:00,2.43,28.1,78.0,0.3,5.6,132.0,1002.3,600.0
2025-08-15 03:00:00,4.74,28.2,76.0,0.1,8.0,132.0,1002.0,610.0
2025-08-15 04:00:00,3.03,28.5,75.0,0.0,8.5,144.0,1001.4,615.0
2025-08-15 05:00:00,0.189,29.8,70.0,0.2,9.0,158.0,1000.5,795.0
2025-08-15 06:00:00,0.358,30.1,66.0,0.0,11.0,174.0,1000.2,950.0
2025-08-15 07:00:00,7.57,28.5,73.0,0.3,11.7,179.0,1000.3,620.0
2025-08-15 08:00:00,14.3,27.7,79.0,0.2,7.8,165.0,1000.6,510.0
2025-08-15 09:00:00,5.77,27.6,80.0,0.3,1.3,45.0,1001.0,455.0
2025-08-15 10:00:00,19.2,25.2,92.0,6.3,7.2,341.0,1001.9,185.0
2025-08-15 11:00:00,15.3,24.7,95.0,2.1,3.9,227.0,1001.4,110.0
2025-08-15 12:00:00,18.3,24.8,96.0,0.8,4.6,36.0,1002.1,115.0
2025-08-15 13:00:00,20.4,24.5,97.0,4.8,8.6,64.0,1003.3,120.0
2025-08-15 14:00:00,23.3,24.8,96.0,1.2,4.0,10.0,1003.5,100.0
2025-08-15 15:00:00,24.7,24.9,96.0,0.6,4.7,106.0,1003.7,95.0
2025-08-15 16:00:00,23.6,24.7,96.0,0.8,4.6,72.0,1002.6,125.0
2025-08-15 17:00:00,18.2,24.4,95.0,0.2,3.6,96.0,1001.7,90.0
2025-08-15 18:00:00,11.0,24.4,94.0,0.6,0.5,180.0,1001.6,60.0
2025-08-15 19:00:00,7.72,24.4,93.0,0.2,1.1,81.0,1001.5,70.0
2025-08-15 20:00:00,14.5,24.1,95.0,0.0,3.7,43.0,1001.6,90.0
2025-08-15 21:00:00,6.98,23.9,93.0,0.0,3.4,58.0,1001.4,90.0
2025-08-15 22:00:00,7.0,23.9,93.0,0.0,1.8,114.0,1001.4,50.0
2025-08-15 23:00:00,17.0,25.0,89.0,0.0,3.6,90.0,1001.9,140.0
2025-08-16 00:00:00,7.52,26.7,84.0,0.0,5.1,108.0,1001.8,415.0
2025-08-16 01:00:00,2.46,27.5,80.0,0.1,9.4,116.0,1003.2,525.0
2025-08-16 02:00:00,3.8,28.1,77.0,0.0,9.0,136.0,1003.2,605.0
2025-08-16 03:00:00,4.41,29.0,76.0,0.2,7.4,174.0,1002.9,785.0
2025-08-16 04:00:00,4.35,29.2,75.0,0.5,6.0,170.0,1002.5,840.0
2025-08-16 05:00:00,16.4,25.8,87.0,5.4,9.2,196.0,1002.6,300.0
2025-08-16 06:00:00,24.9,26.7,87.0,2.2,4.8,143.0,1002.0,280.0
2025-08-16 07:00:00,11.9,27.5,85.0,1.1,6.1,146.0,1001.6,470.0
2025-08-16 08:00:00,23.2,27.0,87.0,0.8,5.1,148.0,1001.0,390.0
2025-08-16 09:00:00,35.7,27.1,86.0,0.3,4.7,130.0,1001.1,370.0
2025-08-16 10:00:00,47.8,26.8,89.0,0.2,2.6,106.0,1002.0,190.0
2025-08-16 11:00:00,51.7,26.3,91.0,0.5,5.1,148.0,1003.1,180.0
2025-08-16 12:00:00,50.7,26.0,93.0,0.5,4.1,128.0,1003.5,120.0
2025-08-16 13:00:00,53.6,26.5,92.0,0.0,3.3,135.0,1004.1,75.0
2025-08-16 14:00:00,49.6,26.4,93.0,0.0,1.8,90.0,1004.8,30.0
2025-08-16 15:00:00,45.9,26.0,95.0,0.0,3.8,107.0,1004.4,40.0
2025-08-16 16:00:00,38.2,25.9,95.0,0.0,3.6,81.0,1004.2,35.0
2025-08-16 17:00:00,36.8,25.7,95.0,0.0,2.2,104.0,1003.8,20.0
2025-08-16 18:00:00,32.8,25.4,96.0,0.0,3.2,47.0,1003.4,35.0
2025-08-16 19:00:00,29.6,25.2,94.0,0.0,6.5,58.0,1003.2,70.0
2025-08-16 20:00:00,29.4,25.2,90.0,0.0,5.6,69.0,1003.1,70.0
2025-08-16 21:00:00,25.6,25.2,90.0,0.0,2.7,53.0,1003.6,25.0
2025-08-16 22:00:00,25.9,25.3,91.0,0.0,1.8,360.0,1004.4,15.0
2025-08-16 23:00:00,25.7,26.2,90.0,0.0,2.4,347.0,1005.5,70.0
2025-08-17 00:00:00,5.17,27.5,84.0,0.0,2.6,65.0,1005.5,400.0
2025-08-17 01:00:00,2.19,28.6,78.0,0.1,8.4,140.0,1006.0,620.0
2025-08-17 02:00:00,2.71,29.5,75.0,0.1,8.0,152.0,1006.1,775.0
2025-08-17 03:00:00,0.168,30.3,73.0,0.1,6.3,175.0,1005.7,1010.0
2025-08-17 04:00:00,1.57,30.9,69.0,0.0,6.7,161.0,1005.4,1060.0
2025-08-17 05:00:00,1.61,31.1,67.0,0.0,7.5,172.0,1004.4,1070.0
2025-08-17 06:00:00,2.54,29.9,72.0,0.0,11.9,195.0,1004.6,885.0
2025-08-17 07:00:00,4.38,27.5,82.0,3.5,9.1,122.0,1004.4,470.0
2025-08-17 08:00:00,6.4,27.0,84.0,0.1,7.0,125.0,1004.5,375.0
2025-08-17 09:00:00,5.76,27.5,83.0,0.0,5.6,132.0,1005.4,380.0
2025-08-17 10:00:00,25.9,27.3,85.0,0.2,5.2,139.0,1005.9,330.0
2025-08-17 11:00:00,38.3,26.9,88.0,0.0,6.1,140.0,1006.2,255.0
2025-08-17 12:00:00,32.1,27.0,88.0,0.0,4.3,158.0,1007.3,190.0
2025-08-17 13:00:00,22.3,26.5,94.0,0.5,1.5,76.0,1007.4,25.0
2025-08-17 14:00:00,27.5,26.0,97.0,0.1,3.2,93.0,1007.8,50.0
2025-08-17 15:00:00,26.5,25.8,96.0,0.0,5.3,80.0,1007.8,65.0
2025-08-17 16:00:00,21.1,25.6,93.0,0.0,4.9,107.0,1007.2,75.0
2025-08-17 17:00:00,19.3,25.2,93.0,0.0,3.5,118.0,1006.6,55.0
2025-08-17 18:00:00,22.8,24.8,94.0,0.0,3.1,111.0,1006.1,40.0
2025-08-17 19:00:00,28.0,24.9,93.0,0.0,3.6,120.0,1005.9,50.0
2025-08-17 20:00:00,30.9,24.9,91.0,0.0,4.5,95.0,1005.8,70.0
2025-08-17 21:00:00,31.4,24.6,92.0,0.0,4.6,81.0,1005.9,65.0
2025-08-17 22:00:00,32.0,24.5,92.0,0.0,3.8,90.0,1006.6,65.0
2025-08-17 23:00:00,24.1,25.8,89.0,0.0,6.0,117.0,1007.0,220.0
2025-08-18 00:00:00,8.06,28.0,81.0,0.0,8.1,125.0,1007.3,615.0
2025-08-18 01:00:00,3.37,30.0,73.0,0.0,9.0,133.0,1007.7,865.0
2025-08-18 02:00:00,4.52,31.0,68.0,0.0,11.1,137.0,1007.6,990.0
2025-08-18 03:00:00,7.54,31.5,66.0,0.0,9.6,150.0,1007.2,1045.0
2025-08-18 04:00:00,10.6,32.0,64.0,0.0,7.6,172.0,1006.6,1045.0
2025-08-18 05:00:00,22.6,32.3,62.0,0.0,6.5,199.0,1005.7,1050.0
2025-08-18 06:00:00,19.9,32.3,61.0,0.0,5.6,241.0,1005.0,1040.0
2025-08-18 07:00:00,23.5,31.8,64.0,0.1,3.9,283.0,1004.6,825.0
2025-08-18 08:00:00,22.7,31.1,66.0,0.4,2.8,281.0,1004.8,445.0
2025-08-18 09:00:00,23.6,30.6,70.0,0.0,0.8,243.0,1005.2,260.0
2025-08-18 10:00:00,22.2,29.6,75.0,0.3,3.3,13.0,1006.3,310.0
2025-08-18 11:00:00,17.3,28.8,81.0,0.0,6.6,344.0,1006.9,170.0
2025-08-18 12:00:00,45.0,28.2,85.0,0.0,0.5,270.0,1007.4,20.0
2025-08-18 13:00:00,58.1,26.5,90.0,1.5,2.7,212.0,1008.5,65.0
2025-08-18 14:00:00,58.5,24.7,93.0,4.8,11.2,330.0,1009.7,260.0
2025-08-18 15:00:00,56.8,24.7,90.0,0.0,2.3,94.0,1008.4,125.0
2025-08-18 16:00:00,50.2,24.6,92.0,0.0,4.2,72.0,1007.4,120.0
2025-08-18 17:00:00,42.7,24.6,92.0,0.0,3.5,246.0,1006.6,130.0
2025-08-18 18:00:00,39.1,24.6,93.0,0.0,4.7,337.0,1006.1,175.0
2025-08-18 19:00:00,32.0,24.2,95.0,0.0,6.0,5.0,1005.7,150.0
2025-08-18 20:00:00,24.6,23.9,97.0,0.0,3.5,9.0,1005.4,105.0
2025-08-18 21:00:00,23.7,23.8,97.0,0.0,3.8,355.0,1005.5,105.0
2025-08-18 22:00:00,22.7,23.8,98.0,0.0,4.0,8.0,1005.4,95.0
2025-08-18 23:00:00,34.3,24.5,96.0,0.0,2.3,356.0,1005.8,80.0
2025-08-19 00:00:00,36.5,26.3,92.0,0.0,1.0,329.0,1006.5,145.0
2025-08-19 01:00:00,6.56,28.8,84.0,0.0,2.7,302.0,1006.5,345.0
2025-08-19 02:00:00,1.97,30.0,74.0,0.1,1.5,210.0,1006.3,670.0
2025-08-19 03:00:00,1.16,31.1,69.0,0.3,3.1,187.0,1005.7,885.0
2025-08-19 04:00:00,3.67,32.1,63.0,0.2,2.2,215.0,1005.2,1095.0
2025-08-19 05:00:00,33.5,32.8,60.0,0.1,1.1,252.0,1004.2,1240.0
2025-08-19 06:00:00,25.4,33.0,58.0,0.1,1.7,288.0,1003.5,1340.0
2025-08-19 07:00:00,1.25,31.6,63.0,0.6,6.0,316.0,1003.7,650.0
2025-08-19 08:00:00,12.4,31.4,66.0,1.7,5.6,315.0,1003.9,610.0
2025-08-19 09:00:00,23.3,30.2,70.0,2.3,7.0,257.0,1004.5,405.0
2025-08-19 10:00:00,12.0,29.2,80.0,0.0,10.1,260.0,1004.7,260.0
2025-08-19 11:00:00,13.3,28.3,85.0,0.0,8.5,245.0,1005.5,215.0
2025-08-19 12:00:00,14.4,28.1,85.0,0.0,5.1,262.0,1006.0,175.0
2025-08-19 13:00:00,10.4,27.8,89.0,0.0,1.4,320.0,1006.7,45.0
2025-08-19 14:00:00,7.87,27.4,89.0,0.0,2.0,355.0,1006.8,90.0
2025-08-19 15:00:00,3.16,27.6,86.0,0.0,2.9,292.0,1006.6,55.0
2025-08-19 16:00:00,2.16,27.3,86.0,0.0,2.8,310.0,1005.8,50.0
2025-08-19 17:00:00,3.47,26.7,88.0,0.0,3.0,346.0,1005.5,40.0
2025-08-19 18:00:00,5.07,26.2,90.0,0.0,3.8,352.0,1004.8,45.0
2025-08-19 19:00:00,12.9,26.0,91.0,0.0,0.8,63.0,1004.6,10.0
2025-08-19 20:00:00,19.8,25.9,93.0,0.0,2.1,59.0,1004.5,30.0
2025-08-19 21:00:00,34.6,25.7,94.0,0.0,2.8,153.0,1004.4,35.0
2025-08-19 22:00:00,19.9,25.8,92.0,0.0,4.1,151.0,1004.7,75.0
2025-08-19 23:00:00,16.5,26.6,88.0,0.0,2.7,113.0,1005.5,175.0
2025-08-20 00:00:00,3.87,27.5,84.0,0.0,0.8,243.0,1005.6,340.0
2025-08-20 01:00:00,7.5,29.1,77.0,0.0,5.1,276.0,1006.1,520.0
2025-08-20 02:00:00,7.57,30.1,72.0,0.0,3.6,307.0,1005.8,740.0
2025-08-20 03:00:00,0.792,31.2,70.0,0.1,3.7,293.0,1005.2,1110.0
2025-08-20 04:00:00,0.0,32.0,68.0,0.1,2.3,274.0,1004.4,1345.0
2025-08-20 05:00:00,0.114,32.0,67.0,0.2,4.5,270.0,1003.4,1315.0
2025-08-20 06:00:00,1.45,32.5,65.0,0.8,3.8,253.0,1002.9,720.0
2025-08-20 07:00:00,0.0638,29.9,73.0,5.6,9.2,269.0,1003.0,355.0
2025-08-20 08:00:00,0.0,30.2,74.0,0.1,7.4,267.0,1002.7,310.0
2025-08-20 09:00:00,0.783,30.2,75.0,0.1,2.4,243.0,1003.3,330.0
2025-08-20 10:00:00,4.77,29.8,77.0,0.0,3.6,221.0,1003.3,85.0
2025-08-20 11:00:00,11.0,29.1,80.0,0.0,4.9,163.0,1003.9,145.0
2025-08-20 12:00:00,10.6,28.4,80.0,0.0,7.9,139.0,1004.5,250.0
2025-08-20 13:00:00,11.1,29.0,83.0,0.0,2.7,212.0,1005.3,80.0
2025-08-20 14:00:00,18.0,28.6,84.0,0.0,2.3,219.0,1005.2,45.0
2025-08-20 15:00:00,30.0,28.1,87.0,0.0,2.9,223.0,1005.8,50.0
2025-08-20 16:00:00,31.5,26.4,90.0,0.9,2.6,124.0,1005.6,65.0
2025-08-20 17:00:00,17.1,26.1,94.0,0.4,0.8,135.0,1005.0,35.0
2025-08-20 18:00:00,7.51,24.9,94.0,6.1,4.0,95.0,1005.8,80.0
2025-08-20 19:00:00,6.27,24.5,96.0,5.3,4.5,47.0,1005.4,70.0
2025-08-20 20:00:00,4.19,24.6,98.0,0.2,6.2,8.0,1005.4,200.0
2025-08-20 21:00:00,1.62,24.6,97.0,0.2,3.5,305.0,1005.3,150.0
2025-08-20 22:00:00,0.0459,24.9,93.0,0.1,1.2,297.0,1005.2,165.0
2025-08-20 23:00:00,1.39,25.2,92.0,0.2,3.1,114.0,1006.0,220.0
2025-08-21 00:00:00,14.5,25.4,90.0,0.4,4.4,117.0,1006.3,250.0
2025-08-21 01:00:00,14.9,26.1,90.0,1.6,0.9,191.0,1006.7,155.0
2025-08-21 02:00:00,14.8,27.3,84.0,0.6,0.8,225.0,1006.6,215.0
2025-08-21 03:00:00,17.4,28.2,77.0,0.0,3.1,260.0,1005.8,475.0
2025-08-21 04:00:00,21.3,29.0,73.0,0.0,4.6,312.0,1005.2,610.0
2025-08-21 05:00:00,8.87,29.5,70.0,0.0,6.5,316.0,1004.6,665.0
2025-08-21 06:00:00,19.4,29.3,69.0,0.0,6.0,323.0,1004.3,560.0
2025-08-21 07:00:00,27.3,28.3,73.0,0.2,3.7,346.0,1003.7,410.0
2025-08-21 08:00:00,31.4,27.6,78.0,0.6,2.5,356.0,1003.3,315.0
2025-08-21 09:00:00,26.0,27.1,81.0,0.4,2.6,25.0,1003.6,240.0
2025-08-21 10:00:00,29.3,26.7,83.0,0.4,3.1,10.0,1003.6,180.0
2025-08-21 11:00:00,22.3,26.2,86.0,0.6,3.6,351.0,1004.4,260.0
2025-08-21 12:00:00,9.28,25.8,89.0,0.4,7.3,351.0,1004.9,265.0
2025-08-21 13:00:00,4.49,25.6,89.0,0.1,4.5,326.0,1005.1,105.0
2025-08-21 14:00:00,6.27,25.7,89.0,0.0,2.5,339.0,1005.6,115.0
2025-08-21 15:00:00,6.85,25.6,88.0,0.7,4.2,20.0,1005.1,220.0
2025-08-21 16:00:00,37.8,25.2,91.0,0.5,6.1,328.0,1004.9,250.0
2025-08-21 17:00:00,35.0,25.0,93.0,0.2,6.9,337.0,1004.0,235.0
2025-08-21 18:00:00,40.0,24.3,96.0,1.1,5.4,2.0,1003.8,190.0
2025-08-21 19:00:00,34.5,23.7,97.0,1.9,7.1,36.0,1003.1,215.0
2025-08-21 20:00:00,28.4,23.7,96.0,2.2,4.7,28.0,1002.6,160.0
2025-08-21 21:00:00,28.6,24.0,95.0,2.4,2.7,53.0,1003.1,125.0
2025-08-21 22:00:00,31.4,24.2,94.0,2.3,1.0,338.0,1003.0,115.0
2025-08-21 23:00:00,26.6,23.9,96.0,3.9,5.0,55.0,1003.4,145.0
2025-08-22 00:00:00,12.7,24.2,94.0,2.5,4.1,49.0,1004.0,125.0
2025-08-22 01:00:00,6.34,25.0,96.0,2.1,1.0,225.0,1003.6,220.0
2025-08-22 02:00:00,1.9,26.2,90.0,1.0,8.2,221.0,1003.3,480.0
2025-08-22 03:00:00,7.3,27.0,83.0,0.5,6.8,233.0,1003.3,530.0
2025-08-22 04:00:00,3.89,27.1,82.0,1.0,7.8,228.0,1003.0,465.0
2025-08-22 05:00:00,2.48,26.4,85.0,8.2,13.9,205.0,1002.2,390.0
2025-08-22 06:00:00,0.139,26.5,86.0,1.1,12.7,219.0,1001.7,555.0
2025-08-22 07:00:00,0.196,26.9,84.0,1.0,12.9,220.0,1001.2,615.0
2025-08-22 08:00:00,1.62,26.6,84.0,0.5,14.4,211.0,1001.0,575.0
2025-08-22 09:00:00,1.56,25.9,89.0,1.3,12.9,201.0,1001.2,480.0
2025-08-22 10:00:00,4.55,25.0,94.0,2.1,12.3,205.0,1001.5,375.0
2025-08-22 11:00:00,2.8,24.8,92.0,2.1,13.2,192.0,1002.3,475.0
2025-08-22 12:00:00,7.88,24.3,95.0,8.2,13.9,161.0,1002.8,430.0
2025-08-22 13:00:00,11.9,25.2,91.0,0.6,6.7,164.0,1003.9,270.0
2025-08-22 14:00:00,6.45,24.7,94.0,0.2,8.4,160.0,1004.5,265.0
2025-08-22 15:00:00,2.5,24.6,91.0,0.2,9.5,169.0,1004.6,350.0
2025-08-22 16:00:00,4.88,24.5,92.0,0.5,8.2,165.0,1004.4,340.0
2025-08-22 17:00:00,2.13,24.1,93.0,0.7,10.8,128.0,1003.8,305.0
2025-08-22 18:00:00,1.35,24.1,93.0,0.3,9.7,158.0,1003.4,420.0
2025-08-22 19:00:00,8.56,24.1,92.0,0.1,6.2,139.0,1002.7,250.0
2025-08-22 20:00:00,7.65,24.1,93.0,0.0,5.1,122.0,1002.8,155.0
2025-08-22 21:00:00,1.41,24.0,94.0,0.0,3.2,90.0,1002.7,70.0
2025-08-22 22:00:00,5.98,24.3,92.0,0.0,3.6,123.0,1002.9,65.0
2025-08-22 23:00:00,1.45,24.6,92.0,0.2,7.1,111.0,1003.5,125.0
2025-08-23 00:00:00,2.52,25.6,88.0,0.1,6.1,114.0,1004.3,230.0
2025-08-23 01:00:00,3.14,26.9,80.0,0.3,8.9,212.0,1004.4,625.0
2025-08-23 02:00:00,5.5,28.0,75.0,0.3,8.9,230.0,1004.3,650.0
2025-08-23 03:00:00,4.77,27.8,77.0,0.5,11.3,228.0,1004.4,585.0
2025-08-23 04:00:00,2.23,27.6,82.0,0.6,9.3,205.0,1004.5,640.0
2025-08-23 05:00:00,0.00833,27.4,78.0,0.5,11.3,222.0,1003.8,725.0
2025-08-23 06:00:00,0.0417,27.7,78.0,0.3,8.5,222.0,1003.2,620.0
2025-08-23 07:00:00,0.0167,27.9,79.0,0.1,9.0,218.0,1002.7,680.0
2025-08-23 08:00:00,0.0501,27.2,81.0,0.1,7.5,230.0,1002.4,495.0
2025-08-23 09:00:00,0.215,27.2,78.0,0.1,7.1,218.0,1002.7,500.0
2025-08-23 10:00:00,1.32,26.8,82.0,0.2,6.2,218.0,1003.4,450.0
2025-08-23 11:00:00,3.74,26.5,85.0,0.1,6.1,204.0,1003.6,490.0
2025-08-23 12:00:00,27.3,26.4,85.0,0.1,4.9,190.0,1004.3,350.0
2025-08-23 13:00:00,37.5,26.5,87.0,0.1,4.7,88.0,1005.1,110.0
2025-08-23 14:00:00,37.4,26.1,89.0,0.0,4.2,102.0,1005.6,70.0
2025-08-23 15:00:00,37.5,25.9,90.0,0.0,3.1,121.0,1005.4,50.0
2025-08-23 16:00:00,36.3,25.8,91.0,0.1,3.4,122.0,1004.9,45.0
2025-08-23 17:00:00,35.4,25.5,92.0,0.0,3.4,96.0,1004.6,35.0
2025-08-23 18:00:00,27.2,25.3,93.0,0.0,2.7,82.0,1004.4,25.0
2025-08-23 19:00:00,11.9,24.9,94.0,0.0,3.2,90.0,1003.9,30.0
2025-08-23 20:00:00,8.31,24.5,96.0,0.0,2.3,94.0,1003.2,15.0
2025-08-23 21:00:00,7.31,24.3,95.0,0.0,3.4,74.0,1003.5,30.0
2025-08-23 22:00:00,7.2,24.0,94.0,0.0,3.4,87.0,1003.9,35.0
2025-08-23 23:00:00,14.9,24.9,92.0,0.0,2.7,67.0,1004.4,50.0
2025-08-24 00:00:00,14.1,27.0,82.0,0.0,1.3,360.0,1005.1,180.0
2025-08-24 01:00:00,11.8,28.7,72.0,0.0,1.4,293.0,1005.6,525.0
2025-08-24 02:00:00,6.97,29.4,67.0,0.0,3.1,249.0,1005.6,795.0
2025-08-24 03:00:00,14.8,29.6,69.0,0.0,5.0,257.0,1005.1,920.0
2025-08-24 04:00:00,30.1,30.0,71.0,0.1,3.3,276.0,1004.8,1010.0
2025-08-24 05:00:00,38.5,30.5,70.0,0.1,1.8,294.0,1003.7,1015.0
2025-08-24 06:00:00,5.67,29.2,71.0,1.0,1.7,342.0,1003.0,470.0
2025-08-24 07:00:00,0.424,27.4,81.0,5.2,2.8,145.0,1002.8,315.0
2025-08-24 08:00:00,6.46,27.3,81.0,0.1,1.3,90.0,1002.3,280.0
2025-08-24 09:00:00,8.9,27.5,81.0,0.0,3.1,332.0,1002.6,295.0
2025-08-24 10:00:00,26.8,27.5,80.0,0.0,2.6,344.0,1002.9,245.0
2025-08-24 11:00:00,41.3,27.2,81.0,0.0,1.7,328.0,1003.3,55.0
2025-08-24 12:00:00,46.7,26.8,86.0,0.0,4.0,5.0,1004.2,115.0
2025-08-24 13:00:00,51.6,27.0,87.0,0.0,6.0,353.0,1004.3,175.0
2025-08-24 14:00:00,53.8,26.4,90.0,0.0,4.5,346.0,1004.7,100.0
2025-08-24 15:00:00,51.1,25.7,93.0,0.0,5.1,342.0,1004.8,115.0
2025-08-24 16:00:00,44.8,25.3,92.0,0.0,6.0,350.0,1004.3,200.0
2025-08-24 17:00:00,42.1,24.9,92.0,0.0,4.7,16.0,1003.7,155.0
2025-08-24 18:00:00,40.8,24.8,92.0,0.0,5.1,27.0,1003.1,130.0
2025-08-24 19:00:00,37.3,24.8,91.0,0.0,4.9,8.0,1002.7,120.0
2025-08-24 20:00:00,32.7,24.6,90.0,0.0,4.3,28.0,1002.7,80.0
2025-08-24 21:00:00,30.0,24.4,91.0,0.0,3.2,43.0,1003.0,35.0
2025-08-24 22:00:00,27.9,24.2,92.0,0.0,2.8,310.0,1003.2,40.0
2025-08-24 23:00:00,12.9,25.0,92.0,0.0,3.4,313.0,1003.0,150.0
2025-08-25 00:00:00,21.3,26.5,86.0,0.0,2.6,344.0,1003.7,260.0
2025-08-25 01:00:00,29.3,26.8,83.0,0.0,4.9,350.0,1004.4,335.0
2025-08-25 02:00:00,25.9,28.1,77.0,0.0,5.2,344.0,1004.1,545.0
2025-08-25 03:00:00,19.7,29.7,69.0,0.0,6.2,292.0,1003.8,920.0
2025-08-25 04:00:00,27.0,29.9,69.0,0.0,6.7,270.0,1003.2,1010.0
2025-08-25 05:00:00,25.3,29.6,71.0,0.0,7.4,269.0,1002.7,940.0
2025-08-25 06:00:00,9.33,28.5,74.0,0.1,2.9,353.0,1002.0,485.0
2025-08-25 07:00:00,10.9,27.6,78.0,5.2,4.3,315.0,1002.1,255.0
2025-08-25 08:00:00,8.86,27.0,81.0,1.8,6.4,299.0,1001.9,305.0
2025-08-25 09:00:00,7.9,25.5,88.0,1.5,8.2,352.0,1002.7,250.0
2025-08-25 10:00:00,11.8,25.1,90.0,1.1,9.4,355.0,1002.8,165.0
2025-08-25 11:00:00,4.58,24.8,94.0,2.7,7.5,336.0,1003.2,190.0
2025-08-25 12:00:00,5.12,24.9,94.0,0.8,7.9,356.0,1003.9,235.0
2025-08-25 13:00:00,7.58,25.1,89.0,2.7,10.3,338.0,1004.1,320.0
2025-08-25 14:00:00,4.89,24.4,95.0,2.6,9.4,330.0,1004.7,260.0
2025-08-25 15:00:00,0.317,24.3,95.0,4.2,9.5,323.0,1004.6,325.0
2025-08-25 16:00:00,0.205,24.2,95.0,2.9,10.6,330.0,1003.9,355.0
2025-08-25 17:00:00,1.96,24.1,94.0,2.5,10.0,326.0,1003.1,370.0
2025-08-25 18:00:00,1.31,24.1,93.0,2.7,9.4,331.0,1002.5,355.0
2025-08-25 19:00:00,3.28,23.8,96.0,1.6,8.4,344.0,1002.0,330.0
2025-08-25 20:00:00,18.8,23.6,96.0,1.7,8.3,344.0,1002.1,300.0
2025-08-25 21:00:00,26.2,23.6,96.0,1.3,7.8,353.0,1002.4,245.0
2025-08-25 22:00:00,23.1,23.7,95.0,1.0,7.9,344.0,1002.1,235.0
2025-08-25 23:00:00,22.3,23.9,94.0,1.7,7.9,343.0,1002.7,220.0
2025-08-26 00:00:00,29.1,24.1,95.0,3.4,5.1,342.0,1003.6,175.0
2025-08-26 01:00:00,32.8,25.8,90.0,4.1,1.7,257.0,1003.4,175.0
2025-08-26 02:00:00,29.8,26.3,86.0,0.9,3.0,287.0,1003.2,265.0
2025-08-26 03:00:00,16.6,26.7,84.0,1.1,3.5,255.0,1003.1,375.0
2025-08-26 04:00:00,11.9,26.7,85.0,0.5,5.0,206.0,1002.6,335.0
2025-08-26 05:00:00,50.5,26.8,85.0,1.2,5.5,238.0,1001.8,340.0
2025-08-26 06:00:00,33.4,27.2,77.0,1.4,10.1,231.0,1001.4,425.0
2025-08-26 07:00:00,35.6,26.6,85.0,0.9,6.0,243.0,1001.3,395.0
2025-08-26 08:00:00,17.4,26.4,86.0,0.5,3.3,299.0,1000.8,345.0
2025-08-26 09:00:00,10.3,26.2,86.0,0.2,4.9,266.0,1000.6,315.0
2025-08-26 10:00:00,9.0,25.6,86.0,0.5,6.6,283.0,1001.2,255.0
2025-08-26 11:00:00,6.94,25.0,89.0,0.2,0.9,53.0,1001.6,85.0
2025-08-26 12:00:00,12.6,24.8,90.0,0.6,2.7,90.0,1002.4,85.0
2025-08-26 13:00:00,10.8,25.0,94.0,0.2,5.5,79.0,1002.2,65.0
2025-08-26 14:00:00,7.93,24.8,95.0,0.4,5.8,85.0,1002.4,75.0
2025-08-26 15:00:00,7.07,24.6,96.0,0.2,5.2,121.0,1001.9,65.0
2025-08-26 16:00:00,7.06,24.2,97.0,0.0,5.9,117.0,1001.3,65.0
2025-08-26 17:00:00,9.67,24.2,95.0,0.0,6.2,100.0,1000.8,65.0
2025-08-26 18:00:00,24.5,24.4,94.0,0.0,6.1,124.0,1000.4,85.0
2025-08-26 19:00:00,18.5,24.3,94.0,0.0,6.9,123.0,1000.0,100.0
2025-08-26 20:00:00,29.5,24.2,94.0,0.0,6.2,147.0,999.7,125.0
2025-08-26 21:00:00,29.9,24.0,96.0,0.0,3.6,147.0,999.9,95.0
2025-08-26 22:00:00,26.5,24.1,94.0,0.0,5.7,125.0,1000.0,85.0
2025-08-26 23:00:00,19.5,25.1,93.0,0.0,5.5,109.0,1000.5,135.0
2025-08-27 00:00:00,25.2,26.3,86.0,0.0,4.2,144.0,1000.8,365.0
2025-08-27 01:00:00,27.8,27.9,82.0,0.1,2.2,194.0,1000.6,425.0
2025-08-27 02:00:00,36.2,28.7,80.0,0.0,5.2,221.0,1000.5,695.0
2025-08-27 03:00:00,36.4,29.6,76.0,0.0,4.2,211.0,1000.1,785.0
2025-08-27 04:00:00,21.2,30.1,74.0,0.1,5.3,246.0,999.2,840.0
2025-08-27 05:00:00,8.52,30.4,72.0,0.0,8.6,240.0,998.2,960.0
2025-08-27 06:00:00,1.41,30.0,71.0,0.2,9.1,238.0,997.9,845.0
2025-08-27 07:00:00,0.0375,29.1,71.0,0.5,10.6,208.0,998.0,635.0
2025-08-27 08:00:00,0.229,28.1,79.0,0.4,9.1,194.0,998.3,485.0
2025-08-27 09:00:00,2.22,26.8,82.0,1.3,7.2,158.0,998.9,320.0
2025-08-27 10:00:00,6.78,26.5,85.0,0.2,4.4,111.0,999.6,250.0
2025-08-27 11:00:00,11.1,26.1,89.0,0.1,4.9,84.0,1000.2,155.0
2025-08-27 12:00:00,27.1,25.8,92.0,0.0,3.7,43.0,1000.7,85.0
2025-08-27 13:00:00,34.3,25.7,91.0,0.1,3.8,121.0,1000.9,125.0
2025-08-27 14:00:00,39.4,25.9,90.0,0.0,1.7,108.0,1001.1,120.0
2025-08-27 15:00:00,36.8,25.6,92.0,0.0,2.6,168.0,1001.2,110.0
2025-08-27 16:00:00,32.4,25.4,93.0,0.0,2.0,63.0,1000.3,55.0
2025-08-27 17:00:00,26.6,24.9,97.0,0.0,2.2,5.0,999.6,70.0
2025-08-27 18:00:00,23.7,24.7,98.0,0.0,3.1,360.0,999.8,75.0
2025-08-27 19:00:00,26.3,24.6,97.0,0.0,1.8,354.0,999.2,60.0
2025-08-27 20:00:00,34.6,24.8,96.0,0.0,1.5,173.0,998.8,75.0
2025-08-27 21:00:00,31.6,25.0,91.0,0.0,4.2,130.0,999.5,330.0
2025-08-27 22:00:00,25.9,25.5,88.0,0.1,7.2,102.0,999.8,265.0
2025-08-27 23:00:00,17.7,26.2,87.0,0.0,6.7,109.0,1000.1,265.0
2025-08-28 00:00:00,3.33,27.6,81.0,0.1,9.9,135.0,1000.9,495.0
2025-08-28 01:00:00,2.39,29.1,76.0,0.2,7.5,120.0,1000.8,650.0
2025-08-28 02:00:00,2.0,29.7,73.0,0.3,8.8,145.0,1000.6,695.0
2025-08-28 03:00:00,4.48,30.4,72.0,0.2,6.9,147.0,1000.4,880.0
2025-08-28 04:00:00,3.7,31.0,71.0,0.0,7.1,150.0,999.9,1120.0
2025-08-28 05:00:00,1.75,28.9,79.0,5.9,4.7,130.0,999.6,495.0
2025-08-28 06:00:00,1.95,27.8,79.0,1.3,6.5,136.0,999.4,465.0
2025-08-28 07:00:00,2.08,28.4,76.0,0.1,8.4,149.0,999.4,605.0
2025-08-28 08:00:00,1.14,27.0,82.0,1.0,9.8,174.0,999.9,370.0
2025-08-28 09:00:00,6.67,26.5,87.0,0.4,4.5,106.0,1000.1,325.0
2025-08-28 10:00:00,15.3,26.6,88.0,0.1,4.7,178.0,1000.6,285.0
2025-08-28 11:00:00,25.4,26.4,89.0,0.1,5.9,169.0,1001.0,265.0
2025-08-28 12:00:00,33.8,26.1,90.0,0.6,5.4,194.0,1001.8,230.0
2025-08-28 13:00:00,34.3,24.9,95.0,2.2,7.2,122.0,1002.8,180.0
2025-08-28 14:00:00,13.2,25.1,95.0,0.7,5.3,142.0,1003.2,160.0
2025-08-28 15:00:00,19.2,25.0,96.0,0.5,4.7,86.0,1002.8,130.0
2025-08-28 16:00:00,21.5,24.5,95.0,0.5,8.6,92.0,1002.3,180.0
2025-08-28 17:00:00,24.2,24.3,94.0,0.0,5.4,96.0,1001.9,85.0
2025-08-28 18:00:00,17.4,24.3,94.0,0.0,4.4,109.0,1001.3,70.0
2025-08-28 19:00:00,17.0,24.0,96.0,0.0,2.5,60.0,1001.2,45.0
2025-08-28 20:00:00,23.1,23.9,97.0,0.0,0.6,304.0,1001.5,15.0
2025-08-28 21:00:00,21.5,23.8,98.0,0.0,1.5,45.0,1001.8,30.0
2025-08-28 22:00:00,25.7,23.8,99.0,0.0,2.4,103.0,1002.1,35.0
2025-08-28 23:00:00,33.4,25.0,92.0,0.0,2.4,73.0,1002.8,60.0
2025-08-29 00:00:00,41.9,26.7,83.0,0.0,1.4,90.0,1003.4,195.0
2025-08-29 01:00:00,36.9,27.4,82.0,0.0,1.6,297.0,1004.0,290.0
2025-08-29 02:00:00,27.6,28.4,77.0,0.0,3.6,221.0,1003.9,540.0
2025-08-29 03:00:00,36.3,29.1,73.0,0.0,1.9,221.0,1003.5,615.0
2025-08-29 04:00:00,45.1,29.7,72.0,0.3,5.1,203.0,1003.1,710.0
2025-08-29 05:00:00,33.0,29.6,71.0,0.1,6.4,227.0,1002.0,715.0
2025-08-29 06:00:00,31.8,28.6,79.0,0.4,4.8,236.0,1002.4,475.0
2025-08-29 07:00:00,18.3,27.8,82.0,1.6,5.0,221.0,1002.6,410.0
2025-08-29 08:00:00,11.6,27.9,79.0,1.1,4.4,159.0,1002.8,370.0
2025-08-29 09:00:00,19.5,26.8,85.0,4.1,2.3,129.0,1003.6,90.0
2025-08-29 10:00:00,35.4,26.4,90.0,0.9,2.7,122.0,1003.4,150.0
2025-08-29 11:00:00,55.3,26.1,92.0,0.1,3.0,104.0,1003.6,110.0
2025-08-29 12:00:00,55.2,25.8,95.0,0.1,5.2,88.0,1004.2,150.0
2025-08-29 13:00:00,64.6,25.9,92.0,0.0,2.1,75.0,1004.9,55.0
2025-08-29 14:00:00,54.8,25.7,94.0,0.0,3.9,74.0,1005.6,65.0
2025-08-29 15:00:00,58.7,25.9,95.0,0.0,1.9,17.0,1005.8,30.0
2025-08-29 16:00:00,67.5,25.3,98.0,0.2,2.0,100.0,1005.2,55.0
2025-08-29 17:00:00,60.2,25.0,96.0,2.1,4.6,116.0,1004.7,120.0
2025-08-29 18:00:00,66.4,24.9,94.0,0.2,2.7,148.0,1004.3,95.0
2025-08-29 19:00:00,67.4,24.7,97.0,0.2,3.4,74.0,1004.0,70.0
2025-08-29 20:00:00,52.5,24.3,98.0,0.1,2.3,86.0,1004.3,55.0
2025-08-29 21:00:00,46.7,24.4,97.0,0.6,1.9,112.0,1004.5,35.0
2025-08-29 22:00:00,41.9,24.4,96.0,0.4,4.0,108.0,1004.0,60.0
2025-08-29 23:00:00,38.1,25.4,93.0,0.0,1.8,96.0,1004.9,75.0
2025-08-30 00:00:00,26.1,26.8,86.0,0.0,1.5,54.0,1005.3,230.0
2025-08-30 01:00:00,27.9,28.7,77.0,0.2,1.4,337.0,1005.6,560.0
2025-08-30 02:00:00,15.3,29.3,74.0,0.2,2.6,196.0,1005.4,660.0
2025-08-30 03:00:00,12.2,29.8,71.0,0.1,3.4,212.0,1004.8,695.0
2025-08-30 04:00:00,40.7,30.6,70.0,0.1,2.9,240.0,1004.0,925.0
2025-08-30 05:00:00,57.8,29.8,74.0,0.2,2.4,167.0,1003.0,775.0
2025-08-30 06:00:00,34.2,29.4,77.0,0.1,4.8,59.0,1002.5,700.0
2025-08-30 07:00:00,4.17,30.0,76.0,0.2,2.6,295.0,1002.5,740.0
2025-08-30 08:00:00,26.9,28.7,77.0,6.9,9.4,246.0,1002.8,310.0
2025-08-30 09:00:00,28.0,26.7,88.0,0.2,8.6,151.0,1003.3,235.0
2025-08-30 10:00:00,42.6,26.0,90.0,0.1,6.9,135.0,1004.4,240.0
2025-08-30 11:00:00,46.8,25.6,91.0,0.3,5.1,148.0,1004.4,190.0
2025-08-30 12:00:00,45.0,25.4,90.0,0.1,4.1,88.0,1005.0,135.0
2025-08-30 13:00:00,51.7,26.3,94.0,0.0,5.7,136.0,1004.5,100.0
2025-08-30 14:00:00,54.6,26.1,93.0,0.3,3.4,115.0,1005.5,70.0
2025-08-30 15:00:00,46.4,25.9,95.0,0.3,4.5,113.0,1004.8,65.0
2025-08-30 16:00:00,41.7,25.6,96.0,0.0,2.7,132.0,1004.3,70.0
2025-08-30 17:00:00,46.6,25.6,95.0,0.0,2.5,120.0,1003.5,65.0
2025-08-30 18:00:00,47.5,25.2,96.0,0.0,2.4,81.0,1003.0,35.0
2025-08-30 19:00:00,38.1,25.0,97.0,0.0,2.6,106.0,1002.9,30.0
2025-08-30 20:00:00,32.6,25.0,97.0,0.0,0.2,90.0,1002.8,10.0
2025-08-30 21:00:00,28.8,24.9,97.0,0.0,2.8,63.0,1003.0,35.0
2025-08-30 22:00:00,21.9,25.0,95.0,0.0,3.5,39.0,1003.0,45.0
2025-08-30 23:00:00,20.8,25.6,93.0,0.0,4.7,16.0,1003.3,75.0
2025-08-31 00:00:00,30.2,26.9,86.0,0.0,2.3,356.0,1003.9,365.0
2025-08-31 01:00:00,33.9,27.2,86.0,0.2,4.2,340.0,1003.9,350.0
2025-08-31 02:00:00,38.3,28.1,84.0,0.1,4.0,291.0,1003.9,555.0
2025-08-31 03:00:00,48.2,28.9,79.0,0.2,4.4,261.0,1004.0,720.0
2025-08-31 04:00:00,62.5,26.9,85.0,4.3,6.6,225.0,1003.5,310.0
2025-08-31 05:00:00,48.2,27.1,84.0,0.7,2.8,207.0,1002.5,340.0
2025-08-31 06:00:00,32.4,27.6,84.0,0.5,4.3,242.0,1002.5,490.0
2025-08-31 07:00:00,27.5,27.2,84.0,0.3,4.3,255.0,1001.7,435.0
2025-08-31 08:00:00,27.4,27.2,84.0,0.2,4.1,232.0,1000.9,365.0
2025-08-31 09:00:00,36.2,27.4,83.0,0.0,5.6,237.0,1001.2,445.0
2025-08-31 10:00:00,39.7,26.7,85.0,0.5,3.5,279.0,1002.0,125.0
2025-08-31 11:00:00,40.6,25.9,90.0,0.4,6.8,183.0,1002.0,210.0
2025-08-31 12:00:00,62.0,26.0,90.0,0.0,3.3,151.0,1002.4,145.0
2025-08-31 13:00:00,64.5,25.3,97.0,0.5,2.1,75.0,1003.2,30.0
2025-08-31 14:00:00,60.1,25.3,98.0,0.0,3.6,135.0,1003.1,50.0
2025-08-31 15:00:00,48.1,25.1,99.0,0.1,1.1,81.0,1002.8,20.0
2025-08-31 16:00:00,44.0,24.8,97.0,1.4,2.7,37.0,1002.8,35.0
2025-08-31 17:00:00,21.3,24.5,97.0,2.6,2.3,94.0,1001.9,35.0
2025-08-31 18:00:00,3.07,24.3,98.0,0.1,3.3,36.0,1001.1,55.0
2025-08-31 19:00:00,4.43,24.0,99.0,0.0,5.0,15.0,1001.3,85.0
2025-08-31 20:00:00,4.4,23.9,96.0,0.1,5.0,358.0,1001.2,155.0
2025-08-31 21:00:00,2.22,23.5,98.0,0.0,1.3,34.0,1001.6,50.0
2025-08-31 22:00:00,2.2,23.7,98.0,0.0,2.7,356.0,1001.5,55.0
2025-08-31 23:00:00,3.32,24.8,95.0,0.0,3.1,357.0,1002.1,155.0
2025-09-01 00:00:00,15.9,25.8,90.0,0.0,1.5,353.0,1002.3,250.0
2025-09-01 01:00:00,27.3,24.7,96.0,1.8,4.3,294.0,1003.0,150.0
2025-09-01 02:00:00,35.3,25.9,89.0,0.8,5.4,296.0,1002.7,265.0
2025-09-01 03:00:00,38.6,26.8,85.0,0.1,5.6,312.0,1002.6,390.0
2025-09-01 04:00:00,38.4,27.6,81.0,0.0,6.0,297.0,1001.6,495.0
2025-09-01 05:00:00,38.9,27.8,81.0,0.1,7.8,277.0,1001.2,605.0
2025-09-01 06:00:00,39.7,28.0,79.0,0.0,8.3,259.0,1000.5,695.0
2025-09-01 07:00:00,37.3,27.4,79.0,0.3,6.8,235.0,1000.2,360.0
2025-09-01 08:00:00,33.8,27.4,81.0,0.3,7.6,236.0,1000.0,390.0
2025-09-01 09:00:00,33.3,26.3,85.0,1.1,7.7,216.0,1000.8,315.0
2025-09-01 10:00:00,35.3,25.5,91.0,0.2,7.0,168.0,1001.1,210.0
2025-09-01 11:00:00,41.8,25.3,94.0,0.1,2.7,127.0,1001.5,70.0
2025-09-01 12:00:00,31.7,25.4,94.0,0.1,5.2,117.0,1002.0,85.0
2025-09-01 13:00:00,22.7,25.0,92.0,2.5,3.1,135.0,1002.6,85.0
2025-09-01 14:00:00,27.6,25.0,94.0,0.5,2.7,160.0,1002.8,105.0
2025-09-01 15:00:00,23.9,24.8,95.0,1.1,4.6,159.0,1002.7,155.0
2025-09-01 16:00:00,25.1,24.8,96.0,1.0,2.7,118.0,1001.9,70.0
2025-09-01 17:00:00,24.9,24.8,97.0,0.5,2.6,102.0,1001.8,60.0
2025-09-01 18:00:00,24.6,24.6,98.0,0.8,3.6,6.0,1001.5,55.0
2025-09-01 19:00:00,25.8,24.7,98.0,0.6,2.0,45.0,1001.5,45.0
2025-09-01 20:00:00,34.6,24.6,97.0,0.2,1.7,72.0,1001.2,35.0
2025-09-01 21:00:00,31.9,24.4,97.0,0.0,0.8,117.0,1001.7,20.0
2025-09-01 22:00:00,29.0,24.7,97.0,0.0,3.1,50.0,1001.8,35.0
2025-09-01 23:00:00,32.1,25.6,95.0,0.0,3.3,77.0,1002.4,85.0
2025-09-02 00:00:00,20.5,26.4,87.0,0.1,0.0,270.0,1002.8,35.0
2025-09-02 01:00:00,6.46,26.6,86.0,0.5,6.8,245.0,1003.8,430.0
2025-09-02 02:00:00,0.13,27.1,83.0,0.2,10.8,238.0,1003.7,580.0
2025-09-02 03:00:00,0.0173,26.7,84.0,0.7,7.4,225.0,1003.4,450.0
2025-09-02 04:00:00,0.0,27.8,81.0,0.5,10.2,239.0,1002.8,535.0
2025-09-02 05:00:00,0.191,28.1,79.0,0.2,12.1,242.0,1001.9,565.0
2025-09-02 06:00:00,0.093,28.7,76.0,0.1,13.1,240.0,1001.2,635.0
2025-09-02 07:00:00,0.0159,28.4,77.0,0.1,13.6,236.0,1000.8,610.0
2025-09-02 08:00:00,0.337,28.3,79.0,0.1,14.0,233.0,1001.2,695.0
2025-09-02 09:00:00,2.45,27.9,77.0,0.2,12.5,225.0,1001.8,655.0
2025-09-02 10:00:00,3.69,27.4,81.0,0.0,13.6,227.0,1002.4,650.0
2025-09-02 11:00:00,11.8,26.9,85.0,0.1,13.4,224.0,1002.7,515.0
2025-09-02 12:00:00,10.8,26.7,86.0,0.1,11.9,232.0,1003.3,490.0
2025-09-02 13:00:00,29.5,26.9,86.0,0.1,8.0,214.0,1004.1,420.0
2025-09-02 14:00:00,38.7,26.6,87.0,0.3,7.7,211.0,1004.3,410.0
2025-09-02 15:00:00,43.1,26.4,88.0,0.2,8.4,223.0,1004.3,390.0
2025-09-02 16:00:00,43.3,26.3,88.0,0.1,8.1,231.0,1004.0,335.0
2025-09-02 17:00:00,39.4,26.0,89.0,0.3,9.0,223.0,1003.5,415.0
2025-09-02 18:00:00,24.9,26.1,88.0,0.2,9.0,218.0,1003.1,420.0
2025-09-02 19:00:00,16.8,25.9,88.0,0.4,9.2,225.0,1002.9,370.0
2025-09-02 20:00:00,14.6,26.0,88.0,0.2,7.9,231.0,1002.5,375.0
2025-09-02 21:00:00,11.6,25.9,88.0,0.1,8.6,234.0,1002.5,405.0
2025-09-02 22:00:00,19.0,25.8,89.0,0.2,6.2,232.0,1002.7,355.0
2025-09-02 23:00:00,25.5,26.5,87.0,0.1,7.8,236.0,1003.3,485.0
2025-09-03 00:00:00,24.8,27.5,81.0,0.1,9.4,235.0,1003.7,650.0
2025-09-03 01:00:00,13.5,28.0,78.0,0.2,9.8,242.0,1004.3,715.0
2025-09-03 02:00:00,0.0429,28.1,79.0,0.1,9.9,243.0,1004.4,665.0
2025-09-03 03:00:00,,28.4,77.0,0.5,12.5,255.0,1004.1,595.0
2025-09-03 04:00:00,,28.7,75.0,1.9,16.6,229.0,1003.7,575.0
2025-09-03 05:00:00,,28.3,80.0,0.7,14.3,225.0,1002.8,710.0
2025-09-03 06:00:00,,28.4,80.0,0.1,13.1,222.0,1002.0,720.0
2025-09-03 07:00:00,0.0436,28.9,78.0,0.1,13.0,222.0,1001.9,825.0
2025-09-03 08:00:00,0.936,28.6,78.0,0.2,14.9,235.0,1001.4,765.0
2025-09-03 09:00:00,1.65,28.0,79.0,0.2,15.0,232.0,1001.8,675.0
2025-09-03 10:00:00,1.36,27.2,85.0,0.0,12.6,242.0,1002.5,545.0
2025-09-03 11:00:00,1.68,27.0,84.0,0.1,12.5,247.0,1003.3,560.0
2025-09-03 12:00:00,2.6,26.9,85.0,0.1,10.3,241.0,1003.8,495.0
2025-09-03 13:00:00,2.1,27.4,82.0,0.0,10.4,233.0,1004.0,635.0
2025-09-03 14:00:00,3.99,27.1,82.0,0.1,10.1,239.0,1004.3,555.0
2025-09-03 15:00:00,22.1,26.8,84.0,0.4,9.5,238.0,1004.4,450.0
2025-09-03 16:00:00,26.2,26.4,86.0,0.3,8.1,241.0,1004.0,395.0
2025-09-03 17:00:00,24.6,26.3,86.0,0.2,7.3,240.0,1003.5,425.0
2025-09-03 18:00:00,21.6,26.4,85.0,0.3,5.2,226.0,1002.9,400.0
2025-09-03 19:00:00,17.5,26.1,87.0,0.2,7.3,242.0,1002.7,410.0
2025-09-03 20:00:00,8.73,25.9,89.0,0.5,6.3,257.0,1002.8,250.0
2025-09-03 21:00:00,11.2,25.2,94.0,1.6,6.7,261.0,1003.1,260.0
2025-09-03 22:00:00,10.4,25.2,94.0,1.2,3.6,252.0,1003.5,190.0
2025-09-03 23:00:00,10.4,25.5,94.0,0.7,1.1,189.0,1003.6,50.0
2025-09-04 00:00:00,6.63,26.8,86.0,0.1,6.9,231.0,1004.4,445.0
2025-09-04 01:00:00,0.118,28.3,76.0,0.2,16.0,241.0,1004.5,710.0
2025-09-04 02:00:00,0.161,28.6,76.0,0.2,15.7,242.0,1004.0,690.0
2025-09-04 03:00:00,0.0516,29.0,76.0,0.1,17.0,244.0,1003.8,740.0
2025-09-04 04:00:00,0.0,29.0,76.0,0.1,17.3,243.0,1002.8,745.0
2025-09-04 05:00:00,0.0,28.3,79.0,0.0,16.5,247.0,1002.4,745.0
2025-09-04 06:00:00,0.0168,28.0,80.0,0.2,13.4,241.0,1001.8,725.0
2025-09-04 07:00:00,0.103,28.6,79.0,0.2,10.6,236.0,1001.8,785.0
2025-09-04 08:00:00,0.0735,28.3,79.0,0.2,11.0,228.0,1001.6,725.0
2025-09-04 09:00:00,0.373,27.9,82.0,0.1,9.0,239.0,1001.9,600.0
2025-09-04 10:00:00,1.4,28.0,80.0,0.0,9.0,237.0,1002.2,645.0
2025-09-04 11:00:00,1.5,27.2,81.0,0.2,9.4,239.0,1003.1,495.0
2025-09-04 12:00:00,4.87,26.9,85.0,0.6,6.8,228.0,1003.9,305.0
2025-09-04 13:00:00,10.3,27.3,83.0,0.0,9.0,237.0,1004.1,545.0
2025-09-04 14:00:00,0.529,26.5,87.0,0.2,8.4,254.0,1004.4,365.0
2025-09-04 15:00:00,0.476,26.6,87.0,0.1,5.5,238.0,1004.1,410.0
2025-09-04 16:00:00,2.0,26.6,87.0,0.0,5.6,237.0,1003.5,460.0
2025-09-04 17:00:00,11.7,26.4,86.0,0.3,9.3,236.0,1003.5,480.0
2025-09-04 18:00:00,1.07,25.4,92.0,1.2,6.6,235.0,1003.2,305.0
2025-09-04 19:00:00,2.71,25.6,91.0,0.5,10.2,187.0,1002.5,415.0
2025-09-04 20:00:00,1.25,25.6,91.0,0.4,11.7,197.0,1002.3,485.0
2025-09-04 21:00:00,0.313,25.5,91.0,0.3,9.9,184.0,1002.2,460.0
2025-09-04 22:00:00,0.668,25.6,91.0,0.2,8.8,181.0,1002.3,470.0
2025-09-04 23:00:00,1.39,26.6,87.0,0.1,8.7,202.0,1003.1,540.0
2025-09-05 00:00:00,14.1,26.6,87.0,0.1,10.1,204.0,1003.6,600.0
2025-09-05 01:00:00,4.38,26.5,86.0,1.0,11.8,207.0,1004.3,670.0
2025-09-05 02:00:00,1.33,26.2,88.0,1.0,9.4,192.0,1004.4,575.0
2025-09-05 03:00:00,0.433,26.6,85.0,0.8,11.2,218.0,1004.6,700.0
2025-09-05 04:00:00,1.61,26.8,82.0,0.3,12.5,225.0,1004.0,680.0
2025-09-05 05:00:00,1.83,27.4,79.0,0.2,15.7,227.0,1003.1,705.0
2025-09-05 06:00:00,0.144,27.5,78.0,0.1,15.7,222.0,1002.4,730.0
2025-09-05 07:00:00,0.642,27.3,79.0,0.0,14.5,222.0,1001.9,750.0
2025-09-05 08:00:00,1.1,27.0,82.0,0.3,11.7,227.0,1001.9,730.0
2025-09-05 09:00:00,1.61,27.0,82.0,0.5,11.1,230.0,1002.3,665.0
2025-09-05 10:00:00,4.16,25.0,90.0,3.0,10.1,211.0,1003.3,420.0
2025-09-05 11:00:00,4.11,24.6,95.0,3.2,7.6,176.0,1003.9,340.0
2025-09-05 12:00:00,9.83,24.5,95.0,2.2,5.4,188.0,1004.6,260.0
2025-09-05 13:00:00,30.1,25.7,94.0,0.0,4.5,157.0,1004.4,95.0
2025-09-05 14:00:00,40.6,25.0,93.0,0.5,3.6,160.0,1005.2,95.0
2025-09-05 15:00:00,33.1,25.1,94.0,0.2,2.3,113.0,1005.0,45.0
2025-09-05 16:00:00,28.8,24.7,96.0,0.1,3.6,72.0,1004.3,40.0
2025-09-05 17:00:00,27.9,24.4,98.0,0.0,1.8,101.0,1003.7,25.0
2025-09-05 18:00:00,32.1,24.6,97.0,0.0,1.7,103.0,1003.5,20.0
2025-09-05 19:00:00,28.4,24.9,93.0,0.3,5.9,128.0,1003.1,100.0
2025-09-05 20:00:00,28.4,24.9,94.0,0.6,5.7,125.0,1002.9,170.0
2025-09-05 21:00:00,15.3,24.9,95.0,0.4,5.4,132.0,1003.0,120.0
2025-09-05 22:00:00,9.82,24.9,94.0,0.3,7.9,123.0,1003.2,155.0
2025-09-05 23:00:00,13.4,25.5,92.0,0.3,8.2,126.0,1004.0,190.0
2025-09-06 00:00:00,18.4,26.4,91.0,0.2,7.8,128.0,1004.4,310.0
2025-09-06 01:00:00,9.0,27.3,86.0,0.3,3.1,152.0,1005.6,440.0
2025-09-06 02:00:00,1.16,28.1,83.0,0.1,6.2,224.0,1005.5,695.0
2025-09-06 03:00:00,10.6,28.7,78.0,0.1,8.2,234.0,1006.0,885.0
2025-09-06 04:00:00,19.3,28.4,77.0,4.1,11.9,239.0,1005.4,490.0
2025-09-06 05:00:00,18.6,26.5,86.0,1.5,8.4,214.0,1005.2,370.0
2025-09-06 06:00:00,10.6,26.7,84.0,1.2,8.1,177.0,1004.4,370.0
2025-09-06 07:00:00,2.82,26.7,86.0,0.9,5.7,143.0,1003.8,280.0
2025-09-06 08:00:00,6.33,26.4,89.0,0.5,6.1,133.0,1003.5,275.0
2025-09-06 09:00:00,12.4,26.1,90.0,0.4,6.8,143.0,1003.6,255.0
2025-09-06 10:00:00,29.8,25.8,92.0,0.3,4.6,141.0,1003.9,190.0
2025-09-06 11:00:00,33.1,25.5,94.0,0.2,2.7,138.0,1004.7,80.0
2025-09-06 12:00:00,38.2,25.3,95.0,0.2,3.3,126.0,1005.5,60.0
2025-09-06 13:00:00,40.8,25.2,91.0,0.1,5.8,76.0,1006.6,65.0
2025-09-06 14:00:00,36.8,25.0,90.0,0.5,4.3,75.0,1006.9,55.0
2025-09-06 15:00:00,29.5,24.6,92.0,0.0,2.5,60.0,1006.6,35.0
2025-09-06 16:00:00,35.6,24.2,93.0,0.0,2.4,81.0,1005.8,25.0
2025-09-06 17:00:00,26.1,23.9,94.0,0.0,1.7,58.0,1005.0,20.0
2025-09-06 18:00:00,12.4,23.9,95.0,0.0,1.9,68.0,1004.5,20.0
2025-09-06 19:00:00,9.5,23.5,95.0,0.0,2.7,98.0,1004.3,30.0
2025-09-06 20:00:00,12.2,23.6,91.0,0.0,4.7,94.0,1004.2,45.0
2025-09-06 21:00:00,24.9,23.6,85.0,0.0,4.0,95.0,1004.6,60.0
2025-09-06 22:00:00,30.1,23.9,82.0,0.0,4.2,83.0,1004.7,65.0
2025-09-06 23:00:00,31.6,25.4,81.0,0.0,4.4,111.0,1005.3,80.0
2025-09-07 00:00:00,18.6,27.2,79.0,0.0,3.1,135.0,1005.8,260.0
2025-09-07 01:00:00,7.32,28.9,74.0,0.0,9.3,151.0,1006.1,660.0
2025-09-07 02:00:00,6.2,29.6,72.0,0.0,8.4,149.0,1005.9,745.0
2025-09-07 03:00:00,10.5,30.7,68.0,0.0,8.7,150.0,1005.6,930.0
2025-09-07 04:00:00,8.73,31.1,65.0,0.0,9.8,157.0,1004.9,955.0
2025-09-07 05:00:00,13.0,31.5,65.0,0.0,8.5,155.0,1004.2,1025.0
2025-09-07 06:00:00,11.2,31.2,65.0,0.0,7.2,174.0,1003.8,1015.0
2025-09-07 07:00:00,18.5,31.1,66.0,0.0,6.4,170.0,1003.4,1120.0
2025-09-07 08:00:00,15.5,28.0,80.0,0.7,5.9,168.0,1004.0,430.0
2025-09-07 09:00:00,26.9,27.9,80.0,0.0,1.7,302.0,1004.0,300.0
2025-09-07 10:00:00,19.0,27.4,83.0,0.1,1.3,270.0,1004.7,50.0
2025-09-07 11:00:00,10.0,26.8,88.0,0.7,1.5,315.0,1005.6,50.0
2025-09-07 12:00:00,18.2,26.5,92.0,0.0,0.3,45.0,1006.1,15.0
2025-09-07 13:00:00,21.9,26.3,92.0,0.3,2.7,32.0,1007.0,75.0
2025-09-07 14:00:00,24.5,25.7,97.0,0.0,1.8,360.0,1007.4,45.0
2025-09-07 15:00:00,24.2,25.6,98.0,0.0,2.3,302.0,1007.5,50.0
2025-09-07 16:00:00,29.5,25.4,99.0,0.0,3.1,360.0,1007.0,65.0
2025-09-07 17:00:00,32.4,25.2,98.0,0.0,3.8,357.0,1006.3,85.0
2025-09-07 18:00:00,32.0,24.9,98.0,0.1,4.1,45.0,1005.9,95.0
2025-09-07 19:00:00,31.2,24.6,99.0,0.0,3.5,51.0,1005.5,65.0
2025-09-07 20:00:00,27.5,24.4,98.0,0.0,2.6,74.0,1005.4,45.0
2025-09-07 21:00:00,24.4,24.3,99.0,0.0,2.3,51.0,1005.6,30.0
2025-09-07 22:00:00,27.7,24.2,99.0,0.0,1.3,98.0,1006.0,15.0
2025-09-07 23:00:00,32.3,25.4,96.0,0.0,3.7,157.0,1006.8,50.0
2025-09-08 00:00:00,45.6,27.2,86.0,0.1,5.6,153.0,1007.3,355.0
2025-09-08 01:00:00,49.4,27.2,88.0,0.2,0.2,360.0,1007.6,230.0
2025-09-08 02:00:00,50.5,28.3,80.0,0.0,1.1,180.0,1007.6,490.0
2025-09-08 03:00:00,30.8,28.6,78.0,0.1,0.8,333.0,1007.6,460.0
2025-09-08 04:00:00,7.03,29.2,76.0,0.2,0.9,360.0,1006.9,700.0
2025-09-08 05:00:00,6.9,29.4,73.0,0.2,2.4,63.0,1005.9,725.0
2025-09-08 06:00:00,5.44,29.2,72.0,0.3,4.8,132.0,1005.5,640.0
2025-09-08 07:00:00,3.58,28.6,75.0,0.3,4.2,149.0,1004.9,390.0
2025-09-08 08:00:00,6.55,28.3,78.0,0.7,2.3,270.0,1005.3,220.0
2025-09-08 09:00:00,27.0,28.0,82.0,0.4,1.3,45.0,1005.7,255.0
2025-09-08 10:00:00,,27.1,88.0,0.2,3.2,117.0,1006.6,105.0
2025-09-08 11:00:00,,26.8,90.0,0.1,1.5,256.0,1006.8,65.0
2025-09-08 12:00:00,,26.7,93.0,0.2,1.3,262.0,1007.2,60.0
2025-09-08 13:00:00,,26.0,95.0,0.5,1.7,319.0,1009.1,65.0
2025-09-08 14:00:00,,25.9,97.0,0.7,1.0,315.0,1009.1,60.0
2025-09-08 15:00:00,13.7,25.8,97.0,0.2,0.6,304.0,1008.5,135.0
2025-09-08 16:00:00,24.2,25.5,97.0,0.8,0.8,45.0,1007.6,40.0
2025-09-08 17:00:00,25.8,25.3,98.0,0.6,3.6,357.0,1006.4,75.0
2025-09-08 18:00:00,14.2,24.8,97.0,0.0,2.6,321.0,1005.9,110.0
2025-09-08 19:00:00,6.47,24.3,96.0,0.0,1.3,8.0,1005.4,90.0
2025-09-08 20:00:00,10.6,24.1,97.0,0.0,3.1,24.0,1005.6,100.0
2025-09-08 21:00:00,29.8,23.5,96.0,0.0,3.5,35.0,1006.1,100.0
2025-09-08 22:00:00,22.6,23.3,94.0,0.0,1.4,23.0,1006.2,60.0
2025-09-08 23:00:00,21.4,24.1,93.0,0.0,1.8,360.0,1006.5,90.0
2025-09-09 00:00:00,34.0,25.5,90.0,0.0,2.3,29.0,1007.4,155.0
2025-09-09 01:00:00,26.3,27.5,80.0,0.0,5.3,282.0,1007.8,285.0
2025-09-09 02:00:00,26.0,28.6,74.0,0.0,3.8,265.0,1007.5,475.0
2025-09-09 03:00:00,70.4,29.8,69.0,0.1,4.4,240.0,1006.9,695.0
2025-09-09 04:00:00,48.7,30.7,66.0,1.8,8.2,216.0,1006.2,775.0
2025-09-09 05:00:00,41.4,25.7,88.0,10.6,9.4,222.0,1006.3,275.0
2025-09-09 06:00:00,35.8,26.5,85.0,0.3,2.1,290.0,1004.9,135.0
2025-09-09 07:00:00,33.3,27.4,81.0,0.0,2.2,346.0,1004.6,245.0
2025-09-09 08:00:00,32.6,28.2,76.0,0.0,2.6,304.0,1004.4,385.0
2025-09-09 09:00:00,18.5,27.1,85.0,1.7,2.6,74.0,1005.1,115.0
2025-09-09 10:00:00,2.53,26.6,86.0,0.1,3.6,123.0,1005.0,85.0
2025-09-09 11:00:00,4.65,26.0,90.0,0.1,1.7,77.0,1005.1,60.0
2025-09-09 12:00:00,11.2,25.6,94.0,0.0,1.3,56.0,1005.7,55.0
2025-09-09 13:00:00,7.74,26.3,86.0,0.0,6.7,352.0,1005.9,110.0
2025-09-09 14:00:00,10.2,26.1,85.0,0.0,5.9,23.0,1006.4,110.0
2025-09-09 15:00:00,15.1,25.8,88.0,0.0,3.4,47.0,1006.4,45.0
2025-09-09 16:00:00,16.3,25.5,90.0,0.0,4.3,28.0,1005.9,55.0
2025-09-09 17:00:00,20.6,25.2,92.0,0.0,4.0,54.0,1005.3,45.0
2025-09-09 18:00:00,16.7,24.9,94.0,0.0,2.8,27.0,1004.9,30.0
2025-09-09 19:00:00,16.7,24.8,95.0,0.0,2.1,308.0,1004.3,20.0
2025-09-09 20:00:00,14.5,24.8,96.0,0.0,0.2,360.0,1004.4,10.0
2025-09-09 21:00:00,6.25,24.7,96.0,0.0,2.0,5.0,1004.7,25.0
2025-09-09 22:00:00,9.99,24.5,97.0,0.0,3.5,345.0,1004.8,35.0
2025-09-09 23:00:00,24.4,25.3,94.0,0.0,3.3,354.0,1005.4,120.0
2025-09-10 00:00:00,23.2,26.6,86.0,0.1,3.1,339.0,1005.5,260.0
2025-09-10 01:00:00,25.5,25.9,89.0,0.5,0.7,360.0,1006.4,165.0
2025-09-10 02:00:00,11.9,26.1,88.0,0.4,2.5,225.0,1006.4,220.0
2025-09-10 03:00:00,17.8,26.2,90.0,2.7,3.1,249.0,1005.9,265.0
2025-09-10 04:00:00,29.1,26.2,87.0,3.0,4.4,240.0,1005.4,170.0
2025-09-10 05:00:00,28.3,26.0,88.0,0.8,5.7,257.0,1004.7,260.0
2025-09-10 06:00:00,17.2,26.2,87.0,2.8,4.7,227.0,1004.2,270.0
2025-09-10 07:00:00,5.98,25.7,91.0,3.1,3.8,253.0,1004.1,185.0
2025-09-10 08:00:00,22.3,25.9,87.0,0.4,4.4,282.0,1003.5,180.0
2025-09-10 09:00:00,35.9,26.0,87.0,0.0,4.2,280.0,1003.5,185.0
2025-09-10 10:00:00,31.5,25.7,88.0,0.0,3.2,297.0,1003.8,150.0
2025-09-10 11:00:00,38.5,25.6,90.0,0.0,2.9,240.0,1004.0,100.0
2025-09-10 12:00:00,39.0,25.7,89.0,0.0,2.0,225.0,1004.3,110.0
2025-09-10 13:00:00,40.2,26.0,89.0,0.2,3.1,350.0,1005.4,95.0
2025-09-10 14:00:00,34.1,25.4,93.0,0.2,2.2,325.0,1005.3,175.0
2025-09-10 15:00:00,25.7,25.3,93.0,0.0,2.4,306.0,1005.4,190.0
2025-09-10 16:00:00,25.1,24.9,95.0,0.0,1.5,330.0,1004.9,145.0
2025-09-10 17:00:00,23.5,24.5,97.0,0.0,0.9,11.0,1004.0,65.0
2025-09-10 18:00:00,26.0,24.4,99.0,0.0,2.1,75.0,1003.7,70.0
2025-09-10 19:00:00,31.1,24.9,94.0,0.0,4.3,132.0,1003.4,120.0
2025-09-10 20:00:00,31.5,25.0,91.0,0.1,4.6,149.0,1003.7,180.0
2025-09-10 21:00:00,23.9,24.8,90.0,0.5,4.2,126.0,1004.1,170.0
2025-09-10 22:00:00,20.1,24.5,94.0,0.3,1.0,329.0,1004.3,40.0
2025-09-10 23:00:00,35.1,25.2,90.0,0.1,2.2,355.0,1005.0,170.0
2025-09-11 00:00:00,40.5,25.7,90.0,0.0,3.2,286.0,1005.6,250.0
2025-09-11 01:00:00,41.9,27.1,81.0,0.0,5.1,212.0,1005.4,305.0
2025-09-11 02:00:00,37.7,28.4,78.0,0.0,5.6,201.0,1004.9,555.0
2025-09-11 03:00:00,56.4,29.5,71.0,0.0,2.4,117.0,1004.8,855.0
2025-09-11 04:00:00,40.0,30.1,71.0,0.0,0.9,191.0,1004.2,995.0
2025-09-11 05:00:00,20.4,29.5,73.0,0.1,0.6,342.0,1003.4,720.0
2025-09-11 06:00:00,83.2,29.6,74.0,0.0,3.4,344.0,1002.9,815.0
2025-09-11 07:00:00,24.6,29.9,74.0,0.1,4.9,332.0,1002.4,780.0
2025-09-11 08:00:00,18.1,30.0,73.0,0.2,4.7,272.0,1002.1,840.0
2025-09-11 09:00:00,18.8,26.8,84.0,6.4,5.2,153.0,1003.1,120.0
2025-09-11 10:00:00,21.7,24.9,93.0,3.3,5.2,272.0,1003.6,95.0
2025-09-11 11:00:00,33.9,24.8,95.0,0.4,2.5,274.0,1003.9,75.0
2025-09-11 12:00:00,39.8,25.0,96.0,0.0,0.8,243.0,1004.4,80.0
2025-09-11 13:00:00,46.5,26.0,93.0,0.0,4.2,5.0,1005.5,80.0
2025-09-11 14:00:00,48.6,26.0,95.0,0.0,5.2,224.0,1005.5,65.0
2025-09-11 15:00:00,66.4,26.1,92.0,0.0,6.2,195.0,1005.1,145.0
2025-09-11 16:00:00,60.3,26.1,89.0,0.0,4.3,175.0,1005.1,150.0
2025-09-11 17:00:00,49.7,26.1,88.0,0.0,3.1,93.0,1004.7,130.0
2025-09-11 18:00:00,38.3,25.4,93.0,0.0,4.1,49.0,1004.4,50.0
2025-09-11 19:00:00,30.4,25.1,95.0,0.0,4.7,9.0,1003.7,70.0
2025-09-11 20:00:00,24.3,25.0,94.0,0.0,6.4,8.0,1003.8,150.0
2025-09-11 21:00:00,23.0,25.0,92.0,0.0,4.2,31.0,1003.8,65.0
2025-09-11 22:00:00,25.5,24.7,93.0,0.0,3.6,45.0,1004.3,30.0
2025-09-11 23:00:00,40.9,25.7,90.0,0.0,3.1,69.0,1005.0,95.0
2025-09-12 00:00:00,42.3,26.7,85.0,0.0,3.6,162.0,1005.5,195.0
2025-09-12 01:00:00,27.5,28.3,81.0,0.0,1.9,338.0,1005.5,415.0
2025-09-12 02:00:00,10.2,29.6,75.0,0.1,0.7,284.0,1005.7,645.0
2025-09-12 03:00:00,5.29,30.2,74.0,0.2,0.2,270.0,1005.7,930.0
2025-09-12 04:00:00,26.8,28.7,79.0,0.3,2.9,356.0,1004.8,305.0
2025-09-12 05:00:00,22.3,28.0,82.0,2.0,2.8,18.0,1004.3,260.0
2025-09-12 06:00:00,4.71,29.0,81.0,0.1,0.7,104.0,1003.8,405.0
2025-09-12 07:00:00,4.83,28.3,78.0,3.8,5.9,38.0,1003.9,235.0
2025-09-12 08:00:00,7.14,26.9,86.0,3.5,5.0,90.0,1003.6,165.0
2025-09-12 09:00:00,24.3,26.7,88.0,0.7,2.6,34.0,1003.5,90.0
2025-09-12 10:00:00,30.8,26.4,91.0,0.2,4.3,75.0,1004.2,85.0
2025-09-12 11:00:00,51.5,25.8,95.0,0.0,2.4,63.0,1005.1,60.0
2025-09-12 12:00:00,63.7,26.1,93.0,0.0,5.6,6.0,1005.5,115.0
2025-09-12 13:00:00,50.0,26.0,88.0,0.4,4.8,70.0,1006.4,60.0
2025-09-12 14:00:00,45.8,25.6,93.0,0.1,2.3,51.0,1006.3,30.0
2025-09-12 15:00:00,48.2,25.5,95.0,0.0,1.3,164.0,1006.4,20.0
2025-09-12 16:00:00,45.2,25.5,95.0,0.0,0.8,243.0,1006.0,45.0
2025-09-12 17:00:00,40.3,25.3,95.0,0.0,0.4,243.0,1005.5,50.0
2025-09-12 18:00:00,27.2,24.9,97.0,0.0,1.1,360.0,1005.5,30.0
2025-09-12 19:00:00,16.3,24.6,99.0,0.0,2.3,162.0,1005.4,80.0
2025-09-12 20:00:00,23.9,24.7,97.0,0.0,3.7,203.0,1004.6,160.0
2025-09-12 21:00:00,15.0,24.7,94.0,0.0,3.6,162.0,1005.1,175.0
2025-09-12 22:00:00,22.6,24.9,92.0,0.0,3.1,159.0,1005.4,140.0
2025-09-12 23:00:00,31.7,25.5,90.0,0.0,0.6,108.0,1005.4,140.0
2025-09-13 00:00:00,19.2,26.7,85.0,0.0,2.4,216.0,1006.0,365.0
2025-09-13 01:00:00,13.3,27.7,83.0,0.0,3.1,45.0,1006.5,440.0
2025-09-13 02:00:00,23.1,28.9,79.0,0.0,0.2,180.0,1006.2,560.0
2025-09-13 03:00:00,7.88,29.8,77.0,0.2,2.2,185.0,1005.9,800.0
2025-09-13 04:00:00,23.3,29.5,79.0,0.6,3.1,225.0,1005.1,545.0
2025-09-13 05:00:00,12.5,29.4,77.0,4.9,4.9,260.0,1004.4,345.0
2025-09-13 06:00:00,5.66,27.7,84.0,4.6,2.4,306.0,1003.9,270.0
2025-09-13 07:00:00,1.98,28.4,79.0,0.1,3.7,293.0,1003.3,170.0
2025-09-13 08:00:00,1.47,28.9,77.0,0.2,1.5,256.0,1003.6,335.0
2025-09-13 09:00:00,5.23,26.4,86.0,4.8,5.7,336.0,1004.1,155.0
2025-09-13 10:00:00,6.59,25.7,89.0,0.1,2.9,349.0,1004.4,100.0
2025-09-13 11:00:00,14.8,25.5,91.0,0.0,5.5,36.0,1004.8,100.0
2025-09-13 12:00:00,47.5,25.8,91.0,0.0,5.6,327.0,1005.3,170.0
2025-09-13 13:00:00,45.3,27.1,91.0,0.0,1.8,53.0,1005.8,45.0
2025-09-13 14:00:00,32.1,26.6,92.0,0.0,2.2,351.0,1005.8,155.0
2025-09-13 15:00:00,9.66,26.2,89.0,0.0,6.9,355.0,1005.5,250.0
2025-09-13 16:00:00,9.25,25.6,89.0,0.0,4.7,344.0,1005.3,245.0
2025-09-13 17:00:00,13.7,25.3,91.0,0.0,3.5,339.0,1004.6,170.0
2025-09-13 18:00:00,4.66,25.1,92.0,0.0,5.0,358.0,1004.5,155.0
2025-09-13 19:00:00,1.88,24.8,95.0,2.9,5.8,358.0,1004.2,155.0
2025-09-13 20:00:00,0.341,24.7,94.0,0.4,5.9,358.0,1004.1,145.0
2025-09-13 21:00:00,0.111,24.5,96.0,0.4,4.8,338.0,1004.2,140.0
2025-09-13 22:00:00,0.217,24.5,96.0,0.8,8.6,358.0,1004.2,190.0
2025-09-13 23:00:00,0.106,24.7,95.0,0.6,7.7,359.0,1004.7,230.0
2025-09-14 00:00:00,2.83,25.0,95.0,1.6,9.6,8.0,1005.4,280.0
2025-09-14 01:00:00,5.43,26.2,88.0,2.1,9.3,13.0,1006.4,455.0
2025-09-14 02:00:00,6.05,25.5,88.0,1.4,8.8,358.0,1006.2,355.0
2025-09-14 03:00:00,9.05,26.2,87.0,1.0,7.6,15.0,1005.3,330.0
2025-09-14 04:00:00,23.2,27.0,83.0,0.5,5.2,34.0,1004.7,380.0
2025-09-14 05:00:00,30.0,26.7,84.0,0.8,2.8,18.0,1003.8,365.0
2025-09-14 06:00:00,35.2,26.9,82.0,0.7,1.0,45.0,1003.0,380.0
2025-09-14 07:00:00,30.0,26.7,85.0,2.5,2.5,352.0,1003.0,295.0
2025-09-14 08:00:00,33.7,26.7,85.0,0.6,5.0,325.0,1003.0,310.0
2025-09-14 09:00:00,37.3,26.5,87.0,0.4,5.4,352.0,1003.1,270.0
2025-09-14 10:00:00,38.7,25.8,95.0,0.6,1.6,6.0,1003.7,145.0
2025-09-14 11:00:00,42.2,25.7,97.0,0.6,1.5,346.0,1004.1,85.0
2025-09-14 12:00:00,43.8,25.7,96.0,0.5,0.6,252.0,1004.7,40.0
2025-09-14 13:00:00,48.7,25.7,95.0,0.0,1.3,352.0,1005.2,45.0
2025-09-14 14:00:00,44.7,25.5,96.0,0.0,1.5,300.0,1005.2,85.0
2025-09-14 15:00:00,48.5,25.5,96.0,0.0,0.0,270.0,1004.7,10.0
2025-09-14 16:00:00,51.1,25.3,97.0,0.0,0.2,180.0,1004.5,20.0
2025-09-14 17:00:00,44.1,25.4,95.0,0.0,0.3,315.0,1003.8,85.0
2025-09-14 18:00:00,40.9,25.0,97.0,0.0,2.1,285.0,1003.1,120.0
2025-09-14 19:00:00,38.4,25.0,97.0,0.0,2.7,270.0,1003.0,150.0
2025-09-14 20:00:00,30.6,25.0,96.0,0.0,1.1,279.0,1003.3,40.0
2025-09-14 21:00:00,22.8,24.9,96.0,0.0,1.2,309.0,1003.4,55.0
2025-09-14 22:00:00,16.9,25.0,96.0,0.0,1.7,302.0,1003.5,110.0
2025-09-14 23:00:00,33.6,25.6,93.0,0.0,2.7,278.0,1004.0,150.0
2025-09-15 00:00:00,34.9,26.2,93.0,0.0,1.5,263.0,1004.8,185.0
2025-09-15 01:00:00,31.6,27.6,85.0,0.0,0.0,270.0,1005.6,325.0
2025-09-15 02:00:00,40.0,28.9,76.0,0.2,1.7,167.0,1005.2,700.0
2025-09-15 03:00:00,30.7,29.5,76.0,0.1,3.4,238.0,1004.3,815.0
2025-09-15 04:00:00,28.6,30.1,75.0,0.5,0.7,256.0,1004.1,890.0
2025-09-15 05:00:00,20.9,28.5,79.0,5.3,2.8,165.0,1002.9,365.0
2025-09-15 06:00:00,50.8,28.3,80.0,0.1,2.9,274.0,1002.7,365.0
2025-09-15 07:00:00,47.5,28.9,78.0,0.1,1.4,247.0,1002.3,525.0
2025-09-15 08:00:00,17.2,28.2,80.0,9.0,3.1,298.0,1002.6,135.0
2025-09-15 09:00:00,16.7,26.3,88.0,9.7,6.5,273.0,1003.3,130.0
2025-09-15 10:00:00,35.1,26.1,90.0,0.1,5.6,318.0,1003.9,125.0
2025-09-15 11:00:00,23.3,25.8,92.0,0.0,3.9,332.0,1004.3,125.0
2025-09-15 12:00:00,20.7,25.7,92.0,0.0,5.0,314.0,1005.1,130.0
2025-09-15 13:00:00,25.6,25.3,94.0,0.1,3.2,341.0,1005.3,85.0
2025-09-15 14:00:00,5.57,25.5,93.0,0.0,3.9,298.0,1005.6,120.0
2025-09-15 15:00:00,1.95,25.3,94.0,0.1,2.3,331.0,1005.0,140.0
2025-09-15 16:00:00,1.07,25.2,94.0,0.0,1.1,171.0,1004.4,65.0
2025-09-15 17:00:00,0.656,25.1,94.0,0.0,1.9,197.0,1003.9,145.0
2025-09-15 18:00:00,2.04,25.1,93.0,0.0,1.0,121.0,1003.3,130.0
2025-09-15 19:00:00,4.78,25.0,94.0,0.0,0.2,360.0,1003.3,20.0
2025-09-15 20:00:00,5.59,25.2,93.0,0.0,1.7,229.0,1002.6,130.0
2025-09-15 21:00:00,10.1,24.8,93.0,0.0,1.0,45.0,1003.2,35.0
2025-09-15 22:00:00,14.4,24.9,95.0,0.0,2.2,325.0,1003.1,40.0
2025-09-15 23:00:00,23.9,25.8,91.0,0.0,3.6,6.0,1003.4,180.0
2025-09-16 00:00:00,39.9,26.6,87.0,0.0,2.3,18.0,1003.7,305.0
2025-09-16 01:00:00,43.5,27.7,81.0,0.1,0.8,45.0,1004.7,455.0
2025-09-16 02:00:00,39.7,28.1,80.0,0.2,4.5,270.0,1004.4,580.0
2025-09-16 03:00:00,33.3,26.8,82.0,1.6,4.3,298.0,1004.2,230.0
2025-09-16 04:00:00,26.8,24.6,97.0,3.5,4.0,309.0,1003.7,160.0
2025-09-16 05:00:00,22.7,25.6,91.0,1.8,2.6,295.0,1002.8,175.0
2025-09-16 06:00:00,29.2,26.0,86.0,1.5,6.4,315.0,1002.4,315.0
2025-09-16 07:00:00,34.6,25.3,93.0,2.1,7.8,310.0,1001.8,285.0
2025-09-16 08:00:00,33.3,25.3,94.0,2.0,6.4,328.0,1001.8,290.0
2025-09-16 09:00:00,44.1,25.1,96.0,1.1,5.9,340.0,1001.9,230.0
2025-09-16 10:00:00,53.7,24.7,97.0,1.3,4.9,354.0,1002.3,185.0
2025-09-16 11:00:00,58.5,24.7,97.0,0.7,4.8,331.0,1002.9,170.0
2025-09-16 12:00:00,42.5,24.8,96.0,0.4,2.5,330.0,1003.7,145.0
2025-09-16 13:00:00,38.9,25.6,94.0,1.9,1.4,220.0,1004.0,40.0
2025-09-16 14:00:00,40.8,25.4,94.0,0.3,2.1,142.0,1003.9,80.0
2025-09-16 15:00:00,41.1,25.0,96.0,0.1,5.6,140.0,1003.8,115.0
2025-09-16 16:00:00,35.9,24.8,96.0,0.0,5.5,148.0,1003.4,140.0
2025-09-16 17:00:00,32.0,24.9,96.0,0.0,4.7,171.0,1002.7,150.0
2025-09-16 18:00:00,28.7,25.1,92.0,0.4,4.7,148.0,1002.4,140.0
2025-09-16 19:00:00,25.4,24.9,94.0,0.3,5.7,131.0,1001.8,140.0
2025-09-16 20:00:00,26.2,24.7,95.0,0.1,3.8,121.0,1001.9,115.0
2025-09-16 21:00:00,30.0,24.8,95.0,0.3,4.0,122.0,1002.1,90.0
2025-09-16 22:00:00,32.7,25.0,94.0,0.1,4.0,126.0,1002.3,95.0
2025-09-16 23:00:00,36.1,26.1,90.0,0.1,2.8,135.0,1003.1,205.0
2025-09-17 00:00:00,39.5,26.7,86.0,0.1,3.0,213.0,1003.5,415.0
2025-09-17 01:00:00,31.7,26.5,85.0,0.4,6.2,147.0,1004.3,265.0
2025-09-17 02:00:00,26.9,26.5,86.0,0.5,2.4,63.0,1003.9,280.0
2025-09-17 03:00:00,10.0,27.6,81.0,0.0,1.8,180.0,1003.4,460.0
2025-09-17 04:00:00,24.2,28.2,78.0,0.0,3.1,208.0,1003.0,600.0
2025-09-17 05:00:00,31.8,28.7,76.0,0.0,4.2,211.0,1002.4,640.0
2025-09-17 06:00:00,33.5,28.3,76.0,1.8,9.9,237.0,1001.7,560.0
2025-09-17 07:00:00,33.7,26.8,86.0,1.6,5.9,223.0,1002.3,320.0
2025-09-17 08:00:00,35.9,26.9,86.0,0.2,5.5,234.0,1002.0,380.0
2025-09-17 09:00:00,44.7,26.7,86.0,0.1,5.3,204.0,1002.1,365.0
2025-09-17 10:00:00,48.0,26.2,90.0,0.1,3.4,186.0,1002.6,175.0
2025-09-17 11:00:00,43.4,25.9,94.0,0.1,3.0,205.0,1003.5,45.0
2025-09-17 12:00:00,42.5,25.7,91.0,0.6,0.7,256.0,1004.2,20.0
2025-09-17 13:00:00,40.6,25.8,96.0,0.4,2.2,35.0,1004.3,40.0
2025-09-17 14:00:00,41.6,25.6,94.0,0.4,1.0,135.0,1004.8,30.0
2025-09-17 15:00:00,45.4,25.4,96.0,0.0,2.4,107.0,1004.6,45.0
2025-09-17 16:00:00,44.4,25.0,98.0,0.0,1.5,54.0,1004.5,25.0
2025-09-17 17:00:00,42.5,24.8,99.0,0.0,0.2,270.0,1004.0,15.0
2025-09-17 18:00:00,40.5,24.6,99.0,1.1,2.2,114.0,1003.3,25.0
2025-09-17 19:00:00,36.6,24.8,96.0,0.3,0.4,117.0,1003.1,10.0
2025-09-17 20:00:00,29.6,24.8,96.0,0.0,1.5,54.0,1003.0,35.0
2025-09-17 21:00:00,24.0,24.5,96.0,0.0,3.5,35.0,1003.3,50.0
2025-09-17 22:00:00,26.7,24.3,97.0,0.0,6.5,34.0,1004.0,62.5
2025-09-17 23:00:00,32.4,25.3,94.0,0.0,5.9,27.0,1004.5,173.75
2025-09-18 00:00:00,12.3,26.7,88.0,0.0,2.9,349.0,1004.9,385.0
2025-09-18 01:00:00,6.92,27.5,84.0,0.2,0.8,297.0,1005.6,485.0
2025-09-18 02:00:00,14.0,28.9,80.0,0.1,1.5,249.0,1005.5,670.0
2025-09-18 03:00:00,27.0,29.8,76.0,0.1,5.0,251.0,1005.1,745.0
2025-09-18 04:00:00,24.5,30.1,74.0,0.1,6.0,286.0,1004.6,635.0
2025-09-18 05:00:00,15.8,29.9,71.0,1.0,9.9,258.0,1004.0,535.0
2025-09-18 06:00:00,26.9,27.9,82.0,2.9,5.5,218.0,1003.7,460.0
2025-09-18 07:00:00,27.4,27.2,86.0,0.9,1.8,96.0,1003.6,395.0
2025-09-18 08:00:00,23.5,27.4,87.0,0.4,3.8,191.0,1003.4,350.0
2025-09-18 09:00:00,34.9,27.3,86.0,0.2,6.2,218.0,1003.6,320.0
2025-09-18 10:00:00,35.7,26.7,88.0,0.1,5.5,193.0,1004.4,170.0
2025-09-18 11:00:00,39.0,26.4,90.0,0.1,4.4,150.0,1005.1,305.0
2025-09-18 12:00:00,41.9,26.3,91.0,0.0,2.4,167.0,1006.0,320.0
2025-09-18 13:00:00,39.9,26.8,92.0,0.3,0.7,90.0,1006.6,325.0
2025-09-18 14:00:00,31.1,26.4,95.0,0.2,1.6,63.0,1006.7,80.0
2025-09-18 15:00:00,35.9,25.7,97.0,0.0,1.7,103.0,1006.4,210.0
2025-09-18 16:00:00,32.4,25.6,98.0,0.0,3.6,72.0,1005.8,130.0
2025-09-18 17:00:00,33.6,25.2,99.0,0.0,2.6,56.0,1005.3,105.0
2025-09-18 18:00:00,31.8,25.1,98.0,0.0,2.6,51.0,1005.0,265.0
2025-09-18 19:00:00,26.6,25.1,97.0,0.0,3.5,39.0,1004.3,220.0
2025-09-18 20:00:00,24.9,25.1,96.0,0.0,4.1,358.0,1004.5,165.0
2025-09-18 21:00:00,26.9,25.1,95.0,0.0,5.3,28.0,1004.7,115.0
2025-09-18 22:00:00,25.4,25.0,94.0,0.0,4.9,36.0,1005.1,20.0
2025-09-18 23:00:00,24.7,25.9,92.0,0.0,4.6,26.0,1005.9,100.0
2025-09-19 00:00:00,19.9,27.4,86.0,0.0,0.6,124.0,1006.0,485.0
2025-09-19 01:00:00,28.8,28.2,81.0,0.1,6.8,281.0,1006.9,575.0
2025-09-19 02:00:00,13.6,29.1,78.0,0.2,8.5,265.0,1006.8,710.0
2025-09-19 03:00:00,14.6,29.0,77.0,0.0,7.2,257.0,1006.3,515.0
2025-09-19 04:00:00,10.3,28.6,78.0,0.1,6.8,273.0,1005.7,510.0
2025-09-19 05:00:00,8.7,28.4,79.0,0.1,5.3,262.0,1004.5,500.0
2025-09-19 06:00:00,5.46,29.4,77.0,0.1,5.7,242.0,1003.8,430.0
2025-09-19 07:00:00,1.36,27.7,85.0,4.0,7.3,232.0,1003.6,430.0
2025-09-19 08:00:00,2.81,27.6,84.0,1.8,6.1,293.0,1004.0,460.0
2025-09-19 09:00:00,5.5,26.7,88.0,1.4,3.8,5.0,1004.2,300.0
2025-09-19 10:00:00,10.4,26.1,92.0,0.3,4.9,358.0,1005.2,260.0
2025-09-19 11:00:00,18.4,25.0,95.0,2.0,5.2,4.0,1006.3,170.0
2025-09-19 12:00:00,12.8,24.8,95.0,1.3,6.9,65.0,1006.0,85.0
2025-09-19 13:00:00,35.1,26.6,89.0,0.1,6.2,343.0,1006.7,135.0
2025-09-19 14:00:00,26.7,26.3,88.0,0.4,4.5,275.0,1006.8,220.0
2025-09-19 15:00:00,6.96,25.8,91.0,0.2,0.4,333.0,1006.8,240.0
2025-09-19 16:00:00,8.31,25.7,91.0,0.1,3.8,335.0,1006.0,195.0
2025-09-19 17:00:00,18.7,25.7,92.0,0.1,4.8,312.0,1005.1,220.0
2025-09-19 18:00:00,25.0,25.7,93.0,0.0,4.0,328.0,1004.5,225.0
2025-09-19 19:00:00,23.8,25.5,94.0,0.2,2.3,18.0,1004.4,195.0
2025-09-19 20:00:00,27.4,25.3,96.0,0.5,0.6,34.0,1004.3,175.0
2025-09-19 21:00:00,34.1,25.2,97.0,0.2,1.8,24.0,1004.1,170.0
2025-09-19 22:00:00,34.1,25.1,98.0,0.5,2.6,65.0,1004.4,135.0
2025-09-19 23:00:00,35.2,26.0,91.0,0.2,2.4,103.0,1004.8,195.0
2025-09-20 00:00:00,14.1,26.6,88.0,0.0,1.4,140.0,1005.0,385.0
2025-09-20 01:00:00,6.26,26.7,86.0,0.0,0.8,333.0,1005.0,530.0
2025-09-20 02:00:00,4.76,28.2,80.0,0.0,4.6,279.0,1005.2,545.0
2025-09-20 03:00:00,1.71,28.7,77.0,0.1,5.4,278.0,1004.4,595.0
2025-09-20 04:00:00,3.34,29.3,75.0,0.1,8.3,264.0,1003.5,660.0
2025-09-20 05:00:00,4.82,28.9,76.0,0.0,8.6,248.0,1002.2,745.0
2025-09-20 06:00:00,0.944,29.3,77.0,0.0,8.1,238.0,1001.6,585.0
2025-09-20 07:00:00,0.093,29.4,75.0,0.1,6.9,237.0,1001.4,510.0
2025-09-20 08:00:00,0.764,28.8,76.0,0.0,5.3,218.0,1001.5,450.0
2025-09-20 09:00:00,4.81,28.1,78.0,0.4,5.0,224.0,1002.0,410.0
2025-09-20 10:00:00,13.9,27.8,83.0,0.2,3.4,270.0,1002.3,410.0
2025-09-20 11:00:00,25.4,26.6,91.0,0.7,2.6,25.0,1003.3,350.0
2025-09-20 12:00:00,15.6,26.1,95.0,2.4,4.8,307.0,1004.4,210.0
2025-09-20 13:00:00,9.88,25.2,94.0,2.9,4.2,20.0,1004.3,210.0
2025-09-20 14:00:00,4.73,25.2,95.0,0.4,3.4,47.0,1004.6,170.0
2025-09-20 15:00:00,14.5,25.1,96.0,0.4,4.2,10.0,1004.0,165.0
2025-09-20 16:00:00,26.2,25.1,96.0,0.6,5.2,326.0,1003.6,230.0
2025-09-20 17:00:00,22.1,25.1,95.0,0.5,7.6,356.0,1002.4,280.0
2025-09-20 18:00:00,5.68,24.7,95.0,0.2,6.5,357.0,1001.6,285.0
2025-09-20 19:00:00,1.48,24.3,95.0,0.0,6.5,354.0,1001.0,260.0
2025-09-20 20:00:00,0.737,24.0,96.0,0.0,6.0,357.0,1000.9,195.0
2025-09-20 21:00:00,16.3,23.8,97.0,0.0,6.1,357.0,1001.1,165.0
2025-09-20 22:00:00,31.0,23.7,97.0,0.0,5.6,356.0,1000.9,220.0
2025-09-20 23:00:00,19.9,24.9,92.0,0.0,7.2,359.0,1001.4,295.0
2025-09-21 00:00:00,8.97,25.9,88.0,0.1,7.9,348.0,1002.2,320.0
2025-09-21 01:00:00,6.5,27.5,81.0,0.0,3.5,309.0,1002.4,410.0
2025-09-21 02:00:00,8.56,28.7,76.0,0.0,6.4,260.0,1001.9,510.0
2025-09-21 03:00:00,7.13,29.2,74.0,0.0,7.3,254.0,1002.0,620.0
2025-09-21 04:00:00,4.03,29.5,75.0,0.0,9.5,241.0,1001.1,695.0
2025-09-21 05:00:00,0.845,30.0,72.0,0.1,11.4,239.0,1000.0,645.0
2025-09-21 06:00:00,0.0193,28.7,77.0,0.7,12.9,230.0,999.7,665.0
2025-09-21 07:00:00,0.0112,26.8,83.0,8.2,12.7,259.0,999.8,615.0
2025-09-21 08:00:00,0.073,27.1,84.0,1.9,10.4,231.0,999.5,645.0
2025-09-21 09:00:00,0.574,27.1,81.0,0.1,14.8,236.0,999.7,465.0
2025-09-21 10:00:00,1.1,26.2,87.0,0.1,14.2,230.0,1000.3,365.0
2025-09-21 11:00:00,1.9,26.1,86.0,0.0,12.2,229.0,1001.0,345.0
2025-09-21 12:00:00,0.425,26.0,89.0,0.0,13.4,227.0,1001.1,320.0
2025-09-21 13:00:00,2.31,26.2,89.0,0.1,7.8,241.0,1001.0,365.0
2025-09-21 14:00:00,1.5,25.1,91.0,3.2,8.9,241.0,1001.4,470.0
2025-09-21 15:00:00,0.638,25.6,91.0,0.1,7.7,246.0,1001.2,530.0
2025-09-21 16:00:00,0.472,25.8,90.0,0.0,10.6,249.0,1001.0,520.0
2025-09-21 17:00:00,0.132,25.8,89.0,0.0,10.0,250.0,999.8,535.0
2025-09-21 18:00:00,0.465,25.7,89.0,0.0,12.0,244.0,998.8,580.0
2025-09-21 19:00:00,0.119,25.9,87.0,0.0,9.2,250.0,997.7,635.0
2025-09-21 20:00:00,0.0852,26.0,87.0,0.0,8.2,255.0,997.4,625.0
2025-09-21 21:00:00,0.0557,26.1,87.0,0.0,9.9,260.0,998.0,630.0
2025-09-21 22:00:00,0.0897,26.0,87.0,0.2,13.4,243.0,998.3,640.0
2025-09-21 23:00:00,0.303,26.5,83.0,0.3,17.0,239.0,999.0,690.0
2025-09-22 00:00:00,0.569,26.3,85.0,0.1,21.3,238.0,999.5,730.0
2025-09-22 01:00:00,1.05,27.2,80.0,0.3,15.8,253.0,999.7,815.0
2025-09-22 02:00:00,0.682,25.8,86.0,1.5,14.2,240.0,999.9,975.0
2025-09-22 03:00:00,1.41,27.0,85.0,2.2,17.8,240.0,998.9,840.0
2025-09-22 04:00:00,1.32,27.3,82.0,2.2,19.2,242.0,998.4,905.0
2025-09-22 05:00:00,3.15,26.1,85.0,2.0,18.5,243.0,997.9,775.0
2025-09-22 06:00:00,2.16,26.2,87.0,2.4,20.8,233.0,997.6,745.0
2025-09-22 07:00:00,1.02,25.7,87.0,1.6,23.2,232.0,997.6,705.0
2025-09-22 08:00:00,0.393,26.2,88.0,1.3,23.3,233.0,997.3,800.0
2025-09-22 09:00:00,0.0722,26.2,87.0,1.0,23.9,226.0,996.8,820.0
2025-09-22 10:00:00,1.49,25.5,88.0,1.4,26.9,225.0,997.7,830.0
2025-09-22 11:00:00,0.531,25.7,88.0,1.4,28.8,225.0,998.4,870.0
2025-09-22 12:00:00,2.89,25.8,88.0,2.0,27.5,225.0,999.0,915.0
2025-09-22 13:00:00,8.76,26.4,87.0,1.7,25.2,220.0,999.2,920.0
2025-09-22 14:00:00,1.6,26.3,91.0,1.0,23.0,215.0,999.9,940.0
2025-09-22 15:00:00,1.06,25.6,89.0,0.5,21.8,221.0,999.8,875.0
2025-09-22 16:00:00,0.432,25.2,89.0,1.3,23.3,222.0,999.2,795.0
2025-09-22 17:00:00,1.13,25.7,88.0,0.6,20.0,214.0,999.4,825.0
2025-09-22 18:00:00,3.5,25.5,90.0,0.6,23.0,211.0,998.7,885.0
2025-09-22 19:00:00,1.06,25.1,91.0,1.2,22.6,203.0,998.4,855.0
2025-09-22 20:00:00,2.33,24.8,91.0,1.3,19.1,205.0,998.7,890.0
2025-09-22 21:00:00,6.91,25.0,91.0,0.9,19.0,197.0,999.1,830.0
2025-09-22 22:00:00,1.16,25.2,90.0,0.4,21.1,198.0,999.2,805.0
2025-09-22 23:00:00,0.804,25.1,89.0,1.4,20.3,205.0,1000.4,825.0
2025-09-23 00:00:00,1.61,25.6,91.0,4.6,15.7,195.0,1000.8,850.0
2025-09-23 01:00:00,0.594,25.5,89.0,2.1,21.7,212.0,1001.3,890.0
2025-09-23 02:00:00,0.825,27.6,81.0,1.3,17.6,205.0,1001.5,925.0
2025-09-23 03:00:00,4.14,27.2,82.0,0.4,17.6,216.0,1001.6,985.0
2025-09-23 04:00:00,2.26,27.8,80.0,0.4,14.7,208.0,1000.6,860.0
2025-09-23 05:00:00,1.15,26.6,85.0,3.4,22.9,223.0,1000.7,970.0
2025-09-23 06:00:00,11.5,26.6,86.0,1.0,15.0,212.0,999.8,900.0
2025-09-23 07:00:00,13.3,26.9,83.0,0.9,21.0,218.0,1000.1,755.0
2025-09-23 08:00:00,10.2,26.1,87.0,1.0,18.8,209.0,1000.0,780.0
2025-09-23 09:00:00,0.779,25.9,88.0,0.7,17.3,205.0,1000.4,670.0
2025-09-23 10:00:00,6.74,25.6,89.0,0.9,16.3,187.0,1001.0,810.0
2025-09-23 11:00:00,16.0,24.9,91.0,1.7,13.9,180.0,1001.6,795.0
2025-09-23 12:00:00,0.649,24.8,92.0,1.1,11.9,165.0,1002.1,710.0
2025-09-23 13:00:00,1.51,25.1,94.0,1.3,10.6,184.0,1002.3,615.0
2025-09-23 14:00:00,4.84,25.0,95.0,0.6,8.9,162.0,1002.9,515.0
2025-09-23 15:00:00,3.78,24.9,95.0,0.3,6.0,164.0,1002.9,500.0
2025-09-23 16:00:00,2.82,24.9,96.0,0.5,4.9,156.0,1002.3,500.0
2025-09-23 17:00:00,7.25,24.6,96.0,1.8,5.9,137.0,1001.2,405.0
2025-09-23 18:00:00,13.9,24.6,96.0,1.0,3.7,113.0,1000.7,435.0
2025-09-23 19:00:00,18.5,24.5,96.0,0.7,3.3,81.0,1000.6,585.0
2025-09-23 20:00:00,18.5,24.5,94.0,0.0,4.4,122.0,1000.5,535.0
2025-09-23 21:00:00,7.5,24.3,94.0,0.3,3.4,174.0,1000.6,520.0
2025-09-23 22:00:00,12.4,24.7,94.0,0.2,3.8,139.0,1000.7,455.0
2025-09-23 23:00:00,21.9,25.7,93.0,0.1,5.6,138.0,1001.5,530.0
2025-09-24 00:00:00,10.9,27.1,87.0,0.2,5.2,160.0,1002.3,535.0
2025-09-24 01:00:00,12.5,26.3,90.0,0.5,5.1,148.0,1002.6,685.0
2025-09-24 02:00:00,17.8,27.4,83.0,0.3,6.0,159.0,1002.6,710.0
2025-09-24 03:00:00,7.86,28.6,76.0,0.2,4.6,189.0,1002.4,720.0
2025-09-24 04:00:00,9.5,29.2,73.0,0.6,6.5,214.0,1001.5,595.0
2025-09-24 05:00:00,15.1,27.8,84.0,0.6,7.7,168.0,1000.9,585.0
2025-09-24 06:00:00,24.6,27.4,84.0,0.6,5.2,196.0,1001.1,590.0
2025-09-24 07:00:00,29.5,25.8,89.0,5.0,4.2,260.0,1000.9,420.0
2025-09-24 08:00:00,31.8,26.3,87.0,0.2,1.7,122.0,1001.0,390.0
2025-09-24 09:00:00,37.5,26.4,88.0,0.1,1.5,45.0,1000.9,290.0
2025-09-24 10:00:00,43.6,26.2,89.0,0.1,0.6,304.0,1001.4,320.0
2025-09-24 11:00:00,31.2,25.4,91.0,1.5,3.4,16.0,1002.2,315.0
2025-09-24 12:00:00,37.6,25.1,94.0,0.1,1.8,11.0,1002.6,320.0
2025-09-24 13:00:00,38.0,24.7,96.0,0.2,3.4,87.0,1003.4,205.0
2025-09-24 14:00:00,36.7,24.6,95.0,0.1,3.3,99.0,1003.8,100.0
2025-09-24 15:00:00,38.5,24.5,95.0,0.0,1.5,97.0,1003.4,125.0
2025-09-24 16:00:00,42.3,24.2,96.0,0.0,0.3,45.0,1002.9,120.0
2025-09-24 17:00:00,41.5,24.3,96.0,0.0,3.2,47.0,1002.6,85.0
2025-09-24 18:00:00,41.4,24.4,94.0,0.0,4.8,53.0,1002.4,70.0
2025-09-24 19:00:00,38.3,24.1,95.0,0.0,3.4,58.0,1002.3,60.0
2025-09-24 20:00:00,30.7,23.6,96.0,0.0,1.0,59.0,1002.1,60.0
2025-09-24 21:00:00,26.5,23.3,97.0,0.0,2.7,58.0,1002.4,65.0
2025-09-24 22:00:00,33.0,23.9,94.0,0.0,3.7,51.0,1003.2,70.0
2025-09-24 23:00:00,27.4,25.2,92.0,0.0,3.5,21.0,1003.2,75.0
2025-09-25 00:00:00,16.5,27.0,82.0,0.0,1.8,84.0,1003.7,195.0
2025-09-25 01:00:00,4.49,28.6,77.0,0.0,0.9,180.0,1004.2,435.0
2025-09-25 02:00:00,7.63,29.8,69.0,0.0,2.8,195.0,1004.1,680.0
2025-09-25 03:00:00,8.77,30.3,67.0,0.0,3.9,227.0,1003.5,795.0
2025-09-25 04:00:00,7.11,30.6,69.0,0.0,5.2,250.0,1002.8,865.0
2025-09-25 05:00:00,12.7,30.5,64.0,0.6,10.6,226.0,1001.9,625.0
2025-09-25 06:00:00,28.8,28.9,75.0,0.6,7.8,228.0,1002.1,715.0
2025-09-25 07:00:00,19.5,28.2,77.0,1.3,3.7,14.0,1002.2,295.0
2025-09-25 08:00:00,12.9,26.5,87.0,3.9,5.5,148.0,1002.2,335.0
2025-09-25 09:00:00,17.2,26.4,88.0,1.0,4.2,108.0,1002.4,155.0
2025-09-25 10:00:00,32.2,25.9,92.0,0.1,2.9,101.0,1003.1,50.0
2025-09-25 11:00:00,37.2,25.9,91.0,0.0,2.7,118.0,1003.6,135.0
2025-09-25 12:00:00,40.2,25.6,96.0,0.2,2.7,98.0,1003.8,150.0
2025-09-25 13:00:00,46.0,25.7,96.0,1.1,2.9,79.0,1004.0,140.0
2025-09-25 14:00:00,51.0,25.5,96.0,0.8,3.6,33.0,1003.7,120.0
2025-09-25 15:00:00,50.3,25.4,95.0,0.0,5.0,19.0,1004.0,115.0
2025-09-25 16:00:00,45.8,25.2,94.0,0.0,9.7,333.0,1002.8,135.0
2025-09-25 17:00:00,48.4,25.1,92.0,0.0,8.6,345.0,1002.2,185.0
2025-09-25 18:00:00,48.2,24.9,93.0,0.2,6.5,3.0,1002.0,210.0
2025-09-25 19:00:00,35.8,24.6,96.0,0.2,10.8,334.0,1000.7,280.0
2025-09-25 20:00:00,22.9,24.5,96.0,0.1,9.2,339.0,1000.8,345.0
2025-09-25 21:00:00,14.7,24.6,95.0,0.8,10.8,339.0,1001.0,405.0
2025-09-25 22:00:00,22.1,24.4,96.0,1.4,9.4,313.0,1001.6,175.0
2025-09-25 23:00:00,20.8,24.9,95.0,0.1,12.1,328.0,1001.5,335.0
2025-09-26 00:00:00,25.6,25.8,93.0,0.2,9.3,342.0,1001.6,570.0
2025-09-26 01:00:00,26.2,25.9,93.0,6.6,18.4,1.0,1001.4,790.0
2025-09-26 02:00:00,23.7,27.0,84.0,0.8,15.7,2.0,1001.0,1030.0
2025-09-26 03:00:00,26.5,27.2,84.0,5.1,3.6,57.0,1000.7,1125.0
2025-09-26 04:00:00,23.3,27.6,83.0,3.1,4.1,38.0,999.7,1175.0
2025-09-26 05:00:00,24.0,28.2,81.0,1.3,5.5,11.0,998.8,1210.0
2025-09-26 06:00:00,0.00283,28.4,76.0,0.1,12.6,38.0,997.5,1195.0
2025-09-26 07:00:00,0.0,28.9,70.0,0.0,17.3,73.0,997.5,1085.0
2025-09-26 08:00:00,0.0124,28.6,73.0,0.1,24.2,74.0,997.7,1085.0
2025-09-26 09:00:00,0.0668,28.4,73.0,0.0,27.3,84.0,997.7,1085.0
2025-09-26 10:00:00,0.0925,28.0,74.0,0.0,29.7,102.0,998.2,1140.0
2025-09-26 11:00:00,0.208,27.4,76.0,0.0,25.2,112.0,1000.0,1085.0
2025-09-26 12:00:00,0.018,27.4,77.0,0.0,22.2,114.0,1001.6,950.0
2025-09-26 13:00:00,0.0614,27.0,76.0,0.0,19.6,109.0,1003.3,865.0
2025-09-26 14:00:00,0.206,26.7,77.0,0.0,21.3,117.0,1003.9,800.0
2025-09-26 15:00:00,0.00283,26.4,78.0,0.0,18.8,119.0,1004.1,690.0
2025-09-26 16:00:00,0.0124,26.2,79.0,0.0,17.6,116.0,1004.1,590.0
2025-09-26 17:00:00,0.0159,26.1,80.0,0.0,16.3,118.0,1003.8,530.0
2025-09-26 18:00:00,0.602,26.0,81.0,0.0,16.1,122.0,1003.1,445.0
2025-09-26 19:00:00,1.15,26.1,81.0,0.0,17.1,117.0,1003.3,370.0
2025-09-26 20:00:00,0.0535,25.9,82.0,0.2,17.3,120.0,1003.8,355.0
2025-09-26 21:00:00,0.313,25.9,83.0,0.5,15.1,116.0,1004.2,365.0
2025-09-26 22:00:00,2.59,25.7,84.0,0.4,14.5,118.0,1004.5,70.0
2025-09-26 23:00:00,4.52,26.4,83.0,0.0,13.2,122.0,1005.3,165.0
2025-09-27 00:00:00,7.38,27.7,79.0,0.0,11.3,132.0,1005.9,505.0
2025-09-27 01:00:00,2.47,28.6,78.0,0.0,12.9,134.0,1007.1,650.0
2025-09-27 02:00:00,1.06,29.5,72.0,0.1,12.5,130.0,1006.8,705.0
2025-09-27 03:00:00,3.05,30.2,71.0,0.0,10.9,121.0,1005.8,760.0
2025-09-27 04:00:00,3.52,31.0,68.0,0.0,9.7,133.0,1004.8,850.0
2025-09-27 05:00:00,4.86,31.3,66.0,0.0,8.9,146.0,1004.1,850.0
2025-09-27 06:00:00,8.8,30.9,70.0,0.0,9.7,168.0,1003.7,755.0
2025-09-27 07:00:00,12.2,30.5,71.0,0.0,10.4,170.0,1003.4,745.0
2025-09-27 08:00:00,15.6,30.6,69.0,0.0,10.9,160.0,1003.8,630.0
2025-09-27 09:00:00,,30.0,73.0,0.0,9.7,156.0,1004.0,335.0
2025-09-27 10:00:00,,28.9,78.0,0.0,10.9,161.0,1004.5,70.0
2025-09-27 11:00:00,35.2,28.2,80.0,0.0,9.5,153.0,1005.3,45.0
2025-09-27 12:00:00,36.9,27.7,82.0,0.0,7.5,147.0,1006.0,40.0
2025-09-27 13:00:00,40.6,27.3,87.0,0.0,4.1,157.0,1006.8,45.0
2025-09-27 14:00:00,44.5,26.9,89.0,0.0,3.8,131.0,1006.8,50.0
2025-09-27 15:00:00,46.5,26.6,89.0,0.0,4.5,124.0,1006.8,60.0
2025-09-27 16:00:00,44.5,26.3,90.0,0.0,3.6,87.0,1006.4,75.0
2025-09-27 17:00:00,32.1,25.5,93.0,0.0,3.6,81.0,1005.8,65.0
2025-09-27 18:00:00,29.8,25.2,94.0,0.0,1.6,84.0,1005.5,55.0
2025-09-27 19:00:00,24.9,24.9,95.0,0.0,1.5,30.0,1005.3,55.0
2025-09-27 20:00:00,18.1,24.7,96.0,0.0,2.1,340.0,1005.7,65.0
2025-09-27 21:00:00,16.6,24.5,97.0,0.0,1.2,51.0,1005.7,70.0
2025-09-27 22:00:00,17.4,24.3,97.0,0.0,1.6,96.0,1006.0,65.0
2025-09-27 23:00:00,19.0,25.6,92.0,0.0,2.3,135.0,1006.6,165.0
2025-09-28 00:00:00,16.9,27.3,83.0,0.0,2.4,132.0,1006.8,365.0
2025-09-28 01:00:00,21.6,28.5,80.0,0.0,3.1,294.0,1007.9,545.0
2025-09-28 02:00:00,34.3,29.2,76.0,0.1,2.8,288.0,1007.8,725.0
2025-09-28 03:00:00,45.4,29.8,75.0,0.1,1.2,297.0,1007.5,770.0
2025-09-28 04:00:00,40.7,30.0,74.0,0.2,2.5,60.0,1006.7,805.0
2025-09-28 05:00:00,43.4,26.4,88.0,4.1,9.3,13.0,1006.7,740.0
2025-09-28 06:00:00,32.2,27.2,85.0,0.2,2.3,356.0,1005.9,680.0
2025-09-28 07:00:00,4.01,28.0,84.0,0.0,2.3,342.0,1005.2,565.0
2025-09-28 08:00:00,,28.5,81.0,0.0,3.2,16.0,1005.0,220.0
2025-09-28 09:00:00,,28.6,80.0,0.0,2.2,336.0,1005.3,235.0
2025-09-28 10:00:00,,28.0,85.0,0.0,3.9,332.0,1005.9,85.0
2025-09-28 11:00:00,39.6,27.6,88.0,0.0,5.0,15.0,1006.5,50.0
2025-09-28 12:00:00,44.1,27.1,90.0,0.0,4.2,65.0,1006.7,55.0
2025-09-28 13:00:00,39.9,26.4,89.0,0.0,4.0,3.0,1007.1,65.0
2025-09-28 14:00:00,28.5,26.3,92.0,0.0,5.1,352.0,1007.1,75.0
2025-09-28 15:00:00,25.3,25.8,94.0,0.0,8.2,334.0,1007.1,70.0
2025-09-28 16:00:00,27.3,25.4,93.0,0.0,8.6,340.0,1006.4,70.0
2025-09-28 17:00:00,22.1,25.0,95.0,0.0,5.8,334.0,1005.9,75.0
2025-09-28 18:00:00,25.3,24.7,97.0,0.0,2.2,9.0,1005.6,85.0
2025-09-28 19:00:00,29.6,24.8,96.0,0.1,2.2,90.0,1006.0,90.0
2025-09-28 20:00:00,25.3,24.9,96.0,0.0,0.7,360.0,1005.8,100.0
2025-09-28 21:00:00,15.8,24.8,96.0,0.0,4.4,60.0,1006.0,130.0
2025-09-28 22:00:00,7.34,24.7,97.0,0.0,3.9,53.0,1006.0,135.0
2025-09-28 23:00:00,9.71,25.5,93.0,0.0,3.3,61.0,1006.6,220.0
2025-09-29 00:00:00,13.5,26.9,86.0,0.0,1.5,346.0,1006.8,435.0
2025-09-29 01:00:00,4.0,28.3,79.0,0.1,4.4,52.0,1007.1,570.0
2025-09-29 02:00:00,5.84,28.9,75.0,0.5,3.7,129.0,1006.8,780.0
2025-09-29 03:00:00,14.7,29.1,76.0,0.3,4.2,133.0,1006.6,825.0
2025-09-29 04:00:00,1.78,28.7,77.0,0.3,2.5,98.0,1005.5,905.0
2025-09-29 05:00:00,1.62,28.9,76.0,0.3,2.6,236.0,1004.9,915.0
2025-09-29 06:00:00,3.78,27.4,83.0,0.2,5.6,165.0,1004.5,420.0
2025-09-29 07:00:00,14.5,26.4,88.0,0.2,4.6,138.0,1004.7,425.0
2025-09-29 08:00:00,34.4,26.6,87.0,1.6,6.0,39.0,1004.8,405.0
2025-09-29 09:00:00,44.0,26.7,89.0,0.0,3.3,22.0,1005.1,355.0
2025-09-29 10:00:00,35.4,26.1,91.0,0.0,7.4,342.0,1005.5,130.0
2025-09-29 11:00:00,,25.7,92.0,0.0,6.7,20.0,1005.7,135.0
2025-09-29 12:00:00,40.8,25.2,93.0,0.0,6.4,352.0,1006.3,135.0
2025-09-29 13:00:00,46.3,26.4,90.0,0.5,6.3,307.0,1006.8,120.0
2025-09-29 14:00:00,49.4,25.8,93.0,0.0,2.3,321.0,1006.6,130.0
2025-09-29 15:00:00,54.3,25.3,95.0,0.0,0.2,360.0,1006.9,140.0
2025-09-29 16:00:00,44.6,25.4,95.0,0.0,0.8,135.0,1005.9,195.0
2025-09-29 17:00:00,32.1,24.8,97.0,0.0,2.1,52.0,1005.5,185.0
2025-09-29 18:00:00,32.0,24.6,99.0,0.0,1.2,153.0,1005.3,215.0
2025-09-29 19:00:00,31.5,24.6,98.0,0.0,2.4,324.0,1004.4,210.0
2025-09-29 20:00:00,30.2,24.4,98.0,0.0,0.5,45.0,1004.2,200.0
2025-09-29 21:00:00,31.6,24.3,99.0,0.1,2.4,63.0,1004.6,205.0
2025-09-29 22:00:00,32.7,24.4,99.0,0.0,0.7,166.0,1005.1,175.0
2025-09-29 23:00:00,35.7,25.4,95.0,0.0,1.0,211.0,1005.4,305.0
2025-09-30 00:00:00,44.9,26.3,90.0,0.0,2.3,238.0,1006.0,490.0
2025-09-30 01:00:00,28.2,27.5,86.0,0.1,2.3,29.0,1006.0,715.0
2025-09-30 02:00:00,46.1,29.2,77.0,0.4,0.9,217.0,1005.5,805.0
2025-09-30 03:00:00,44.9,28.3,80.0,0.3,2.1,165.0,1005.1,815.0
2025-09-30 04:00:00,21.4,28.3,79.0,0.2,4.9,234.0,1004.1,955.0
2025-09-30 05:00:00,27.9,27.5,82.0,3.9,7.5,207.0,1003.8,585.0
2025-09-30 06:00:00,30.3,25.9,91.0,6.1,4.5,217.0,1003.3,600.0
2025-09-30 07:00:00,14.2,26.2,91.0,0.1,6.8,228.0,1003.1,610.0
2025-09-30 08:00:00,34.9,26.4,90.0,0.1,0.8,243.0,1003.7,635.0
2025-09-30 09:00:00,29.3,26.2,90.0,0.4,2.8,342.0,1003.7,380.0
2025-09-30 10:00:00,24.5,26.0,93.0,0.5,1.0,248.0,1004.1,225.0
2025-09-30 11:00:00,31.2,25.2,96.0,5.1,4.2,260.0,1005.1,125.0
2025-09-30 12:00:00,39.9,25.2,95.0,3.6,7.7,298.0,1006.0,155.0
2025-09-30 13:00:00,42.9,25.0,95.0,0.3,6.7,355.0,1005.4,165.0
2025-09-30 14:00:00,,24.6,98.0,0.0,0.6,342.0,1005.5,200.0
2025-09-30 15:00:00,56.7,24.6,98.0,0.0,3.2,34.0,1005.3,125.0
2025-09-30 16:00:00,47.6,24.2,99.0,0.0,0.7,346.0,1005.2,125.0
2025-09-30 17:00:00,44.1,24.3,98.0,0.0,1.8,360.0,1004.7,160.0
2025-09-30 18:00:00,32.7,24.3,99.0,0.0,2.6,348.0,1004.3,165.0
2025-09-30 19:00:00,18.8,24.2,98.0,0.0,2.0,355.0,1004.2,155.0
2025-09-30 20:00:00,19.8,24.0,98.0,0.0,1.8,360.0,1004.1,135.0
2025-09-30 21:00:00,27.6,24.0,99.0,0.0,0.9,323.0,1004.8,130.0
2025-09-30 22:00:00,36.6,23.9,99.0,0.0,1.7,49.0,1004.6,115.0
2025-09-30 23:00:00,39.8,25.3,93.0,0.0,0.7,284.0,1005.2,125.0
2025-10-01 00:00:00,27.1,26.6,88.0,0.0,2.2,279.0,1006.0,350.0
2025-10-01 01:00:00,16.1,28.0,80.0,0.0,1.5,284.0,1006.3,520.0
2025-10-01 02:00:00,12.8,29.3,75.0,0.1,0.6,214.0,1005.9,660.0
2025-10-01 03:00:00,7.01,29.8,73.0,0.2,3.3,209.0,1005.1,815.0
2025-10-01 04:00:00,0.545,30.1,74.0,0.0,4.4,187.0,1004.3,910.0
2025-10-01 05:00:00,0.402,29.5,78.0,0.0,1.6,117.0,1003.5,910.0
2025-10-01 06:00:00,15.8,30.4,73.0,0.1,0.8,63.0,1002.5,865.0
2025-10-01 07:00:00,15.7,30.6,75.0,0.1,1.0,329.0,1002.3,780.0
2025-10-01 08:00:00,30.5,27.9,84.0,3.3,10.1,338.0,1003.4,850.0
2025-10-01 09:00:00,34.9,26.7,90.0,0.6,6.7,3.0,1003.7,120.0
2025-10-01 10:00:00,23.5,24.6,92.0,2.8,4.3,248.0,1004.8,35.0
2025-10-01 11:00:00,21.5,25.2,92.0,0.0,2.6,124.0,1005.3,85.0
2025-10-01 12:00:00,26.3,26.6,93.0,0.0,7.3,353.0,1006.1,55.0
2025-10-01 13:00:00,40.6,26.5,92.0,0.0,6.5,346.0,1006.4,55.0
2025-10-01 14:00:00,46.8,26.2,93.0,0.0,3.6,327.0,1006.5,80.0
2025-10-01 15:00:00,37.7,26.0,95.0,0.0,4.5,304.0,1006.5,100.0
2025-10-01 16:00:00,37.8,25.7,94.0,0.0,4.1,308.0,1006.1,70.0
2025-10-01 17:00:00,33.8,25.4,95.0,0.0,2.6,326.0,1005.5,45.0
2025-10-01 18:00:00,30.6,25.3,96.0,0.0,1.0,31.0,1004.7,40.0
2025-10-01 19:00:00,21.4,25.3,95.0,0.0,1.2,297.0,1004.3,125.0
2025-10-01 20:00:00,18.8,25.1,96.0,0.0,1.5,30.0,1004.3,115.0
2025-10-01 21:00:00,18.2,24.8,98.0,0.0,1.6,27.0,1004.5,80.0
2025-10-01 22:00:00,17.7,24.7,97.0,0.0,2.4,36.0,1004.7,70.0
2025-10-01 23:00:00,22.7,25.3,94.0,0.0,4.2,43.0,1005.9,185.0
2025-10-02 00:00:00,11.5,26.1,92.0,0.0,4.5,320.0,1006.0,340.0
2025-10-02 01:00:00,19.6,27.9,86.0,0.0,3.5,321.0,1006.1,540.0
2025-10-02 02:00:00,23.3,29.5,78.0,0.0,3.3,311.0,1006.1,635.0
2025-10-02 03:00:00,18.0,30.3,71.0,0.1,5.4,312.0,1005.5,715.0
2025-10-02 04:00:00,17.0,30.7,69.0,0.0,7.3,295.0,1004.4,770.0
2025-10-02 05:00:00,36.4,31.1,67.0,0.0,6.2,277.0,1003.3,800.0
2025-10-02 06:00:00,12.9,28.7,75.0,0.0,3.3,112.0,1003.9,510.0
2025-10-02 07:00:00,18.0,28.3,78.0,1.8,8.6,129.0,1003.4,345.0
2025-10-02 08:00:00,28.1,27.9,79.0,1.0,1.9,41.0,1003.5,255.0
2025-10-02 09:00:00,27.6,27.5,80.0,0.0,6.0,323.0,1003.2,160.0
2025-10-02 10:00:00,29.3,27.0,82.0,0.0,5.1,352.0,1003.2,130.0
2025-10-02 11:00:00,31.2,26.5,86.0,0.0,6.1,5.0,1003.6,70.0
2025-10-02 12:00:00,28.6,27.1,86.0,0.0,3.9,24.0,1004.2,20.0
2025-10-02 13:00:00,24.9,26.7,89.0,0.0,4.7,9.0,1004.7,50.0
2025-10-02 14:00:00,27.6,26.4,90.0,0.1,7.1,6.0,1004.7,70.0
2025-10-02 15:00:00,29.0,26.1,88.0,0.2,7.3,340.0,1004.0,100.0
2025-10-02 16:00:00,30.5,25.7,87.0,0.1,6.4,338.0,1003.5,75.0
2025-10-02 17:00:00,30.2,25.3,90.0,0.1,5.6,7.0,1002.5,145.0
2025-10-02 18:00:00,22.0,25.4,91.0,0.1,4.9,6.0,1001.9,175.0
2025-10-02 19:00:00,14.8,25.3,93.0,0.4,1.3,34.0,1001.1,240.0
2025-10-02 20:00:00,18.4,25.4,92.0,0.3,1.3,180.0,1000.6,250.0
2025-10-02 21:00:00,26.2,25.4,92.0,0.2,1.9,107.0,1000.7,295.0
2025-10-02 22:00:00,32.1,25.5,93.0,0.5,4.3,182.0,1001.0,380.0
2025-10-02 23:00:00,29.5,25.9,93.0,0.5,6.1,225.0,1002.0,460.0
2025-10-03 00:00:00,2.17,25.7,93.0,2.9,19.7,225.0,1002.3,505.0
2025-10-03 01:00:00,0.616,25.9,89.0,1.9,22.7,222.0,1002.7,635.0
2025-10-03 02:00:00,2.37,26.0,88.0,1.3,23.6,218.0,1003.1,690.0
2025-10-03 03:00:00,3.86,26.1,88.0,2.1,22.4,217.0,1002.8,735.0
2025-10-03 04:00:00,3.46,26.0,90.0,2.2,24.1,216.0,1002.5,825.0
2025-10-03 05:00:00,4.15,25.3,91.0,2.6,21.0,207.0,1002.4,825.0
2025-10-03 06:00:00,6.14,25.2,89.0,1.8,20.2,212.0,1001.8,825.0
2025-10-03 07:00:00,16.4,25.3,91.0,2.9,18.4,208.0,1001.8,795.0
2025-10-03 08:00:00,33.2,25.4,91.0,3.6,16.6,203.0,1001.7,790.0
2025-10-03 09:00:00,35.8,25.3,93.0,4.0,13.2,190.0,1002.6,740.0
2025-10-03 10:00:00,30.3,25.1,94.0,2.3,12.6,163.0,1003.9,620.0
2025-10-03 11:00:00,35.9,24.9,94.0,1.8,11.1,160.0,1005.0,565.0
2025-10-03 12:00:00,35.4,24.6,94.0,0.9,11.6,116.0,1005.4,575.0
2025-10-03 13:00:00,27.8,24.7,94.0,0.8,11.0,179.0,1006.1,545.0
2025-10-03 14:00:00,26.5,24.5,91.0,0.2,6.0,147.0,1006.0,525.0
2025-10-03 15:00:00,31.4,24.1,94.0,0.2,11.7,243.0,1006.8,460.0
2025-10-03 16:00:00,41.5,24.1,92.0,1.2,3.8,199.0,1006.1,395.0
2025-10-03 17:00:00,37.3,24.3,92.0,0.1,8.0,228.0,1005.9,335.0
2025-10-03 18:00:00,27.9,24.5,92.0,0.4,0.3,135.0,1005.5,280.0
2025-10-03 19:00:00,28.2,24.4,94.0,0.0,2.3,135.0,1005.0,210.0
2025-10-03 20:00:00,31.0,24.4,94.0,0.0,5.4,110.0,1004.5,140.0
2025-10-03 21:00:00,36.8,24.3,93.0,0.0,6.1,109.0,1004.5,70.0
2025-10-03 22:00:00,39.8,24.1,92.0,0.0,5.2,146.0,1005.0,45.0
2025-10-03 23:00:00,35.5,25.5,89.0,0.0,4.9,182.0,1006.1,75.0
2025-10-04 00:00:00,34.4,27.5,81.0,0.0,2.9,180.0,1007.2,310.0
2025-10-04 01:00:00,15.9,29.0,75.0,0.0,4.3,175.0,1007.5,510.0
2025-10-04 02:00:00,6.61,30.1,72.0,0.0,6.1,168.0,1007.5,760.0
2025-10-04 03:00:00,5.34,30.9,70.0,0.2,6.2,150.0,1007.3,855.0
2025-10-04 04:00:00,3.47,31.0,65.0,0.2,9.9,153.0,1006.1,540.0
2025-10-04 05:00:00,4.03,29.8,69.0,0.5,9.1,170.0,1005.6,355.0
2025-10-04 06:00:00,,28.4,75.0,0.2,3.5,159.0,1005.7,385.0
2025-10-04 07:00:00,13.7,28.8,78.0,0.1,6.0,233.0,1005.7,385.0
2025-10-04 08:00:00,22.8,26.8,88.0,4.3,2.8,207.0,1006.0,265.0
2025-10-04 09:00:00,29.6,26.5,88.0,0.2,4.2,149.0,1006.3,215.0
2025-10-04 10:00:00,33.6,26.3,89.0,0.1,4.9,147.0,1007.0,55.0
2025-10-04 11:00:00,36.7,25.9,91.0,0.0,4.0,120.0,1007.6,20.0
2025-10-04 12:00:00,53.9,25.3,93.0,0.0,7.3,100.0,1008.6,20.0
2025-10-04 13:00:00,49.8,25.0,93.0,0.0,5.4,94.0,1008.2,35.0
2025-10-04 14:00:00,41.8,24.9,93.0,0.0,6.1,92.0,1008.0,30.0
2025-10-04 15:00:00,33.6,24.7,94.0,0.0,4.1,105.0,1008.1,45.0
2025-10-04 16:00:00,31.4,24.5,95.0,0.0,4.9,107.0,1007.7,55.0
2025-10-04 17:00:00,34.8,24.3,94.0,0.0,4.7,108.0,1007.2,65.0
2025-10-04 18:00:00,39.7,24.1,94.0,0.0,2.4,73.0,1007.1,55.0
2025-10-04 19:00:00,31.2,23.7,97.0,0.0,1.6,90.0,1007.0,50.0
2025-10-04 20:00:00,27.8,23.5,96.0,0.0,4.7,74.0,1006.7,55.0
2025-10-04 21:00:00,26.2,23.3,96.0,0.0,4.2,85.0,1006.5,60.0
2025-10-04 22:00:00,23.0,23.1,96.0,0.0,3.5,81.0,1006.8,60.0
2025-10-04 23:00:00,26.6,24.2,94.0,0.0,1.3,124.0,1007.7,150.0
2025-10-05 00:00:00,23.1,26.5,85.0,0.0,2.2,336.0,1009.0,320.0
2025-10-05 01:00:00,22.8,28.2,80.0,0.0,1.6,297.0,1009.3,495.0
2025-10-05 02:00:00,21.8,29.4,74.0,0.0,2.4,253.0,1009.1,650.0
2025-10-05 03:00:00,93.5,30.1,70.0,0.1,3.7,247.0,1008.0,800.0
2025-10-05 04:00:00,79.6,30.2,70.0,0.1,5.1,287.0,1007.0,860.0
2025-10-05 05:00:00,53.9,30.0,70.0,0.0,2.0,297.0,1006.0,640.0
2025-10-05 06:00:00,36.6,26.7,84.0,0.1,8.5,84.0,1005.5,540.0
2025-10-05 07:00:00,44.0,28.3,78.0,0.0,3.4,115.0,1005.1,565.0
2025-10-05 08:00:00,44.4,29.2,75.0,0.0,1.2,153.0,1005.2,635.0
2025-10-05 09:00:00,41.5,28.2,79.0,0.1,2.1,70.0,1005.6,290.0
2025-10-05 10:00:00,40.0,27.2,84.0,0.0,8.2,10.0,1006.3,50.0
2025-10-05 11:00:00,43.5,25.9,85.0,0.0,11.7,9.0,1006.8,125.0
2025-10-05 12:00:00,68.3,26.0,86.0,0.0,3.1,360.0,1007.1,120.0
2025-10-05 13:00:00,83.1,25.9,91.0,0.0,5.9,348.0,1007.5,75.0
2025-10-05 14:00:00,78.0,25.8,88.0,0.0,5.4,340.0,1007.4,55.0
2025-10-05 15:00:00,61.8,25.7,87.0,0.0,4.6,339.0,1007.3,60.0
2025-10-05 16:00:00,53.5,25.5,88.0,0.0,3.9,338.0,1006.8,65.0
2025-10-05 17:00:00,44.7,25.2,90.0,0.0,2.7,332.0,1006.0,60.0
2025-10-05 18:00:00,39.1,24.7,94.0,0.0,2.5,8.0,1005.7,60.0
2025-10-05 19:00:00,39.8,24.7,96.0,0.0,3.2,27.0,1005.5,80.0
2025-10-05 20:00:00,42.7,24.6,97.0,0.0,3.1,69.0,1005.0,90.0
2025-10-05 21:00:00,43.7,24.4,98.0,0.0,1.1,108.0,1005.0,95.0
2025-10-05 22:00:00,38.2,24.3,99.0,0.0,1.4,23.0,1005.4,105.0
2025-10-05 23:00:00,42.5,25.3,94.0,0.0,2.1,59.0,1006.2,180.0
2025-10-06 00:00:00,48.2,26.6,87.0,0.0,1.1,279.0,1006.7,370.0
2025-10-06 01:00:00,42.6,28.3,80.0,0.0,2.3,266.0,1006.7,550.0
2025-10-06 02:00:00,21.9,29.3,73.0,0.3,2.8,297.0,1006.4,705.0
2025-10-06 03:00:00,8.6,30.0,70.0,0.6,4.0,342.0,1005.5,830.0
2025-10-06 04:00:00,3.06,31.3,62.0,0.2,1.4,247.0,1004.9,980.0
2025-10-06 05:00:00,0.0665,31.5,63.0,0.1,5.8,250.0,1004.2,945.0
2025-10-06 06:00:00,25.7,30.7,64.0,5.3,1.9,202.0,1003.9,965.0
2025-10-06 07:00:00,30.2,30.2,69.0,2.5,4.3,178.0,1003.7,835.0
2025-10-06 08:00:00,28.6,29.7,74.0,0.1,6.5,178.0,1003.8,660.0
2025-10-06 09:00:00,23.9,28.9,77.0,0.0,7.2,192.0,1004.0,415.0
2025-10-06 10:00:00,21.5,26.7,76.0,4.4,5.8,176.0,1004.9,225.0
2025-10-06 11:00:00,31.2,25.6,83.0,1.7,3.4,177.0,1005.2,125.0
2025-10-06 12:00:00,39.8,25.7,84.0,0.0,0.6,72.0,1005.7,45.0
2025-10-06 13:00:00,51.1,25.6,90.0,0.0,1.5,60.0,1006.1,50.0
2025-10-06 14:00:00,34.0,26.1,88.0,0.0,4.1,2.0,1006.2,55.0
2025-10-06 15:00:00,36.4,26.0,90.0,0.0,4.0,342.0,1006.0,20.0
2025-10-06 16:00:00,39.0,25.8,91.0,0.0,4.0,3.0,1005.8,85.0
2025-10-06 17:00:00,37.1,25.4,93.0,0.0,5.2,358.0,1005.4,120.0
2025-10-06 18:00:00,36.5,25.3,91.0,0.0,8.0,351.0,1004.8,155.0
2025-10-06 19:00:00,34.9,25.4,89.0,0.0,7.2,357.0,1004.4,195.0
2025-10-06 20:00:00,29.9,25.3,89.0,0.0,6.7,16.0,1003.8,185.0
2025-10-06 21:00:00,26.1,25.4,88.0,0.0,7.0,29.0,1004.0,145.0
2025-10-06 22:00:00,28.3,25.3,87.0,0.0,6.6,35.0,1004.5,110.0
2025-10-06 23:00:00,28.4,26.1,86.0,0.0,4.6,45.0,1005.3,145.0
2025-10-07 00:00:00,31.9,27.3,81.0,0.0,2.2,104.0,1005.9,435.0
2025-10-07 01:00:00,29.2,28.2,77.0,0.0,1.7,167.0,1005.8,695.0
2025-10-07 02:00:00,30.7,29.4,71.0,0.2,1.5,120.0,1005.4,880.0
2025-10-07 03:00:00,30.3,30.3,66.0,0.2,1.0,31.0,1004.8,1075.0
2025-10-07 04:00:00,20.0,31.3,64.0,0.1,0.9,281.0,1004.0,1165.0
2025-10-07 05:00:00,11.2,31.6,62.0,0.0,3.6,279.0,1003.4,1225.0
2025-10-07 06:00:00,28.5,31.3,60.0,0.8,0.9,180.0,1002.5,1240.0
2025-10-07 07:00:00,24.5,31.1,62.0,0.0,3.0,205.0,1002.2,1185.0
2025-10-07 08:00:00,23.2,30.4,70.0,0.0,6.8,228.0,1002.3,1075.0
2025-10-07 09:00:00,47.1,29.4,75.0,0.0,6.5,246.0,1002.6,195.0
2025-10-07 10:00:00,30.0,28.3,81.0,0.0,6.1,246.0,1002.9,140.0
2025-10-07 11:00:00,30.1,27.9,82.0,0.0,4.2,277.0,1003.7,35.0
2025-10-07 12:00:00,38.0,27.5,85.0,0.0,5.3,332.0,1004.3,55.0
2025-10-07 13:00:00,48.6,27.2,86.0,0.1,2.8,349.0,1005.1,55.0
2025-10-07 14:00:00,50.0,25.9,86.0,1.3,4.1,331.0,1005.9,65.0
2025-10-07 15:00:00,54.5,25.4,89.0,1.2,6.2,311.0,1005.7,80.0
2025-10-07 16:00:00,41.9,25.0,93.0,0.3,1.5,111.0,1005.9,110.0
2025-10-07 17:00:00,25.9,24.9,94.0,0.1,5.5,19.0,1004.7,170.0
2025-10-07 18:00:00,26.4,26.4,85.0,0.2,7.5,35.0,1003.4,210.0
2025-10-07 19:00:00,17.5,25.3,86.0,0.9,11.9,76.0,1003.2,190.0
2025-10-07 20:00:00,6.65,25.0,88.0,0.3,4.6,64.0,1003.0,220.0
2025-10-07 21:00:00,16.2,24.6,92.0,0.1,2.4,107.0,1003.1,230.0
2025-10-07 22:00:00,19.2,24.8,93.0,0.1,2.7,113.0,1003.2,195.0
2025-10-07 23:00:00,24.4,25.8,90.0,0.1,3.1,152.0,1003.9,255.0
2025-10-08 00:00:00,29.8,25.3,91.0,0.0,0.6,124.0,1004.9,475.0
2025-10-08 01:00:00,34.1,26.0,87.0,1.9,3.8,71.0,1005.1,540.0
2025-10-08 02:00:00,34.7,27.1,84.0,0.2,4.6,211.0,1005.6,585.0
2025-10-08 03:00:00,42.0,27.9,80.0,0.2,3.5,204.0,1004.7,655.0
2025-10-08 04:00:00,40.7,28.9,78.0,0.2,1.5,249.0,1003.6,765.0
2025-10-08 05:00:00,42.4,29.3,77.0,0.3,4.8,295.0,1002.7,860.0
2025-10-08 06:00:00,37.4,29.8,75.0,0.3,4.2,313.0,1001.7,830.0
2025-10-08 07:00:00,32.1,28.8,76.0,3.7,3.6,229.0,1001.4,700.0
2025-10-08 08:00:00,29.1,27.1,86.0,3.5,6.6,223.0,1001.5,685.0
2025-10-08 09:00:00,27.1,27.1,85.0,0.0,5.0,224.0,1001.7,595.0
2025-10-08 10:00:00,30.1,26.7,87.0,0.0,5.7,246.0,1002.0,85.0
2025-10-08 11:00:00,35.8,26.8,87.0,0.0,4.6,288.0,1002.7,55.0
2025-10-08 12:00:00,51.4,26.9,91.0,0.0,1.5,216.0,1003.1,50.0
2025-10-08 13:00:00,51.2,27.2,89.0,0.0,1.7,319.0,1003.5,25.0
2025-10-08 14:00:00,39.9,26.8,93.0,0.0,2.6,335.0,1003.6,30.0
2025-10-08 15:00:00,34.5,26.4,95.0,0.0,4.1,13.0,1003.7,55.0
2025-10-08 16:00:00,38.0,26.0,95.0,0.0,4.6,111.0,1003.8,60.0
2025-10-08 17:00:00,35.3,24.6,95.0,0.6,8.7,162.0,1003.3,150.0
2025-10-08 18:00:00,30.2,25.3,94.0,0.5,4.5,175.0,1002.8,155.0
2025-10-08 19:00:00,24.1,25.1,92.0,0.0,3.5,168.0,1002.8,150.0
2025-10-08 20:00:00,26.2,25.0,88.0,0.2,3.0,166.0,1002.9,125.0
2025-10-08 21:00:00,26.6,24.7,87.0,0.0,2.4,189.0,1003.2,105.0
2025-10-08 22:00:00,31.2,24.7,89.0,0.0,1.8,101.0,1003.6,80.0
2025-10-08 23:00:00,37.6,25.5,88.0,0.0,1.7,139.0,1004.4,105.0
2025-10-09 00:00:00,21.3,25.9,90.0,0.0,1.4,40.0,1005.0,190.0
2025-10-09 01:00:00,12.2,26.9,87.0,0.2,2.8,243.0,1005.6,410.0
2025-10-09 02:00:00,4.72,28.2,81.0,0.1,4.1,311.0,1005.5,545.0
2025-10-09 03:00:00,8.04,28.7,80.0,0.1,6.0,253.0,1004.7,670.0
2025-10-09 04:00:00,12.1,28.1,83.0,0.1,7.6,242.0,1003.8,565.0
2025-10-09 05:00:00,35.5,28.0,83.0,0.1,3.8,265.0,1003.3,530.0
2025-10-09 06:00:00,27.8,27.2,83.0,2.1,3.3,324.0,1002.9,365.0
2025-10-09 07:00:00,13.5,27.8,81.0,0.2,3.1,263.0,1002.5,475.0
2025-10-09 08:00:00,3.72,27.5,80.0,0.3,3.9,254.0,1002.7,380.0
2025-10-09 09:00:00,8.26,26.0,87.0,5.8,4.2,216.0,1003.3,150.0
2025-10-09 10:00:00,28.5,25.8,88.0,0.1,0.5,135.0,1003.9,195.0
2025-10-09 11:00:00,37.0,25.6,87.0,0.5,4.7,178.0,1004.5,245.0
2025-10-09 12:00:00,36.5,25.1,94.0,0.1,1.3,82.0,1004.7,50.0
2025-10-09 13:00:00,37.8,25.3,94.0,0.0,2.7,62.0,1004.9,80.0
2025-10-09 14:00:00,31.2,25.1,95.0,0.0,0.0,270.0,1005.4,45.0
2025-10-09 15:00:00,11.8,25.0,96.0,0.1,0.3,45.0,1005.2,35.0
2025-10-09 16:00:00,13.7,25.1,96.0,0.9,2.0,63.0,1004.9,55.0
2025-10-09 17:00:00,19.1,24.9,97.0,0.6,0.6,18.0,1004.0,15.0
2025-10-09 18:00:00,20.4,25.2,96.0,0.0,3.0,65.0,1003.9,50.0
2025-10-09 19:00:00,18.8,25.1,96.0,0.1,5.6,112.0,1003.7,95.0
2025-10-09 20:00:00,19.3,24.8,96.0,0.0,5.2,110.0,1003.9,100.0
2025-10-09 21:00:00,22.8,24.6,98.0,0.0,4.4,120.0,1004.0,70.0
2025-10-09 22:00:00,31.1,24.8,96.0,0.0,5.7,122.0,1004.5,95.0
2025-10-09 23:00:00,32.5,25.3,94.0,0.0,5.0,120.0,1005.0,115.0
2025-10-10 00:00:00,30.3,25.0,96.0,0.0,1.4,220.0,1005.7,70.0
2025-10-10 01:00:00,32.7,26.3,87.0,0.2,4.4,289.0,1005.8,375.0
2025-10-10 02:00:00,52.9,26.9,83.0,0.1,4.1,299.0,1005.7,490.0
2025-10-10 03:00:00,63.5,27.9,81.0,0.2,2.9,300.0,1005.3,650.0
2025-10-10 04:00:00,61.8,28.6,79.0,0.2,4.0,270.0,1004.3,690.0
2025-10-10 05:00:00,34.9,28.7,78.0,0.1,6.0,263.0,1003.2,680.0
2025-10-10 06:00:00,40.6,25.7,88.0,0.6,4.5,175.0,1003.5,230.0
2025-10-10 07:00:00,49.3,25.8,89.0,3.1,2.2,145.0,1003.4,260.0
2025-10-10 08:00:00,46.7,26.6,85.0,0.5,3.8,121.0,1003.8,305.0
2025-10-10 09:00:00,61.6,26.2,89.0,0.3,2.1,200.0,1003.8,190.0
2025-10-10 10:00:00,65.5,24.8,95.0,6.7,4.9,190.0,1004.5,130.0
2025-10-10 11:00:00,60.3,24.9,94.0,0.4,3.1,59.0,1005.1,70.0
2025-10-10 12:00:00,59.0,25.3,93.0,0.0,4.6,64.0,1005.8,120.0
2025-10-10 13:00:00,55.2,25.3,95.0,0.1,0.9,217.0,1006.1,35.0
2025-10-10 14:00:00,53.9,25.0,96.0,0.0,0.7,76.0,1006.4,35.0
2025-10-10 15:00:00,50.4,24.7,98.0,0.0,1.6,27.0,1005.8,35.0
2025-10-10 16:00:00,47.5,24.6,99.0,0.0,3.6,60.0,1005.2,40.0
2025-10-10 17:00:00,44.9,24.4,99.0,0.0,3.9,53.0,1004.6,40.0
2025-10-10 18:00:00,42.9,24.2,99.0,0.0,3.7,67.0,1004.1,30.0
2025-10-10 19:00:00,39.3,24.0,98.0,0.0,3.9,62.0,1004.3,35.0
2025-10-10 20:00:00,34.4,23.8,97.0,0.0,3.5,62.0,1004.3,30.0
2025-10-10 21:00:00,29.7,23.7,97.0,0.0,2.3,45.0,1004.4,25.0
2025-10-10 22:00:00,33.3,23.6,98.0,0.0,3.2,52.0,1004.9,25.0
2025-10-10 23:00:00,42.9,24.8,93.0,0.0,2.9,94.0,1005.6,50.0
2025-10-11 00:00:00,48.4,26.2,88.0,0.0,1.1,351.0,1006.5,145.0
2025-10-11 01:00:00,39.9,28.0,80.0,0.0,0.0,270.0,1006.4,530.0
2025-10-11 02:00:00,32.6,29.1,76.0,0.2,4.1,203.0,1006.4,840.0
2025-10-11 03:00:00,26.7,29.8,73.0,0.2,6.7,216.0,1005.8,1075.0
2025-10-11 04:00:00,47.0,29.2,74.0,0.2,5.0,215.0,1005.1,710.0
2025-10-11 05:00:00,31.0,29.5,75.0,0.1,4.0,234.0,1004.2,830.0
2025-10-11 06:00:00,30.5,27.2,81.0,5.1,9.4,200.0,1004.5,395.0
2025-10-11 07:00:00,32.0,26.5,87.0,0.6,6.0,74.0,1004.5,260.0
2025-10-11 08:00:00,45.2,27.1,84.0,0.1,3.5,66.0,1004.3,260.0
2025-10-11 09:00:00,50.5,26.9,84.0,0.0,4.4,30.0,1004.7,225.0
2025-10-11 10:00:00,54.6,26.3,89.0,0.0,6.1,34.0,1005.2,135.0
2025-10-11 11:00:00,,26.0,90.0,0.0,3.3,77.0,1005.4,65.0
2025-10-11 12:00:00,90.8,26.6,90.0,0.0,0.5,45.0,1006.0,15.0
2025-10-11 13:00:00,108.0,26.9,88.0,0.0,2.9,158.0,1006.4,65.0
2025-10-11 14:00:00,88.5,26.9,88.0,0.0,3.4,155.0,1006.4,155.0
2025-10-11 15:00:00,55.4,26.7,88.0,0.0,1.2,63.0,1006.4,15.0
2025-10-11 16:00:00,40.8,26.2,91.0,0.0,3.1,149.0,1005.8,25.0
2025-10-11 17:00:00,36.8,26.0,91.0,0.0,4.4,153.0,1005.9,180.0
2025-10-11 18:00:00,34.9,25.9,90.0,0.0,3.2,142.0,1005.4,270.0
2025-10-11 19:00:00,34.8,25.8,92.0,0.0,2.5,120.0,1005.2,165.0
2025-10-11 20:00:00,34.2,25.4,94.0,0.0,4.4,60.0,1005.4,85.0
2025-10-11 21:00:00,36.5,25.0,96.0,0.0,4.9,57.0,1005.9,90.0
2025-10-11 22:00:00,31.8,24.7,96.0,0.0,5.0,55.0,1006.2,60.0
2025-10-11 23:00:00,38.8,25.5,93.0,0.0,4.8,45.0,1006.6,115.0
2025-10-12 00:00:00,27.7,27.7,82.0,0.0,4.0,3.0,1007.1,275.0
2025-10-12 01:00:00,19.1,28.0,74.0,0.6,4.8,124.0,1007.7,490.0
2025-10-12 02:00:00,10.8,28.5,75.0,0.0,1.9,158.0,1007.1,490.0
2025-10-12 03:00:00,4.11,29.6,73.0,0.1,1.7,139.0,1006.7,775.0
2025-10-12 04:00:00,1.97,30.4,72.0,0.0,0.9,169.0,1005.9,1010.0
2025-10-12 05:00:00,0.838,30.8,70.0,0.1,2.5,176.0,1004.8,1175.0
2025-10-12 06:00:00,0.358,30.5,67.0,0.2,2.3,331.0,1004.0,840.0
2025-10-12 07:00:00,0.41,30.1,71.0,0.2,3.0,284.0,1003.6,740.0
2025-10-12 08:00:00,15.5,29.3,75.0,0.3,1.5,120.0,1003.8,515.0
2025-10-12 09:00:00,29.1,28.6,77.0,0.1,1.4,293.0,1004.5,315.0
2025-10-12 10:00:00,37.4,27.6,84.0,0.0,4.1,315.0,1005.0,160.0
2025-10-12 11:00:00,32.4,27.2,88.0,0.0,2.3,337.0,1005.8,85.0
2025-10-12 12:00:00,35.4,27.7,90.0,0.0,0.2,360.0,1005.9,10.0
2025-10-12 13:00:00,35.7,27.5,91.0,0.0,2.0,360.0,1006.1,35.0
2025-10-12 14:00:00,39.9,27.1,94.0,0.0,5.2,250.0,1006.8,75.0
2025-10-12 15:00:00,49.2,25.9,94.0,3.3,3.8,131.0,1007.4,95.0
2025-10-12 16:00:00,45.4,25.8,93.0,0.3,3.2,27.0,1006.4,60.0
2025-10-12 17:00:00,34.7,25.3,97.0,0.1,1.3,270.0,1006.5,45.0
2025-10-12 18:00:00,27.4,25.5,93.0,0.1,3.3,81.0,1005.5,120.0
2025-10-12 19:00:00,17.4,25.2,95.0,0.0,2.6,286.0,1006.2,145.0
2025-10-12 20:00:00,19.4,25.0,96.0,0.0,1.9,343.0,1006.1,120.0
2025-10-12 21:00:00,9.56,25.1,96.0,0.0,4.5,313.0,1005.7,170.0
2025-10-12 22:00:00,20.0,25.0,96.0,0.0,4.2,348.0,1006.0,160.0
2025-10-12 23:00:00,10.2,25.5,94.0,0.0,3.3,338.0,1006.7,165.0
2025-10-13 00:00:00,3.3,27.4,86.0,0.0,4.1,255.0,1007.2,235.0
2025-10-13 01:00:00,1.5,28.3,79.0,0.1,2.5,291.0,1007.4,425.0
2025-10-13 02:00:00,4.35,29.3,73.0,0.1,2.6,254.0,1007.3,665.0
2025-10-13 03:00:00,4.67,29.5,75.0,0.1,3.0,237.0,1006.4,640.0
2025-10-13 04:00:00,19.5,29.7,74.0,0.1,4.9,309.0,1005.2,635.0
2025-10-13 05:00:00,12.0,30.7,70.0,2.7,6.3,219.0,1005.3,595.0
2025-10-13 06:00:00,21.9,25.4,91.0,6.1,7.0,258.0,1005.1,200.0
2025-10-13 07:00:00,5.56,25.8,88.0,0.1,6.5,267.0,1004.4,150.0
2025-10-13 08:00:00,19.5,25.9,86.0,2.1,5.2,276.0,1004.9,220.0
2025-10-13 09:00:00,23.9,25.6,87.0,0.1,1.0,149.0,1005.0,130.0
2025-10-13 10:00:00,5.53,25.4,89.0,0.0,4.4,297.0,1005.1,125.0
2025-10-13 11:00:00,9.39,25.4,90.0,0.0,2.7,242.0,1005.7,80.0
2025-10-13 12:00:00,25.4,26.6,91.0,0.0,4.0,260.0,1006.3,100.0
2025-10-13 13:00:00,31.3,25.2,94.0,2.5,6.4,164.0,1006.7,170.0
2025-10-13 14:00:00,41.7,25.1,94.0,0.0,4.7,196.0,1006.3,125.0
2025-10-13 15:00:00,41.9,24.7,96.0,0.0,1.7,72.0,1005.3,65.0
2025-10-13 16:00:00,37.9,24.6,97.0,0.0,0.2,90.0,1005.3,35.0
2025-10-13 17:00:00,32.2,24.7,98.0,0.0,1.0,225.0,1004.6,45.0
2025-10-13 18:00:00,28.7,25.3,95.0,0.0,5.5,11.0,1003.7,60.0
2025-10-13 19:00:00,23.6,25.5,92.0,0.0,7.3,20.0,1003.7,105.0
2025-10-13 20:00:00,23.9,25.7,89.0,0.0,8.2,15.0,1003.7,115.0
2025-10-13 21:00:00,19.6,25.6,90.0,0.0,6.3,24.0,1004.1,100.0
2025-10-13 22:00:00,25.1,25.5,91.0,0.0,3.9,16.0,1004.2,55.0
2025-10-13 23:00:00,28.7,26.2,88.0,0.0,2.7,337.0,1004.5,115.0
2025-10-14 00:00:00,34.4,27.2,85.0,0.0,6.3,358.0,1005.9,220.0
2025-10-14 01:00:00,31.9,27.5,81.0,0.2,6.3,355.0,1005.6,290.0
2025-10-14 02:00:00,24.8,27.4,82.0,0.8,4.9,358.0,1005.5,280.0
2025-10-14 03:00:00,21.9,28.1,79.0,0.1,5.5,347.0,1005.1,495.0
2025-10-14 04:00:00,9.97,28.7,76.0,0.1,5.2,333.0,1004.2,585.0
2025-10-14 05:00:00,20.7,28.9,75.0,0.2,2.8,18.0,1003.5,605.0
2025-10-14 06:00:00,24.4,27.9,83.0,0.4,1.2,207.0,1003.5,405.0
2025-10-14 07:00:00,31.3,28.2,83.0,0.2,3.1,159.0,1003.0,500.0
2025-10-14 08:00:00,41.1,27.7,84.0,0.5,5.2,158.0,1003.0,350.0
2025-10-14 09:00:00,45.6,27.6,83.0,0.0,6.8,222.0,1003.3,320.0
2025-10-14 10:00:00,56.0,27.1,86.0,0.0,6.6,259.0,1003.3,250.0
2025-10-14 11:00:00,75.8,26.8,89.0,0.0,5.4,264.0,1004.0,235.0
2025-10-14 12:00:00,83.1,27.5,87.0,0.0,2.2,318.0,1004.6,40.0
2025-10-14 13:00:00,85.5,27.3,88.0,0.0,1.5,201.0,1004.5,40.0
2025-10-14 14:00:00,79.7,27.1,90.0,0.0,2.1,250.0,1004.7,40.0
2025-10-14 15:00:00,63.3,26.9,92.0,0.0,3.1,260.0,1004.6,60.0
2025-10-14 16:00:00,55.9,26.6,93.0,0.0,2.7,262.0,1004.5,65.0
2025-10-14 17:00:00,47.3,26.4,91.0,0.5,0.8,63.0,1003.8,35.0
2025-10-14 18:00:00,42.0,25.9,89.0,0.7,3.6,237.0,1003.5,95.0
2025-10-14 19:00:00,41.2,25.7,92.0,0.1,1.5,324.0,1003.5,55.0
2025-10-14 20:00:00,31.6,25.7,93.0,0.0,1.3,304.0,1003.4,50.0
2025-10-14 21:00:00,11.1,25.7,93.0,0.0,1.8,259.0,1003.5,115.0
2025-10-14 22:00:00,15.5,25.5,94.0,0.0,2.0,333.0,1003.9,80.0
2025-10-14 23:00:00,8.29,25.9,91.0,0.0,2.4,324.0,1004.4,100.0
2025-10-15 00:00:00,13.6,25.9,93.0,0.0,3.9,133.0,1005.6,160.0
2025-10-15 01:00:00,28.2,25.3,94.0,11.5,7.3,242.0,1006.1,170.0
2025-10-15 02:00:00,32.7,25.1,95.0,4.5,2.4,243.0,1005.6,145.0
2025-10-15 03:00:00,33.2,26.3,88.0,0.7,4.7,313.0,1004.7,330.0
2025-10-15 04:00:00,27.9,28.4,77.0,0.0,3.9,22.0,1003.5,765.0
2025-10-15 05:00:00,34.8,29.4,72.0,0.1,2.7,4.0,1002.7,670.0
2025-10-15 06:00:00,14.6,29.2,74.0,0.3,2.3,219.0,1002.4,550.0
2025-10-15 07:00:00,29.6,28.7,77.0,2.0,5.2,226.0,1002.2,420.0
2025-10-15 08:00:00,44.3,27.2,82.0,3.6,7.7,198.0,1003.1,245.0
2025-10-15 09:00:00,47.6,25.7,89.0,1.0,3.8,59.0,1002.6,145.0
2025-10-15 10:00:00,41.4,25.4,92.0,0.0,9.7,211.0,1003.7,195.0
2025-10-15 11:00:00,39.1,25.2,92.0,0.0,0.6,18.0,1003.9,85.0
2025-10-15 12:00:00,42.6,28.7,72.0,0.0,1.5,216.0,1004.9,20.0
2025-10-15 13:00:00,45.7,28.4,74.0,0.0,0.8,45.0,1004.6,20.0
2025-10-15 14:00:00,44.6,27.6,80.0,0.0,1.1,252.0,1004.8,25.0
2025-10-15 15:00:00,49.6,27.0,84.0,0.0,1.2,309.0,1004.7,35.0
2025-10-15 16:00:00,50.8,26.5,87.0,0.0,2.3,247.0,1004.0,55.0
2025-10-15 17:00:00,50.9,26.1,89.0,0.0,2.7,278.0,1003.7,65.0
2025-10-15 18:00:00,43.0,26.3,90.0,0.0,0.6,72.0,1003.8,20.0
2025-10-15 19:00:00,33.2,25.7,92.0,0.7,2.0,45.0,1002.9,50.0
2025-10-15 20:00:00,25.1,25.8,91.0,0.0,2.0,10.0,1003.3,55.0
2025-10-15 21:00:00,25.7,25.8,91.0,0.0,2.0,265.0,1003.5,50.0
2025-10-15 22:00:00,30.3,25.7,91.0,0.0,1.7,283.0,1004.4,35.0
2025-10-15 23:00:00,32.3,26.4,87.0,0.0,3.1,283.0,1004.8,180.0
2025-10-16 00:00:00,38.1,28.1,74.0,0.0,3.7,337.0,1005.2,275.0
2025-10-16 01:00:00,23.9,29.3,68.0,0.0,6.3,340.0,1004.9,820.0
2025-10-16 02:00:00,5.87,29.6,67.0,0.0,5.8,338.0,1004.8,860.0
2025-10-16 03:00:00,0.982,29.9,66.0,0.0,5.7,13.0,1003.8,960.0
2025-10-16 04:00:00,2.74,31.4,59.0,0.0,8.7,42.0,1002.9,1205.0
2025-10-16 05:00:00,1.94,32.2,57.0,0.0,8.4,42.0,1002.2,1240.0
2025-10-16 06:00:00,0.0445,32.8,53.0,0.0,8.8,59.0,1001.7,1340.0
2025-10-16 07:00:00,0.0,32.7,53.0,0.0,10.3,46.0,1001.1,1290.0
2025-10-16 08:00:00,0.146,31.3,60.0,0.4,10.9,44.0,1001.7,1075.0
2025-10-16 09:00:00,2.61,30.3,64.0,0.0,4.4,55.0,1002.0,1060.0
2025-10-16 10:00:00,7.93,29.5,67.0,0.0,1.9,107.0,1002.6,985.0
2025-10-16 11:00:00,19.1,28.8,72.0,0.0,1.8,233.0,1003.1,190.0
2025-10-16 12:00:00,32.6,29.5,69.0,0.0,3.7,101.0,1004.1,190.0
2025-10-16 13:00:00,32.5,29.0,71.0,0.0,2.5,201.0,1003.9,235.0
2025-10-16 14:00:00,34.8,28.2,74.0,0.0,2.9,191.0,1004.0,220.0
2025-10-16 15:00:00,38.6,27.7,76.0,0.0,3.1,159.0,1003.8,185.0
2025-10-16 16:00:00,40.1,27.4,78.0,0.0,2.2,185.0,1003.8,145.0
2025-10-16 17:00:00,42.1,27.1,80.0,0.0,3.1,246.0,1003.1,160.0
2025-10-16 18:00:00,37.8,27.5,83.0,0.0,3.5,321.0,1002.7,105.0
2025-10-16 19:00:00,29.8,27.4,84.0,0.2,3.6,340.0,1002.8,130.0
2025-10-16 20:00:00,15.1,27.4,84.0,0.1,2.0,5.0,1002.8,145.0
2025-10-16 21:00:00,8.85,25.5,94.0,2.0,7.1,353.0,1003.0,165.0
2025-10-16 22:00:00,14.3,25.7,93.0,0.0,6.6,21.0,1003.4,140.0
2025-10-16 23:00:00,15.1,26.8,85.0,0.3,2.9,11.0,1004.3,145.0
2025-10-17 00:00:00,18.1,29.0,74.0,0.0,2.6,326.0,1004.5,765.0
2025-10-17 01:00:00,10.5,29.9,66.0,0.0,3.1,10.0,1004.7,935.0
2025-10-17 02:00:00,5.32,30.7,61.0,0.0,4.6,18.0,1004.3,1115.0
2025-10-17 03:00:00,7.11,31.7,59.0,0.1,5.4,34.0,1004.1,1175.0
2025-10-17 04:00:00,5.34,32.6,56.0,0.1,8.1,32.0,1002.7,1235.0
2025-10-17 05:00:00,1.55,33.3,53.0,0.1,11.6,46.0,1001.4,1270.0
2025-10-17 06:00:00,0.567,32.5,56.0,0.1,12.8,39.0,1001.2,1250.0
2025-10-17 07:00:00,0.489,32.4,57.0,0.0,12.2,31.0,1000.9,1115.0
2025-10-17 08:00:00,0.771,31.8,60.0,0.0,12.1,28.0,1001.2,1100.0
2025-10-17 09:00:00,0.816,31.0,62.0,0.1,8.7,21.0,1001.3,1075.0
2025-10-17 10:00:00,2.86,30.2,66.0,0.0,8.0,31.0,1001.7,995.0
2025-10-17 11:00:00,9.71,29.9,68.0,0.0,5.5,32.0,1002.6,1030.0
2025-10-17 12:00:00,18.6,29.2,71.0,0.0,10.2,53.0,1003.0,660.0
2025-10-17 13:00:00,15.8,29.1,71.0,0.0,10.8,43.0,1003.3,605.0
2025-10-17 14:00:00,25.3,28.9,72.0,0.0,12.1,32.0,1003.2,590.0
2025-10-17 15:00:00,22.6,28.6,73.0,0.0,9.6,40.0,1002.8,455.0
2025-10-17 16:00:00,16.3,28.2,75.0,0.0,6.6,41.0,1002.0,310.0
2025-10-17 17:00:00,9.9,27.9,76.0,0.0,6.4,47.0,1001.2,315.0
2025-10-17 18:00:00,8.88,27.9,76.0,0.0,8.8,23.0,1000.9,360.0
2025-10-17 19:00:00,11.1,27.8,76.0,0.0,7.7,30.0,1000.8,335.0
2025-10-17 20:00:00,7.33,27.6,77.0,0.0,8.5,12.0,1000.5,335.0
2025-10-17 21:00:00,22.1,27.5,76.0,0.0,10.4,10.0,1000.4,385.0
2025-10-17 22:00:00,26.9,27.3,74.0,0.0,11.2,22.0,1001.3,340.0
2025-10-17 23:00:00,13.9,27.8,72.0,0.0,8.8,12.0,1001.5,355.0
2025-10-18 00:00:00,6.75,29.3,68.0,0.0,7.7,1.0,1002.2,770.0
2025-10-18 01:00:00,0.879,31.0,62.0,0.0,11.2,6.0,1002.2,1120.0
2025-10-18 02:00:00,0.523,30.8,60.0,0.0,16.7,28.0,1002.0,995.0
2025-10-18 03:00:00,2.23,31.8,58.0,0.0,15.2,29.0,1001.1,1355.0
2025-10-18 04:00:00,1.03,31.9,58.0,0.1,11.9,30.0,1000.3,1340.0
2025-10-18 05:00:00,0.422,32.7,55.0,0.0,11.5,29.0,999.3,1360.0
2025-10-18 06:00:00,1.23,32.0,56.0,0.0,12.8,40.0,998.8,1185.0
2025-10-18 07:00:00,0.0745,31.7,57.0,0.0,13.1,25.0,998.3,1220.0
2025-10-18 08:00:00,0.228,30.0,66.0,0.3,15.6,34.0,998.1,915.0
2025-10-18 09:00:00,0.339,29.3,70.0,0.0,14.7,28.0,998.6,845.0
2025-10-18 10:00:00,2.16,28.3,74.0,0.1,13.3,28.0,998.8,815.0
2025-10-18 11:00:00,0.655,28.1,73.0,0.1,11.5,11.0,999.1,870.0
2025-10-18 12:00:00,0.365,28.3,71.0,0.1,10.0,8.0,999.7,870.0
2025-10-18 13:00:00,0.285,28.0,73.0,0.0,10.3,355.0,1000.0,810.0
2025-10-18 14:00:00,0.048,28.0,74.0,0.0,11.0,3.0,999.6,760.0
2025-10-18 15:00:00,0.0528,27.6,77.0,0.3,11.1,353.0,999.4,700.0
2025-10-18 16:00:00,0.243,26.4,85.0,2.0,14.7,354.0,998.7,790.0
2025-10-18 17:00:00,0.699,25.0,93.0,3.4,14.2,13.0,997.9,490.0
2025-10-18 18:00:00,1.99,25.7,86.0,2.2,8.1,355.0,996.7,530.0
2025-10-18 19:00:00,1.38,25.3,91.0,1.1,7.2,346.0,996.2,305.0
2025-10-18 20:00:00,6.41,25.1,93.0,0.9,7.8,323.0,996.0,275.0
2025-10-18 21:00:00,2.27,24.8,94.0,1.7,9.0,317.0,995.8,370.0
2025-10-18 22:00:00,0.0388,25.2,91.0,0.7,12.0,338.0,995.9,455.0
2025-10-18 23:00:00,1.59,25.3,93.0,0.1,9.5,359.0,996.8,295.0
2025-10-19 00:00:00,4.33,24.6,95.0,1.3,6.7,344.0,997.4,235.0
2025-10-19 01:00:00,2.71,25.3,95.0,0.9,4.2,121.0,998.3,305.0
2025-10-19 02:00:00,2.82,26.3,88.0,0.4,12.3,158.0,998.7,640.0
2025-10-19 03:00:00,4.95,27.0,80.0,1.4,19.3,158.0,998.9,780.0
2025-10-19 04:00:00,7.44,26.6,81.0,0.1,14.6,150.0,998.3,740.0
2025-10-19 05:00:00,7.1,26.1,85.0,1.5,15.1,153.0,998.3,720.0
2025-10-19 06:00:00,7.04,25.5,93.0,1.9,12.1,140.0,997.8,465.0
2025-10-19 07:00:00,8.8,25.8,94.0,3.7,11.3,141.0,998.4,480.0
2025-10-19 08:00:00,6.02,25.8,94.0,2.2,10.6,145.0,998.9,420.0
2025-10-19 09:00:00,11.0,25.6,94.0,1.0,12.0,139.0,999.6,435.0
2025-10-19 10:00:00,26.7,25.6,91.0,0.7,12.6,128.0,999.9,430.0
2025-10-19 11:00:00,30.6,25.5,92.0,0.4,11.2,125.0,1000.7,305.0
2025-10-19 12:00:00,30.9,25.6,93.0,0.3,7.9,125.0,1002.2,165.0
2025-10-19 13:00:00,25.5,25.8,92.0,0.0,7.5,127.0,1002.6,145.0
2025-10-19 14:00:00,23.5,25.8,91.0,0.0,7.8,134.0,1002.7,185.0
2025-10-19 15:00:00,19.2,25.8,88.0,0.0,9.3,117.0,1002.5,270.0
2025-10-19 16:00:00,9.61,25.9,87.0,0.0,11.0,118.0,1001.9,320.0
2025-10-19 17:00:00,5.26,25.9,86.0,0.0,11.3,124.0,1001.5,360.0
2025-10-19 18:00:00,3.51,26.3,84.0,0.0,15.2,120.0,1000.2,460.0
2025-10-19 19:00:00,3.85,26.4,85.0,0.0,13.9,126.0,1000.1,510.0
2025-10-19 20:00:00,5.86,26.4,85.0,0.0,12.5,123.0,999.9,560.0
2025-10-19 21:00:00,13.6,26.4,85.0,0.0,10.8,118.0,1000.4,545.0
2025-10-19 22:00:00,11.1,26.2,85.0,0.0,9.3,115.0,1000.8,540.0
2025-10-19 23:00:00,9.28,26.9,83.0,0.0,8.0,113.0,1001.5,655.0
2025-10-20 00:00:00,8.47,28.4,79.0,0.0,2.7,42.0,1002.5,690.0
2025-10-20 01:00:00,4.05,29.6,74.0,0.0,8.8,133.0,1003.1,820.0
2025-10-20 02:00:00,4.5,30.1,70.0,0.0,11.6,134.0,1003.0,865.0
2025-10-20 03:00:00,5.67,31.3,65.0,0.0,13.9,134.0,1002.0,1010.0
2025-10-20 04:00:00,4.8,31.8,63.0,0.0,12.4,129.0,1001.1,1075.0
2025-10-20 05:00:00,,32.3,61.0,0.0,11.3,129.0,1000.2,1170.0
2025-10-20 06:00:00,,32.7,57.0,0.0,9.5,119.0,1000.0,1250.0
2025-10-20 07:00:00,,32.4,58.0,0.0,11.1,124.0,999.6,1090.0
2025-10-20 08:00:00,14.6,31.5,61.0,0.0,11.1,126.0,999.8,860.0
2025-10-20 09:00:00,25.0,30.5,67.0,0.0,9.7,140.0,1000.3,510.0
2025-10-20 10:00:00,33.3,29.2,73.0,0.0,9.5,136.0,1000.5,255.0
2025-10-20 11:00:00,42.6,28.4,78.0,0.0,6.6,125.0,1001.2,135.0
2025-10-20 12:00:00,47.2,27.9,82.0,0.0,3.4,133.0,1002.6,105.0
2025-10-20 13:00:00,53.4,27.8,84.0,0.0,2.1,239.0,1003.4,35.0
2025-10-20 14:00:00,43.3,27.2,89.0,0.0,5.5,238.0,1003.9,60.0
2025-10-20 15:00:00,48.0,26.9,90.0,0.0,6.4,218.0,1003.7,75.0
2025-10-20 16:00:00,47.8,26.5,90.0,0.0,5.8,196.0,1003.4,75.0
2025-10-20 17:00:00,47.1,26.2,90.0,0.0,5.2,194.0,1002.8,70.0
2025-10-20 18:00:00,45.5,26.0,93.0,0.0,2.6,245.0,1002.2,55.0
2025-10-20 19:00:00,37.9,26.2,91.0,0.0,2.2,265.0,1001.8,35.0
2025-10-20 20:00:00,27.1,26.1,93.0,0.0,0.5,360.0,1001.9,10.0
2025-10-20 21:00:00,20.0,25.8,95.0,0.0,2.4,347.0,1002.0,30.0
2025-10-20 22:00:00,20.3,25.5,97.0,0.0,1.6,360.0,1002.4,15.0
2025-10-20 23:00:00,28.8,26.2,95.0,0.0,0.6,326.0,1003.0,80.0
2025-10-21 00:00:00,30.7,27.7,84.0,0.0,2.5,225.0,1003.5,240.0
2025-10-21 01:00:00,35.8,29.0,79.0,0.0,3.4,254.0,1003.7,450.0
2025-10-21 02:00:00,30.5,30.2,73.0,0.1,2.9,263.0,1003.9,675.0
2025-10-21 03:00:00,15.8,30.6,72.0,0.2,5.0,270.0,1003.1,740.0
2025-10-21 04:00:00,4.4,29.7,77.0,0.1,5.9,268.0,1002.3,470.0
2025-10-21 05:00:00,6.0,29.8,77.0,0.1,6.1,282.0,1001.6,465.0
2025-10-21 06:00:00,4.01,28.9,80.0,0.2,2.9,338.0,1001.2,245.0
2025-10-21 07:00:00,0.611,30.4,71.0,0.0,2.1,345.0,1000.8,325.0
2025-10-21 08:00:00,0.808,30.3,70.0,0.0,3.6,330.0,1000.7,325.0
2025-10-21 09:00:00,5.47,29.9,71.0,0.0,4.7,310.0,1001.0,225.0
2025-10-21 10:00:00,10.5,29.4,75.0,0.0,5.8,304.0,1001.7,150.0
2025-10-21 11:00:00,23.9,28.9,79.0,0.0,2.7,302.0,1002.0,40.0
2025-10-21 12:00:00,25.1,28.4,86.0,0.0,3.5,81.0,1003.1,60.0
2025-10-21 13:00:00,31.5,28.0,88.0,0.0,2.4,42.0,1003.4,40.0
2025-10-21 14:00:00,45.5,27.5,91.0,0.0,4.2,353.0,1003.7,90.0
2025-10-21 15:00:00,44.0,27.2,91.0,0.0,2.7,312.0,1003.9,75.0
2025-10-21 16:00:00,21.0,26.7,95.0,0.0,2.4,283.0,1003.5,30.0
2025-10-21 17:00:00,7.82,26.6,92.0,0.3,2.4,253.0,1002.6,30.0
2025-10-21 18:00:00,7.2,26.2,96.0,0.0,0.5,315.0,1002.1,10.0
2025-10-21 19:00:00,5.72,26.5,95.0,0.0,4.0,252.0,1001.8,80.0
2025-10-21 20:00:00,5.96,26.3,96.0,0.0,2.6,321.0,1001.7,45.0
2025-10-21 21:00:00,11.2,25.9,97.0,0.0,3.3,315.0,1002.1,55.0
2025-10-21 22:00:00,12.3,25.9,96.0,0.0,2.9,330.0,1002.9,70.0
2025-10-21 23:00:00,10.5,26.4,93.0,0.0,1.9,343.0,1003.2,145.0
2025-10-22 00:00:00,11.5,28.2,83.0,0.0,1.7,311.0,1003.3,290.0
2025-10-22 01:00:00,6.9,29.6,75.0,0.0,1.5,210.0,1003.6,670.0
2025-10-22 02:00:00,19.6,30.3,73.0,0.0,4.3,225.0,1003.5,820.0
2025-10-22 03:00:00,5.39,31.0,70.0,0.0,5.6,253.0,1003.1,940.0
2025-10-22 04:00:00,35.8,31.0,70.0,0.0,7.4,256.0,1002.4,895.0
2025-10-22 05:00:00,27.0,31.1,71.0,0.1,7.7,254.0,1001.5,835.0
2025-10-22 06:00:00,22.4,30.9,68.0,2.7,4.9,287.0,1001.0,530.0
2025-10-22 07:00:00,18.2,30.7,69.0,0.1,5.3,308.0,1000.8,470.0
2025-10-22 08:00:00,24.1,30.7,69.0,0.2,0.8,225.0,1001.3,445.0
2025-10-22 09:00:00,27.5,29.9,74.0,0.6,2.4,163.0,1001.7,270.0
2025-10-22 10:00:00,27.4,29.1,80.0,0.0,3.4,267.0,1002.2,135.0
2025-10-22 11:00:00,32.5,27.7,86.0,0.0,6.5,267.0,1002.8,165.0
2025-10-22 12:00:00,39.8,27.4,89.0,0.0,3.8,71.0,1003.4,60.0
2025-10-22 13:00:00,43.4,27.7,88.0,0.0,0.2,270.0,1003.6,15.0
2025-10-22 14:00:00,47.8,27.4,91.0,0.0,3.4,267.0,1004.0,60.0
2025-10-22 15:00:00,49.5,27.0,92.0,0.0,4.6,329.0,1004.1,75.0
2025-10-22 16:00:00,39.5,26.8,89.0,0.0,4.5,337.0,1003.5,110.0
2025-10-22 17:00:00,32.3,26.4,90.0,0.0,2.4,13.0,1002.7,65.0
2025-10-22 18:00:00,41.8,26.0,90.0,0.0,2.1,31.0,1002.3,45.0
2025-10-22 19:00:00,43.8,26.0,91.0,0.0,3.0,57.0,1002.0,65.0
2025-10-22 20:00:00,37.4,26.0,92.0,0.0,2.7,118.0,1002.2,50.0
2025-10-22 21:00:00,30.3,25.8,94.0,0.0,2.7,157.0,1002.5,30.0
2025-10-22 22:00:00,26.6,25.9,94.0,0.0,1.9,326.0,1003.0,25.0
2025-10-22 23:00:00,26.3,26.6,91.0,0.0,2.1,345.0,1003.7,185.0
2025-10-23 00:00:00,15.7,27.9,81.0,0.0,3.2,360.0,1003.6,330.0
2025-10-23 01:00:00,3.74,28.9,76.0,0.0,2.6,335.0,1003.9,525.0
2025-10-23 02:00:00,2.18,30.2,68.0,0.0,2.8,11.0,1004.5,780.0
2025-10-23 03:00:00,4.42,31.4,63.0,0.1,1.3,344.0,1003.7,980.0
2025-10-23 04:00:00,6.43,32.1,59.0,0.1,0.4,270.0,1002.7,1125.0
2025-10-23 05:00:00,2.62,32.5,57.0,0.1,2.5,210.0,1001.9,1190.0
2025-10-23 06:00:00,0.721,31.2,64.0,0.1,1.2,231.0,1001.3,635.0
2025-10-23 07:00:00,5.13,31.4,65.0,0.2,0.8,297.0,1001.1,525.0
2025-10-23 08:00:00,20.6,31.3,66.0,0.0,4.5,299.0,1000.8,430.0
2025-10-23 09:00:00,3.73,30.1,72.0,0.0,5.5,297.0,1001.3,265.0
2025-10-23 10:00:00,18.8,29.1,80.0,0.6,6.4,288.0,1002.3,165.0
2025-10-23 11:00:00,21.5,27.9,87.0,0.0,9.1,260.0,1003.0,200.0
2025-10-23 12:00:00,26.1,28.2,85.0,0.0,3.2,214.0,1003.5,40.0
2025-10-23 13:00:00,19.8,28.1,89.0,0.0,2.8,252.0,1003.9,55.0
2025-10-23 14:00:00,7.86,27.7,89.0,0.0,3.7,219.0,1004.2,85.0
2025-10-23 15:00:00,10.3,27.5,89.0,0.0,4.9,174.0,1004.2,135.0
2025-10-23 16:00:00,7.14,27.0,89.0,0.0,2.4,103.0,1003.7,70.0
2025-10-23 17:00:00,25.5,26.4,94.0,0.0,4.8,27.0,1003.2,80.0
2025-10-23 18:00:00,27.4,26.2,97.0,0.0,2.9,133.0,1003.4,45.0
2025-10-23 19:00:00,18.4,26.1,96.0,0.1,3.9,167.0,1003.2,125.0
2025-10-23 20:00:00,2.47,26.1,91.0,0.0,3.8,205.0,1003.4,170.0
2025-10-23 21:00:00,5.15,25.9,91.0,0.2,0.6,288.0,1003.2,25.0
2025-10-23 22:00:00,0.674,25.5,94.0,0.0,5.4,354.0,1003.6,125.0
2025-10-23 23:00:00,5.1,25.8,89.0,0.0,6.9,332.0,1003.7,215.0
2025-10-24 00:00:00,5.1,27.4,82.0,0.0,4.1,319.0,1004.6,350.0
2025-10-24 01:00:00,2.02,28.3,77.0,0.0,2.6,309.0,1004.9,555.0
2025-10-24 02:00:00,0.396,29.4,71.0,0.1,1.9,229.0,1004.5,680.0
2025-10-24 03:00:00,0.232,30.7,65.0,0.2,1.2,219.0,1003.9,1020.0
2025-10-24 04:00:00,0.67,31.2,63.0,0.2,0.3,315.0,1003.1,1115.0
2025-10-24 05:00:00,21.8,29.6,72.0,0.6,5.3,305.0,1002.4,525.0
2025-10-24 06:00:00,20.4,28.8,73.0,3.8,2.6,309.0,1001.8,400.0
2025-10-24 07:00:00,2.01,29.7,71.0,0.0,4.0,339.0,1001.3,370.0
2025-10-24 08:00:00,5.81,29.4,72.0,0.0,6.0,339.0,1001.7,370.0
2025-10-24 09:00:00,16.5,28.1,78.0,0.0,4.3,315.0,1002.4,305.0
2025-10-24 10:00:00,28.9,27.5,82.0,0.0,5.1,243.0,1003.1,205.0
2025-10-24 11:00:00,36.2,27.3,83.0,0.0,5.8,277.0,1003.7,185.0
2025-10-24 12:00:00,44.0,26.5,87.0,0.0,3.9,167.0,1004.9,110.0
2025-10-24 13:00:00,45.1,26.6,88.0,0.0,3.6,127.0,1005.4,110.0
2025-10-24 14:00:00,48.6,26.8,88.0,0.0,1.5,256.0,1005.2,70.0
2025-10-24 15:00:00,44.4,26.4,91.0,0.0,5.9,288.0,1005.1,160.0
2025-10-24 16:00:00,36.5,26.1,92.0,0.0,5.9,281.0,1004.8,255.0
2025-10-24 17:00:00,28.9,26.1,91.0,0.0,4.4,279.0,1004.7,250.0
2025-10-24 18:00:00,20.2,26.1,90.0,0.0,3.0,287.0,1004.4,220.0
2025-10-24 19:00:00,16.9,25.9,91.0,0.0,2.2,76.0,1004.2,150.0
2025-10-24 20:00:00,9.16,25.4,94.0,0.0,3.0,33.0,1003.8,110.0
2025-10-24 21:00:00,6.25,25.1,96.0,0.0,2.0,5.0,1003.5,25.0
2025-10-24 22:00:00,5.62,24.8,97.0,0.0,4.0,339.0,1003.6,100.0
2025-10-24 23:00:00,13.2,25.2,95.0,0.0,4.2,317.0,1004.1,165.0
2025-10-25 00:00:00,17.1,27.0,87.0,0.0,4.8,340.0,1005.4,310.0
2025-10-25 01:00:00,22.6,28.4,80.0,0.0,2.2,336.0,1005.7,550.0
2025-10-25 02:00:00,27.5,29.7,73.0,0.1,2.9,169.0,1005.5,765.0
2025-10-25 03:00:00,44.4,30.4,69.0,0.1,2.8,215.0,1005.0,820.0
2025-10-25 04:00:00,56.1,31.1,66.0,0.1,1.9,248.0,1004.2,895.0
2025-10-25 05:00:00,46.0,30.8,68.0,0.0,3.6,233.0,1003.6,850.0
2025-10-25 06:00:00,33.3,30.2,69.0,0.1,1.2,117.0,1003.0,655.0
2025-10-25 07:00:00,30.7,30.4,69.0,0.0,2.1,59.0,1002.8,565.0
2025-10-25 08:00:00,4.16,30.3,71.0,0.0,2.8,342.0,1002.7,615.0
2025-10-25 09:00:00,4.84,29.7,75.0,0.4,2.4,42.0,1003.5,355.0
2025-10-25 10:00:00,17.7,26.5,91.0,4.4,4.9,147.0,1004.2,85.0
2025-10-25 11:00:00,28.3,26.3,90.0,0.1,5.2,176.0,1004.7,110.0
2025-10-25 12:00:00,35.0,27.7,85.0,0.0,6.0,295.0,1005.3,150.0
2025-10-25 13:00:00,36.6,27.7,85.0,0.0,5.1,306.0,1005.3,170.0
2025-10-25 14:00:00,43.1,27.3,89.0,0.0,5.2,304.0,1005.8,240.0
2025-10-25 15:00:00,44.7,27.0,92.0,0.0,1.8,276.0,1005.7,130.0
2025-10-25 16:00:00,47.1,27.0,92.0,0.0,3.8,225.0,1005.5,275.0
2025-10-25 17:00:00,44.4,27.0,90.0,0.0,4.0,243.0,1004.9,290.0
2025-10-25 18:00:00,29.8,26.8,90.0,0.0,5.0,272.0,1004.4,260.0
2025-10-25 19:00:00,10.6,26.6,92.0,0.0,4.3,327.0,1004.1,205.0
2025-10-25 20:00:00,9.56,26.0,95.0,0.0,3.7,29.0,1003.4,85.0
2025-10-25 21:00:00,12.4,25.7,97.0,0.0,2.6,348.0,1003.5,35.0
2025-10-25 22:00:00,,25.6,97.0,0.0,2.2,66.0,1004.2,35.0
2025-10-25 23:00:00,28.7,26.3,94.0,0.0,2.7,113.0,1005.1,115.0
2025-10-26 00:00:00,37.5,27.6,87.0,0.0,2.7,208.0,1005.3,335.0
2025-10-26 01:00:00,29.4,28.7,79.0,0.0,2.7,203.0,1006.1,540.0
2025-10-26 02:00:00,16.3,29.4,76.0,0.2,1.1,90.0,1006.4,575.0
2025-10-26 03:00:00,5.39,29.7,74.0,0.2,0.4,360.0,1005.8,640.0
2025-10-26 04:00:00,9.27,29.5,78.0,0.4,0.8,243.0,1004.9,650.0
2025-10-26 05:00:00,17.2,29.2,78.0,1.0,1.9,214.0,1004.7,465.0
2025-10-26 06:00:00,22.6,28.3,82.0,6.7,4.7,313.0,1004.4,300.0
2025-10-26 07:00:00,24.4,27.9,86.0,0.0,5.9,301.0,1004.0,305.0
2025-10-26 08:00:00,10.2,27.5,86.0,0.4,3.5,332.0,1004.2,300.0
2025-10-26 09:00:00,9.18,27.2,87.0,0.0,3.5,321.0,1004.4,225.0
2025-10-26 10:00:00,15.8,26.9,89.0,0.0,4.6,288.0,1004.6,165.0
2025-10-26 11:00:00,23.6,26.9,90.0,0.0,3.5,291.0,1005.0,155.0
2025-10-26 12:00:00,30.9,26.7,89.0,0.0,6.6,319.0,1006.0,145.0
2025-10-26 13:00:00,30.8,26.7,92.0,0.0,5.4,326.0,1006.7,160.0
2025-10-26 14:00:00,29.8,26.4,93.0,0.0,4.7,344.0,1006.7,150.0
2025-10-26 15:00:00,9.25,26.1,94.0,0.0,5.2,14.0,1006.6,160.0
2025-10-26 16:00:00,6.71,26.0,94.0,0.0,5.7,35.0,1006.0,155.0
2025-10-26 17:00:00,16.7,25.8,95.0,0.0,5.6,59.0,1005.2,120.0
2025-10-26 18:00:00,16.3,25.7,96.0,0.0,3.6,53.0,1004.4,70.0
2025-10-26 19:00:00,18.2,25.5,96.0,0.0,4.8,42.0,1004.9,80.0
2025-10-26 20:00:00,13.6,25.3,96.0,0.0,4.6,48.0,1004.8,70.0
2025-10-26 21:00:00,15.6,25.0,98.0,0.4,3.5,35.0,1005.2,45.0
2025-10-26 22:00:00,24.5,25.1,96.0,0.1,4.9,24.0,1005.4,105.0
2025-10-26 23:00:00,28.4,25.7,93.0,0.0,5.1,17.0,1005.7,155.0
2025-10-27 00:00:00,11.9,27.3,86.0,0.0,1.3,352.0,1005.8,200.0
2025-10-27 01:00:00,16.6,28.7,79.0,0.0,4.0,183.0,1005.9,605.0
2025-10-27 02:00:00,9.39,29.9,73.0,0.0,2.7,212.0,1005.9,875.0
2025-10-27 03:00:00,12.7,30.8,72.0,0.1,2.8,285.0,1005.1,1195.0
2025-10-27 04:00:00,0.0,31.0,71.0,0.3,2.6,254.0,1004.4,880.0
2025-10-27 05:00:00,0.0104,29.5,75.0,7.1,5.2,194.0,1004.1,345.0
2025-10-27 06:00:00,0.0138,28.0,82.0,2.5,5.8,250.0,1003.9,205.0
2025-10-27 07:00:00,0.00283,28.5,81.0,0.0,5.1,262.0,1004.2,265.0
2025-10-27 08:00:00,1.15,27.9,84.0,0.0,4.6,288.0,1004.3,200.0
2025-10-27 09:00:00,14.6,27.9,85.0,0.0,3.8,281.0,1004.6,160.0
2025-10-27 10:00:00,23.5,27.4,88.0,0.0,6.0,333.0,1004.9,125.0
2025-10-27 11:00:00,8.02,27.3,89.0,0.0,1.7,229.0,1005.1,35.0
2025-10-27 12:00:00,6.78,27.2,89.0,0.0,1.3,326.0,1005.5,25.0
2025-10-27 13:00:00,3.27,26.8,93.0,1.0,6.1,247.0,1006.4,100.0
2025-10-27 14:00:00,3.4,26.5,91.0,0.9,6.9,256.0,1005.9,150.0
2025-10-27 15:00:00,11.5,26.1,93.0,0.2,4.3,255.0,1005.6,185.0
2025-10-27 16:00:00,19.0,25.7,95.0,0.0,3.1,324.0,1005.4,115.0
2025-10-27 17:00:00,16.0,25.4,96.0,0.0,1.1,360.0,1004.6,55.0
2025-10-27 18:00:00,23.3,26.0,91.0,0.0,6.5,132.0,1003.8,245.0
2025-10-27 19:00:00,23.9,25.9,89.0,0.0,3.4,137.0,1004.1,225.0
2025-10-27 20:00:00,24.5,25.9,89.0,0.0,2.1,110.0,1004.6,195.0
2025-10-27 21:00:00,17.5,25.6,90.0,0.0,1.5,54.0,1005.0,60.0
2025-10-27 22:00:00,18.2,25.3,94.0,0.0,3.9,24.0,1005.6,90.0
2025-10-27 23:00:00,15.9,26.1,92.0,0.0,2.3,342.0,1005.9,100.0
2025-10-28 00:00:00,18.3,27.5,87.0,0.0,2.7,307.0,1006.8,340.0
2025-10-28 01:00:00,15.9,28.9,80.0,0.0,2.2,318.0,1007.0,545.0
2025-10-28 02:00:00,20.6,30.4,70.0,0.1,1.4,130.0,1006.6,835.0
2025-10-28 03:00:00,22.1,31.3,64.0,0.0,3.4,177.0,1005.7,1025.0
2025-10-28 04:00:00,17.1,32.0,62.0,0.0,3.7,219.0,1004.7,1110.0
2025-10-28 05:00:00,18.8,32.1,62.0,0.0,3.1,257.0,1003.7,1170.0
2025-10-28 06:00:00,35.3,31.3,65.0,4.2,2.8,285.0,1003.7,705.0
2025-10-28 07:00:00,38.6,28.7,76.0,0.9,7.8,13.0,1003.6,270.0
2025-10-28 08:00:00,32.8,29.6,73.0,0.0,1.8,360.0,1003.8,230.0
2025-10-28 09:00:00,27.0,29.1,76.0,0.1,2.8,27.0,1004.5,360.0
2025-10-28 10:00:00,36.5,28.7,79.0,0.0,2.9,317.0,1004.9,190.0
2025-10-28 11:00:00,40.5,28.2,83.0,0.0,4.4,341.0,1005.7,195.0
2025-10-28 12:00:00,44.6,26.4,89.0,0.0,7.4,47.0,1006.2,145.0
2025-10-28 13:00:00,49.8,26.7,87.0,0.8,4.0,350.0,1006.9,100.0
2025-10-28 14:00:00,85.6,25.4,94.0,5.0,2.2,228.0,1007.4,60.0
2025-10-28 15:00:00,64.1,25.2,93.0,0.2,5.9,320.0,1007.3,190.0
2025-10-28 16:00:00,54.0,25.2,94.0,0.1,5.4,345.0,1006.4,245.0
2025-10-28 17:00:00,52.9,25.1,95.0,0.0,2.9,338.0,1006.0,190.0
2025-10-28 18:00:00,42.0,25.7,95.0,0.0,4.6,69.0,1005.1,105.0
2025-10-28 19:00:00,29.5,25.3,97.0,0.0,2.5,90.0,1004.7,80.0
2025-10-28 20:00:00,28.5,25.1,98.0,0.0,2.5,90.0,1004.8,65.0
2025-10-28 21:00:00,28.7,24.9,98.0,0.0,0.8,63.0,1005.1,35.0
2025-10-28 22:00:00,26.8,24.7,99.0,0.0,1.5,69.0,1005.9,35.0
2025-10-28 23:00:00,38.8,26.0,93.0,0.0,1.6,90.0,1006.6,120.0
2025-10-29 00:00:00,41.6,27.0,90.0,0.0,2.7,28.0,1006.8,210.0
2025-10-29 01:00:00,16.5,28.3,83.0,0.2,0.6,34.0,1007.2,370.0
2025-10-29 02:00:00,8.22,29.3,78.0,0.1,2.7,37.0,1006.7,590.0
2025-10-29 03:00:00,30.7,30.3,76.0,0.2,2.3,203.0,1005.9,880.0
2025-10-29 04:00:00,46.8,28.4,81.0,1.9,5.9,121.0,1005.2,385.0
2025-10-29 05:00:00,36.1,28.8,81.0,0.1,7.4,166.0,1004.2,420.0
2025-10-29 06:00:00,30.0,28.5,83.0,0.0,5.9,121.0,1003.9,465.0
2025-10-29 07:00:00,7.29,28.9,79.0,0.0,8.3,179.0,1003.4,485.0
2025-10-29 08:00:00,7.58,29.2,78.0,0.0,1.8,354.0,1003.6,465.0
2025-10-29 09:00:00,10.3,28.5,81.0,0.0,7.2,298.0,1003.5,280.0
2025-10-29 10:00:00,25.8,27.8,85.0,0.0,8.0,308.0,1004.4,230.0
2025-10-29 11:00:00,39.4,27.7,86.0,0.0,8.2,319.0,1005.3,280.0
2025-10-29 12:00:00,39.3,27.7,87.0,0.0,4.0,32.0,1006.0,55.0
2025-10-29 13:00:00,13.4,27.4,92.0,0.0,3.6,30.0,1006.3,40.0
2025-10-29 14:00:00,28.7,27.2,92.0,0.1,1.8,360.0,1006.1,35.0
2025-10-29 15:00:00,46.8,26.3,97.0,0.5,1.6,207.0,1006.2,40.0
2025-10-29 16:00:00,43.5,25.9,95.0,0.3,3.1,177.0,1006.1,170.0
2025-10-29 17:00:00,37.0,25.6,94.0,0.1,5.9,192.0,1005.6,150.0
2025-10-29 18:00:00,39.1,24.7,96.0,0.1,2.1,239.0,1005.1,165.0
2025-10-29 19:00:00,35.0,24.6,97.0,2.1,4.1,29.0,1005.1,155.0
2025-10-29 20:00:00,33.8,24.3,98.0,2.7,1.0,202.0,1004.5,85.0
2025-10-29 21:00:00,34.5,24.2,96.0,1.6,6.3,149.0,1005.2,185.0
2025-10-29 22:00:00,31.4,24.0,97.0,4.2,6.4,135.0,1005.7,140.0
2025-10-29 23:00:00,18.0,24.5,96.0,0.2,2.7,113.0,1006.1,140.0
2025-10-30 00:00:00,20.3,26.8,89.0,0.1,6.1,348.0,1006.6,290.0
2025-10-30 01:00:00,34.2,28.0,86.0,0.1,6.0,351.0,1006.7,430.0
2025-10-30 02:00:00,16.1,28.9,82.0,0.2,3.1,350.0,1006.6,610.0
2025-10-30 03:00:00,4.23,28.6,83.0,0.2,4.2,133.0,1006.0,420.0
2025-10-30 04:00:00,11.4,27.6,85.0,3.0,7.7,183.0,1005.4,360.0
2025-10-30 05:00:00,22.4,27.4,86.0,0.5,4.1,218.0,1004.3,320.0
2025-10-30 06:00:00,49.9,26.4,90.0,0.4,5.3,262.0,1003.7,300.0
2025-10-30 07:00:00,76.5,27.4,85.0,0.0,2.9,300.0,1003.2,350.0
2025-10-30 08:00:00,54.2,27.4,85.0,0.1,1.1,270.0,1003.6,350.0
2025-10-30 09:00:00,49.3,26.2,88.0,1.6,3.5,171.0,1004.0,145.0
2025-10-30 10:00:00,45.1,25.2,93.0,1.8,6.1,12.0,1005.2,180.0
2025-10-30 11:00:00,48.3,24.6,95.0,6.5,1.8,217.0,1006.2,115.0
2025-10-30 12:00:00,52.8,25.3,96.0,0.0,2.6,164.0,1006.1,105.0
2025-10-30 13:00:00,45.8,25.4,95.0,0.0,4.4,12.0,1006.4,155.0
2025-10-30 14:00:00,41.8,25.1,96.0,0.0,3.3,248.0,1006.9,185.0
2025-10-30 15:00:00,41.6,25.1,95.0,0.0,5.0,322.0,1006.8,220.0
2025-10-30 16:00:00,49.2,25.2,94.0,0.0,2.7,323.0,1006.5,180.0
2025-10-30 17:00:00,46.8,24.7,97.0,0.0,3.7,14.0,1005.4,115.0
2025-10-30 18:00:00,29.7,25.4,96.0,0.0,2.7,58.0,1004.2,65.0
2025-10-30 19:00:00,27.7,25.0,97.0,0.0,1.0,158.0,1004.0,65.0
2025-10-30 20:00:00,33.3,25.2,94.0,0.0,2.9,223.0,1004.3,110.0
2025-10-30 21:00:00,38.7,25.3,94.0,0.0,3.2,183.0,1004.6,125.0
2025-10-30 22:00:00,35.6,25.6,91.0,0.0,3.6,81.0,1005.4,85.0
2025-10-30 23:00:00,36.0,26.2,90.0,0.0,3.2,87.0,1006.6,125.0
2025-10-31 00:00:00,42.6,27.5,88.0,0.0,3.0,327.0,1006.6,215.0
2025-10-31 01:00:00,27.3,28.6,82.0,0.0,2.1,345.0,1006.7,405.0
2025-10-31 02:00:00,19.9,29.8,77.0,0.1,2.6,12.0,1006.6,725.0
2025-10-31 03:00:00,18.7,30.4,73.0,0.1,1.9,22.0,1005.7,830.0
2025-10-31 04:00:00,43.5,30.7,69.0,0.0,2.8,101.0,1004.8,935.0
2025-10-31 05:00:00,36.4,31.2,66.0,0.0,2.7,48.0,1003.9,975.0
2025-10-31 06:00:00,28.3,31.3,69.0,0.0,2.7,352.0,1003.6,820.0
2025-10-31 07:00:00,9.14,31.4,69.0,0.1,2.7,290.0,1002.9,655.0
2025-10-31 08:00:00,9.89,30.8,73.0,0.0,3.2,273.0,1003.5,280.0
2025-10-31 09:00:00,7.58,29.7,80.0,0.0,6.8,243.0,1004.1,215.0
2025-10-31 10:00:00,8.41,28.7,86.0,0.0,5.4,249.0,1004.6,155.0
2025-10-31 11:00:00,24.1,28.4,90.0,0.0,2.6,304.0,1005.5,40.0
2025-10-31 12:00:00,29.9,27.8,88.0,0.0,2.2,279.0,1005.9,30.0
2025-10-31 13:00:00,38.1,28.1,88.0,0.0,2.2,90.0,1006.5,25.0
2025-10-31 14:00:00,42.2,27.8,90.0,0.0,5.0,125.0,1006.6,70.0
2025-10-31 15:00:00,40.0,27.7,87.0,0.0,5.4,138.0,1006.1,90.0
2025-10-31 16:00:00,33.5,27.5,86.0,0.0,5.5,144.0,1006.0,105.0
2025-10-31 17:00:00,28.0,27.0,87.0,0.0,5.3,142.0,1005.4,110.0
2025-10-31 18:00:00,29.5,26.7,87.0,0.0,1.2,333.0,1004.8,45.0
2025-10-31 19:00:00,22.5,26.6,90.0,0.0,5.7,283.0,1004.8,155.0
2025-10-31 20:00:00,17.2,26.2,92.0,0.0,5.5,287.0,1005.0,185.0
2025-10-31 21:00:00,15.3,25.9,93.0,0.0,5.3,308.0,1005.3,140.0
2025-10-31 22:00:00,11.4,25.8,92.0,0.0,5.8,309.0,1006.1,140.0
2025-10-31 23:00:00,9.6,26.3,90.0,0.0,4.4,291.0,1007.5,185.0
2025-11-01 00:00:00,17.1,27.9,86.0,0.0,3.4,288.0,1007.1,270.0
2025-11-01 01:00:00,6.53,29.2,79.0,0.1,2.4,261.0,1007.4,610.0
2025-11-01 02:00:00,11.7,30.0,76.0,0.1,2.1,211.0,1007.3,885.0
2025-11-01 03:00:00,6.74,30.6,71.0,0.1,5.2,149.0,1006.2,935.0
2025-11-01 04:00:00,0.326,31.3,65.0,0.2,5.5,131.0,1005.0,1020.0
2025-11-01 05:00:00,2.27,32.0,62.0,0.3,6.1,137.0,1003.9,1145.0
2025-11-01 06:00:00,1.44,32.2,59.0,0.4,4.8,77.0,1003.7,1340.0
2025-11-01 07:00:00,0.0,32.3,56.0,0.0,3.7,39.0,1003.3,1350.0
2025-11-01 08:00:00,0.413,31.8,56.0,0.0,1.5,277.0,1004.0,255.0
2025-11-01 09:00:00,5.55,29.8,73.0,0.0,6.1,282.0,1004.4,130.0
2025-11-01 10:00:00,6.03,28.7,82.0,0.5,2.4,261.0,1005.2,30.0
2025-11-01 11:00:00,13.7,27.8,88.0,0.4,0.4,243.0,1006.3,15.0
2025-11-01 12:00:00,40.3,28.4,81.0,0.0,1.5,240.0,1007.2,35.0
2025-11-01 13:00:00,46.5,27.8,87.0,0.0,7.3,237.0,1007.4,155.0
2025-11-01 14:00:00,44.9,27.4,90.0,0.0,8.2,234.0,1007.6,185.0
2025-11-01 15:00:00,37.0,26.9,92.0,0.0,3.6,233.0,1007.2,120.0
2025-11-01 16:00:00,35.0,26.6,93.0,0.0,4.1,247.0,1007.1,110.0
2025-11-01 17:00:00,19.3,26.3,94.0,0.0,3.1,310.0,1006.1,60.0
2025-11-01 18:00:00,6.07,26.3,93.0,0.0,2.4,333.0,1005.5,50.0
2025-11-01 19:00:00,4.23,26.5,91.0,0.0,3.9,336.0,1005.2,85.0
2025-11-01 20:00:00,3.88,26.1,93.0,0.0,3.2,333.0,1005.4,55.0
2025-11-01 21:00:00,6.97,25.9,94.0,0.0,2.8,259.0,1005.6,45.0
2025-11-01 22:00:00,5.62,25.7,95.0,0.0,1.4,270.0,1006.1,20.0
2025-11-01 23:00:00,2.63,26.3,93.0,0.0,2.9,274.0,1007.1,135.0
2025-11-02 00:00:00,2.75,27.3,86.0,0.0,2.8,345.0,1007.4,230.0
2025-11-02 01:00:00,2.47,28.9,76.0,0.0,1.9,107.0,1008.0,595.0
2025-11-02 02:00:00,0.557,30.1,72.0,0.1,0.5,225.0,1007.3,945.0
2025-11-02 03:00:00,0.131,31.0,70.0,0.1,1.5,291.0,1006.4,1140.0
2025-11-02 04:00:00,0.0,31.9,64.0,0.0,4.2,7.0,1005.2,1330.0
2025-11-02 05:00:00,0.0138,31.9,62.0,0.0,5.3,66.0,1004.2,1315.0
2025-11-02 06:00:00,0.0,31.4,64.0,0.1,2.8,63.0,1003.5,1130.0
2025-11-02 07:00:00,0.0,31.7,63.0,0.0,2.6,16.0,1003.0,1230.0
2025-11-02 08:00:00,0.0,30.9,64.0,0.1,4.8,347.0,1003.3,635.0
2025-11-02 09:00:00,1.04,30.1,68.0,0.1,5.8,2.0,1003.9,475.0
2025-11-02 10:00:00,6.56,28.9,76.0,0.0,8.4,7.0,1004.7,220.0
2025-11-02 11:00:00,17.9,28.3,79.0,0.0,8.3,6.0,1005.7,175.0
2025-11-02 12:00:00,8.34,27.7,78.0,0.0,8.6,10.0,1006.2,205.0
2025-11-02 13:00:00,3.9,27.8,79.0,0.0,7.2,13.0,1006.8,220.0
2025-11-02 14:00:00,1.92,27.4,81.0,0.0,6.6,13.0,1006.5,160.0
2025-11-02 15:00:00,2.85,27.0,84.0,0.0,5.9,23.0,1006.7,120.0
2025-11-02 16:00:00,1.33,25.7,88.0,1.2,9.8,346.0,1006.9,150.0
2025-11-02 17:00:00,2.25,24.5,93.0,11.9,8.2,350.0,1006.2,130.0
2025-11-02 18:00:00,3.28,24.4,90.0,0.8,9.4,318.0,1005.5,150.0
2025-11-02 19:00:00,3.19,24.3,92.0,1.9,8.5,328.0,1005.5,175.0
2025-11-02 20:00:00,4.14,24.5,92.0,0.2,9.2,7.0,1005.1,160.0
2025-11-02 21:00:00,5.85,24.6,91.0,0.1,7.7,9.0,1005.4,135.0
2025-11-02 22:00:00,13.4,24.7,92.0,0.0,2.9,356.0,1005.7,90.0
2025-11-02 23:00:00,25.6,25.0,91.0,0.0,2.8,333.0,1005.9,120.0
2025-11-03 00:00:00,26.8,25.6,93.0,0.0,2.0,360.0,1006.8,60.0
2025-11-03 01:00:00,19.7,26.5,89.0,0.6,4.2,329.0,1006.3,135.0
2025-11-03 02:00:00,15.2,28.0,83.0,0.1,2.3,315.0,1005.8,825.0
2025-11-03 03:00:00,26.3,28.9,78.0,0.0,0.2,270.0,1005.5,985.0
2025-11-03 04:00:00,16.4,29.3,74.0,0.0,4.7,353.0,1004.2,1080.0
2025-11-03 05:00:00,17.8,29.8,70.0,0.0,4.7,16.0,1003.8,1245.0
2025-11-03 06:00:00,12.4,25.8,89.0,0.0,7.4,356.0,1004.1,360.0
2025-11-03 07:00:00,10.2,26.7,86.0,1.5,6.9,303.0,1004.0,135.0
2025-11-03 08:00:00,29.8,27.1,85.0,0.5,2.6,16.0,1004.0,115.0
2025-11-03 09:00:00,37.8,27.3,83.0,0.0,1.1,270.0,1004.1,90.0
2025-11-03 10:00:00,29.1,27.0,86.0,0.0,3.5,279.0,1004.0,95.0
2025-11-03 11:00:00,29.3,26.9,85.0,0.0,3.6,311.0,1004.7,80.0
2025-11-03 12:00:00,12.4,25.3,91.0,0.0,2.5,330.0,1005.8,90.0
2025-11-03 13:00:00,8.93,25.6,89.0,0.0,9.7,39.0,1005.7,400.0
2025-11-03 14:00:00,11.1,25.7,84.0,0.0,11.3,27.0,1005.3,380.0
2025-11-03 15:00:00,8.77,25.7,83.0,0.1,11.5,34.0,1005.1,400.0
2025-11-03 16:00:00,5.53,25.6,84.0,0.1,11.2,26.0,1004.4,430.0
2025-11-03 17:00:00,5.67,25.5,83.0,0.0,12.4,8.0,1003.0,545.0
2025-11-03 18:00:00,5.96,25.4,85.0,0.0,11.2,2.0,1002.8,515.0
2025-11-03 19:00:00,5.61,25.3,86.0,0.4,9.4,360.0,1002.1,385.0
2025-11-03 20:00:00,4.25,25.2,87.0,0.1,9.9,9.0,1002.0,345.0
2025-11-03 21:00:00,3.87,25.2,86.0,0.0,10.6,357.0,1001.8,385.0
2025-11-03 22:00:00,5.34,25.4,85.0,0.0,11.8,7.0,1002.3,600.0
2025-11-03 23:00:00,7.55,25.5,85.0,0.1,11.4,355.0,1002.8,530.0
2025-11-04 00:00:00,9.66,25.7,85.0,0.1,12.7,353.0,1002.9,630.0
2025-11-04 01:00:00,9.38,26.8,81.0,0.0,11.7,356.0,1003.4,700.0
2025-11-04 02:00:00,25.3,27.5,80.0,0.9,14.0,1.0,1003.1,915.0
2025-11-04 03:00:00,31.1,27.3,82.0,2.1,8.8,5.0,1002.4,705.0
2025-11-04 04:00:00,24.6,27.4,82.0,0.1,11.1,353.0,1001.2,590.0
2025-11-04 05:00:00,18.2,28.0,80.0,0.4,8.2,10.0,1000.7,945.0
2025-11-04 06:00:00,6.87,27.4,81.0,0.3,9.2,356.0,1000.3,560.0
2025-11-04 07:00:00,4.85,27.5,81.0,0.1,8.6,349.0,1000.0,535.0
2025-11-04 08:00:00,4.44,27.4,82.0,0.3,8.4,10.0,1000.2,605.0
2025-11-04 09:00:00,11.0,27.1,84.0,0.1,5.2,354.0,1000.4,185.0
2025-11-04 10:00:00,31.1,26.7,86.0,0.0,5.4,340.0,1000.3,90.0
2025-11-04 11:00:00,28.6,26.4,86.0,0.0,6.7,5.0,1000.8,120.0
2025-11-04 12:00:00,0.401,26.1,93.0,0.1,0.5,360.0,1000.9,15.0
2025-11-04 13:00:00,6.37,26.1,94.0,0.0,4.7,358.0,1001.5,85.0
2025-11-04 14:00:00,16.6,26.0,92.0,0.0,6.8,3.0,1001.3,100.0
2025-11-04 15:00:00,10.0,25.9,91.0,0.1,5.4,352.0,1000.9,95.0
2025-11-04 16:00:00,15.2,25.7,92.0,0.4,1.0,315.0,1000.7,20.0
2025-11-04 17:00:00,32.1,25.8,91.0,0.3,4.5,2.0,999.4,75.0
2025-11-04 18:00:00,28.5,25.5,93.0,0.1,2.3,39.0,998.9,40.0
2025-11-04 19:00:00,28.6,25.6,92.0,0.0,1.7,41.0,998.7,35.0
2025-11-04 20:00:00,13.6,25.5,91.0,0.0,3.1,54.0,998.9,90.0
2025-11-04 21:00:00,17.6,25.8,85.0,0.0,5.0,46.0,999.2,600.0
2025-11-04 22:00:00,5.22,25.6,86.0,0.0,4.3,57.0,1000.0,520.0
2025-11-04 23:00:00,7.46,26.8,83.0,0.0,6.4,52.0,1000.8,630.0
2025-11-05 00:00:00,4.73,27.8,78.0,0.0,6.8,88.0,1001.4,935.0
2025-11-05 01:00:00,0.134,28.8,76.0,0.0,7.2,127.0,1001.6,985.0
2025-11-05 02:00:00,0.0138,30.1,66.0,0.0,13.9,96.0,1001.7,1115.0
2025-11-05 03:00:00,0.0604,30.8,63.0,0.0,15.5,102.0,1001.3,1195.0
2025-11-05 04:00:00,0.07,30.9,64.0,0.0,17.2,111.0,999.9,1170.0
2025-11-05 05:00:00,0.139,31.1,63.0,0.1,18.3,115.0,999.0,1090.0
2025-11-05 06:00:00,,31.0,63.0,0.0,16.3,117.0,998.8,1190.0
2025-11-05 07:00:00,0.457,30.4,66.0,0.1,16.5,119.0,998.8,1050.0
2025-11-05 08:00:00,2.3,29.6,70.0,0.0,14.6,111.0,999.4,920.0
2025-11-05 09:00:00,9.96,29.0,72.0,0.0,13.4,108.0,999.9,850.0
2025-11-05 10:00:00,15.4,28.1,75.0,0.0,13.1,105.0,1000.3,720.0
2025-11-05 11:00:00,12.8,27.6,78.0,0.0,12.2,104.0,1001.0,695.0
2025-11-05 12:00:00,10.7,27.5,77.0,0.0,10.3,96.0,1001.8,420.0
2025-11-05 13:00:00,3.38,27.5,77.0,0.0,9.7,109.0,1002.9,510.0
2025-11-05 14:00:00,4.45,27.4,77.0,0.0,11.3,110.0,1002.9,525.0
2025-11-05 15:00:00,5.96,27.2,78.0,0.0,11.0,114.0,1002.7,435.0
2025-11-05 16:00:00,3.27,27.1,78.0,0.0,9.0,121.0,1002.8,485.0
2025-11-05 17:00:00,0.646,26.8,79.0,0.0,6.3,105.0,1002.6,420.0
2025-11-05 18:00:00,0.19,26.7,80.0,0.0,6.8,93.0,1002.6,325.0
2025-11-05 19:00:00,0.114,26.7,80.0,0.0,6.2,105.0,1002.8,295.0
2025-11-05 20:00:00,1.24,26.4,81.0,0.0,5.2,106.0,1003.0,275.0
2025-11-05 21:00:00,3.73,26.3,81.0,0.0,6.4,135.0,1003.2,320.0
2025-11-05 22:00:00,4.49,26.2,82.0,0.0,7.6,128.0,1003.6,340.0
2025-11-05 23:00:00,9.65,26.8,81.0,0.0,5.6,111.0,1004.3,310.0
2025-11-06 00:00:00,8.77,28.3,77.0,0.0,5.1,126.0,1004.9,655.0
2025-11-06 01:00:00,3.4,29.5,73.0,0.0,7.6,126.0,1005.6,865.0
2025-11-06 02:00:00,0.359,30.4,68.0,0.0,12.3,130.0,1005.6,925.0
2025-11-06 03:00:00,0.613,31.1,65.0,0.1,13.6,124.0,1004.7,925.0
2025-11-06 04:00:00,0.769,31.7,63.0,0.0,11.8,126.0,1003.9,1130.0
2025-11-06 05:00:00,1.6,31.7,61.0,0.8,11.4,131.0,1003.4,775.0
2025-11-06 06:00:00,0.63,31.4,65.0,1.3,4.8,135.0,1003.0,975.0
2025-11-06 07:00:00,2.17,30.4,69.0,0.8,6.2,120.0,1002.7,670.0
2025-11-06 08:00:00,11.7,30.4,69.0,0.0,4.6,101.0,1003.0,705.0
2025-11-06 09:00:00,18.9,30.0,71.0,0.0,2.4,54.0,1003.2,465.0
2025-11-06 10:00:00,17.2,29.1,78.0,0.0,2.7,20.0,1004.2,85.0
2025-11-06 11:00:00,22.3,28.7,81.0,0.0,1.1,99.0,1004.8,55.0
2025-11-06 12:00:00,42.1,28.0,87.0,0.0,2.1,149.0,1005.8,30.0
2025-11-06 13:00:00,56.2,28.0,87.0,0.0,1.4,220.0,1006.5,15.0
2025-11-06 14:00:00,58.6,27.6,89.0,0.0,2.7,28.0,1006.8,50.0
2025-11-06 15:00:00,41.9,27.2,89.0,0.0,4.8,53.0,1006.7,120.0
2025-11-06 16:00:00,35.9,26.6,89.0,0.0,3.3,54.0,1006.2,55.0
2025-11-06 17:00:00,11.0,26.2,91.0,0.0,0.9,53.0,1005.7,35.0
2025-11-06 18:00:00,6.37,25.6,93.0,0.0,2.7,28.0,1005.4,45.0
2025-11-06 19:00:00,8.28,25.6,92.0,0.0,2.2,336.0,1005.2,40.0
2025-11-06 20:00:00,16.4,25.3,94.0,0.0,2.4,287.0,1005.1,55.0
2025-11-06 21:00:00,24.4,25.1,96.0,0.0,4.2,265.0,1005.5,85.0
2025-11-06 22:00:00,30.1,25.0,96.0,0.0,4.2,290.0,1006.2,160.0
2025-11-06 23:00:00,32.0,25.3,94.0,0.0,2.9,349.0,1006.7,170.0
2025-11-07 00:00:00,20.9,27.0,88.0,0.0,4.3,336.0,1007.0,250.0
2025-11-07 01:00:00,28.9,28.6,81.0,0.0,3.4,354.0,1007.4,405.0
2025-11-07 02:00:00,39.7,30.1,74.0,0.0,1.4,50.0,1007.4,620.0
2025-11-07 03:00:00,47.9,30.8,69.0,0.1,0.2,180.0,1006.9,810.0
2025-11-07 04:00:00,45.4,31.3,68.0,0.0,2.0,243.0,1006.1,990.0
2025-11-07 05:00:00,38.9,30.9,70.0,0.0,5.6,243.0,1005.4,930.0
2025-11-07 06:00:00,33.8,29.8,74.0,8.3,6.8,273.0,1004.9,515.0
2025-11-07 07:00:00,30.2,30.1,73.0,0.0,4.0,111.0,1004.4,510.0
2025-11-07 08:00:00,31.8,28.9,74.0,1.8,3.7,337.0,1004.9,605.0
2025-11-07 09:00:00,34.7,28.2,79.0,0.0,3.4,25.0,1004.7,290.0
2025-11-07 10:00:00,33.9,27.6,83.0,0.0,6.1,360.0,1005.5,255.0
2025-11-07 11:00:00,35.2,27.0,86.0,0.0,6.2,352.0,1005.8,255.0
2025-11-07 12:00:00,30.8,26.8,91.0,0.0,0.3,135.0,1006.5,20.0
2025-11-07 13:00:00,30.0,26.6,91.0,0.0,3.3,9.0,1007.2,180.0
2025-11-07 14:00:00,29.8,26.7,91.0,0.0,2.4,63.0,1006.8,90.0
2025-11-07 15:00:00,24.2,26.3,94.0,0.0,2.7,90.0,1006.0,90.0
2025-11-07 16:00:00,27.8,26.1,94.0,0.0,1.3,188.0,1005.7,50.0
2025-11-07 17:00:00,23.0,25.9,95.0,0.0,2.6,245.0,1004.8,145.0
2025-11-07 18:00:00,16.3,24.7,98.0,0.0,4.4,353.0,1005.2,220.0
2025-11-07 19:00:00,11.3,25.2,95.0,0.3,5.7,13.0,1004.6,160.0
2025-11-07 20:00:00,6.29,24.8,97.0,0.0,3.5,62.0,1004.5,130.0
2025-11-07 21:00:00,9.46,24.6,98.0,0.0,1.0,121.0,1004.8,65.0
2025-11-07 22:00:00,21.4,24.4,98.0,0.0,0.8,153.0,1004.9,40.0
2025-11-07 23:00:00,24.9,25.5,94.0,0.0,2.0,175.0,1005.5,95.0
2025-11-08 00:00:00,21.7,26.9,90.0,0.0,2.5,291.0,1005.7,250.0
2025-11-08 01:00:00,10.7,28.6,79.0,0.1,4.2,317.0,1005.5,715.0
2025-11-08 02:00:00,4.51,29.7,70.0,0.4,7.9,3.0,1005.3,815.0
2025-11-08 03:00:00,1.04,30.9,65.0,0.1,8.0,346.0,1004.7,1080.0
2025-11-08 04:00:00,0.486,31.3,63.0,0.0,9.4,336.0,1003.1,1435.0
2025-11-08 05:00:00,0.0,31.5,60.0,0.0,7.6,332.0,1001.9,1465.0
2025-11-08 06:00:00,0.0,31.4,58.0,0.0,6.1,328.0,1001.7,1330.0
2025-11-08 07:00:00,0.115,31.3,58.0,0.0,6.7,322.0,1001.0,1110.0
2025-11-08 08:00:00,3.25,30.1,67.0,0.0,11.2,322.0,1000.8,595.0
2025-11-08 09:00:00,5.82,29.6,71.0,0.0,5.7,349.0,1001.2,425.0
2025-11-08 10:00:00,21.9,28.9,76.0,0.0,3.4,3.0,1001.4,75.0
2025-11-08 11:00:00,23.2,28.4,79.0,0.0,3.5,351.0,1001.6,80.0
2025-11-08 12:00:00,26.0,27.8,82.0,0.0,1.0,329.0,1001.4,35.0
2025-11-08 13:00:00,21.1,27.3,81.0,0.0,5.7,18.0,1001.6,115.0
2025-11-08 14:00:00,22.4,26.8,79.0,0.0,5.8,360.0,1000.9,130.0
2025-11-08 15:00:00,24.3,26.4,80.0,0.0,7.9,340.0,999.6,295.0
2025-11-08 16:00:00,17.4,26.4,81.0,0.0,8.2,10.0,999.7,420.0
2025-11-08 17:00:00,23.2,26.3,81.0,0.0,9.4,348.0,998.8,510.0
2025-11-08 18:00:00,19.1,26.6,77.0,0.0,9.1,352.0,998.3,430.0
2025-11-08 19:00:00,26.2,26.3,76.0,0.0,9.1,328.0,996.9,395.0
2025-11-08 20:00:00,9.21,25.9,72.0,0.0,10.2,350.0,996.2,415.0
2025-11-08 21:00:00,11.9,25.9,68.0,0.0,10.9,327.0,995.2,680.0
2025-11-08 22:00:00,19.2,25.3,72.0,0.7,12.8,318.0,995.6,770.0
2025-11-08 23:00:00,30.3,24.7,80.0,0.9,15.0,330.0,995.7,840.0
2025-11-09 00:00:00,29.6,24.7,83.0,0.7,11.7,322.0,995.3,555.0
2025-11-09 01:00:00,40.3,25.3,85.0,0.8,14.8,331.0,994.9,490.0
2025-11-09 02:00:00,42.6,25.8,85.0,0.5,15.9,328.0,993.4,640.0
2025-11-09 03:00:00,32.3,24.7,91.0,2.9,16.0,324.0,992.2,590.0
2025-11-09 04:00:00,8.39,24.6,91.0,5.9,12.3,325.0,991.3,665.0
2025-11-09 05:00:00,5.31,24.6,91.0,5.5,12.9,306.0,989.4,780.0
2025-11-09 06:00:00,2.98,24.2,94.0,4.5,15.5,271.0,988.1,655.0
2025-11-09 07:00:00,4.48,24.6,94.0,6.3,13.9,269.0,986.5,650.0
2025-11-09 08:00:00,1.68,25.6,91.0,4.5,30.1,274.0,984.7,920.0
2025-11-09 09:00:00,0.445,26.4,90.0,3.7,32.1,279.0,983.8,900.0
2025-11-09 10:00:00,0.142,26.1,91.0,4.1,35.7,272.0,983.1,860.0
2025-11-09 11:00:00,0.0918,26.6,90.0,3.0,33.3,260.0,982.6,735.0
2025-11-09 12:00:00,0.153,26.3,90.0,4.6,33.3,244.0,983.7,870.0
2025-11-09 13:00:00,0.00283,26.3,91.0,5.7,32.4,246.0,983.5,940.0
2025-11-09 14:00:00,0.0195,26.5,90.0,5.5,27.7,236.0,983.5,990.0
2025-11-09 15:00:00,0.389,26.7,89.0,3.7,28.9,223.0,983.7,1060.0
2025-11-09 16:00:00,0.211,26.6,90.0,5.4,29.1,216.0,984.8,1110.0
2025-11-09 17:00:00,0.395,26.4,91.0,2.1,26.0,209.0,985.6,925.0
2025-11-09 18:00:00,1.59,26.0,91.0,1.6,23.3,220.0,986.6,865.0
2025-11-09 19:00:00,3.04,26.6,89.0,2.5,31.4,224.0,986.8,940.0
2025-11-09 20:00:00,1.67,26.3,88.0,2.1,34.8,219.0,987.6,945.0
2025-11-09 21:00:00,2.32,26.1,89.0,2.3,32.9,211.0,988.9,870.0
2025-11-09 22:00:00,2.65,26.0,89.0,2.8,30.7,205.0,990.4,840.0
2025-11-09 23:00:00,2.69,26.0,88.0,1.5,31.6,206.0,991.8,865.0
2025-11-10 00:00:00,1.74,27.3,84.0,0.9,27.5,212.0,992.6,990.0
2025-11-10 01:00:00,2.36,28.3,82.0,0.3,26.2,215.0,993.5,1100.0
2025-11-10 02:00:00,1.09,28.1,80.0,1.2,28.4,218.0,994.9,1195.0
2025-11-10 03:00:00,2.81,28.6,75.0,0.5,32.5,217.0,994.8,1235.0
2025-11-10 04:00:00,1.96,28.8,75.0,0.7,31.1,220.0,994.3,1155.0
2025-11-10 05:00:00,2.04,28.0,78.0,1.3,33.9,224.0,993.9,1090.0
2025-11-10 06:00:00,2.54,29.3,79.0,0.5,19.6,207.0,993.5,1260.0
2025-11-10 07:00:00,3.64,29.4,79.0,0.1,18.4,199.0,993.5,1150.0
2025-11-10 08:00:00,4.93,28.0,78.0,0.9,21.8,226.0,994.8,1015.0
2025-11-10 09:00:00,6.31,27.1,85.0,0.7,18.9,204.0,995.5,1020.0
2025-11-10 10:00:00,8.23,26.1,86.0,1.7,22.2,221.0,996.4,905.0
2025-11-10 11:00:00,9.25,26.5,85.0,0.6,22.0,213.0,996.7,985.0
2025-11-10 12:00:00,15.1,27.6,79.0,0.6,16.4,218.0,998.0,1030.0
2025-11-10 13:00:00,11.8,27.3,79.0,0.5,19.2,202.0,998.7,885.0
2025-11-10 14:00:00,8.66,25.8,84.0,1.9,19.5,213.0,999.8,760.0
2025-11-10 15:00:00,7.15,26.6,80.0,0.6,20.5,219.0,1000.3,905.0
2025-11-10 16:00:00,5.04,26.2,82.0,0.4,23.0,209.0,1000.0,720.0
2025-11-10 17:00:00,8.96,25.5,88.0,0.0,15.0,186.0,999.8,680.0
2025-11-10 18:00:00,1.03,26.4,84.0,0.3,13.5,210.0,999.6,745.0
2025-11-10 19:00:00,1.24,26.6,84.0,0.2,14.8,217.0,999.6,745.0
2025-11-10 20:00:00,3.31,26.4,81.0,0.3,18.6,236.0,1000.1,780.0
2025-11-10 21:00:00,12.0,26.0,85.0,0.5,12.0,249.0,1000.9,685.0
2025-11-10 22:00:00,6.64,25.7,85.0,0.2,12.1,221.0,1001.5,570.0
2025-11-10 23:00:00,4.3,26.1,86.0,0.0,14.4,206.0,1002.1,615.0
2025-11-11 00:00:00,1.21,27.5,79.0,0.0,10.2,247.0,1002.9,690.0
2025-11-11 01:00:00,3.31,26.8,81.0,0.8,14.8,269.0,1003.8,655.0
2025-11-11 02:00:00,5.13,27.6,80.0,0.1,6.7,239.0,1003.5,610.0
2025-11-11 03:00:00,2.26,28.6,76.0,0.0,8.9,245.0,1002.9,845.0
2025-11-11 04:00:00,1.46,29.0,75.0,0.0,11.5,236.0,1001.7,790.0
2025-11-11 05:00:00,3.6,29.5,72.0,0.0,14.1,233.0,1000.9,845.0
2025-11-11 06:00:00,3.78,30.1,70.0,0.0,13.4,246.0,1000.7,880.0
2025-11-11 07:00:00,3.23,29.6,72.0,0.1,14.7,245.0,1000.6,810.0
2025-11-11 08:00:00,3.62,29.4,73.0,0.1,13.4,231.0,1000.7,810.0
2025-11-11 09:00:00,6.06,28.7,77.0,0.0,11.2,229.0,1001.0,685.0
2025-11-11 10:00:00,7.47,28.2,79.0,0.0,10.1,230.0,1001.5,570.0
2025-11-11 11:00:00,8.44,27.8,80.0,0.0,9.5,217.0,1002.1,475.0
2025-11-11 12:00:00,8.34,28.0,83.0,0.0,6.9,200.0,1002.5,255.0
2025-11-11 13:00:00,12.9,28.1,83.0,0.0,4.2,198.0,1003.3,395.0
2025-11-11 14:00:00,20.7,27.7,83.0,0.1,5.8,184.0,1003.6,160.0
2025-11-11 15:00:00,33.1,27.1,87.0,0.0,1.1,198.0,1003.6,35.0
2025-11-11 16:00:00,27.7,26.7,88.0,0.1,1.4,203.0,1003.3,30.0
2025-11-11 17:00:00,25.6,26.5,87.0,0.1,3.0,303.0,1003.2,75.0
2025-11-11 18:00:00,29.6,25.9,88.0,0.0,1.8,276.0,1002.8,45.0
2025-11-11 19:00:00,28.3,25.4,91.0,0.1,2.4,347.0,1002.8,55.0
2025-11-11 20:00:00,31.4,25.3,94.0,0.1,2.6,12.0,1003.0,60.0
2025-11-11 21:00:00,31.2,25.2,94.0,0.1,2.2,355.0,1003.4,75.0
2025-11-11 22:00:00,32.0,24.7,95.0,0.1,1.7,32.0,1004.2,65.0
2025-11-11 23:00:00,38.5,25.6,92.0,0.0,3.5,35.0,1004.9,115.0
2025-11-12 00:00:00,38.4,27.0,87.0,0.0,1.5,83.0,1005.1,215.0
2025-11-12 01:00:00,26.0,28.5,80.0,0.1,3.6,279.0,1005.2,460.0
2025-11-12 02:00:00,21.1,29.3,75.0,0.1,6.0,280.0,1005.1,665.0
2025-11-12 03:00:00,15.1,29.8,72.0,0.0,7.2,267.0,1004.7,750.0
2025-11-12 04:00:00,10.8,30.1,71.0,0.0,7.6,255.0,1004.4,780.0
2025-11-12 05:00:00,15.3,30.2,70.0,0.0,8.1,245.0,1003.6,800.0
2025-11-12 06:00:00,,30.2,68.0,0.0,8.3,256.0,1002.6,795.0
2025-11-12 07:00:00,,30.2,67.0,0.0,6.9,242.0,1002.2,760.0
2025-11-12 08:00:00,,29.7,71.0,0.0,6.4,227.0,1002.5,590.0
2025-11-12 09:00:00,,29.0,76.0,0.0,4.8,214.0,1002.8,305.0
2025-11-12 10:00:00,,28.4,80.0,0.0,4.8,193.0,1003.4,230.0
2025-11-12 11:00:00,,28.2,82.0,0.0,5.5,189.0,1004.6,195.0
2025-11-12 12:00:00,27.9,27.8,86.0,0.0,0.3,45.0,1005.3,35.0
2025-11-12 13:00:00,38.1,27.9,84.0,0.0,2.7,86.0,1005.7,50.0
2025-11-12 14:00:00,68.8,27.3,88.0,0.0,3.6,84.0,1005.8,40.0
2025-11-12 15:00:00,64.3,27.0,90.0,0.0,3.1,66.0,1005.9,30.0
2025-11-12 16:00:00,56.5,26.6,91.0,0.0,3.3,36.0,1005.3,35.0
2025-11-12 17:00:00,49.7,26.3,91.0,0.0,3.6,6.0,1004.6,50.0
2025-11-12 18:00:00,48.2,25.6,91.0,0.0,4.5,353.0,1004.4,120.0
2025-11-12 19:00:00,47.6,25.4,91.0,0.0,5.4,345.0,1004.3,150.0
2025-11-12 20:00:00,48.5,25.2,92.0,0.0,5.2,344.0,1004.5,180.0
2025-11-12 21:00:00,42.6,24.9,92.0,0.0,5.8,351.0,1004.7,235.0
2025-11-12 22:00:00,38.9,24.8,91.0,0.0,6.9,354.0,1005.4,260.0
2025-11-12 23:00:00,31.9,25.3,89.0,0.0,6.9,351.0,1005.9,310.0
2025-11-13 00:00:00,22.9,26.7,85.0,0.0,9.5,350.0,1006.2,400.0
2025-11-13 01:00:00,22.6,27.8,80.0,0.0,11.1,352.0,1006.5,515.0
2025-11-13 02:00:00,21.9,29.1,73.0,0.0,9.8,352.0,1006.5,725.0
2025-11-13 03:00:00,22.7,29.8,69.0,0.0,8.0,344.0,1005.7,750.0
2025-11-13 04:00:00,28.4,30.6,65.0,0.0,6.6,327.0,1005.1,770.0
2025-11-13 05:00:00,,31.1,63.0,0.0,7.2,302.0,1004.1,890.0
2025-11-13 06:00:00,33.1,31.2,61.0,0.1,7.4,302.0,1003.3,965.0
2025-11-13 07:00:00,26.7,30.8,63.0,0.1,7.3,300.0,1002.9,875.0
2025-11-13 08:00:00,22.5,30.2,66.0,0.0,7.0,318.0,1003.0,780.0
2025-11-13 09:00:00,28.5,29.2,72.0,0.0,7.6,338.0,1003.4,580.0
2025-11-13 10:00:00,39.1,28.5,77.0,0.0,7.5,350.0,1004.0,560.0
2025-11-13 11:00:00,35.9,27.8,79.0,0.0,10.2,353.0,1004.8,545.0
2025-11-13 12:00:00,37.7,27.2,82.0,0.0,9.6,354.0,1005.2,415.0
2025-11-13 13:00:00,35.6,26.7,83.0,0.0,10.4,1.0,1005.5,325.0
2025-11-13 14:00:00,33.6,26.3,83.0,0.0,10.1,357.0,1005.5,250.0
2025-11-13 15:00:00,33.8,25.8,85.0,0.0,8.6,359.0,1005.3,180.0
2025-11-13 16:00:00,32.5,25.3,88.0,0.0,6.5,8.0,1004.8,140.0
2025-11-13 17:00:00,30.8,24.8,92.0,0.0,6.5,3.0,1004.6,110.0
2025-11-13 18:00:00,29.2,24.4,93.0,0.0,7.9,359.0,1004.2,125.0
2025-11-13 19:00:00,30.6,24.4,91.0,0.0,7.8,353.0,1004.0,150.0
2025-11-13 20:00:00,32.2,24.3,91.0,0.0,7.2,356.0,1004.1,150.0
2025-11-13 21:00:00,32.8,24.0,93.0,0.0,5.8,5.0,1004.2,115.0
2025-11-13 22:00:00,35.7,23.7,96.0,0.0,4.2,7.0,1005.0,35.0
2025-11-13 23:00:00,38.2,24.3,98.0,0.0,3.0,343.0,1005.8,55.0
2025-11-14 00:00:00,39.9,25.9,89.0,0.0,1.9,311.0,1006.3,130.0
2025-11-14 01:00:00,,27.7,81.0,0.0,2.7,270.0,1006.8,330.0
2025-11-14 02:00:00,41.0,29.0,74.0,0.0,3.7,247.0,1006.7,625.0
2025-11-14 03:00:00,34.9,29.8,72.0,0.0,3.5,255.0,1005.8,765.0
2025-11-14 04:00:00,21.7,30.2,71.0,0.0,4.4,251.0,1005.1,780.0
2025-11-14 05:00:00,,30.6,65.0,1.4,5.5,253.0,1004.1,600.0
2025-11-14 06:00:00,,29.5,73.0,0.3,6.2,253.0,1003.2,420.0
2025-11-14 07:00:00,,29.9,72.0,0.1,4.2,258.0,1003.0,465.0
2025-11-14 08:00:00,,29.9,69.0,3.1,3.3,264.0,1003.2,115.0
2025-11-14 09:00:00,,29.0,76.0,0.3,0.9,270.0,1003.6,20.0
2025-11-14 10:00:00,,28.2,83.0,0.0,0.6,304.0,1004.1,10.0
2025-11-14 11:00:00,,27.3,87.0,0.0,1.8,233.0,1004.9,20.0
2025-11-14 12:00:00,,26.6,88.0,0.0,2.4,9.0,1006.0,50.0
2025-11-14 13:00:00,38.1,26.2,91.0,0.0,4.4,330.0,1006.5,125.0
2025-11-14 14:00:00,41.1,26.1,90.0,0.1,4.0,309.0,1006.6,120.0
2025-11-14 15:00:00,42.9,26.0,89.0,0.0,5.7,328.0,1006.1,135.0
2025-11-14 16:00:00,35.1,26.1,88.0,0.0,5.5,343.0,1006.3,115.0
2025-11-14 17:00:00,37.0,25.7,90.0,0.0,5.4,356.0,1005.6,90.0
2025-11-14 18:00:00,39.1,25.9,87.0,0.0,4.0,350.0,1005.5,75.0
2025-11-14 19:00:00,34.7,25.9,87.0,0.0,3.1,10.0,1005.5,65.0
2025-11-14 20:00:00,29.6,25.7,89.0,0.0,4.1,13.0,1005.3,75.0
2025-11-14 21:00:00,31.1,25.5,90.0,0.0,1.6,360.0,1005.3,45.0
2025-11-14 22:00:00,36.9,25.3,91.0,0.0,1.4,337.0,1006.1,35.0
2025-11-14 23:00:00,28.3,25.7,89.0,0.0,2.8,297.0,1006.7,90.0
2025-11-15 00:00:00,3.97,26.6,85.0,0.0,1.5,315.0,1007.5,210.0
2025-11-15 01:00:00,29.8,27.1,84.0,0.1,3.1,283.0,1008.2,200.0
2025-11-15 02:00:00,25.2,28.7,75.0,0.1,4.4,19.0,1007.8,945.0
2025-11-15 03:00:00,18.7,30.3,68.0,0.0,6.3,39.0,1006.9,1220.0
2025-11-15 04:00:00,2.39,30.9,65.0,0.0,9.7,48.0,1006.0,1230.0
2025-11-15 05:00:00,2.73,31.2,63.0,0.0,9.7,50.0,1005.3,1280.0
2025-11-15 06:00:00,0.53,31.1,60.0,0.0,10.4,70.0,1005.4,1250.0
2025-11-15 07:00:00,0.342,30.9,60.0,0.0,10.1,73.0,1005.2,1220.0
2025-11-15 08:00:00,5.3,30.4,63.0,0.0,7.6,56.0,1005.1,1195.0
2025-11-15 09:00:00,13.4,29.6,66.0,0.0,5.3,55.0,1005.6,1035.0
2025-11-15 10:00:00,18.9,28.7,71.0,0.0,2.2,360.0,1006.5,35.0
2025-11-15 11:00:00,28.8,27.8,80.0,0.0,5.5,314.0,1007.1,90.0
2025-11-15 12:00:00,45.4,27.3,84.0,0.0,5.1,354.0,1007.7,80.0
2025-11-15 13:00:00,51.0,27.0,84.0,0.0,6.6,325.0,1008.1,100.0
2025-11-15 14:00:00,51.5,26.5,84.0,0.0,5.4,290.0,1008.2,85.0
2025-11-15 15:00:00,54.7,26.2,85.0,0.0,6.8,299.0,1008.1,90.0
2025-11-15 16:00:00,49.6,25.9,85.0,0.0,6.9,290.0,1007.6,100.0
2025-11-15 17:00:00,45.6,25.7,85.0,0.0,7.9,303.0,1007.2,115.0
2025-11-15 18:00:00,46.1,25.4,89.0,0.0,4.0,302.0,1006.8,85.0
2025-11-15 19:00:00,38.3,25.4,89.0,0.0,4.7,317.0,1006.4,85.0
2025-11-15 20:00:00,32.4,25.4,88.0,0.0,4.3,315.0,1006.5,85.0
2025-11-15 21:00:00,27.3,25.4,88.0,0.0,3.3,324.0,1006.5,70.0
2025-11-15 22:00:00,25.5,25.3,90.0,0.0,1.9,253.0,1007.4,35.0
2025-11-15 23:00:00,30.5,25.9,87.0,0.0,2.6,282.0,1008.4,115.0
2025-11-16 00:00:00,25.1,27.3,79.0,0.0,1.7,283.0,1008.7,270.0
2025-11-16 01:00:00,4.92,29.0,71.0,0.1,3.6,30.0,1009.0,750.0
2025-11-16 02:00:00,0.686,30.2,65.0,0.3,9.8,55.0,1008.8,1125.0
2025-11-16 03:00:00,,31.0,62.0,0.3,11.3,59.0,1008.4,1190.0
2025-11-16 04:00:00,0.0,31.5,60.0,0.2,11.3,61.0,1007.4,1245.0
2025-11-16 05:00:00,0.036,31.6,59.0,0.1,11.7,56.0,1006.7,1250.0
2025-11-16 06:00:00,0.00283,31.6,56.0,0.0,11.3,63.0,1005.8,1285.0
2025-11-16 07:00:00,0.0,31.3,57.0,0.1,11.5,58.0,1005.9,1175.0
2025-11-16 08:00:00,0.0,30.5,62.0,0.0,9.3,47.0,1005.8,1060.0
2025-11-16 09:00:00,0.164,29.6,66.0,0.0,6.8,53.0,1006.3,990.0
2025-11-16 10:00:00,9.37,28.6,70.0,0.0,5.8,54.0,1006.8,920.0
2025-11-16 11:00:00,25.2,28.2,72.0,0.0,3.3,167.0,1008.0,165.0
2025-11-16 12:00:00,44.4,28.0,79.0,0.0,2.3,58.0,1008.6,60.0
2025-11-16 13:00:00,44.9,27.7,79.0,0.0,5.0,300.0,1008.7,95.0
2025-11-16 14:00:00,46.5,27.1,81.0,0.0,4.7,288.0,1008.8,100.0
2025-11-16 15:00:00,41.0,26.6,84.0,0.0,3.9,294.0,1008.4,95.0
2025-11-16 16:00:00,37.8,26.4,85.0,0.0,3.4,313.0,1008.2,80.0
2025-11-16 17:00:00,30.6,26.0,87.0,0.0,4.5,331.0,1007.3,90.0
2025-11-16 18:00:00,33.5,26.1,86.0,0.0,3.0,308.0,1006.8,50.0
2025-11-16 19:00:00,30.4,26.2,86.0,0.0,3.3,354.0,1006.6,90.0
2025-11-16 20:00:00,29.1,26.0,87.0,0.0,2.0,153.0,1006.8,50.0
2025-11-16 21:00:00,27.8,25.7,88.0,0.0,3.0,346.0,1006.7,70.0
2025-11-16 22:00:00,13.0,25.4,90.0,0.0,4.5,293.0,1007.0,95.0
2025-11-16 23:00:00,11.3,25.9,87.0,0.0,3.2,270.0,1007.8,115.0
2025-11-17 00:00:00,18.8,26.6,83.0,0.0,4.7,274.0,1008.1,195.0
2025-11-17 01:00:00,5.39,28.5,73.0,0.0,4.5,286.0,1008.3,305.0
2025-11-17 02:00:00,5.44,30.1,65.0,0.1,0.6,214.0,1008.0,750.0
2025-11-17 03:00:00,3.81,31.4,58.0,0.1,4.0,58.0,1007.3,1000.0
2025-11-17 04:00:00,3.17,32.7,52.0,0.1,6.8,58.0,1006.3,1290.0
2025-11-17 05:00:00,0.0667,32.9,52.0,0.3,7.7,54.0,1005.2,1260.0
2025-11-17 06:00:00,13.2,32.1,54.0,1.0,1.9,304.0,1004.6,1205.0
2025-11-17 07:00:00,,31.0,59.0,0.9,3.0,197.0,1004.4,790.0
2025-11-17 08:00:00,,30.9,62.0,0.0,3.6,276.0,1004.1,900.0
2025-11-17 09:00:00,17.3,29.4,68.0,0.2,1.1,261.0,1005.0,35.0
2025-11-17 10:00:00,9.46,28.9,72.0,0.0,3.3,279.0,1005.2,70.0
2025-11-17 11:00:00,20.2,28.4,78.0,0.0,3.0,308.0,1006.2,75.0
2025-11-17 12:00:00,7.48,28.3,82.0,0.0,5.1,8.0,1006.8,90.0
2025-11-17 13:00:00,8.08,28.0,83.0,0.0,5.4,339.0,1007.5,115.0
2025-11-17 14:00:00,9.43,27.5,82.0,0.0,5.9,333.0,1007.3,140.0
2025-11-17 15:00:00,7.49,27.0,82.0,0.0,4.8,338.0,1007.1,135.0
2025-11-17 16:00:00,7.53,26.9,82.0,0.0,3.3,319.0,1006.8,75.0
2025-11-17 17:00:00,13.2,26.3,84.0,0.0,6.3,325.0,1006.5,145.0
2025-11-17 18:00:00,0.823,26.4,86.0,0.0,5.3,348.0,1006.0,90.0
2025-11-17 19:00:00,0.0642,26.3,82.0,0.0,8.5,339.0,1005.7,160.0
2025-11-17 20:00:00,0.23,25.9,82.0,0.2,7.7,357.0,1005.9,165.0
2025-11-17 21:00:00,0.203,25.8,83.0,0.1,3.7,349.0,1006.1,75.0
2025-11-17 22:00:00,4.32,25.8,84.0,0.0,5.1,342.0,1006.5,100.0
2025-11-17 23:00:00,6.36,26.2,82.0,0.0,5.3,352.0,1007.1,150.0
2025-11-18 00:00:00,1.95,27.7,77.0,0.0,5.2,358.0,1007.5,235.0
2025-11-18 01:00:00,1.28,29.1,69.0,0.0,5.3,33.0,1007.7,985.0
2025-11-18 02:00:00,0.0,30.3,64.0,0.0,7.1,34.0,1007.1,1125.0
2025-11-18 03:00:00,0.0,31.6,59.0,0.0,9.8,35.0,1006.2,1420.0
2025-11-18 04:00:00,,32.1,55.0,0.0,12.8,40.0,1005.3,1360.0
2025-11-18 05:00:00,0.0,31.6,54.0,0.1,15.1,50.0,1004.4,1155.0
2025-11-18 06:00:00,0.0,31.5,58.0,0.7,11.1,29.0,1003.3,1190.0
2025-11-18 07:00:00,0.0,31.1,59.0,0.5,11.6,42.0,1003.1,1140.0
2025-11-18 08:00:00,0.287,30.7,61.0,0.0,8.0,27.0,1003.4,1170.0
2025-11-18 09:00:00,0.936,30.0,64.0,0.0,5.3,8.0,1003.6,1085.0
2025-11-18 10:00:00,13.7,29.1,69.0,0.0,2.7,337.0,1003.9,40.0
2025-11-18 11:00:00,29.5,28.2,76.0,0.0,3.0,335.0,1004.8,50.0
2025-11-18 12:00:00,23.5,27.8,81.0,0.0,6.0,3.0,1005.5,90.0
2025-11-18 13:00:00,17.5,27.7,81.0,0.0,3.4,354.0,1006.1,65.0
2025-11-18 14:00:00,20.8,27.3,83.0,0.0,2.0,360.0,1006.2,60.0
2025-11-18 15:00:00,23.9,27.1,84.0,0.0,1.5,315.0,1005.8,55.0
2025-11-18 16:00:00,29.7,26.8,85.0,0.0,4.4,308.0,1005.5,90.0
2025-11-18 17:00:00,26.1,26.3,87.0,0.0,5.2,340.0,1004.9,125.0
2025-11-18 18:00:00,14.8,26.7,83.0,0.0,6.0,355.0,1004.4,115.0
2025-11-18 19:00:00,17.8,26.7,80.0,0.0,8.7,356.0,1004.1,180.0
2025-11-18 20:00:00,10.2,26.6,79.0,0.0,8.2,9.0,1004.0,230.0
2025-11-18 21:00:00,5.05,26.2,81.0,0.1,7.0,10.0,1004.5,200.0
2025-11-18 22:00:00,15.6,24.7,92.0,0.8,4.5,14.0,1005.3,145.0
2025-11-18 23:00:00,26.2,25.4,88.0,0.1,4.4,333.0,1006.3,180.0
2025-11-19 00:00:00,19.5,26.7,80.0,0.1,1.3,360.0,1007.1,245.0
2025-11-19 01:00:00,1.81,28.0,75.0,0.2,0.9,307.0,1007.7,755.0
2025-11-19 02:00:00,0.746,29.6,67.0,0.2,7.3,44.0,1007.2,1010.0
2025-11-19 03:00:00,0.686,30.6,63.0,0.1,10.7,46.0,1006.2,1210.0
2025-11-19 04:00:00,0.0,31.2,61.0,0.3,12.0,47.0,1005.4,1230.0
2025-11-19 05:00:00,0.0332,30.9,61.0,0.3,12.4,41.0,1004.4,1135.0
2025-11-19 06:00:00,0.0,32.0,56.0,0.0,11.0,32.0,1003.4,1205.0
2025-11-19 07:00:00,0.0,32.0,55.0,0.0,11.7,29.0,1003.2,1245.0
2025-11-19 08:00:00,0.00283,30.9,59.0,0.0,11.4,41.0,1003.5,1140.0
2025-11-19 09:00:00,0.15,29.8,64.0,0.0,5.8,30.0,1004.0,1080.0
2025-11-19 10:00:00,3.56,29.0,67.0,0.0,3.3,6.0,1004.7,1060.0
2025-11-19 11:00:00,10.6,28.4,70.0,0.0,0.9,11.0,1005.4,25.0
2025-11-19 12:00:00,16.6,28.0,78.0,0.0,4.2,18.0,1006.0,85.0
2025-11-19 13:00:00,11.0,27.7,78.0,0.0,3.1,24.0,1006.6,110.0
2025-11-19 14:00:00,16.3,27.2,80.0,0.0,3.7,14.0,1006.3,100.0
2025-11-19 15:00:00,17.7,26.7,83.0,0.0,3.0,322.0,1006.5,75.0
2025-11-19 16:00:00,20.0,26.6,82.0,0.0,3.5,321.0,1006.3,85.0
2025-11-19 17:00:00,0.144,26.5,81.0,0.0,5.5,324.0,1005.8,115.0
2025-11-19 18:00:00,0.011,26.6,84.0,0.0,6.4,352.0,1005.3,115.0
2025-11-19 19:00:00,0.283,26.8,79.0,0.0,7.0,3.0,1004.9,180.0
2025-11-19 20:00:00,2.37,26.7,79.0,0.0,6.7,352.0,1005.0,170.0
2025-11-19 21:00:00,2.46,26.6,78.0,0.0,7.9,344.0,1005.2,165.0
2025-11-19 22:00:00,4.88,26.4,77.0,0.0,9.3,347.0,1006.0,155.0
2025-11-19 23:00:00,8.73,26.7,75.0,0.0,7.9,348.0,1006.7,195.0
2025-11-20 00:00:00,6.27,27.2,77.0,0.0,8.5,2.0,1007.8,245.0
2025-11-20 01:00:00,0.556,28.1,71.0,0.0,8.8,358.0,1008.1,440.0
2025-11-20 02:00:00,0.0195,29.4,66.0,0.0,11.1,32.0,1007.9,1040.0
2025-11-20 03:00:00,0.0335,30.7,60.0,0.1,12.6,36.0,1007.3,1080.0
2025-11-20 04:00:00,0.0,31.5,58.0,0.5,13.1,41.0,1006.4,1250.0
2025-11-20 05:00:00,0.307,31.6,57.0,0.0,12.9,41.0,1005.8,1405.0
2025-11-20 06:00:00,0.612,30.7,57.0,0.3,8.9,48.0,1005.2,1145.0
2025-11-20 07:00:00,9.43,30.9,58.0,0.2,9.8,54.0,1004.7,1260.0
2025-11-20 08:00:00,6.83,30.3,60.0,0.2,8.8,46.0,1004.5,1115.0
2025-11-20 09:00:00,2.87,29.5,64.0,0.0,5.1,42.0,1004.9,1075.0
2025-11-20 10:00:00,14.5,28.8,68.0,0.0,3.4,65.0,1005.6,385.0
2025-11-20 11:00:00,11.6,28.1,72.0,0.0,1.6,27.0,1006.5,45.0
2025-11-20 12:00:00,12.0,28.7,72.0,0.0,5.2,14.0,1006.8,155.0
2025-11-20 13:00:00,18.5,28.5,70.0,0.0,6.4,11.0,1007.0,270.0
2025-11-20 14:00:00,12.5,28.1,72.0,0.0,6.1,358.0,1007.0,210.0
2025-11-20 15:00:00,5.92,27.6,75.0,0.0,4.6,351.0,1007.2,130.0
2025-11-20 16:00:00,10.1,27.4,76.0,0.0,4.6,349.0,1007.1,155.0
2025-11-20 17:00:00,31.9,27.1,78.0,0.0,3.7,14.0,1006.6,130.0
2025-11-20 18:00:00,14.9,26.9,80.0,0.0,4.8,15.0,1006.3,135.0
2025-11-20 19:00:00,2.03,26.8,82.0,0.0,5.5,11.0,1005.7,160.0
2025-11-20 20:00:00,1.27,26.8,81.0,0.0,5.2,2.0,1005.7,145.0
2025-11-20 21:00:00,2.52,26.7,79.0,0.0,7.0,356.0,1006.0,180.0
2025-11-20 22:00:00,10.7,26.7,77.0,0.0,7.4,353.0,1006.5,220.0
2025-11-20 23:00:00,4.01,27.0,76.0,0.0,5.9,12.0,1007.1,230.0
2025-11-21 00:00:00,1.47,27.3,78.0,0.0,3.1,353.0,1007.8,295.0
2025-11-21 01:00:00,0.0683,29.4,68.0,0.2,5.6,31.0,1008.1,805.0
2025-11-21 02:00:00,0.667,30.3,64.0,0.2,7.5,40.0,1007.9,1100.0
2025-11-21 03:00:00,0.126,31.4,60.0,0.0,8.3,39.0,1007.1,1205.0
2025-11-21 04:00:00,0.00283,32.5,55.0,0.0,8.9,42.0,1006.1,1520.0
2025-11-21 05:00:00,0.00354,32.4,52.0,0.2,11.2,57.0,1005.2,1265.0
2025-11-21 06:00:00,0.0466,31.9,55.0,0.1,8.6,51.0,1004.5,1190.0
2025-11-21 07:00:00,0.645,32.0,55.0,0.1,8.4,55.0,1004.4,1175.0
2025-11-21 08:00:00,1.02,31.2,57.0,0.0,7.8,34.0,1004.5,1170.0
2025-11-21 09:00:00,4.79,30.2,62.0,0.1,8.4,37.0,1005.2,940.0
2025-11-21 10:00:00,17.6,29.4,66.0,0.0,8.4,34.0,1005.7,935.0
2025-11-21 11:00:00,30.5,29.1,66.0,0.0,6.9,47.0,1006.6,855.0
2025-11-21 12:00:00,45.7,29.1,67.0,0.0,7.3,52.0,1006.8,870.0
2025-11-21 13:00:00,37.6,28.6,68.0,0.0,7.0,40.0,1007.2,765.0
2025-11-21 14:00:00,34.3,28.2,70.0,0.0,4.3,22.0,1007.3,215.0
2025-11-21 15:00:00,32.5,28.1,72.0,0.0,4.0,352.0,1007.3,170.0
2025-11-21 16:00:00,27.7,27.7,75.0,0.0,3.8,3.0,1007.1,150.0
2025-11-21 17:00:00,28.4,27.4,76.0,0.1,3.3,13.0,1006.6,155.0
2025-11-21 18:00:00,30.9,26.3,83.0,0.0,2.0,117.0,1006.3,55.0
2025-11-21 19:00:00,22.8,26.3,81.0,1.2,5.3,18.0,1006.6,185.0
2025-11-21 20:00:00,20.3,24.4,92.0,1.5,10.1,331.0,1006.6,175.0
2025-11-21 21:00:00,19.8,24.0,95.0,0.2,5.1,342.0,1006.2,105.0
2025-11-21 22:00:00,11.4,24.3,92.0,0.0,6.1,330.0,1006.9,125.0
2025-11-21 23:00:00,19.7,25.0,88.0,0.0,4.7,2.0,1007.2,130.0
2025-11-22 00:00:00,23.8,28.1,69.0,0.0,4.8,340.0,1007.8,445.0
2025-11-22 01:00:00,12.4,29.4,63.0,0.0,7.4,26.0,1008.1,1055.0
2025-11-22 02:00:00,2.91,30.6,58.0,0.0,10.6,34.0,1007.7,1190.0
2025-11-22 03:00:00,1.53,31.5,55.0,0.1,13.6,42.0,1007.0,1285.0
2025-11-22 04:00:00,0.0527,31.0,57.0,0.1,14.6,38.0,1006.0,1180.0
2025-11-22 05:00:00,0.0195,30.8,58.0,0.1,14.1,39.0,1005.1,1140.0
2025-11-22 06:00:00,0.106,30.8,58.0,0.0,12.9,33.0,1004.8,1265.0
2025-11-22 07:00:00,0.153,30.7,59.0,0.1,14.0,31.0,1004.6,1195.0
2025-11-22 08:00:00,1.04,30.0,61.0,0.0,12.1,30.0,1004.7,1085.0
2025-11-22 09:00:00,5.19,29.2,65.0,0.0,9.8,18.0,1004.8,1040.0
2025-11-22 10:00:00,11.9,28.3,69.0,0.0,8.7,17.0,1005.1,1000.0
2025-11-22 11:00:00,17.9,28.1,69.0,0.0,7.5,350.0,1005.9,1015.0
2025-11-22 12:00:00,22.7,28.2,71.0,0.0,7.4,13.0,1006.4,275.0
2025-11-22 13:00:00,28.5,28.3,71.0,0.0,4.9,6.0,1006.7,200.0
2025-11-22 14:00:00,29.7,27.9,73.0,0.0,6.7,360.0,1006.7,190.0
2025-11-22 15:00:00,36.7,27.5,75.0,0.0,6.3,355.0,1006.7,175.0
2025-11-22 16:00:00,34.2,27.2,75.0,0.0,7.5,352.0,1006.4,215.0
2025-11-22 17:00:00,15.0,26.9,76.0,0.0,6.3,347.0,1005.9,180.0
2025-11-22 18:00:00,3.83,26.8,76.0,0.0,7.8,351.0,1005.5,220.0
2025-11-22 19:00:00,5.58,26.6,76.0,0.0,9.4,353.0,1005.1,270.0
2025-11-22 20:00:00,6.61,26.4,76.0,0.0,7.3,353.0,1005.2,215.0
2025-11-22 21:00:00,4.76,26.3,77.0,0.0,7.0,348.0,1005.4,180.0
2025-11-22 22:00:00,6.8,26.3,77.0,0.0,7.1,345.0,1006.2,170.0
2025-11-22 23:00:00,10.8,26.7,75.0,0.0,7.6,353.0,1006.6,215.0
2025-11-23 00:00:00,9.09,28.5,69.0,0.0,9.5,9.0,1007.2,810.0
2025-11-23 01:00:00,5.72,29.7,63.0,0.0,9.8,31.0,1007.7,950.0
2025-11-23 02:00:00,1.87,30.4,61.0,0.1,12.4,34.0,1007.2,1220.0
2025-11-23 03:00:00,7.14,30.9,59.0,0.0,11.1,34.0,1006.3,1295.0
2025-11-23 04:00:00,22.9,31.6,56.0,0.0,14.4,36.0,1005.3,1330.0
2025-11-23 05:00:00,18.1,31.2,57.0,0.3,15.1,45.0,1004.2,1220.0
2025-11-23 06:00:00,14.7,30.8,60.0,0.5,11.4,26.0,1003.9,970.0
2025-11-23 07:00:00,3.79,30.2,64.0,0.4,11.7,21.0,1003.6,1025.0
2025-11-23 08:00:00,4.09,29.6,67.0,0.2,10.7,20.0,1003.7,1120.0
2025-11-23 09:00:00,9.01,29.2,67.0,0.1,9.0,13.0,1004.1,1135.0
2025-11-23 10:00:00,,28.6,70.0,0.0,9.0,15.0,1004.4,1085.0
2025-11-23 11:00:00,,28.6,69.0,0.0,8.6,22.0,1005.1,1095.0
2025-11-23 12:00:00,,28.0,72.0,0.0,10.4,18.0,1005.4,485.0
2025-11-23 13:00:00,24.9,27.8,72.0,0.0,10.6,23.0,1005.5,510.0
2025-11-23 14:00:00,8.89,27.6,73.0,0.1,7.2,32.0,1005.8,230.0
2025-11-23 15:00:00,10.5,27.5,74.0,0.1,6.4,16.0,1005.4,160.0
2025-11-23 16:00:00,11.4,27.4,75.0,0.0,6.5,13.0,1005.0,315.0
2025-11-23 17:00:00,13.5,27.4,75.0,0.0,7.6,12.0,1004.4,950.0
2025-11-23 18:00:00,12.1,27.1,76.0,0.0,9.6,12.0,1003.8,350.0
2025-11-23 19:00:00,5.57,27.1,76.0,0.0,8.2,8.0,1003.3,290.0
2025-11-23 20:00:00,4.65,26.8,77.0,0.0,8.4,15.0,1003.4,290.0
2025-11-23 21:00:00,4.26,26.9,76.0,0.1,8.8,20.0,1003.3,540.0
2025-11-23 22:00:00,4.54,26.9,75.0,0.0,10.6,19.0,1003.7,970.0
2025-11-23 23:00:00,2.74,27.4,73.0,0.0,10.2,26.0,1004.5,965.0
2025-11-24 00:00:00,0.0945,28.1,71.0,0.0,12.3,18.0,1004.9,880.0
2025-11-24 01:00:00,0.101,29.1,66.0,0.0,14.3,21.0,1005.2,975.0
2025-11-24 02:00:00,0.00833,30.7,60.0,0.1,16.4,30.0,1004.9,1250.0
2025-11-24 03:00:00,,31.6,57.0,0.1,16.8,30.0,1004.2,1400.0
2025-11-24 04:00:00,0.0,31.9,55.0,0.1,16.5,35.0,1003.1,1405.0
2025-11-24 05:00:00,0.0,31.4,58.0,1.0,18.5,36.0,1002.5,1270.0
2025-11-24 06:00:00,0.00283,30.9,59.0,0.6,14.4,23.0,1002.1,1295.0
2025-11-24 07:00:00,0.0,30.6,60.0,0.0,15.5,25.0,1001.6,1205.0
2025-11-24 08:00:00,0.0223,29.9,65.0,0.0,12.9,30.0,1001.8,1135.0
2025-11-24 09:00:00,2.37,29.2,67.0,0.0,11.9,22.0,1002.5,1115.0
2025-11-24 10:00:00,11.4,28.5,70.0,0.0,8.8,11.0,1002.6,1050.0
2025-11-24 11:00:00,18.6,28.4,72.0,0.0,7.6,345.0,1003.2,955.0
2025-11-24 12:00:00,9.28,28.2,71.0,0.0,7.1,7.0,1003.8,1020.0
2025-11-24 13:00:00,4.36,28.1,71.0,0.0,7.5,8.0,1004.0,695.0
2025-11-24 14:00:00,3.13,27.8,72.0,0.0,8.2,351.0,1004.0,650.0
2025-11-24 15:00:00,5.56,27.4,75.0,0.4,6.8,357.0,1003.8,425.0
2025-11-24 16:00:00,5.15,26.9,80.0,1.3,6.1,23.0,1003.6,520.0
2025-11-24 17:00:00,5.58,25.5,93.0,3.0,6.5,13.0,1003.1,210.0
2025-11-24 18:00:00,23.6,24.8,92.0,1.4,11.0,4.0,1002.6,240.0
2025-11-24 19:00:00,23.0,24.7,91.0,1.5,11.9,1.0,1001.9,290.0
2025-11-24 20:00:00,2.99,25.1,88.0,0.3,12.9,9.0,1001.2,550.0
2025-11-24 21:00:00,2.1,25.3,85.0,0.1,13.6,11.0,1001.1,610.0
2025-11-24 22:00:00,0.933,25.2,85.0,0.9,14.1,6.0,1001.0,775.0
2025-11-24 23:00:00,4.5,24.3,93.0,2.9,13.5,352.0,1001.6,520.0
2025-11-25 00:00:00,28.1,25.6,84.0,3.1,7.2,13.0,1002.3,275.0
2025-11-25 01:00:00,29.5,26.1,86.0,0.4,7.6,8.0,1002.5,505.0
2025-11-25 02:00:00,4.18,26.7,80.0,0.5,4.9,8.0,1002.3,675.0
2025-11-25 03:00:00,3.13,26.0,86.0,1.4,9.6,322.0,1001.5,190.0
2025-11-25 04:00:00,5.96,26.1,87.0,1.3,10.0,342.0,1000.8,255.0
2025-11-25 05:00:00,5.25,27.1,82.0,1.3,8.7,355.0,1000.2,705.0
2025-11-25 06:00:00,7.91,27.0,85.0,2.7,6.4,350.0,999.5,310.0
2025-11-25 07:00:00,16.1,26.7,88.0,1.0,6.1,326.0,999.3,150.0
2025-11-25 08:00:00,4.1,26.6,88.0,0.5,9.5,341.0,999.1,200.0
2025-11-25 09:00:00,5.47,26.3,87.0,0.3,7.0,339.0,999.3,155.0
2025-11-25 10:00:00,7.52,25.9,87.0,0.4,7.3,306.0,999.8,100.0
2025-11-25 11:00:00,15.7,25.8,90.0,0.3,8.0,295.0,1000.3,100.0
2025-11-25 12:00:00,,25.4,93.0,0.2,7.0,328.0,1001.1,100.0
2025-11-25 13:00:00,,25.7,91.0,0.1,9.3,352.0,1000.8,125.0
2025-11-25 14:00:00,,25.5,90.0,0.9,3.5,339.0,1001.1,95.0
2025-11-25 15:00:00,,24.8,94.0,3.1,7.2,276.0,1001.2,115.0
2025-11-25 16:00:00,,24.7,94.0,0.6,7.6,295.0,1000.1,100.0
2025-11-25 17:00:00,,24.7,94.0,0.0,5.5,297.0,1000.0,95.0
2025-11-25 18:00:00,,24.6,95.0,0.1,4.5,304.0,999.6,105.0
2025-11-25 19:00:00,,24.8,94.0,0.0,3.5,305.0,999.8,80.0
2025-11-25 20:00:00,,24.7,96.0,0.1,1.9,292.0,999.8,55.0
2025-11-25 21:00:00,,25.1,95.0,0.1,2.2,351.0,999.8,35.0
2025-11-25 22:00:00,,25.0,97.0,0.0,1.0,301.0,1000.7,35.0
2025-11-25 23:00:00,40.6,25.7,93.0,0.3,3.1,77.0,1001.6,75.0
2025-11-26 00:00:00,32.2,27.2,82.0,0.3,8.3,84.0,1002.4,760.0
2025-11-26 01:00:00,9.72,28.6,79.0,0.0,8.5,89.0,1002.4,895.0
2025-11-26 02:00:00,2.73,29.6,73.0,0.0,11.8,97.0,1002.4,1010.0
2025-11-26 03:00:00,0.0863,30.4,68.0,0.0,13.9,107.0,1002.0,1155.0
2025-11-26 04:00:00,0.117,30.6,66.0,0.1,14.7,107.0,1001.4,1110.0
2025-11-26 05:00:00,0.0138,30.7,66.0,0.0,14.0,106.0,1000.6,1135.0
2025-11-26 06:00:00,0.403,31.1,64.0,0.2,13.0,115.0,1000.1,1125.0
2025-11-26 07:00:00,0.806,30.8,65.0,0.0,13.5,115.0,1000.4,1130.0
2025-11-26 08:00:00,3.81,30.0,69.0,0.0,11.8,102.0,1000.6,930.0
2025-11-26 09:00:00,14.4,29.3,72.0,0.0,9.4,107.0,1001.4,730.0
2025-11-26 10:00:00,20.5,28.0,77.0,0.0,8.6,100.0,1001.9,385.0
2025-11-26 11:00:00,31.5,27.6,79.0,0.0,4.6,51.0,1002.8,205.0
2025-11-26 12:00:00,34.7,27.7,80.0,0.0,8.4,80.0,1003.3,275.0
2025-11-26 13:00:00,23.0,27.2,81.0,0.1,8.1,58.0,1003.8,275.0
2025-11-26 14:00:00,15.3,26.7,84.0,0.2,4.5,119.0,1004.2,170.0
2025-11-26 15:00:00,18.2,25.9,88.0,1.0,3.4,342.0,1003.4,55.0
2025-11-26 16:00:00,9.72,25.3,93.0,0.2,6.0,17.0,1003.9,140.0
2025-11-26 17:00:00,11.7,25.3,92.0,0.1,3.1,324.0,1002.9,75.0
2025-11-26 18:00:00,11.0,25.2,97.0,0.0,2.1,301.0,1003.1,35.0
2025-11-26 19:00:00,34.7,25.0,98.0,0.0,3.9,294.0,1002.5,85.0
2025-11-26 20:00:00,27.7,24.9,98.0,0.0,2.4,306.0,1002.6,115.0
2025-11-26 21:00:00,26.4,24.7,96.0,0.0,4.0,330.0,1003.2,115.0
2025-11-26 22:00:00,26.3,24.4,96.0,0.0,0.4,117.0,1003.8,85.0
2025-11-26 23:00:00,29.7,25.1,93.0,0.0,2.7,270.0,1004.2,85.0
2025-11-27 00:00:00,35.5,26.5,86.0,0.0,3.5,291.0,1004.4,155.0
2025-11-27 01:00:00,28.1,27.9,81.0,0.0,2.0,275.0,1004.4,335.0
2025-11-27 02:00:00,9.9,29.2,78.0,0.1,1.5,284.0,1004.2,655.0
2025-11-27 03:00:00,30.2,30.0,76.0,0.1,1.9,209.0,1003.1,820.0
2025-11-27 04:00:00,42.1,30.8,73.0,0.1,2.1,239.0,1002.1,985.0
2025-11-27 05:00:00,36.5,30.6,72.0,0.2,1.1,252.0,1001.5,995.0
2025-11-27 06:00:00,31.5,26.6,84.0,7.0,5.9,23.0,1002.0,270.0
2025-11-27 07:00:00,22.6,26.4,90.0,0.4,1.7,347.0,1002.0,175.0
2025-11-27 08:00:00,19.6,26.5,91.0,0.1,0.8,333.0,1002.5,220.0
2025-11-27 09:00:00,21.6,26.3,92.0,0.1,4.3,15.0,1002.3,170.0
2025-11-27 10:00:00,27.3,26.0,94.0,0.0,2.3,331.0,1003.0,85.0
2025-11-27 11:00:00,32.9,25.9,94.0,0.0,4.7,293.0,1003.5,85.0
2025-11-27 12:00:00,37.8,26.6,89.0,0.0,3.5,102.0,1003.9,65.0
2025-11-27 13:00:00,42.6,26.8,92.0,0.0,3.2,90.0,1003.9,55.0
2025-11-27 14:00:00,74.7,26.7,93.0,0.0,1.0,292.0,1003.8,35.0
2025-11-27 15:00:00,97.0,25.2,93.0,2.3,4.0,270.0,1004.3,75.0
2025-11-27 16:00:00,63.5,25.3,95.0,0.2,1.5,45.0,1003.8,90.0
2025-11-27 17:00:00,53.1,25.0,97.0,0.1,6.1,300.0,1003.9,145.0
2025-11-27 18:00:00,42.2,25.1,92.0,3.0,3.1,152.0,1003.1,75.0
2025-11-27 19:00:00,30.7,25.2,94.0,0.2,0.3,315.0,1002.6,75.0
2025-11-27 20:00:00,45.2,24.9,95.0,0.0,0.7,76.0,1002.9,105.0
2025-11-27 21:00:00,44.2,24.8,95.0,0.0,0.8,315.0,1002.7,55.0
2025-11-27 22:00:00,46.0,24.7,97.0,0.0,3.1,347.0,1003.3,90.0
2025-11-27 23:00:00,44.7,25.3,93.0,0.0,5.3,303.0,1003.5,155.0
2025-11-28 00:00:00,50.4,26.6,88.0,0.0,0.7,256.0,1004.3,170.0
2025-11-28 01:00:00,52.0,27.6,83.0,0.0,3.3,234.0,1005.1,265.0
2025-11-28 02:00:00,41.7,28.5,80.0,0.0,1.9,236.0,1005.2,455.0
2025-11-28 03:00:00,17.8,29.2,79.0,0.1,2.8,207.0,1004.5,700.0
2025-11-28 04:00:00,7.33,29.4,77.0,0.4,3.5,201.0,1003.5,590.0
2025-11-28 05:00:00,1.69,27.7,85.0,12.9,5.6,202.0,1002.9,205.0
2025-11-28 06:00:00,7.88,28.4,79.0,4.2,3.6,237.0,1002.1,325.0
2025-11-28 07:00:00,2.53,28.8,80.0,0.1,1.0,292.0,1002.1,390.0
2025-11-28 08:00:00,2.19,28.5,79.0,0.7,1.2,333.0,1002.0,215.0
2025-11-28 09:00:00,3.09,27.5,87.0,0.6,5.6,338.0,1002.5,150.0
2025-11-28 10:00:00,12.4,26.9,90.0,0.0,5.8,324.0,1003.4,125.0
2025-11-28 11:00:00,25.1,26.7,91.0,0.0,5.1,328.0,1004.0,115.0
2025-11-28 12:00:00,33.3,26.9,92.0,0.0,0.9,281.0,1004.6,15.0
2025-11-28 13:00:00,36.8,27.0,90.0,0.0,1.3,214.0,1005.1,30.0
2025-11-28 14:00:00,27.4,26.9,92.0,0.0,2.7,212.0,1005.4,60.0
2025-11-28 15:00:00,40.4,25.5,93.0,2.3,10.4,278.0,1005.7,265.0
2025-11-28 16:00:00,34.9,24.9,93.0,0.0,2.1,250.0,1005.2,105.0
2025-11-28 17:00:00,27.4,24.4,95.0,0.0,1.4,23.0,1004.8,85.0
2025-11-28 18:00:00,40.0,24.7,94.0,0.0,1.1,351.0,1004.5,35.0
2025-11-28 19:00:00,34.0,24.7,94.0,0.0,1.7,257.0,1004.6,85.0
2025-11-28 20:00:00,22.5,24.5,95.0,0.0,2.1,128.0,1004.4,100.0
2025-11-28 21:00:00,17.4,24.6,94.0,0.0,3.5,118.0,1004.2,105.0
2025-11-28 22:00:00,25.3,24.7,93.0,0.0,3.1,167.0,1004.8,145.0
2025-11-28 23:00:00,29.9,25.2,91.0,0.0,2.2,104.0,1005.5,215.0
2025-11-29 00:00:00,39.0,26.6,88.0,0.0,2.3,129.0,1005.6,190.0
2025-11-29 01:00:00,28.6,28.0,80.0,0.0,3.7,209.0,1005.9,370.0
2025-11-29 02:00:00,15.1,29.1,77.0,0.0,4.0,216.0,1005.9,585.0
2025-11-29 03:00:00,6.32,29.6,77.0,0.1,1.7,288.0,1005.3,775.0
2025-11-29 04:00:00,29.8,29.3,79.0,0.2,3.6,319.0,1004.7,575.0
2025-11-29 05:00:00,6.78,28.8,79.0,5.1,2.6,326.0,1003.8,420.0
2025-11-29 06:00:00,15.9,25.3,91.0,2.4,3.8,289.0,1003.9,115.0
2025-11-29 07:00:00,20.4,26.8,86.0,0.1,2.1,250.0,1003.9,180.0
2025-11-29 08:00:00,20.9,27.2,84.0,0.0,5.2,304.0,1004.5,325.0
2025-11-29 09:00:00,35.0,25.9,88.0,0.2,5.2,348.0,1005.4,250.0
2025-11-29 10:00:00,40.6,25.4,90.0,0.2,4.0,18.0,1005.6,210.0
2025-11-29 11:00:00,39.4,25.2,92.0,0.1,4.6,26.0,1006.2,185.0
2025-11-29 12:00:00,36.0,24.9,94.0,0.1,4.9,17.0,1007.1,120.0
2025-11-29 13:00:00,44.6,24.8,93.0,1.3,5.3,55.0,1007.6,120.0
2025-11-29 14:00:00,56.0,24.7,93.0,0.4,4.5,106.0,1006.9,95.0
2025-11-29 15:00:00,57.5,24.5,95.0,0.1,1.9,139.0,1006.7,75.0
2025-11-29 16:00:00,50.1,24.7,94.0,0.0,0.3,315.0,1006.6,15.0
2025-11-29 17:00:00,55.4,24.6,95.0,0.0,2.7,356.0,1006.0,85.0
2025-11-29 18:00:00,51.3,24.1,94.0,0.0,3.1,24.0,1005.3,85.0
2025-11-29 19:00:00,54.1,24.0,94.0,0.0,1.5,30.0,1005.2,60.0
2025-11-29 20:00:00,47.7,23.9,94.0,0.0,2.0,355.0,1004.7,55.0
2025-11-29 21:00:00,44.1,23.8,96.0,0.0,1.2,321.0,1005.0,30.0
2025-11-29 22:00:00,42.8,23.6,98.0,0.0,0.4,360.0,1005.5,10.0
2025-11-29 23:00:00,42.5,24.3,96.0,0.0,0.7,360.0,1006.2,35.0
2025-11-30 00:00:00,29.2,25.0,94.0,0.0,0.4,27.0,1006.9,170.0
2025-11-30 01:00:00,36.2,26.6,87.0,0.0,1.1,180.0,1007.3,295.0
2025-11-30 02:00:00,39.4,27.9,79.0,0.0,2.0,190.0,1007.0,480.0
2025-11-30 03:00:00,36.7,29.0,75.0,0.0,2.9,180.0,1006.1,660.0
2025-11-30 04:00:00,51.7,30.2,70.0,0.0,3.1,208.0,1005.0,785.0
2025-11-30 05:00:00,47.9,30.5,70.0,0.1,5.2,256.0,1004.1,895.0
2025-11-30 06:00:00,22.7,29.1,74.0,0.2,0.7,180.0,1003.8,565.0
2025-11-30 07:00:00,1.16,27.8,82.0,1.2,7.7,21.0,1004.1,225.0
2025-11-30 08:00:00,6.13,27.0,86.0,0.0,6.7,44.0,1004.6,175.0
2025-11-30 09:00:00,8.26,26.9,86.0,0.0,5.2,34.0,1004.9,135.0
2025-11-30 10:00:00,17.2,26.7,89.0,0.0,4.3,327.0,1005.2,95.0
2025-11-30 11:00:00,28.6,26.2,91.0,0.0,7.0,320.0,1006.2,160.0
2025-11-30 12:00:00,39.0,26.4,89.0,0.0,6.7,336.0,1007.0,130.0
2025-11-30 13:00:00,43.7,26.2,92.0,0.0,6.3,329.0,1007.1,140.0
2025-11-30 14:00:00,50.5,25.9,93.0,0.0,6.3,342.0,1007.5,165.0
2025-11-30 15:00:00,49.1,25.8,93.0,0.0,4.5,353.0,1007.2,165.0
2025-11-30 16:00:00,58.9,25.5,95.0,0.0,4.6,329.0,1007.2,160.0
2025-11-30 17:00:00,37.8,25.2,96.0,0.0,5.6,356.0,1006.4,185.0
2025-11-30 18:00:00,20.9,24.9,96.0,0.0,6.7,358.0,1006.0,230.0
2025-11-30 19:00:00,14.1,24.8,96.0,0.0,5.2,344.0,1005.8,195.0
2025-11-30 20:00:00,7.65,24.7,96.0,0.0,5.4,340.0,1005.5,180.0
2025-11-30 21:00:00,14.1,24.5,96.0,0.0,3.4,6.0,1005.6,140.0
2025-11-30 22:00:00,25.1,24.2,98.0,0.0,3.0,57.0,1006.5,45.0
2025-11-30 23:00:00,24.6,24.5,97.0,0.0,3.1,111.0,1007.0,70.0
2025-12-01 00:00:00,38.9,25.7,92.0,0.0,1.1,99.0,1007.5,130.0
2025-12-01 01:00:00,40.8,26.8,87.0,0.0,2.2,189.0,1007.5,190.0
2025-12-01 02:00:00,36.9,27.7,83.0,0.0,2.8,191.0,1007.2,325.0
2025-12-01 03:00:00,28.5,28.4,80.0,0.0,2.2,222.0,1006.8,465.0
2025-12-01 04:00:00,26.2,28.7,78.0,0.0,2.0,185.0,1005.6,530.0
2025-12-01 05:00:00,35.4,29.7,74.0,0.1,4.2,149.0,1004.4,690.0
2025-12-01 06:00:00,44.9,30.2,73.0,0.1,4.9,178.0,1003.6,925.0
2025-12-01 07:00:00,29.4,30.1,72.0,0.1,3.1,190.0,1003.3,970.0
2025-12-01 08:00:00,,26.9,84.0,4.3,9.7,358.0,1003.9,245.0
2025-12-01 09:00:00,25.9,26.1,88.0,0.1,9.3,351.0,1004.5,210.0
2025-12-01 10:00:00,30.3,25.9,88.0,0.1,7.4,338.0,1005.1,205.0
2025-12-01 11:00:00,46.5,25.6,91.0,0.0,7.5,345.0,1005.8,270.0
2025-12-01 12:00:00,43.0,26.0,87.0,0.0,7.2,25.0,1006.0,155.0
2025-12-01 13:00:00,31.5,26.0,86.0,0.0,6.2,350.0,1006.1,145.0
2025-12-01 14:00:00,34.3,25.6,86.0,0.0,5.7,328.0,1005.9,120.0
2025-12-01 15:00:00,43.8,25.4,88.0,0.0,6.0,355.0,1005.7,140.0
2025-12-01 16:00:00,39.7,25.2,89.0,0.0,4.3,343.0,1005.2,105.0
2025-12-01 17:00:00,37.3,24.8,92.0,0.0,3.0,308.0,1004.5,65.0
2025-12-01 18:00:00,39.0,24.6,94.0,0.0,3.0,17.0,1004.1,70.0
2025-12-01 19:00:00,29.2,24.5,96.0,0.0,3.2,360.0,1003.8,55.0
2025-12-01 20:00:00,27.2,24.4,96.0,0.0,1.5,339.0,1003.9,35.0
2025-12-01 21:00:00,31.5,24.1,99.0,0.0,1.9,34.0,1004.0,35.0
2025-12-01 22:00:00,34.4,23.9,98.0,0.0,3.1,66.0,1004.9,45.0
2025-12-01 23:00:00,33.8,24.2,95.0,0.0,1.7,72.0,1005.7,50.0
2025-12-02 00:00:00,32.7,25.4,93.0,0.0,1.0,329.0,1006.3,140.0
2025-12-02 01:00:00,28.0,27.3,86.0,0.0,1.2,321.0,1006.8,255.0
2025-12-02 02:00:00,35.7,28.8,77.0,0.0,1.7,302.0,1006.5,485.0
2025-12-02 03:00:00,39.9,29.8,71.0,0.0,3.3,279.0,1005.7,695.0
2025-12-02 04:00:00,53.6,30.1,72.0,0.1,3.4,286.0,1005.0,830.0
2025-12-02 05:00:00,50.4,30.5,72.0,0.1,4.2,265.0,1003.9,850.0
2025-12-02 06:00:00,49.4,28.6,79.0,0.2,6.1,24.0,1003.2,455.0
2025-12-02 07:00:00,61.6,28.6,80.0,0.1,2.7,62.0,1002.8,420.0
2025-12-02 08:00:00,34.0,28.8,79.0,0.0,2.6,16.0,1003.0,480.0
2025-12-02 09:00:00,39.8,28.2,79.0,0.4,4.1,23.0,1003.6,325.0
2025-12-02 10:00:00,46.6,27.7,83.0,0.0,2.3,51.0,1004.2,175.0
2025-12-02 11:00:00,46.8,27.7,82.0,0.0,0.6,34.0,1004.8,135.0
2025-12-02 12:00:00,61.3,25.9,94.0,0.0,2.5,30.0,1005.5,40.0
2025-12-02 13:00:00,83.8,26.6,90.0,0.0,4.0,95.0,1005.5,80.0
2025-12-02 14:00:00,82.2,25.7,93.0,0.6,5.5,197.0,1006.2,225.0
2025-12-02 15:00:00,58.0,25.5,91.0,0.2,2.8,11.0,1005.7,115.0
2025-12-02 16:00:00,38.4,25.2,94.0,0.0,3.9,16.0,1005.7,155.0
2025-12-02 17:00:00,39.9,25.1,95.0,0.0,4.9,358.0,1005.3,180.0
2025-12-02 18:00:00,39.2,24.9,96.0,0.0,3.6,3.0,1004.4,145.0
2025-12-02 19:00:00,39.1,25.0,96.0,0.0,0.4,27.0,1004.1,70.0
2025-12-02 20:00:00,34.4,24.9,96.0,0.0,1.7,148.0,1004.2,115.0
2025-12-02 21:00:00,29.9,24.9,96.0,0.0,1.7,103.0,1004.7,145.0
2025-12-02 22:00:00,31.0,24.9,95.0,0.0,3.1,97.0,1005.4,155.0
2025-12-02 23:00:00,39.0,25.2,94.0,0.0,2.5,98.0,1006.3,155.0
2025-12-03 00:00:00,44.8,26.7,87.0,0.0,2.8,105.0,1006.9,220.0
2025-12-03 01:00:00,46.7,28.2,82.0,0.0,1.8,127.0,1007.3,350.0
2025-12-03 02:00:00,33.2,29.3,77.0,0.0,1.8,186.0,1007.1,615.0
2025-12-03 03:00:00,30.8,29.9,75.0,0.0,2.4,207.0,1006.5,900.0
2025-12-03 04:00:00,31.2,30.5,71.0,0.0,2.0,270.0,1005.8,990.0
2025-12-03 05:00:00,40.9,29.9,73.0,0.0,2.7,200.0,1004.9,690.0
2025-12-03 06:00:00,27.7,26.6,83.0,0.3,3.9,344.0,1004.6,225.0
2025-12-03 07:00:00,23.3,28.4,79.0,0.1,3.6,354.0,1004.2,255.0
2025-12-03 08:00:00,14.4,28.5,78.0,0.0,4.0,54.0,1004.2,310.0
2025-12-03 09:00:00,3.28,27.9,80.0,0.1,4.2,20.0,1004.5,265.0
2025-12-03 10:00:00,9.98,27.5,86.0,0.0,5.1,337.0,1004.8,155.0
2025-12-03 11:00:00,6.31,27.4,88.0,0.0,5.3,352.0,1005.7,120.0
2025-12-03 12:00:00,2.52,27.2,84.0,0.0,6.0,29.0,1006.1,120.0
2025-12-03 13:00:00,0.228,27.4,81.0,0.0,3.5,39.0,1006.7,140.0
2025-12-03 14:00:00,0.0415,27.2,82.0,0.0,4.2,5.0,1007.0,120.0
2025-12-03 15:00:00,0.0833,26.7,82.0,0.2,6.8,3.0,1006.8,180.0
2025-12-03 16:00:00,0.00283,26.0,84.0,0.7,5.5,351.0,1006.5,105.0
2025-12-03 17:00:00,0.00833,24.9,90.0,2.5,9.4,320.0,1006.2,115.0
2025-12-03 18:00:00,0.281,24.9,93.0,0.3,8.1,360.0,1005.8,200.0
2025-12-03 19:00:00,1.24,25.1,92.0,0.4,6.9,17.0,1005.4,200.0
2025-12-03 20:00:00,2.44,25.2,92.0,0.3,8.2,33.0,1005.5,260.0
2025-12-03 21:00:00,2.5,25.4,89.0,0.3,8.7,30.0,1005.6,265.0
2025-12-03 22:00:00,6.3,25.2,88.0,0.0,9.2,39.0,1006.2,350.0
2025-12-03 23:00:00,16.7,25.4,84.0,0.0,8.8,43.0,1006.6,975.0
2025-12-04 00:00:00,4.6,26.8,79.0,0.1,6.9,31.0,1007.8,740.0
2025-12-04 01:00:00,1.58,28.0,71.0,0.0,8.4,28.0,1008.0,990.0
2025-12-04 02:00:00,0.9,28.9,65.0,0.0,13.0,25.0,1007.5,1205.0
2025-12-04 03:00:00,0.981,29.4,60.0,0.0,14.1,35.0,1007.2,1290.0
2025-12-04 04:00:00,0.348,29.7,59.0,0.0,12.2,34.0,1006.3,1355.0
2025-12-04 05:00:00,0.478,29.7,58.0,0.0,11.2,35.0,1005.4,1340.0
2025-12-04 06:00:00,0.339,30.2,55.0,0.0,10.6,30.0,1005.1,1425.0
2025-12-04 07:00:00,1.05,29.4,57.0,0.0,12.6,38.0,1005.0,1285.0
2025-12-04 08:00:00,2.6,28.3,61.0,0.0,11.3,48.0,1005.4,1005.0
2025-12-04 09:00:00,3.95,27.2,66.0,0.0,11.6,53.0,1005.9,855.0
2025-12-04 10:00:00,8.98,26.6,69.0,0.0,9.0,77.0,1006.4,970.0
2025-12-04 11:00:00,9.64,26.4,70.0,0.0,5.1,113.0,1007.0,985.0
2025-12-04 12:00:00,10.1,26.4,73.0,0.0,1.4,360.0,1007.7,30.0
2025-12-04 13:00:00,9.31,25.9,79.0,0.0,3.8,19.0,1008.2,50.0
2025-12-04 14:00:00,15.7,25.5,81.0,0.0,6.3,347.0,1008.1,85.0
2025-12-04 15:00:00,14.0,25.0,82.0,0.0,6.1,348.0,1007.7,70.0
2025-12-04 16:00:00,5.42,24.7,81.0,0.0,6.3,336.0,1007.6,80.0
2025-12-04 17:00:00,6.02,24.3,82.0,0.0,6.9,327.0,1007.2,85.0
2025-12-04 18:00:00,11.7,24.2,81.0,0.0,9.4,355.0,1007.1,100.0
2025-12-04 19:00:00,18.6,24.1,81.0,0.0,8.3,358.0,1006.8,115.0
2025-12-04 20:00:00,17.0,23.9,80.0,0.0,9.6,3.0,1006.8,150.0
2025-12-04 21:00:00,10.1,23.6,80.0,0.0,9.9,3.0,1006.7,195.0
2025-12-04 22:00:00,11.0,23.4,80.0,0.0,9.2,6.0,1007.5,160.0
2025-12-04 23:00:00,12.9,23.7,79.0,0.0,10.1,3.0,1008.0,190.0
2025-12-05 00:00:00,7.46,25.1,75.0,0.0,10.1,360.0,1008.7,800.0
2025-12-05 01:00:00,1.84,26.4,68.0,0.0,9.0,2.0,1008.7,985.0
2025-12-05 02:00:00,0.0055,27.8,63.0,0.0,12.1,41.0,1008.3,1245.0
2025-12-05 03:00:00,0.00833,29.1,57.0,0.0,15.8,37.0,1007.6,1420.0
2025-12-05 04:00:00,0.0415,29.2,57.0,0.0,13.6,26.0,1006.7,1425.0
2025-12-05 05:00:00,0.0,29.6,55.0,0.0,14.2,33.0,1006.0,1525.0
2025-12-05 06:00:00,0.00283,29.6,53.0,0.0,14.3,36.0,1005.1,1515.0
2025-12-05 07:00:00,0.453,28.4,58.0,0.0,14.1,39.0,1004.8,1170.0
2025-12-05 08:00:00,2.2,27.5,62.0,0.0,9.3,43.0,1004.7,895.0
2025-12-05 09:00:00,5.23,26.9,66.0,0.0,9.9,55.0,1004.8,785.0
2025-12-05 10:00:00,6.15,25.9,69.0,0.0,12.3,60.0,1005.2,695.0
2025-12-05 11:00:00,11.6,25.8,69.0,0.0,7.2,71.0,1005.8,665.0
2025-12-05 12:00:00,10.4,25.3,72.0,0.0,6.1,58.0,1006.5,145.0
2025-12-05 13:00:00,15.3,25.2,76.0,0.0,4.3,45.0,1006.8,55.0
2025-12-05 14:00:00,15.8,24.9,78.0,0.0,5.9,45.0,1006.8,110.0
2025-12-05 15:00:00,25.8,24.6,77.0,0.0,5.7,18.0,1006.6,70.0
2025-12-05 16:00:00,19.0,24.4,77.0,0.0,6.0,357.0,1006.5,75.0
2025-12-05 17:00:00,10.0,24.1,75.0,0.0,8.4,351.0,1006.1,200.0
2025-12-05 18:00:00,27.3,23.7,74.0,0.0,10.7,343.0,1005.5,275.0
2025-12-05 19:00:00,22.3,23.2,76.0,0.0,10.3,3.0,1005.4,250.0
2025-12-05 20:00:00,18.9,23.2,77.0,0.0,10.3,355.0,1005.4,245.0
2025-12-05 21:00:00,19.7,23.3,77.0,0.0,7.9,347.0,1005.4,220.0
2025-12-05 22:00:00,18.7,22.7,80.0,0.0,6.6,334.0,1005.8,150.0
2025-12-05 23:00:00,25.7,22.7,83.0,0.0,7.7,339.0,1006.3,160.0
2025-12-06 00:00:00,30.6,23.5,80.0,0.0,7.5,350.0,1007.0,180.0
2025-12-06 01:00:00,28.2,25.6,70.0,0.0,6.5,13.0,1007.2,270.0
2025-12-06 02:00:00,10.3,27.3,61.0,0.0,5.7,347.0,1007.1,425.0
2025-12-06 03:00:00,2.43,28.9,58.0,0.0,6.7,355.0,1006.4,1250.0
2025-12-06 04:00:00,0.0,30.2,53.0,0.0,10.2,13.0,1005.6,1525.0
2025-12-06 05:00:00,0.0,30.1,50.0,0.0,12.9,42.0,1005.1,1540.0
2025-12-06 06:00:00,0.039,30.5,48.0,0.0,14.3,50.0,1004.2,1615.0
2025-12-06 07:00:00,0.267,29.8,50.0,0.0,11.6,35.0,1003.8,1115.0
2025-12-06 08:00:00,1.72,28.9,54.0,0.0,12.2,31.0,1003.9,1075.0
2025-12-06 09:00:00,4.25,28.0,57.0,0.0,10.3,40.0,1004.3,835.0
2025-12-06 10:00:00,7.09,27.4,61.0,0.0,10.8,48.0,1004.5,565.0
2025-12-06 11:00:00,10.4,26.5,66.0,0.0,13.7,52.0,1005.2,480.0
2025-12-06 12:00:00,12.7,26.3,69.0,0.0,5.5,77.0,1005.6,300.0
2025-12-06 13:00:00,23.1,26.5,67.0,0.0,5.1,58.0,1006.0,350.0
2025-12-06 14:00:00,16.5,26.2,68.0,0.0,6.7,24.0,1006.0,315.0
2025-12-06 15:00:00,19.2,26.0,68.0,0.0,8.1,45.0,1005.8,320.0
2025-12-06 16:00:00,20.2,25.8,68.0,0.0,7.9,45.0,1005.4,270.0
2025-12-06 17:00:00,12.1,25.4,70.0,0.0,8.5,12.0,1004.9,335.0
2025-12-06 18:00:00,20.8,24.4,79.0,0.0,8.0,352.0,1004.4,200.0
2025-12-06 19:00:00,20.4,24.3,80.0,0.0,8.1,359.0,1004.1,180.0
2025-12-06 20:00:00,18.0,24.3,79.0,0.1,8.8,355.0,1004.0,195.0
2025-12-06 21:00:00,14.3,24.3,77.0,0.0,9.0,348.0,1004.2,170.0
2025-12-06 22:00:00,8.21,24.2,78.0,0.0,7.8,356.0,1004.9,155.0
2025-12-06 23:00:00,6.15,24.2,80.0,0.0,8.1,335.0,1005.4,200.0
2025-12-07 00:00:00,4.79,24.3,79.0,0.0,7.9,336.0,1006.2,260.0
2025-12-07 01:00:00,3.81,25.3,74.0,0.0,8.1,329.0,1006.5,315.0
2025-12-07 02:00:00,10.5,26.9,65.0,0.0,10.4,350.0,1005.9,880.0
2025-12-07 03:00:00,0.286,28.2,62.0,0.0,13.4,5.0,1005.1,1205.0
2025-12-07 04:00:00,0.0167,28.2,63.0,0.0,12.6,4.0,1004.7,1290.0
2025-12-07 05:00:00,0.0138,27.9,64.0,0.0,13.2,17.0,1004.2,1215.0
2025-12-07 06:00:00,0.0417,26.6,75.0,0.4,10.0,354.0,1003.2,875.0
2025-12-07 07:00:00,0.142,26.5,75.0,0.3,8.5,7.0,1003.1,740.0
2025-12-07 08:00:00,2.09,26.9,72.0,0.2,11.3,20.0,1003.2,780.0
2025-12-07 09:00:00,7.03,26.3,75.0,0.5,13.9,25.0,1003.3,770.0
2025-12-07 10:00:00,8.25,26.2,74.0,0.0,15.6,22.0,1003.9,750.0
2025-12-07 11:00:00,17.1,25.6,77.0,0.5,13.1,9.0,1004.5,425.0
2025-12-07 12:00:00,40.9,25.4,84.0,0.6,8.8,5.0,1005.0,160.0
2025-12-07 13:00:00,48.9,25.6,84.0,0.0,8.3,27.0,1005.4,170.0
2025-12-07 14:00:00,42.9,25.8,82.0,0.0,9.4,20.0,1005.2,200.0
2025-12-07 15:00:00,20.8,26.0,79.0,0.0,11.4,21.0,1004.8,450.0
2025-12-07 16:00:00,13.0,25.7,79.0,0.0,12.8,19.0,1004.1,495.0
2025-12-07 17:00:00,0.039,25.7,79.0,0.0,11.0,19.0,1004.1,505.0
2025-12-07 18:00:00,0.0833,25.2,81.0,0.0,11.0,360.0,1003.4,280.0
2025-12-07 19:00:00,6.22,25.4,79.0,0.0,9.9,356.0,1003.8,245.0
2025-12-07 20:00:00,19.6,25.2,81.0,0.1,11.0,3.0,1003.7,225.0
2025-12-07 21:00:00,16.8,24.7,84.0,0.0,8.0,9.0,1004.1,165.0
2025-12-07 22:00:00,19.7,23.8,94.0,6.1,6.5,357.0,1004.6,105.0
2025-12-07 23:00:00,22.2,23.8,96.0,6.2,7.2,19.0,1005.1,105.0
2025-12-08 00:00:00,38.0,24.6,90.0,3.9,6.5,354.0,1005.9,155.0
2025-12-08 01:00:00,46.1,25.8,86.0,0.1,7.0,347.0,1005.9,195.0
2025-12-08 02:00:00,21.7,27.8,78.0,0.0,9.6,343.0,1005.2,400.0
2025-12-08 03:00:00,37.2,29.1,72.0,0.0,8.9,6.0,1004.7,845.0
2025-12-08 04:00:00,15.8,29.3,71.0,0.1,9.0,2.0,1004.1,820.0
2025-12-08 05:00:00,2.81,29.3,72.0,0.2,8.1,5.0,1003.5,810.0
2025-12-08 06:00:00,4.13,29.8,68.0,0.1,8.8,2.0,1002.9,745.0
2025-12-08 07:00:00,1.14,29.6,68.0,0.0,9.2,7.0,1002.7,660.0
2025-12-08 08:00:00,2.56,29.2,70.0,0.1,6.4,10.0,1002.7,425.0
2025-12-08 09:00:00,10.6,28.5,74.0,0.1,7.5,10.0,1003.5,295.0
2025-12-08 10:00:00,17.0,27.9,76.0,0.0,8.9,24.0,1004.0,250.0
2025-12-08 11:00:00,14.7,27.4,77.0,0.0,6.4,18.0,1004.7,175.0
2025-12-08 12:00:00,5.73,27.2,80.0,0.0,5.6,22.0,1005.1,95.0
2025-12-08 13:00:00,9.21,26.9,82.0,0.0,6.6,21.0,1004.9,100.0
2025-12-08 14:00:00,9.1,26.6,84.0,0.0,4.6,11.0,1005.1,70.0
2025-12-08 15:00:00,23.0,26.4,84.0,0.0,6.3,2.0,1005.5,85.0
2025-12-08 16:00:00,26.2,26.3,83.0,0.1,4.9,343.0,1005.2,70.0
2025-12-08 17:00:00,21.9,25.8,85.0,0.1,4.4,339.0,1005.0,60.0
2025-12-08 18:00:00,17.6,25.7,88.0,0.2,3.7,11.0,1004.3,60.0
2025-12-08 19:00:00,18.7,25.6,88.0,0.0,5.9,11.0,1003.7,130.0
2025-12-08 20:00:00,18.4,25.4,89.0,0.0,6.8,22.0,1003.8,130.0
2025-12-08 21:00:00,7.76,25.3,88.0,0.0,7.0,13.0,1004.3,165.0
2025-12-08 22:00:00,6.48,25.3,85.0,0.0,7.1,6.0,1005.0,145.0
2025-12-08 23:00:00,7.6,25.7,82.0,0.0,7.6,356.0,1005.8,165.0
2025-12-09 00:00:00,22.0,26.6,79.0,0.0,0.9,11.0,1006.7,200.0
2025-12-09 01:00:00,11.5,27.3,77.0,0.3,2.3,184.0,1007.4,395.0
2025-12-09 02:00:00,29.8,27.4,77.0,0.3,3.1,216.0,1007.2,460.0
2025-12-09 03:00:00,56.2,28.1,73.0,0.4,3.9,344.0,1006.7,595.0
2025-12-09 04:00:00,49.1,28.3,72.0,0.2,8.1,355.0,1005.9,765.0
2025-12-09 05:00:00,32.8,28.4,69.0,0.3,10.0,26.0,1005.0,765.0
2025-12-09 06:00:00,38.4,25.4,90.0,3.1,6.1,212.0,1004.9,150.0
2025-12-09 07:00:00,28.4,27.0,82.0,6.7,3.6,153.0,1005.0,320.0
2025-12-09 08:00:00,22.4,25.5,92.0,5.8,6.8,297.0,1005.2,215.0
2025-12-09 09:00:00,7.65,25.6,93.0,0.8,8.0,335.0,1005.8,215.0
2025-12-09 10:00:00,9.06,25.6,92.0,0.0,7.8,9.0,1006.0,200.0
2025-12-09 11:00:00,24.3,25.4,91.0,0.0,5.1,8.0,1006.4,115.0
2025-12-09 12:00:00,24.2,24.6,93.0,0.0,5.3,38.0,1006.9,60.0
2025-12-09 13:00:00,33.5,24.9,92.0,0.0,3.1,3.0,1007.3,75.0
2025-12-09 14:00:00,34.9,24.7,95.0,0.0,1.1,18.0,1007.2,65.0
2025-12-09 15:00:00,34.7,24.5,96.0,0.0,3.3,6.0,1007.2,85.0
2025-12-09 16:00:00,46.4,24.5,97.0,0.0,5.2,348.0,1007.0,95.0
2025-12-09 17:00:00,40.6,23.2,99.0,2.3,10.3,308.0,1007.3,180.0
2025-12-09 18:00:00,23.6,23.8,96.0,0.4,4.3,345.0,1005.8,90.0
2025-12-09 19:00:00,27.0,23.6,98.0,0.1,3.9,294.0,1005.9,210.0
2025-12-09 20:00:00,13.0,23.3,99.0,3.1,2.9,270.0,1006.0,120.0
2025-12-09 21:00:00,6.83,23.5,99.0,10.0,3.2,313.0,1006.3,185.0
2025-12-09 22:00:00,10.3,23.6,98.0,1.0,10.3,353.0,1006.7,255.0
2025-12-09 23:00:00,12.9,23.5,97.0,0.5,5.2,6.0,1007.4,180.0
2025-12-10 00:00:00,8.31,25.9,93.0,0.5,2.1,345.0,1008.1,160.0
2025-12-10 01:00:00,5.43,27.6,84.0,0.0,0.7,284.0,1008.3,320.0
2025-12-10 02:00:00,4.14,28.1,80.0,0.1,0.9,360.0,1007.8,515.0
2025-12-10 03:00:00,29.2,28.6,79.0,0.1,4.3,327.0,1007.0,560.0
2025-12-10 04:00:00,8.67,30.1,73.0,0.2,6.7,8.0,1006.1,1105.0
2025-12-10 05:00:00,6.35,30.1,69.0,0.1,8.1,6.0,1005.3,905.0
2025-12-10 06:00:00,2.15,29.8,66.0,0.0,9.9,37.0,1004.5,895.0
2025-12-10 07:00:00,0.311,30.0,66.0,0.6,8.6,30.0,1004.3,1165.0
2025-12-10 08:00:00,0.0943,29.7,68.0,0.0,8.3,24.0,1004.3,1110.0
2025-12-10 09:00:00,0.45,28.9,73.0,0.1,6.3,357.0,1004.6,920.0
2025-12-10 10:00:00,4.04,27.7,81.0,0.0,5.0,339.0,1005.0,65.0
2025-12-10 11:00:00,8.53,27.0,85.0,0.0,5.0,330.0,1005.6,50.0
2025-12-10 12:00:00,20.0,26.9,84.0,0.0,3.4,6.0,1006.4,55.0
2025-12-10 13:00:00,28.0,26.8,85.0,0.0,5.3,348.0,1006.7,95.0
2025-12-10 14:00:00,25.4,26.5,85.0,0.0,4.8,347.0,1006.7,100.0
2025-12-10 15:00:00,11.5,26.2,86.0,0.0,3.5,28.0,1006.3,55.0
2025-12-10 16:00:00,4.84,25.9,89.0,0.0,2.2,336.0,1006.1,30.0
2025-12-10 17:00:00,6.76,25.6,91.0,0.0,2.7,328.0,1005.7,40.0
2025-12-10 18:00:00,12.9,25.6,87.0,0.0,6.1,28.0,1004.8,115.0
2025-12-10 19:00:00,5.23,25.6,88.0,0.0,6.7,14.0,1005.0,135.0
2025-12-10 20:00:00,3.77,25.5,87.0,0.0,8.3,2.0,1005.1,185.0
2025-12-10 21:00:00,14.9,25.4,87.0,0.0,8.2,8.0,1005.3,170.0
2025-12-10 22:00:00,23.8,25.2,88.0,0.0,8.3,16.0,1005.8,160.0
2025-12-10 23:00:00,12.1,25.5,87.0,0.0,7.5,27.0,1006.1,150.0
2025-12-11 00:00:00,22.3,26.8,84.0,0.0,6.7,6.0,1007.2,225.0
2025-12-11 01:00:00,4.77,28.2,79.0,0.0,5.8,9.0,1007.4,670.0
2025-12-11 02:00:00,5.66,29.0,76.0,0.0,7.3,28.0,1007.1,865.0
2025-12-11 03:00:00,5.98,30.3,69.0,0.1,5.5,17.0,1006.4,1185.0
2025-12-11 04:00:00,29.3,30.8,66.0,0.1,7.1,21.0,1006.0,1255.0
2025-12-11 05:00:00,1.64,28.6,75.0,1.2,5.5,19.0,1005.5,580.0
2025-12-11 06:00:00,4.8,27.5,81.0,0.1,2.5,180.0,1005.0,240.0
2025-12-11 07:00:00,11.3,27.5,82.0,0.1,2.3,247.0,1004.7,275.0
2025-12-11 08:00:00,25.6,27.9,82.0,0.0,3.6,180.0,1004.9,335.0
2025-12-11 09:00:00,8.85,28.0,80.0,0.0,2.9,227.0,1005.3,555.0
2025-12-11 10:00:00,16.8,27.7,81.0,0.3,2.7,228.0,1006.1,50.0
2025-12-11 11:00:00,29.5,27.1,88.0,0.0,2.8,315.0,1006.7,40.0
2025-12-11 12:00:00,16.9,26.6,83.0,0.0,4.0,355.0,1007.1,85.0
2025-12-11 13:00:00,19.2,26.6,85.0,0.0,4.4,351.0,1006.9,95.0
2025-12-11 14:00:00,30.5,26.5,85.0,0.0,0.8,297.0,1007.0,10.0
2025-12-11 15:00:00,21.8,26.2,88.0,0.0,0.9,349.0,1006.9,15.0
2025-12-11 16:00:00,23.9,25.8,90.0,0.0,2.1,255.0,1006.8,30.0
2025-12-11 17:00:00,28.7,25.3,94.0,0.0,4.1,270.0,1005.8,60.0
2025-12-11 18:00:00,22.4,25.6,93.0,0.0,4.0,309.0,1005.5,60.0
2025-12-11 19:00:00,24.1,25.5,91.0,0.0,5.8,334.0,1004.7,135.0
2025-12-11 20:00:00,40.5,25.3,88.0,0.0,8.3,358.0,1004.6,155.0
2025-12-11 21:00:00,37.7,25.4,86.0,0.0,7.3,9.0,1004.9,155.0
2025-12-11 22:00:00,48.4,25.2,88.0,0.0,5.7,13.0,1005.5,115.0
2025-12-11 23:00:00,42.7,25.5,88.0,0.0,2.7,360.0,1005.9,60.0
2025-12-12 00:00:00,39.3,27.1,80.0,0.0,7.9,17.0,1006.7,305.0
2025-12-12 01:00:00,53.6,28.3,74.0,0.0,7.3,25.0,1007.0,660.0
2025-12-12 02:00:00,40.0,28.8,72.0,0.2,7.5,40.0,1006.7,830.0
2025-12-12 03:00:00,28.6,29.4,71.0,0.4,9.3,44.0,1006.3,1085.0
2025-12-12 04:00:00,13.9,29.2,72.0,0.1,8.1,37.0,1005.3,980.0
2025-12-12 05:00:00,18.0,29.4,70.0,0.1,7.3,52.0,1004.1,995.0
2025-12-12 06:00:00,16.2,30.0,68.0,0.0,6.0,39.0,1003.3,1155.0
2025-12-12 07:00:00,3.16,30.0,64.0,0.0,8.3,30.0,1002.8,1190.0
2025-12-12 08:00:00,1.93,29.4,66.0,0.0,7.4,18.0,1003.2,990.0
2025-12-12 09:00:00,3.03,28.6,73.0,0.0,6.2,15.0,1004.0,280.0
2025-12-12 10:00:00,7.65,27.8,78.0,0.0,5.7,24.0,1004.8,160.0
2025-12-12 11:00:00,14.3,27.4,81.0,0.0,3.8,5.0,1005.7,75.0
2025-12-12 12:00:00,21.9,27.3,81.0,0.0,3.2,360.0,1006.5,85.0
2025-12-12 13:00:00,32.2,27.2,83.0,0.0,3.1,339.0,1007.1,70.0
2025-12-12 14:00:00,32.0,26.6,85.0,0.0,6.3,323.0,1007.1,95.0
2025-12-12 15:00:00,44.5,26.1,84.0,0.0,7.3,332.0,1006.9,115.0
2025-12-12 16:00:00,42.2,25.8,84.0,0.0,6.5,336.0,1006.6,105.0
2025-12-12 17:00:00,41.2,25.5,85.0,0.0,4.7,337.0,1006.2,75.0
2025-12-12 18:00:00,33.3,25.5,83.0,0.0,7.9,348.0,1005.6,110.0
2025-12-12 19:00:00,35.1,25.1,84.0,0.0,7.6,352.0,1005.2,125.0
2025-12-12 20:00:00,28.0,25.1,85.0,0.0,7.7,351.0,1004.9,140.0
2025-12-12 21:00:00,21.7,25.3,85.0,0.0,6.7,360.0,1005.2,145.0
2025-12-12 22:00:00,22.8,25.3,85.0,0.0,6.3,7.0,1005.9,125.0
2025-12-12 23:00:00,26.2,25.5,85.0,0.0,6.8,357.0,1006.5,125.0
2025-12-13 00:00:00,17.1,27.1,80.0,0.0,3.5,332.0,1006.9,185.0
2025-12-13 01:00:00,16.9,28.4,71.0,0.0,5.2,25.0,1007.4,1005.0
2025-12-13 02:00:00,5.06,29.6,66.0,0.1,6.5,34.0,1007.1,1115.0
2025-12-13 03:00:00,1.69,30.5,64.0,0.0,8.6,49.0,1006.5,1365.0
2025-12-13 04:00:00,0.637,30.8,62.0,0.0,11.0,64.0,1005.6,1355.0
2025-12-13 05:00:00,3.65,31.3,60.0,0.0,7.9,49.0,1004.3,1365.0
2025-12-13 06:00:00,5.12,29.8,63.0,0.0,7.8,99.0,1004.3,955.0
2025-12-13 07:00:00,2.62,29.7,63.0,0.6,8.1,73.0,1004.1,865.0
2025-12-13 08:00:00,0.364,29.7,63.0,0.0,8.7,38.0,1004.1,1110.0
2025-12-13 09:00:00,8.3,28.5,71.0,0.0,8.8,12.0,1004.3,910.0
2025-12-13 10:00:00,16.2,27.5,77.0,0.0,10.1,360.0,1004.5,260.0
2025-12-13 11:00:00,24.4,26.9,80.0,0.0,8.1,4.0,1005.4,165.0
2025-12-13 12:00:00,25.9,26.6,81.0,0.0,7.6,34.0,1006.1,230.0
2025-12-13 13:00:00,31.7,26.7,81.0,0.0,1.6,6.0,1006.7,40.0
2025-12-13 14:00:00,44.4,26.4,85.0,0.0,2.1,322.0,1006.7,35.0
2025-12-13 15:00:00,45.7,26.0,88.0,0.0,1.1,351.0,1006.5,15.0
2025-12-13 16:00:00,45.2,25.8,89.0,0.0,2.0,350.0,1006.3,35.0
2025-12-13 17:00:00,33.2,25.4,92.0,0.0,3.1,324.0,1006.0,55.0
2025-12-13 18:00:00,27.8,25.5,90.0,0.0,4.1,347.0,1005.5,70.0
2025-12-13 19:00:00,29.2,25.3,91.0,0.0,3.5,12.0,1005.3,75.0
2025-12-13 20:00:00,28.7,25.2,91.0,0.0,1.5,36.0,1005.2,40.0
2025-12-13 21:00:00,26.2,25.0,93.0,0.0,1.1,18.0,1005.3,35.0
2025-12-13 22:00:00,25.8,24.7,93.0,0.2,0.6,342.0,1005.8,15.0
2025-12-13 23:00:00,23.9,24.9,91.0,0.1,3.3,216.0,1006.5,150.0
2025-12-14 00:00:00,14.7,26.1,83.0,0.0,3.8,343.0,1007.4,210.0
2025-12-14 01:00:00,12.3,26.8,79.0,0.0,3.5,321.0,1008.0,265.0
2025-12-14 02:00:00,16.2,28.2,72.0,0.0,4.0,10.0,1008.0,880.0
2025-12-14 03:00:00,6.88,29.2,67.0,0.1,7.0,4.0,1007.3,1155.0
2025-12-14 04:00:00,27.4,29.8,62.0,0.1,7.8,15.0,1006.4,1100.0
2025-12-14 05:00:00,24.0,30.4,60.0,0.0,7.6,18.0,1005.5,1240.0
2025-12-14 06:00:00,0.789,30.6,59.0,0.0,6.4,18.0,1004.8,1325.0
2025-12-14 07:00:00,0.0,30.5,55.0,0.0,10.3,31.0,1004.4,1295.0
2025-12-14 08:00:00,0.025,29.5,54.0,0.0,11.7,37.0,1004.5,990.0
2025-12-14 09:00:00,1.6,28.2,59.0,0.0,9.4,36.0,1005.0,915.0
2025-12-14 10:00:00,10.4,27.2,66.0,0.0,4.2,10.0,1005.4,845.0
2025-12-14 11:00:00,22.3,26.6,74.0,0.0,2.9,338.0,1006.2,35.0
2025-12-14 12:00:00,29.5,26.0,80.0,0.0,1.3,326.0,1006.8,20.0
2025-12-14 13:00:00,38.3,26.3,73.0,0.0,3.8,311.0,1006.8,55.0
2025-12-14 14:00:00,40.4,25.9,75.0,0.0,5.0,311.0,1006.8,80.0
2025-12-14 15:00:00,40.3,25.3,79.0,0.0,6.2,322.0,1006.5,95.0
2025-12-14 16:00:00,42.3,25.0,81.0,0.0,7.7,332.0,1006.4,130.0
2025-12-14 17:00:00,46.7,24.7,82.0,0.0,8.5,348.0,1005.9,120.0
2025-12-14 18:00:00,45.9,24.7,81.0,0.0,6.9,17.0,1005.4,100.0
2025-12-14 19:00:00,43.1,24.4,82.0,0.0,8.3,13.0,1005.5,115.0
2025-12-14 20:00:00,42.0,24.0,82.0,0.0,8.5,6.0,1005.4,115.0
2025-12-14 21:00:00,36.7,23.9,82.0,0.0,6.9,6.0,1005.6,100.0
2025-12-14 22:00:00,39.2,24.1,82.0,0.0,6.4,352.0,1006.2,75.0
2025-12-14 23:00:00,50.3,24.6,78.0,0.0,8.3,356.0,1006.3,120.0
2025-12-15 00:00:00,46.4,25.6,76.0,0.0,6.0,351.0,1007.2,170.0
2025-12-15 01:00:00,49.1,27.3,71.0,0.0,5.1,333.0,1007.6,230.0
2025-12-15 02:00:00,67.6,28.4,69.0,0.0,9.0,16.0,1007.7,1215.0
2025-12-15 03:00:00,44.6,29.3,63.0,0.0,18.9,29.0,1007.1,1235.0
2025-12-15 04:00:00,36.1,29.4,63.0,0.0,17.2,35.0,1006.2,1250.0
2025-12-15 05:00:00,30.7,30.0,61.0,0.1,14.3,39.0,1005.8,1415.0
2025-12-15 06:00:00,30.7,25.8,84.0,0.4,4.5,355.0,1005.4,210.0
2025-12-15 07:00:00,31.6,26.1,86.0,2.3,8.8,351.0,1005.3,210.0
2025-12-15 08:00:00,26.6,25.2,94.0,2.7,6.9,353.0,1005.3,180.0
2025-12-15 09:00:00,34.6,25.1,94.0,2.3,4.8,299.0,1005.8,125.0
2025-12-15 10:00:00,41.0,24.9,94.0,1.2,4.7,270.0,1006.3,130.0
2025-12-15 11:00:00,48.5,24.7,93.0,0.4,3.1,283.0,1006.6,90.0
2025-12-15 12:00:00,51.4,25.7,88.0,0.1,6.4,331.0,1007.0,110.0
2025-12-15 13:00:00,74.4,25.7,86.0,0.0,5.7,332.0,1007.3,110.0
2025-12-15 14:00:00,76.2,25.4,87.0,0.0,5.9,342.0,1007.4,125.0
2025-12-15 15:00:00,70.1,25.2,87.0,0.0,7.5,352.0,1007.3,175.0
2025-12-15 16:00:00,73.7,25.1,88.0,0.0,5.1,356.0,1007.2,145.0
2025-12-15 17:00:00,45.5,25.0,89.0,0.0,4.3,355.0,1006.7,120.0
2025-12-15 18:00:00,28.7,25.0,92.0,0.0,0.9,307.0,1006.2,35.0
2025-12-15 19:00:00,26.9,25.1,92.0,0.0,4.2,340.0,1005.8,110.0
2025-12-15 20:00:00,26.2,25.1,90.0,0.0,6.6,349.0,1005.6,165.0
2025-12-15 21:00:00,27.4,24.9,88.0,0.0,7.2,1.0,1006.0,160.0
2025-12-15 22:00:00,34.7,24.7,87.0,0.0,7.4,359.0,1006.2,155.0
2025-12-15 23:00:00,30.5,25.0,86.0,0.0,5.8,355.0,1006.7,125.0
2025-12-16 00:00:00,11.8,26.0,84.0,0.0,7.8,355.0,1007.3,220.0
2025-12-16 01:00:00,2.19,27.4,77.0,0.0,9.0,357.0,1007.6,580.0
2025-12-16 02:00:00,0.359,28.5,70.0,0.2,8.2,29.0,1007.3,765.0
2025-12-16 03:00:00,0.0917,29.3,68.0,0.9,10.3,23.0,1006.9,910.0
2025-12-16 04:00:00,0.0498,29.8,65.0,0.2,10.2,30.0,1006.1,970.0
2025-12-16 05:00:00,0.0925,30.6,64.0,0.0,9.8,28.0,1005.3,1195.0
2025-12-16 06:00:00,0.831,29.9,63.0,0.0,10.0,39.0,1004.5,830.0
2025-12-16 07:00:00,3.2,29.6,66.0,0.5,9.8,20.0,1004.1,925.0
2025-12-16 08:00:00,12.2,29.2,67.0,0.0,6.9,28.0,1004.2,795.0
2025-12-16 09:00:00,5.13,27.6,73.0,0.2,10.0,7.0,1005.5,340.0
2025-12-16 10:00:00,8.94,24.7,86.0,1.8,12.0,347.0,1006.1,155.0
2025-12-16 11:00:00,23.2,23.9,90.0,4.0,14.8,351.0,1007.1,205.0
2025-12-16 12:00:00,17.7,26.6,79.0,0.3,10.3,3.0,1006.9,210.0
2025-12-16 13:00:00,14.2,26.4,81.0,0.0,5.2,344.0,1007.2,125.0
2025-12-16 14:00:00,24.5,26.0,84.0,0.0,4.2,335.0,1007.2,85.0
2025-12-16 15:00:00,27.3,25.3,87.0,1.1,2.7,332.0,1006.7,75.0
2025-12-16 16:00:00,28.0,24.4,94.0,2.8,1.6,84.0,1006.8,55.0
2025-12-16 17:00:00,19.8,23.8,97.0,2.5,4.5,76.0,1006.3,90.0
2025-12-16 18:00:00,4.43,24.6,92.0,4.9,6.2,348.0,1005.9,135.0
2025-12-16 19:00:00,4.64,24.7,88.0,0.0,6.4,338.0,1005.7,145.0
2025-12-16 20:00:00,18.8,24.3,88.0,0.1,11.5,349.0,1005.6,185.0
2025-12-16 21:00:00,32.4,23.9,89.0,0.1,11.1,7.0,1005.6,150.0
2025-12-16 22:00:00,29.6,24.0,92.0,0.3,8.5,5.0,1006.1,120.0
2025-12-16 23:00:00,32.8,24.0,93.0,0.5,8.3,346.0,1006.7,125.0
2025-12-17 00:00:00,41.3,24.1,93.0,0.5,5.5,308.0,1007.6,115.0
2025-12-17 01:00:00,27.4,25.0,89.0,0.3,6.4,288.0,1008.1,195.0
2025-12-17 02:00:00,10.5,26.6,82.0,0.0,5.4,274.0,1008.0,315.0
2025-12-17 03:00:00,9.07,27.1,79.0,0.0,6.0,280.0,1007.5,360.0
2025-12-17 04:00:00,4.02,27.8,77.0,0.0,4.3,294.0,1006.7,850.0
2025-12-17 05:00:00,4.56,28.5,73.0,0.2,3.4,18.0,1005.9,1050.0
2025-12-17 06:00:00,0.025,28.5,74.0,0.1,5.3,10.0,1005.4,815.0
2025-12-17 07:00:00,0.189,29.0,70.0,0.0,7.6,52.0,1005.0,1045.0
2025-12-17 08:00:00,,28.4,70.0,0.0,6.8,78.0,1005.3,1060.0
2025-12-17 09:00:00,2.5,27.5,73.0,0.0,5.6,155.0,1005.8,1040.0
2025-12-17 10:00:00,15.4,26.8,76.0,0.0,1.4,230.0,1006.5,20.0
2025-12-17 11:00:00,23.9,26.0,84.0,0.0,3.4,270.0,1007.1,40.0
2025-12-17 12:00:00,36.1,26.0,85.0,0.0,2.1,75.0,1007.8,35.0
2025-12-17 13:00:00,39.2,26.1,85.0,0.0,2.0,10.0,1008.3,30.0
2025-12-17 14:00:00,40.7,25.6,90.0,0.0,2.3,342.0,1008.2,30.0
2025-12-17 15:00:00,44.8,25.2,93.0,0.0,2.6,344.0,1007.8,35.0
2025-12-17 16:00:00,43.7,24.9,93.0,0.0,3.5,348.0,1007.4,45.0
2025-12-17 17:00:00,39.7,24.7,92.0,0.0,3.7,313.0,1006.8,60.0
2025-12-17 18:00:00,36.0,24.4,92.0,0.0,2.3,360.0,1006.0,55.0
2025-12-17 19:00:00,26.0,24.8,88.0,0.0,4.6,349.0,1005.9,105.0
2025-12-17 20:00:00,29.5,24.7,88.0,0.0,6.0,9.0,1006.0,120.0
2025-12-17 21:00:00,24.5,24.5,88.0,0.0,6.7,6.0,1006.3,115.0
2025-12-17 22:00:00,25.4,24.5,87.0,0.0,6.6,9.0,1006.8,120.0
2025-12-17 23:00:00,17.2,24.6,88.0,0.0,5.4,346.0,1007.1,95.0
2025-12-18 00:00:00,2.84,26.4,83.0,0.0,4.0,352.0,1007.9,145.0
2025-12-18 01:00:00,2.1,27.8,73.0,0.1,6.6,37.0,1008.1,875.0
2025-12-18 02:00:00,2.07,28.6,70.0,0.0,5.1,39.0,1008.1,1125.0
2025-12-18 03:00:00,2.4,29.3,68.0,0.0,5.0,49.0,1007.5,1265.0
2025-12-18 04:00:00,0.142,29.8,65.0,0.0,7.6,54.0,1006.7,1375.0
2025-12-18 05:00:00,0.025,28.9,67.0,0.2,8.0,46.0,1005.8,960.0
2025-12-18 06:00:00,0.075,29.2,67.0,0.0,7.0,58.0,1004.9,1325.0
2025-12-18 07:00:00,0.573,29.4,66.0,0.0,8.0,52.0,1004.5,1300.0
2025-12-18 08:00:00,0.398,28.9,66.0,0.2,7.0,50.0,1004.7,1150.0
2025-12-18 09:00:00,3.25,28.0,71.0,0.0,6.0,10.0,1004.8,1035.0
2025-12-18 10:00:00,11.4,26.7,82.0,0.0,6.7,336.0,1005.7,140.0
2025-12-18 11:00:00,16.3,26.0,86.0,0.0,5.6,343.0,1006.1,100.0
2025-12-18 12:00:00,24.3,26.0,86.0,0.0,2.7,328.0,1006.1,70.0
2025-12-18 13:00:00,36.1,26.1,86.0,0.0,4.4,325.0,1006.4,105.0
2025-12-18 14:00:00,35.9,25.6,86.0,0.0,5.6,335.0,1006.5,135.0
2025-12-18 15:00:00,41.2,25.3,86.0,0.0,5.2,346.0,1006.5,125.0
2025-12-18 16:00:00,43.4,25.2,87.0,0.0,3.7,313.0,1006.0,90.0
2025-12-18 17:00:00,39.0,25.0,89.0,0.0,4.4,297.0,1005.5,85.0
2025-12-18 18:00:00,40.2,25.0,87.0,0.0,4.8,326.0,1005.0,135.0
2025-12-18 19:00:00,31.0,24.8,88.0,0.2,7.1,317.0,1004.5,155.0
2025-12-18 20:00:00,29.5,24.5,87.0,0.0,9.1,333.0,1004.6,160.0
2025-12-18 21:00:00,18.8,24.5,87.0,0.0,8.3,356.0,1004.6,140.0
2025-12-18 22:00:00,42.9,24.4,88.0,0.1,6.6,351.0,1004.9,125.0
2025-12-18 23:00:00,26.0,24.3,89.0,0.2,6.1,332.0,1005.4,115.0
2025-12-19 00:00:00,27.8,25.9,86.0,0.0,4.4,353.0,1005.9,180.0
2025-12-19 01:00:00,22.0,27.4,78.0,0.1,2.8,15.0,1006.4,605.0
2025-12-19 02:00:00,23.3,28.4,73.0,0.1,4.2,50.0,1006.3,920.0
2025-12-19 03:00:00,16.6,28.8,70.0,0.0,5.7,37.0,1005.6,1070.0
2025-12-19 04:00:00,1.67,29.2,69.0,0.0,7.8,50.0,1004.8,1155.0
2025-12-19 05:00:00,1.44,29.6,68.0,0.0,6.8,37.0,1003.9,1280.0
2025-12-19 06:00:00,0.389,30.6,65.0,0.0,8.4,25.0,1002.8,1250.0
2025-12-19 07:00:00,0.175,29.1,69.0,0.7,3.8,135.0,1002.8,635.0
2025-12-19 08:00:00,3.81,28.5,70.0,0.0,1.5,263.0,1002.5,510.0
2025-12-19 09:00:00,17.2,28.0,73.0,0.0,1.4,310.0,1002.9,50.0
2025-12-19 10:00:00,27.8,26.8,83.0,0.0,3.0,287.0,1003.7,70.0
2025-12-19 11:00:00,40.8,26.3,87.0,0.0,2.7,307.0,1004.3,55.0
2025-12-19 12:00:00,45.7,26.7,88.0,0.0,0.8,117.0,1004.5,25.0
2025-12-19 13:00:00,48.0,26.5,85.0,0.3,2.8,35.0,1004.9,75.0
2025-12-19 14:00:00,49.8,26.2,88.0,0.0,2.3,309.0,1004.7,45.0
2025-12-19 15:00:00,55.8,25.9,91.0,0.0,3.1,310.0,1004.8,60.0
2025-12-19 16:00:00,58.3,25.3,93.0,0.0,2.6,304.0,1004.8,40.0
2025-12-19 17:00:00,47.6,24.8,96.0,0.0,3.0,322.0,1004.3,50.0
2025-12-19 18:00:00,42.2,24.5,92.0,0.0,6.9,346.0,1003.5,130.0
2025-12-19 19:00:00,29.5,24.5,88.0,0.0,8.7,354.0,1003.0,165.0
2025-12-19 20:00:00,33.9,24.6,88.0,0.0,8.7,347.0,1003.1,150.0
2025-12-19 21:00:00,29.8,24.4,89.0,0.0,7.3,344.0,1002.9,125.0
2025-12-19 22:00:00,25.4,24.2,91.0,0.0,3.9,332.0,1003.2,55.0
2025-12-19 23:00:00,28.9,24.4,91.0,0.0,3.1,298.0,1004.3,55.0
2025-12-20 00:00:00,18.9,26.5,83.0,0.0,2.8,315.0,1005.1,140.0
2025-12-20 01:00:00,16.3,27.9,76.0,0.0,4.8,295.0,1005.1,450.0
2025-12-20 02:00:00,7.42,28.7,71.0,0.2,4.6,342.0,1005.0,795.0
2025-12-20 03:00:00,2.99,29.4,69.0,0.5,5.2,29.0,1004.4,965.0
2025-12-20 04:00:00,1.42,30.1,66.0,0.2,5.1,63.0,1003.8,1180.0
2025-12-20 05:00:00,2.04,29.4,67.0,0.1,7.7,89.0,1003.1,815.0
2025-12-20 06:00:00,0.981,25.6,89.0,4.4,6.3,121.0,1003.3,360.0
2025-12-20 07:00:00,5.38,26.4,87.0,1.2,4.7,106.0,1003.0,585.0
2025-12-20 08:00:00,8.8,26.0,85.0,1.3,6.3,95.0,1003.1,565.0
2025-12-20 09:00:00,17.4,25.3,84.0,0.9,3.2,87.0,1003.3,165.0
2025-12-20 10:00:00,25.7,24.9,88.0,0.0,3.5,332.0,1003.9,45.0
2025-12-20 11:00:00,40.7,25.0,91.0,0.0,7.3,343.0,1004.8,160.0
2025-12-20 12:00:00,59.3,25.5,91.0,0.0,7.3,350.0,1005.1,195.0
2025-12-20 13:00:00,66.6,25.4,87.0,0.0,5.9,337.0,1005.1,125.0
2025-12-20 14:00:00,65.3,25.0,87.0,0.0,5.7,332.0,1005.0,85.0
2025-12-20 15:00:00,63.7,24.8,87.0,0.0,7.3,350.0,1005.2,110.0
2025-12-20 16:00:00,63.1,24.3,88.0,0.0,7.0,357.0,1004.8,105.0
2025-12-20 17:00:00,58.8,24.1,88.0,0.0,5.4,358.0,1004.5,90.0
2025-12-20 18:00:00,48.6,24.0,91.0,0.0,0.7,346.0,1004.2,25.0
2025-12-20 19:00:00,49.5,24.2,90.0,0.1,2.9,292.0,1004.0,85.0
2025-12-20 20:00:00,50.0,24.0,90.0,0.0,1.8,315.0,1003.9,90.0
2025-12-20 21:00:00,52.9,23.9,90.0,0.0,3.6,327.0,1004.0,100.0
2025-12-20 22:00:00,63.6,23.9,91.0,0.0,4.1,311.0,1004.4,120.0
2025-12-20 23:00:00,62.5,24.1,91.0,0.0,2.5,360.0,1005.1,100.0
2025-12-21 00:00:00,52.2,24.5,92.0,0.0,3.6,9.0,1005.4,100.0
2025-12-21 01:00:00,27.6,26.0,87.0,0.0,2.7,332.0,1005.9,165.0
2025-12-21 02:00:00,21.6,27.6,79.0,0.0,3.4,313.0,1005.5,560.0
2025-12-21 03:00:00,6.36,28.6,75.0,0.0,3.6,342.0,1005.0,915.0
2025-12-21 04:00:00,31.2,29.6,69.0,0.1,6.6,29.0,1004.2,1165.0
2025-12-21 05:00:00,25.9,29.7,67.0,0.1,7.9,24.0,1003.5,1105.0
2025-12-21 06:00:00,17.8,28.1,75.0,0.1,3.9,68.0,1002.6,705.0
2025-12-21 07:00:00,1.94,27.7,74.0,0.5,5.5,109.0,1002.4,385.0
2025-12-21 08:00:00,1.23,26.3,83.0,0.3,4.3,147.0,1002.4,180.0
2025-12-21 09:00:00,0.303,26.5,85.0,0.2,0.8,243.0,1002.7,175.0
2025-12-21 10:00:00,2.78,26.3,87.0,0.0,2.7,262.0,1003.3,70.0
2025-12-21 11:00:00,19.2,26.2,89.0,0.0,4.0,270.0,1004.0,115.0
2025-12-21 12:00:00,24.8,27.0,88.0,0.0,1.5,353.0,1004.6,30.0
2025-12-21 13:00:00,22.1,26.6,90.0,0.1,1.2,333.0,1005.0,30.0
2025-12-21 14:00:00,21.2,26.1,93.0,0.0,1.9,292.0,1004.9,35.0
2025-12-21 15:00:00,31.8,25.8,95.0,0.0,2.2,294.0,1004.9,40.0
2025-12-21 16:00:00,32.2,25.4,97.0,0.0,4.1,308.0,1004.7,65.0
2025-12-21 17:00:00,39.8,25.1,97.0,0.0,2.8,320.0,1004.4,40.0
2025-12-21 18:00:00,26.4,25.3,92.0,0.0,5.0,345.0,1004.1,85.0
2025-12-21 19:00:00,2.8,25.3,87.0,0.0,8.3,6.0,1003.5,145.0
2025-12-21 20:00:00,5.46,25.2,84.0,0.0,10.8,5.0,1003.6,200.0
2025-12-21 21:00:00,16.1,24.9,85.0,0.0,8.7,14.0,1003.6,155.0
2025-12-21 22:00:00,32.5,24.8,86.0,0.0,6.5,8.0,1004.3,90.0
2025-12-21 23:00:00,29.5,25.0,85.0,0.0,7.8,355.0,1004.8,130.0
2025-12-22 00:00:00,32.0,25.9,86.0,0.0,2.4,279.0,1005.8,175.0
2025-12-22 01:00:00,32.5,26.8,82.0,0.0,1.2,207.0,1006.5,455.0
2025-12-22 02:00:00,18.5,27.1,80.0,0.2,1.7,198.0,1006.2,495.0
2025-12-22 03:00:00,2.14,27.8,78.0,0.2,1.3,304.0,1005.6,725.0
2025-12-22 04:00:00,0.0778,27.8,77.0,0.2,3.4,302.0,1004.8,745.0
2025-12-22 05:00:00,0.527,27.1,77.0,9.3,9.5,324.0,1004.2,355.0
2025-12-22 06:00:00,0.164,26.1,86.0,5.1,7.5,349.0,1003.4,250.0
2025-12-22 07:00:00,0.0862,27.0,81.0,0.3,4.8,15.0,1003.0,415.0
2025-12-22 08:00:00,1.42,27.3,78.0,1.7,5.0,30.0,1002.7,910.0
2025-12-22 09:00:00,2.26,26.8,81.0,0.2,4.5,61.0,1002.8,850.0
2025-12-22 10:00:00,7.68,26.4,84.0,0.1,2.7,228.0,1003.4,55.0
2025-12-22 11:00:00,6.55,25.7,90.0,0.0,3.4,276.0,1004.3,40.0
2025-12-22 12:00:00,6.92,25.6,85.0,0.0,7.2,4.0,1004.8,115.0
2025-12-22 13:00:00,6.97,25.4,86.0,0.0,7.6,360.0,1005.0,145.0
2025-12-22 14:00:00,7.58,25.2,86.0,0.0,7.6,5.0,1005.1,130.0
2025-12-22 15:00:00,9.05,25.0,86.0,0.0,7.4,357.0,1004.9,135.0
2025-12-22 16:00:00,6.23,24.7,86.0,0.0,8.5,5.0,1004.6,150.0
2025-12-22 17:00:00,5.93,24.6,88.0,0.0,6.4,11.0,1004.3,115.0
2025-12-22 18:00:00,8.44,24.4,88.0,0.0,7.3,350.0,1004.3,100.0
2025-12-22 19:00:00,15.0,24.5,85.0,0.0,9.4,356.0,1004.0,185.0
2025-12-22 20:00:00,21.3,24.4,84.0,0.0,9.2,360.0,1003.8,180.0
2025-12-22 21:00:00,13.6,24.2,86.0,0.0,8.4,7.0,1004.0,135.0
2025-12-22 22:00:00,22.0,24.1,87.0,0.0,6.7,5.0,1004.0,115.0
2025-12-22 23:00:00,27.3,24.3,86.0,0.0,5.5,341.0,1004.7,100.0
2025-12-23 00:00:00,33.2,25.3,84.0,0.0,5.4,360.0,1005.8,160.0
2025-12-23 01:00:00,10.8,26.7,78.0,0.0,2.5,360.0,1006.0,680.0
2025-12-23 02:00:00,2.78,28.1,72.0,0.0,4.7,47.0,1005.9,995.0
2025-12-23 03:00:00,4.23,28.5,69.0,0.0,7.4,43.0,1005.4,1060.0
2025-12-23 04:00:00,0.00833,29.0,67.0,0.0,8.2,40.0,1004.4,1090.0
2025-12-23 05:00:00,0.0,29.4,65.0,0.0,8.4,45.0,1003.5,1030.0
2025-12-23 06:00:00,0.00917,30.1,64.0,0.0,5.0,46.0,1003.2,1400.0
2025-12-23 07:00:00,0.00833,26.8,83.0,3.5,9.4,24.0,1003.5,375.0
2025-12-23 08:00:00,0.194,27.0,81.0,1.2,3.1,360.0,1003.2,200.0
2025-12-23 09:00:00,0.333,27.3,78.0,0.0,3.4,335.0,1003.6,175.0
2025-12-23 10:00:00,14.4,26.7,83.0,0.0,4.5,317.0,1004.1,70.0
2025-12-23 11:00:00,27.1,26.3,84.0,0.0,3.3,311.0,1004.8,55.0
2025-12-23 12:00:00,38.2,26.0,82.0,0.0,7.6,359.0,1005.2,100.0
2025-12-23 13:00:00,37.5,25.7,83.0,0.0,6.7,358.0,1005.3,100.0
2025-12-23 14:00:00,35.1,25.3,86.0,0.0,3.1,360.0,1005.1,60.0
2025-12-23 15:00:00,30.0,25.0,88.0,0.0,2.2,346.0,1004.9,65.0
2025-12-23 16:00:00,20.7,24.6,90.0,0.0,3.1,339.0,1004.7,60.0
2025-12-23 17:00:00,21.0,24.6,88.0,0.0,7.0,350.0,1004.2,165.0
2025-12-23 18:00:00,38.6,24.5,86.0,0.0,8.0,18.0,1003.6,170.0
2025-12-23 19:00:00,40.1,24.3,88.0,0.0,9.2,16.0,1003.4,145.0
2025-12-23 20:00:00,46.9,24.2,89.0,0.0,9.4,11.0,1003.4,155.0
2025-12-23 21:00:00,44.9,24.1,89.0,0.0,7.2,18.0,1003.6,135.0
2025-12-23 22:00:00,44.0,23.9,90.0,0.0,5.6,15.0,1004.2,120.0
2025-12-23 23:00:00,41.2,24.0,91.0,0.0,4.6,21.0,1004.8,115.0
2025-12-24 00:00:00,43.2,25.8,86.0,0.0,5.6,360.0,1005.4,185.0
2025-12-24 01:00:00,32.7,26.9,83.0,0.0,1.4,320.0,1005.8,220.0
2025-12-24 02:00:00,30.8,28.4,74.0,0.2,1.1,99.0,1005.3,675.0
2025-12-24 03:00:00,26.4,29.2,70.0,0.2,2.3,328.0,1004.6,1005.0
2025-12-24 04:00:00,22.5,30.4,66.0,0.0,4.0,339.0,1003.7,1250.0
2025-12-24 05:00:00,35.3,28.5,70.0,1.6,7.2,58.0,1003.1,345.0
2025-12-24 06:00:00,41.1,27.2,80.0,1.1,7.4,221.0,1002.3,275.0
2025-12-24 07:00:00,41.4,28.4,76.0,0.3,4.4,240.0,1001.8,405.0
2025-12-24 08:00:00,34.2,28.5,73.0,0.5,4.0,270.0,1002.2,395.0
2025-12-24 09:00:00,8.91,28.5,74.0,0.1,4.2,295.0,1002.5,195.0
2025-12-24 10:00:00,22.6,27.5,83.0,0.0,3.9,294.0,1002.7,45.0
2025-12-24 11:00:00,48.0,26.8,89.0,0.0,2.3,293.0,1003.4,25.0
2025-12-24 12:00:00,55.4,26.6,90.0,0.0,1.9,29.0,1004.1,40.0
2025-12-24 13:00:00,45.5,26.4,90.0,0.0,1.4,360.0,1004.2,30.0
2025-12-24 14:00:00,44.8,26.0,93.0,0.0,1.1,90.0,1004.1,35.0
2025-12-24 15:00:00,42.5,25.6,94.0,0.0,3.3,126.0,1004.1,65.0
2025-12-24 16:00:00,97.7,25.5,93.0,0.0,2.6,106.0,1003.9,65.0
2025-12-24 17:00:00,73.5,25.3,93.0,0.0,1.7,122.0,1004.0,40.0
2025-12-24 18:00:00,52.1,25.0,94.0,0.0,2.6,12.0,1003.6,40.0
2025-12-24 19:00:00,42.8,25.2,93.0,0.0,4.5,355.0,1003.4,125.0
2025-12-24 20:00:00,41.2,25.1,93.0,0.0,3.2,357.0,1003.5,95.0
2025-12-24 21:00:00,43.5,24.9,93.0,0.0,1.6,6.0,1003.9,25.0
2025-12-24 22:00:00,41.1,24.7,94.0,0.0,3.0,25.0,1004.5,35.0
2025-12-24 23:00:00,36.7,24.8,94.0,0.0,2.5,30.0,1005.0,35.0
2025-12-25 00:00:00,36.5,26.3,87.0,0.0,2.2,14.0,1005.9,195.0
2025-12-25 01:00:00,16.0,27.5,82.0,0.0,0.9,217.0,1006.2,395.0
2025-12-25 02:00:00,7.26,28.3,78.0,0.0,1.8,233.0,1006.0,740.0
2025-12-25 03:00:00,10.4,28.9,75.0,0.0,2.7,250.0,1005.3,860.0
2025-12-25 04:00:00,25.7,29.3,71.0,0.0,5.6,270.0,1004.3,760.0
2025-12-25 05:00:00,46.1,26.9,83.0,1.6,2.4,243.0,1003.9,370.0
2025-12-25 06:00:00,25.8,28.2,72.0,0.2,1.1,9.0,1002.7,420.0
2025-12-25 07:00:00,14.1,28.1,72.0,0.0,3.4,25.0,1002.6,325.0
2025-12-25 08:00:00,24.3,27.2,74.0,0.0,3.4,162.0,1002.8,180.0
2025-12-25 09:00:00,25.3,26.5,73.0,0.0,2.3,141.0,1003.4,90.0
2025-12-25 10:00:00,33.0,24.9,81.0,0.5,8.4,199.0,1004.2,85.0
2025-12-25 11:00:00,37.6,24.3,88.0,0.0,4.7,148.0,1004.8,70.0
2025-12-25 12:00:00,40.1,25.3,87.0,0.0,4.0,201.0,1005.3,95.0
2025-12-25 13:00:00,44.3,25.6,88.0,0.0,2.7,266.0,1005.5,85.0
2025-12-25 14:00:00,36.0,25.5,91.0,0.0,2.7,302.0,1005.3,85.0
2025-12-25 15:00:00,42.6,25.5,91.0,0.0,0.8,333.0,1005.3,15.0
2025-12-25 16:00:00,48.9,25.2,94.0,0.0,1.8,6.0,1005.4,35.0
2025-12-25 17:00:00,42.7,24.7,96.0,0.0,6.0,10.0,1005.3,95.0
2025-12-25 18:00:00,27.4,24.8,91.0,0.0,6.3,5.0,1004.8,115.0
2025-12-25 19:00:00,20.4,24.7,90.0,0.0,5.3,12.0,1004.6,115.0
2025-12-25 20:00:00,23.1,24.6,90.0,0.0,5.1,18.0,1004.7,105.0
2025-12-25 21:00:00,9.71,24.3,92.0,0.0,4.2,25.0,1004.8,60.0
2025-12-25 22:00:00,10.6,24.1,94.0,0.0,3.2,38.0,1004.9,35.0
2025-12-25 23:00:00,18.4,24.2,94.0,0.0,2.2,24.0,1005.4,35.0
2025-12-26 00:00:00,21.7,25.7,85.0,0.0,5.9,360.0,1006.7,160.0
2025-12-26 01:00:00,15.5,27.1,77.0,0.0,1.0,338.0,1006.8,415.0
2025-12-26 02:00:00,5.23,28.3,73.0,0.0,1.1,279.0,1006.5,725.0
2025-12-26 03:00:00,20.0,29.3,71.0,0.0,1.6,270.0,1005.9,1055.0
2025-12-26 04:00:00,12.0,30.1,66.0,0.0,1.1,279.0,1004.9,1360.0
2025-12-26 05:00:00,36.8,30.8,62.0,0.0,0.9,259.0,1003.9,1500.0
2025-12-26 06:00:00,10.5,30.2,62.0,0.0,3.3,276.0,1003.3,1335.0
2025-12-26 07:00:00,0.783,30.0,65.0,0.1,4.0,280.0,1002.9,1200.0
2025-12-26 08:00:00,0.291,29.7,65.0,0.1,3.0,287.0,1003.0,515.0
2025-12-26 09:00:00,2.81,29.2,66.0,0.1,1.5,291.0,1003.5,90.0
2025-12-26 10:00:00,14.3,28.0,74.0,0.0,3.0,346.0,1004.2,45.0
2025-12-26 11:00:00,33.2,27.0,81.0,0.0,0.6,304.0,1005.0,15.0
2025-12-26 12:00:00,39.1,26.6,86.0,0.0,1.0,329.0,1005.8,15.0
2025-12-26 13:00:00,39.2,26.5,84.0,0.0,1.0,239.0,1006.1,25.0
2025-12-26 14:00:00,42.8,25.8,87.0,0.0,4.6,222.0,1006.4,110.0
2025-12-26 15:00:00,45.1,25.4,88.0,0.0,3.1,216.0,1006.3,75.0
2025-12-26 16:00:00,44.3,24.9,90.0,0.0,2.1,250.0,1006.1,20.0
2025-12-26 17:00:00,45.8,24.5,93.0,0.0,1.3,344.0,1005.2,15.0
2025-12-26 18:00:00,39.9,23.9,95.0,0.0,0.6,18.0,1005.0,15.0
2025-12-26 19:00:00,41.5,23.8,95.0,0.0,2.5,360.0,1004.7,40.0
2025-12-26 20:00:00,34.7,23.7,95.0,0.0,4.1,2.0,1004.9,85.0
2025-12-26 21:00:00,29.7,23.5,94.0,0.0,4.4,12.0,1004.9,110.0
2025-12-26 22:00:00,28.4,23.4,92.0,0.0,3.9,24.0,1005.1,100.0
2025-12-26 23:00:00,35.6,23.4,92.0,0.0,3.5,35.0,1005.9,90.0
2025-12-27 00:00:00,31.4,24.8,86.0,0.0,2.8,15.0,1006.8,145.0
2025-12-27 01:00:00,2.89,26.5,79.0,0.0,2.5,278.0,1007.2,350.0
2025-12-27 02:00:00,6.26,27.5,73.0,0.0,1.3,278.0,1007.1,650.0
2025-12-27 03:00:00,17.2,29.1,66.0,0.0,2.8,333.0,1006.5,1020.0
2025-12-27 04:00:00,22.2,30.3,60.0,0.1,1.7,342.0,1005.6,1145.0
2025-12-27 05:00:00,28.2,30.9,57.0,0.1,0.5,270.0,1004.7,1225.0
2025-12-27 06:00:00,25.5,30.4,59.0,0.0,2.3,270.0,1004.1,1200.0
2025-12-27 07:00:00,26.8,30.7,57.0,0.0,3.1,280.0,1003.5,1230.0
2025-12-27 08:00:00,6.58,30.4,58.0,0.0,5.5,293.0,1003.6,710.0
2025-12-27 09:00:00,3.69,29.5,63.0,0.0,5.0,296.0,1004.4,330.0
2025-12-27 10:00:00,11.3,27.9,76.0,0.0,3.9,317.0,1005.2,60.0
2025-12-27 11:00:00,35.3,27.3,79.0,0.0,0.6,288.0,1006.1,10.0
2025-12-27 12:00:00,39.5,27.0,83.0,0.0,1.2,129.0,1006.7,35.0
2025-12-27 13:00:00,39.0,26.7,81.0,0.0,2.1,160.0,1006.8,40.0
2025-12-27 14:00:00,36.2,26.1,85.0,0.0,5.5,167.0,1006.8,90.0
2025-12-27 15:00:00,28.1,25.6,86.0,0.0,4.6,167.0,1006.7,75.0
2025-12-27 16:00:00,5.81,25.3,88.0,0.0,3.1,246.0,1006.6,50.0
2025-12-27 17:00:00,8.98,24.8,91.0,0.0,3.3,299.0,1006.2,45.0
2025-12-27 18:00:00,5.48,24.2,93.0,0.0,4.3,327.0,1005.6,70.0
2025-12-27 19:00:00,15.3,24.2,92.0,0.0,4.1,337.0,1005.3,90.0
2025-12-27 20:00:00,16.1,24.1,91.0,0.0,3.6,342.0,1005.6,110.0
2025-12-27 21:00:00,22.1,24.0,90.0,0.0,4.7,4.0,1005.6,140.0
2025-12-27 22:00:00,26.3,23.8,90.0,0.0,4.4,7.0,1006.1,140.0
2025-12-27 23:00:00,23.4,23.7,90.0,0.0,3.8,357.0,1006.9,140.0
2025-12-28 00:00:00,14.6,25.2,84.0,0.0,7.2,347.0,1007.3,270.0
2025-12-28 01:00:00,7.45,27.1,75.0,0.0,8.4,350.0,1007.7,560.0
2025-12-28 02:00:00,7.41,28.7,67.0,0.0,8.6,358.0,1007.6,850.0
2025-12-28 03:00:00,3.92,29.5,63.0,0.0,6.9,351.0,1006.9,1025.0
2025-12-28 04:00:00,18.2,30.3,59.0,0.1,3.4,354.0,1006.0,1050.0
2025-12-28 05:00:00,20.8,30.7,57.0,0.3,2.0,260.0,1004.8,1055.0
2025-12-28 06:00:00,23.6,30.4,58.0,0.2,6.7,261.0,1004.0,1080.0
2025-12-28 07:00:00,21.4,30.1,62.0,0.0,7.4,263.0,1003.6,580.0
2025-12-28 08:00:00,22.2,29.8,62.0,0.0,6.1,256.0,1003.8,335.0
2025-12-28 09:00:00,26.0,29.4,63.0,0.0,4.5,254.0,1004.1,185.0
2025-12-28 10:00:00,30.3,28.6,68.0,0.0,3.4,254.0,1004.9,60.0
2025-12-28 11:00:00,33.6,28.5,71.0,0.0,1.7,193.0,1005.6,45.0
2025-12-28 12:00:00,40.2,27.6,74.0,0.0,6.9,85.0,1006.5,110.0
2025-12-28 13:00:00,78.5,27.5,74.0,0.0,5.6,140.0,1006.8,120.0
2025-12-28 14:00:00,57.7,27.1,75.0,0.0,3.1,156.0,1006.8,115.0
2025-12-28 15:00:00,67.4,26.6,79.0,0.0,2.8,11.0,1006.7,60.0
2025-12-28 16:00:00,39.1,25.7,86.0,0.0,3.8,8.0,1006.4,60.0
2025-12-28 17:00:00,39.1,25.1,89.0,0.0,1.8,11.0,1005.4,20.0
2025-12-28 18:00:00,30.0,24.3,94.0,0.0,1.7,347.0,1004.7,15.0
2025-12-28 19:00:00,27.3,24.1,92.0,0.0,2.5,339.0,1003.8,45.0
2025-12-28 20:00:00,30.3,23.7,91.0,0.0,2.9,353.0,1003.7,65.0
2025-12-28 21:00:00,26.9,23.3,91.0,0.0,2.3,4.0,1003.9,60.0
2025-12-28 22:00:00,25.5,23.0,92.0,0.0,1.6,354.0,1004.7,50.0
2025-12-28 23:00:00,32.3,23.0,92.0,0.0,2.4,351.0,1005.7,95.0
2025-12-29 00:00:00,32.6,24.5,86.0,0.0,5.0,347.0,1005.8,160.0
2025-12-29 01:00:00,24.5,26.7,76.0,0.0,4.9,358.0,1006.2,305.0
2025-12-29 02:00:00,12.8,28.5,67.0,0.0,2.4,9.0,1006.0,635.0
2025-12-29 03:00:00,5.77,29.9,59.0,0.0,0.9,360.0,1005.4,1020.0
2025-12-29 04:00:00,16.0,30.9,53.0,0.0,1.7,342.0,1004.5,1345.0
2025-12-29 05:00:00,27.6,31.2,51.0,0.0,3.2,317.0,1003.5,1260.0
2025-12-29 06:00:00,29.7,30.6,54.0,0.2,6.0,297.0,1002.8,965.0
2025-12-29 07:00:00,31.7,30.7,55.0,0.2,4.6,301.0,1002.4,900.0
2025-12-29 08:00:00,31.8,30.6,56.0,0.0,2.8,333.0,1002.4,805.0
2025-12-29 09:00:00,31.1,30.4,57.0,0.0,2.1,20.0,1002.8,695.0
2025-12-29 10:00:00,38.2,29.9,59.0,0.0,2.4,117.0,1003.6,80.0
2025-12-29 11:00:00,43.9,29.6,61.0,0.0,5.9,133.0,1004.1,355.0
2025-12-29 12:00:00,48.0,28.6,67.0,0.0,3.8,85.0,1005.1,125.0
2025-12-29 13:00:00,32.6,28.2,69.0,0.1,2.7,222.0,1005.6,75.0
2025-12-29 14:00:00,44.4,27.9,71.0,0.0,4.9,204.0,1005.7,400.0
2025-12-29 15:00:00,34.9,27.7,72.0,0.0,3.6,264.0,1005.5,485.0
2025-12-29 16:00:00,25.1,27.2,75.0,0.0,4.8,345.0,1005.2,140.0
2025-12-29 17:00:00,16.6,26.4,80.0,0.0,6.3,353.0,1004.7,215.0
2025-12-29 18:00:00,13.6,25.6,80.0,0.0,7.5,350.0,1004.3,360.0
2025-12-29 19:00:00,13.9,25.2,80.0,0.0,6.4,352.0,1003.9,325.0
2025-12-29 20:00:00,57.1,24.8,82.0,0.0,6.0,351.0,1004.0,270.0
2025-12-29 21:00:00,39.5,24.5,84.0,0.0,6.0,357.0,1004.1,240.0
2025-12-29 22:00:00,40.9,24.1,86.0,0.0,5.4,4.0,1004.4,230.0
2025-12-29 23:00:00,38.6,24.2,86.0,0.0,4.7,2.0,1004.9,220.0
2025-12-30 00:00:00,36.2,25.6,80.0,0.0,3.4,354.0,1005.7,260.0
2025-12-30 01:00:00,37.3,27.2,72.0,0.0,4.0,350.0,1006.1,490.0
2025-12-30 02:00:00,36.2,28.7,65.0,0.0,3.6,351.0,1005.7,720.0
2025-12-30 03:00:00,32.8,30.1,58.0,0.0,3.4,354.0,1005.1,985.0
2025-12-30 04:00:00,,31.5,51.0,0.0,3.3,315.0,1003.7,1205.0
2025-12-30 05:00:00,46.9,32.1,49.0,0.0,4.5,284.0,1002.4,1360.0
2025-12-30 06:00:00,49.6,32.2,47.0,0.0,4.0,273.0,1001.5,1320.0
2025-12-30 07:00:00,44.4,32.0,49.0,0.0,4.4,261.0,1001.5,1270.0
2025-12-30 08:00:00,32.5,31.5,51.0,0.0,3.1,267.0,1001.3,1145.0
2025-12-30 09:00:00,25.5,31.0,53.0,0.0,1.0,211.0,1001.4,1065.0
2025-12-30 10:00:00,28.1,30.3,57.0,0.0,6.2,163.0,1001.8,430.0
2025-12-30 11:00:00,40.3,29.4,64.0,0.0,8.1,152.0,1002.6,370.0
2025-12-30 12:00:00,49.4,28.9,64.0,0.0,3.8,155.0,1003.3,195.0
2025-12-30 13:00:00,44.0,28.1,68.0,0.0,0.7,270.0,1003.6,75.0
2025-12-30 14:00:00,39.9,27.1,74.0,0.1,5.2,331.0,1003.9,150.0
2025-12-30 15:00:00,36.7,26.4,78.0,0.1,4.9,309.0,1004.0,205.0
2025-12-30 16:00:00,31.1,25.9,78.0,0.0,5.6,295.0,1003.8,275.0
2025-12-30 17:00:00,28.1,25.5,78.0,0.0,4.0,328.0,1003.9,205.0
2025-12-30 18:00:00,,25.3,79.0,0.0,2.7,340.0,1003.2,100.0
2025-12-30 19:00:00,29.4,25.2,79.0,0.0,0.4,360.0,1002.8,10.0
2025-12-30 20:00:00,35.2,25.1,80.0,0.0,0.2,360.0,1003.0,15.0
2025-12-30 21:00:00,36.4,24.7,82.0,0.0,1.0,31.0,1003.0,20.0
2025-12-30 22:00:00,38.5,24.5,84.0,0.0,1.2,39.0,1003.4,15.0
2025-12-30 23:00:00,35.3,24.6,85.0,0.0,1.2,333.0,1004.0,30.0
2025-12-31 00:00:00,31.4,25.8,79.0,0.0,3.1,306.0,1005.1,240.0
2025-12-31 01:00:00,26.5,27.1,72.0,0.0,3.3,279.0,1005.2,510.0
2025-12-31 02:00:00,25.3,28.3,66.0,0.0,3.1,294.0,1004.8,715.0
2025-12-31 03:00:00,27.5,29.4,62.0,0.0,4.3,292.0,1004.4,905.0
2025-12-31 04:00:00,43.4,30.4,57.0,0.1,2.2,284.0,1003.3,1045.0
2025-12-31 05:00:00,38.1,31.1,54.0,0.1,3.3,241.0,1002.0,1155.0
2025-12-31 06:00:00,18.1,30.7,56.0,0.2,2.3,252.0,1001.1,1165.0
2025-12-31 07:00:00,13.0,30.8,55.0,0.1,2.7,233.0,1000.6,1160.0
2025-12-31 08:00:00,17.3,30.6,55.0,0.1,5.4,200.0,1000.8,1025.0
2025-12-31 09:00:00,28.2,29.4,60.0,0.1,5.1,126.0,1001.7,720.0
2025-12-31 10:00:00,35.0,28.8,63.0,0.0,3.0,73.0,1002.0,600.0
2025-12-31 11:00:00,50.3,28.5,65.0,0.0,2.7,42.0,1002.7,490.0
2025-12-31 12:00:00,53.8,27.9,69.0,0.0,3.6,90.0,1003.2,185.0
2025-12-31 13:00:00,73.6,27.2,73.0,0.0,3.1,114.0,1003.6,145.0
2025-12-31 14:00:00,77.5,26.8,74.0,0.2,2.9,137.0,1003.4,135.0
2025-12-31 15:00:00,82.5,26.5,75.0,0.0,0.7,270.0,1003.5,105.0
2025-12-31 16:00:00,215.0,26.2,78.0,0.0,1.8,281.0,1003.8,355.0
2025-12-31 17:00:00,420.0,25.8,80.0,0.0,1.8,307.0,1003.2,350.0
2025-12-31 18:00:00,401.0,25.9,80.0,0.0,1.9,241.0,1002.7,115.0
2025-12-31 19:00:00,336.0,25.9,80.0,0.0,3.4,264.0,1002.5,255.0
2025-12-31 20:00:00,246.0,25.7,81.0,0.0,4.9,309.0,1002.6,320.0
2025-12-31 21:00:00,139.0,25.6,80.0,0.0,4.1,308.0,1002.5,285.0
2025-12-31 22:00:00,105.0,25.5,80.0,0.0,3.8,335.0,1003.0,260.0
2025-12-31 23:00:00,76.9,25.4,80.0,0.0,3.4,342.0,1004.1,195.0
2026-01-01 00:00:00,90.2,26.1,77.0,0.0,3.5,24.0,1004.8,225.0
2026-01-01 01:00:00,69.1,27.9,68.0,0.0,1.9,343.0,1005.2,405.0
2026-01-01 02:00:00,84.9,29.3,61.0,0.0,2.2,294.0,1005.2,800.0
2026-01-01 03:00:00,82.3,30.4,54.0,0.1,2.6,295.0,1004.8,1020.0
2026-01-01 04:00:00,71.6,31.3,52.0,0.1,5.8,272.0,1004.0,1270.0
2026-01-01 05:00:00,34.9,30.9,54.0,0.2,2.6,258.0,1003.2,1265.0
2026-01-01 06:00:00,12.6,29.4,64.0,0.9,6.3,72.0,1002.8,815.0
2026-01-01 07:00:00,8.31,29.3,64.0,0.0,3.1,62.0,1002.5,860.0
2026-01-01 08:00:00,38.0,28.8,66.0,0.0,0.5,360.0,1002.7,695.0
2026-01-01 09:00:00,21.9,28.3,69.0,0.0,2.4,253.0,1003.2,455.0
2026-01-01 10:00:00,7.12,27.6,70.0,0.3,1.6,186.0,1003.9,465.0
2026-01-01 11:00:00,4.67,26.3,81.0,1.3,6.7,273.0,1004.7,190.0
2026-01-01 12:00:00,1.79,24.6,93.0,0.2,2.4,167.0,1005.4,145.0
2026-01-01 13:00:00,0.766,24.9,89.0,0.8,0.3,135.0,1005.8,130.0
2026-01-01 14:00:00,2.26,24.5,92.0,3.9,2.6,321.0,1005.8,115.0
2026-01-01 15:00:00,5.72,24.4,91.0,1.9,3.1,298.0,1005.8,160.0
2026-01-01 16:00:00,16.0,24.2,94.0,1.8,5.6,297.0,1005.7,210.0
2026-01-01 17:00:00,4.74,24.1,93.0,0.9,4.8,295.0,1005.5,200.0
2026-01-01 18:00:00,16.9,24.1,93.0,0.5,7.0,347.0,1004.9,280.0
2026-01-01 19:00:00,24.5,24.2,93.0,0.1,5.8,16.0,1004.4,220.0
2026-01-01 20:00:00,20.6,24.1,94.0,0.3,4.0,39.0,1004.5,170.0
2026-01-01 21:00:00,12.2,24.2,94.0,0.3,3.5,21.0,1004.7,125.0
2026-01-01 22:00:00,12.9,24.1,96.0,0.3,3.4,357.0,1005.3,105.0
2026-01-01 23:00:00,6.52,24.3,95.0,0.3,3.6,327.0,1005.9,115.0
2026-01-02 00:00:00,7.2,24.8,91.0,0.1,6.3,360.0,1006.5,215.0
2026-01-02 01:00:00,6.43,25.8,83.0,0.0,7.2,360.0,1007.5,340.0
2026-01-02 02:00:00,2.87,26.1,79.0,0.0,8.0,352.0,1007.4,405.0
2026-01-02 03:00:00,2.71,26.5,77.0,0.0,7.5,352.0,1007.2,465.0
2026-01-02 04:00:00,10.7,27.7,72.0,0.0,5.8,356.0,1006.4,870.0
2026-01-02 05:00:00,20.4,28.0,69.0,0.0,6.8,358.0,1005.5,1005.0
2026-01-02 06:00:00,13.7,25.8,82.0,0.0,6.9,7.0,1005.3,275.0
2026-01-02 07:00:00,14.0,25.6,85.0,2.5,6.6,349.0,1005.4,285.0
2026-01-02 08:00:00,3.6,25.2,84.0,2.4,6.4,349.0,1005.7,240.0
2026-01-02 09:00:00,5.46,24.1,92.0,3.5,7.5,333.0,1006.3,155.0
2026-01-02 10:00:00,7.51,23.7,93.0,4.0,7.9,321.0,1006.7,150.0
2026-01-02 11:00:00,9.93,23.5,94.0,2.4,7.5,330.0,1007.2,135.0
2026-01-02 12:00:00,26.1,23.5,93.0,1.8,7.1,351.0,1007.5,115.0
2026-01-02 13:00:00,34.5,23.7,93.0,0.3,4.3,318.0,1007.9,95.0
2026-01-02 14:00:00,33.2,23.6,92.0,0.0,5.9,305.0,1007.8,115.0
2026-01-02 15:00:00,28.4,23.4,90.0,0.0,8.8,282.0,1007.8,165.0
2026-01-02 16:00:00,24.4,23.6,87.0,0.0,9.0,290.0,1007.9,195.0
2026-01-02 17:00:00,24.2,23.7,86.0,0.0,9.1,302.0,1007.7,180.0
2026-01-02 18:00:00,24.5,23.5,87.0,0.0,7.6,353.0,1007.4,115.0
2026-01-02 19:00:00,25.3,23.6,86.0,0.0,7.5,343.0,1006.6,115.0
2026-01-02 20:00:00,27.7,23.5,83.0,0.0,8.9,328.0,1006.5,145.0
2026-01-02 21:00:00,6.63,23.4,82.0,0.0,9.8,332.0,1006.8,145.0
2026-01-02 22:00:00,5.23,23.4,81.0,0.0,9.7,336.0,1007.1,135.0
2026-01-02 23:00:00,9.78,23.3,80.0,0.0,9.8,332.0,1007.6,130.0
2026-01-03 00:00:00,6.8,24.3,79.0,0.0,9.4,359.0,1008.8,180.0
2026-01-03 01:00:00,2.17,25.3,74.0,0.0,5.7,336.0,1009.2,1140.0
2026-01-03 02:00:00,1.54,26.1,70.0,0.0,5.8,26.0,1009.3,1230.0
2026-01-03 03:00:00,0.0,27.0,67.0,0.0,11.3,43.0,1008.8,1360.0
2026-01-03 04:00:00,0.0,27.2,65.0,0.0,13.0,41.0,1008.4,1385.0
2026-01-03 05:00:00,0.0,26.7,66.0,0.0,10.6,40.0,1007.8,1330.0
2026-01-03 06:00:00,0.0,27.2,62.0,0.0,15.9,45.0,1006.9,1415.0
2026-01-03 07:00:00,0.0,26.4,65.0,0.0,10.9,34.0,1006.6,1260.0
2026-01-03 08:00:00,0.0112,26.0,67.0,0.0,4.6,11.0,1006.6,1270.0
2026-01-03 09:00:00,0.186,25.5,69.0,0.0,3.9,326.0,1006.8,1210.0
2026-01-03 10:00:00,1.1,24.9,75.0,0.0,2.6,254.0,1007.5,40.0
2026-01-03 11:00:00,4.61,24.4,78.0,0.0,10.2,247.0,1008.0,130.0
2026-01-03 12:00:00,0.767,24.4,78.0,0.0,8.7,291.0,1008.9,100.0
2026-01-03 13:00:00,5.66,24.2,77.0,0.0,10.6,279.0,1009.2,155.0
2026-01-03 14:00:00,0.00567,23.9,78.0,0.0,9.7,282.0,1009.7,170.0
2026-01-03 15:00:00,6.31,23.5,79.0,0.0,10.3,295.0,1009.4,165.0
2026-01-03 16:00:00,10.8,23.1,79.0,0.0,10.8,303.0,1009.2,155.0
2026-01-03 17:00:00,3.03,22.8,79.0,0.0,10.8,291.0,1008.6,155.0
2026-01-03 18:00:00,1.38,22.9,79.0,0.0,10.0,326.0,1008.2,135.0
2026-01-03 19:00:00,0.253,22.7,80.0,0.0,8.6,330.0,1007.7,120.0
2026-01-03 20:00:00,0.769,22.6,81.0,0.0,7.5,336.0,1008.2,110.0
2026-01-03 21:00:00,1.61,22.3,82.0,0.0,8.1,336.0,1008.3,120.0
2026-01-03 22:00:00,3.33,22.1,81.0,0.0,9.6,339.0,1008.5,140.0
2026-01-03 23:00:00,5.89,22.2,81.0,0.0,9.2,329.0,1009.2,130.0
2026-01-04 00:00:00,5.44,23.5,78.0,0.0,8.9,339.0,1009.9,180.0
2026-01-04 01:00:00,0.214,24.7,72.0,0.0,7.6,308.0,1010.3,435.0
2026-01-04 02:00:00,0.0557,25.8,69.0,0.0,3.3,324.0,1010.3,1065.0
2026-01-04 03:00:00,0.0,27.3,63.0,0.0,8.6,41.0,1009.7,1240.0
2026-01-04 04:00:00,0.0,27.7,61.0,0.0,9.7,43.0,1009.1,1275.0
2026-01-04 05:00:00,0.0,27.9,60.0,0.0,6.3,39.0,1008.0,1215.0
2026-01-04 06:00:00,0.0,28.8,57.0,0.0,11.9,58.0,1007.2,1425.0
2026-01-04 07:00:00,0.0,28.2,59.0,0.0,7.6,43.0,1006.9,1235.0
2026-01-04 08:00:00,0.0,28.0,60.0,0.0,5.7,28.0,1007.0,1190.0
2026-01-04 09:00:00,1.86,27.0,64.0,0.0,1.7,342.0,1007.3,965.0
2026-01-04 10:00:00,,26.2,68.0,0.0,1.5,256.0,1007.5,25.0
2026-01-04 11:00:00,11.3,25.6,71.0,0.0,3.6,180.0,1008.2,745.0
2026-01-04 12:00:00,6.04,25.2,77.0,0.0,4.3,270.0,1008.7,50.0
2026-01-04 13:00:00,30.9,25.1,77.0,0.0,5.0,268.0,1008.6,60.0
2026-01-04 14:00:00,25.3,24.7,77.0,0.0,6.1,267.0,1008.5,65.0
2026-01-04 15:00:00,27.0,24.3,80.0,0.0,7.4,277.0,1008.5,75.0
2026-01-04 16:00:00,26.1,24.0,83.0,0.0,6.8,292.0,1008.7,80.0
2026-01-04 17:00:00,18.0,23.6,86.0,0.0,7.7,301.0,1007.9,95.0
2026-01-04 18:00:00,9.22,23.3,85.0,0.0,7.0,339.0,1007.3,125.0
2026-01-04 19:00:00,4.86,23.2,83.0,0.0,7.8,353.0,1006.9,150.0
2026-01-04 20:00:00,6.58,22.9,83.0,0.0,7.4,4.0,1006.8,125.0
2026-01-04 21:00:00,7.27,22.5,86.0,0.0,7.2,360.0,1007.0,115.0
2026-01-04 22:00:00,17.4,22.4,86.0,0.0,8.6,360.0,1007.5,135.0
2026-01-04 23:00:00,21.2,22.6,84.0,0.0,9.2,2.0,1008.2,150.0
2026-01-05 00:00:00,23.8,24.0,80.0,0.0,7.9,359.0,1009.0,220.0
2026-01-05 01:00:00,23.1,25.6,75.0,0.0,5.8,353.0,1009.1,400.0
2026-01-05 02:00:00,11.3,27.3,67.0,0.0,4.9,39.0,1008.8,985.0
2026-01-05 03:00:00,12.0,28.7,63.0,0.0,5.1,352.0,1008.1,1200.0
2026-01-05 04:00:00,22.0,29.6,59.0,0.0,6.5,19.0,1007.3,1325.0
2026-01-05 05:00:00,32.7,29.5,60.0,0.2,7.2,35.0,1006.4,1185.0
2026-01-05 06:00:00,34.3,28.7,63.0,0.3,5.4,34.0,1006.0,1000.0
2026-01-05 07:00:00,33.6,27.7,68.0,0.3,7.2,32.0,1006.0,690.0
2026-01-05 08:00:00,31.5,27.6,69.0,0.1,5.9,38.0,1006.1,570.0
2026-01-05 09:00:00,18.6,26.1,78.0,0.7,5.3,350.0,1006.7,185.0
2026-01-05 10:00:00,9.89,25.6,81.0,0.1,8.0,10.0,1007.3,155.0
2026-01-05 11:00:00,19.4,25.5,81.0,0.0,6.2,17.0,1007.9,110.0
2026-01-05 12:00:00,30.1,25.4,85.0,0.2,1.8,37.0,1008.6,45.0
2026-01-05 13:00:00,34.3,25.0,89.0,0.1,2.9,353.0,1009.0,80.0
2026-01-05 14:00:00,39.7,24.7,91.0,0.1,2.2,99.0,1009.0,75.0
2026-01-05 15:00:00,44.7,24.6,93.0,0.1,0.9,37.0,1008.4,40.0
2026-01-05 16:00:00,43.7,24.5,94.0,0.0,0.7,76.0,1008.1,45.0
2026-01-05 17:00:00,37.0,23.8,96.0,0.0,2.1,340.0,1007.3,40.0
2026-01-05 18:00:00,22.5,24.4,94.0,0.0,5.9,329.0,1006.9,120.0
2026-01-05 19:00:00,18.9,24.3,92.0,0.1,7.2,348.0,1006.6,185.0
2026-01-05 20:00:00,28.0,24.3,89.0,0.1,9.6,3.0,1006.6,245.0
2026-01-05 21:00:00,20.9,24.2,89.0,0.1,10.4,9.0,1006.9,210.0
2026-01-05 22:00:00,25.6,24.1,89.0,0.0,9.7,15.0,1007.0,195.0
2026-01-05 23:00:00,35.8,24.3,89.0,0.0,7.3,28.0,1007.8,150.0
2026-01-06 00:00:00,42.2,24.1,93.0,0.0,4.8,349.0,1008.9,140.0
2026-01-06 01:00:00,34.9,24.9,91.0,0.4,5.4,356.0,1009.2,205.0
2026-01-06 02:00:00,21.3,25.2,89.0,0.1,6.4,10.0,1008.8,315.0
2026-01-06 03:00:00,32.3,26.1,82.0,0.1,6.3,2.0,1008.2,450.0
2026-01-06 04:00:00,40.1,27.0,76.0,0.1,6.8,11.0,1007.6,660.0
2026-01-06 05:00:00,36.5,28.0,72.0,0.0,5.6,27.0,1006.7,895.0
2026-01-06 06:00:00,36.2,27.4,75.0,0.0,1.0,45.0,1005.8,615.0
2026-01-06 07:00:00,34.0,27.5,75.0,0.0,1.3,45.0,1005.5,590.0
2026-01-06 08:00:00,11.7,27.0,77.0,0.0,2.9,112.0,1005.7,345.0
2026-01-06 09:00:00,2.83,26.7,79.0,0.1,0.5,225.0,1006.1,50.0
2026-01-06 10:00:00,4.59,26.3,82.0,0.0,1.7,319.0,1006.8,30.0
2026-01-06 11:00:00,8.07,25.9,85.0,0.1,3.1,315.0,1007.4,55.0
2026-01-06 12:00:00,7.73,26.1,81.0,0.1,6.3,63.0,1007.9,505.0
2026-01-06 13:00:00,2.01,26.1,78.0,0.0,7.4,49.0,1008.4,590.0
2026-01-06 14:00:00,0.192,25.7,80.0,0.3,7.8,32.0,1008.4,435.0
2026-01-06 15:00:00,0.0252,25.5,80.0,0.0,8.8,26.0,1008.3,390.0
2026-01-06 16:00:00,0.0112,25.1,81.0,0.0,10.3,22.0,1008.1,270.0
2026-01-06 17:00:00,0.364,24.9,81.0,0.0,10.0,23.0,1007.6,210.0
2026-01-06 18:00:00,0.483,24.4,85.0,0.0,6.7,16.0,1007.1,140.0
2026-01-06 19:00:00,0.0,24.3,84.0,0.0,9.2,2.0,1006.8,205.0
2026-01-06 20:00:00,0.0,24.0,83.0,0.0,11.9,1.0,1006.9,280.0
2026-01-06 21:00:00,0.0252,23.7,84.0,0.0,10.5,6.0,1007.5,265.0
2026-01-06 22:00:00,0.289,23.7,83.0,0.0,9.6,14.0,1008.1,240.0
2026-01-06 23:00:00,2.5,24.0,80.0,0.0,9.7,15.0,1008.5,250.0
2026-01-07 00:00:00,10.0,24.3,86.0,0.0,7.8,352.0,1009.4,215.0
2026-01-07 01:00:00,6.25,25.7,76.0,0.0,8.3,349.0,1010.0,445.0
2026-01-07 02:00:00,0.586,27.0,68.0,0.0,9.4,353.0,1009.6,970.0
2026-01-07 03:00:00,0.517,28.0,63.0,0.0,8.7,6.0,1009.2,1205.0
2026-01-07 04:00:00,1.13,28.9,58.0,0.0,9.0,22.0,1008.2,1350.0
2026-01-07 05:00:00,0.0313,29.9,53.0,0.0,9.6,30.0,1007.2,1540.0
2026-01-07 06:00:00,0.0,29.8,54.0,0.0,10.4,54.0,1006.5,1520.0
2026-01-07 07:00:00,0.0,29.7,53.0,0.0,12.4,41.0,1006.2,1300.0
2026-01-07 08:00:00,0.0,29.0,58.0,0.0,10.1,33.0,1006.5,1070.0
2026-01-07 09:00:00,1.18,28.1,61.0,0.0,8.3,6.0,1007.2,1055.0
2026-01-07 10:00:00,4.53,27.3,66.0,0.0,7.2,4.0,1007.8,460.0
2026-01-07 11:00:00,5.98,27.0,69.0,0.0,6.1,24.0,1008.5,220.0
2026-01-07 12:00:00,4.67,25.9,74.0,0.0,8.3,39.0,1009.1,355.0
2026-01-07 13:00:00,15.5,25.8,75.0,0.0,7.1,9.0,1009.5,405.0
2026-01-07 14:00:00,20.8,25.4,79.0,0.0,7.1,344.0,1009.8,270.0
2026-01-07 15:00:00,6.8,24.9,81.0,0.0,9.2,348.0,1009.7,305.0
2026-01-07 16:00:00,18.4,24.5,82.0,0.0,10.1,6.0,1009.2,320.0
2026-01-07 17:00:00,20.3,24.3,83.0,0.1,10.2,17.0,1008.6,285.0
2026-01-07 18:00:00,23.9,24.1,85.0,0.2,7.4,7.0,1007.7,245.0
2026-01-07 19:00:00,26.3,23.9,86.0,0.0,8.6,15.0,1007.3,250.0
2026-01-07 20:00:00,25.0,23.6,88.0,0.1,8.8,17.0,1007.0,235.0
2026-01-07 21:00:00,26.7,23.4,89.0,0.0,8.6,360.0,1007.2,205.0
2026-01-07 22:00:00,30.3,23.5,88.0,0.0,9.2,358.0,1007.4,195.0
2026-01-07 23:00:00,37.2,23.7,86.0,0.0,9.2,354.0,1007.8,215.0
2026-01-08 00:00:00,41.4,24.9,82.0,0.0,9.2,357.0,1008.6,295.0
2026-01-08 01:00:00,39.6,26.3,75.0,0.0,9.3,352.0,1009.2,705.0
2026-01-08 02:00:00,33.9,27.7,68.0,0.0,9.3,19.0,1008.9,1055.0
2026-01-08 03:00:00,28.8,28.2,65.0,0.1,12.3,37.0,1008.4,1025.0
2026-01-08 04:00:00,4.74,28.9,62.0,0.1,12.1,27.0,1007.9,1085.0
2026-01-08 05:00:00,8.1,28.1,65.0,0.4,13.4,28.0,1007.1,820.0
2026-01-08 06:00:00,7.13,27.8,66.0,0.3,10.7,20.0,1006.0,860.0
2026-01-08 07:00:00,0.014,28.1,65.0,0.0,11.5,22.0,1005.6,945.0
2026-01-08 08:00:00,0.12,27.8,66.0,0.0,9.8,20.0,1005.7,960.0
2026-01-08 09:00:00,0.853,27.6,67.0,0.0,8.8,15.0,1006.2,935.0
2026-01-08 10:00:00,21.8,26.9,72.0,0.0,8.5,356.0,1007.0,340.0
2026-01-08 11:00:00,26.6,26.2,75.0,0.0,11.2,1.0,1007.3,255.0
2026-01-08 12:00:00,26.5,25.8,78.0,0.0,10.7,9.0,1008.2,240.0
2026-01-08 13:00:00,29.4,26.0,77.0,0.1,10.4,18.0,1008.0,335.0
2026-01-08 14:00:00,17.2,25.8,78.0,0.0,11.1,25.0,1008.0,420.0
2026-01-08 15:00:00,7.87,25.6,80.0,0.2,10.5,33.0,1007.6,330.0
2026-01-08 16:00:00,5.6,25.5,81.0,0.1,8.3,42.0,1007.2,200.0
2026-01-08 17:00:00,1.0,25.2,83.0,0.1,6.1,12.0,1006.7,115.0
2026-01-08 18:00:00,0.175,24.6,88.0,0.0,4.9,358.0,1006.4,80.0
2026-01-08 19:00:00,0.916,24.7,86.0,0.0,5.7,9.0,1005.8,135.0
2026-01-08 20:00:00,3.32,24.8,84.0,0.0,7.6,15.0,1005.8,210.0
2026-01-08 21:00:00,2.7,24.7,81.0,0.0,11.3,7.0,1006.0,370.0
2026-01-08 22:00:00,2.85,24.6,77.0,0.0,12.7,7.0,1006.6,375.0
2026-01-08 23:00:00,2.68,24.6,76.0,0.0,13.2,5.0,1007.2,490.0
2026-01-09 00:00:00,1.18,25.5,73.0,0.0,11.9,10.0,1008.3,885.0
2026-01-09 01:00:00,0.0138,25.5,73.0,0.2,12.8,2.0,1008.6,825.0
2026-01-09 02:00:00,0.0,26.1,70.0,0.1,14.2,358.0,1008.1,950.0
2026-01-09 03:00:00,0.0,26.7,68.0,0.0,17.3,15.0,1007.9,1090.0
2026-01-09 04:00:00,0.0,28.0,63.0,0.0,19.2,26.0,1007.1,1155.0
2026-01-09 05:00:00,0.0,28.2,62.0,0.0,16.5,20.0,1005.9,1060.0
2026-01-09 06:00:00,0.0,28.1,64.0,0.0,12.7,27.0,1005.2,1140.0
2026-01-09 07:00:00,0.0,29.1,58.0,0.0,14.5,32.0,1004.9,1235.0
2026-01-09 08:00:00,0.0167,28.2,63.0,0.0,12.4,19.0,1005.1,1080.0
2026-01-09 09:00:00,0.658,27.4,66.0,0.0,10.3,360.0,1005.9,955.0
2026-01-09 10:00:00,3.9,26.7,69.0,0.0,10.8,360.0,1006.2,850.0
2026-01-09 11:00:00,4.68,26.1,72.0,0.0,9.0,348.0,1006.7,745.0
2026-01-09 12:00:00,7.39,25.9,71.0,0.0,10.4,18.0,1007.5,520.0
2026-01-09 13:00:00,15.9,25.6,72.0,0.2,11.1,23.0,1007.8,455.0
2026-01-09 14:00:00,22.9,25.2,76.0,0.3,9.1,21.0,1007.5,415.0
2026-01-09 15:00:00,8.18,25.0,78.0,0.1,6.9,353.0,1007.0,210.0
2026-01-09 16:00:00,5.4,24.8,80.0,0.0,7.0,348.0,1006.8,145.0
2026-01-09 17:00:00,19.9,24.7,80.0,0.0,7.6,353.0,1006.6,130.0
2026-01-09 18:00:00,28.7,24.3,84.0,0.0,11.6,5.0,1006.0,255.0
2026-01-09 19:00:00,30.4,23.9,84.0,0.5,12.6,5.0,1005.6,340.0
2026-01-09 20:00:00,36.9,23.7,83.0,0.2,9.4,5.0,1005.9,425.0
2026-01-09 21:00:00,22.0,23.4,86.0,2.1,7.7,1.0,1005.9,325.0
2026-01-09 22:00:00,33.0,23.0,92.0,1.9,4.8,349.0,1006.2,165.0
2026-01-09 23:00:00,37.5,23.1,91.0,0.3,5.5,324.0,1007.1,90.0
2026-01-10 00:00:00,33.8,23.6,92.0,0.2,2.6,282.0,1007.9,85.0
2026-01-10 01:00:00,34.3,25.2,81.0,0.2,3.8,315.0,1008.2,240.0
2026-01-10 02:00:00,26.2,27.7,65.0,0.1,4.5,337.0,1007.7,790.0
2026-01-10 03:00:00,32.3,29.5,57.0,0.0,8.5,12.0,1007.2,1080.0
2026-01-10 04:00:00,9.65,30.5,55.0,0.0,9.9,3.0,1006.3,1220.0
2026-01-10 05:00:00,9.53,31.1,53.0,0.0,8.6,358.0,1005.2,1290.0
2026-01-10 06:00:00,31.0,28.7,64.0,0.0,4.9,294.0,1004.9,745.0
2026-01-10 07:00:00,33.1,28.8,64.0,0.8,6.0,280.0,1004.9,500.0
2026-01-10 08:00:00,24.5,27.9,66.0,0.1,6.3,265.0,1005.1,260.0
2026-01-10 09:00:00,26.2,27.5,68.0,0.0,3.7,284.0,1005.7,220.0
2026-01-10 10:00:00,30.8,27.0,70.0,0.0,1.6,297.0,1006.1,180.0
2026-01-10 11:00:00,29.1,26.8,71.0,0.3,2.3,176.0,1006.8,220.0
2026-01-10 12:00:00,47.4,25.8,80.0,0.7,2.2,228.0,1008.0,160.0
2026-01-10 13:00:00,47.0,25.9,80.0,0.0,1.3,262.0,1008.4,25.0
2026-01-10 14:00:00,43.2,25.9,82.0,0.0,4.0,172.0,1008.2,335.0
2026-01-10 15:00:00,27.9,26.0,82.0,0.0,6.0,226.0,1008.0,310.0
2026-01-10 16:00:00,20.5,25.8,84.0,0.0,3.9,227.0,1007.8,300.0
2026-01-10 17:00:00,18.4,25.2,87.0,0.0,4.6,342.0,1007.7,95.0
2026-01-10 18:00:00,17.7,24.6,88.0,0.0,5.8,4.0,1007.3,110.0
2026-01-10 19:00:00,23.3,24.5,87.0,0.0,3.3,338.0,1007.2,85.0
2026-01-10 20:00:00,30.8,24.3,87.0,0.0,5.6,356.0,1007.1,125.0
2026-01-10 21:00:00,23.9,24.2,87.0,0.0,6.5,360.0,1007.1,175.0
2026-01-10 22:00:00,21.3,24.2,85.0,0.0,5.0,19.0,1007.4,120.0
2026-01-10 23:00:00,26.9,24.2,83.0,0.0,4.6,9.0,1008.2,80.0
2026-01-11 00:00:00,34.0,25.6,78.0,0.0,5.8,4.0,1008.8,335.0
2026-01-11 01:00:00,36.6,27.7,66.0,0.0,7.2,4.0,1009.0,615.0
2026-01-11 02:00:00,25.2,29.2,61.0,0.0,7.0,356.0,1009.1,930.0
2026-01-11 03:00:00,20.5,30.5,54.0,0.0,5.1,4.0,1008.5,1190.0
2026-01-11 04:00:00,24.9,31.1,51.0,0.1,2.3,58.0,1007.7,1215.0
2026-01-11 05:00:00,35.2,31.0,51.0,0.2,3.9,204.0,1006.9,1260.0
2026-01-11 06:00:00,46.7,31.0,53.0,0.1,5.1,262.0,1006.1,1250.0
2026-01-11 07:00:00,36.1,31.2,55.0,0.0,4.7,263.0,1005.7,1370.0
2026-01-11 08:00:00,24.4,25.2,87.0,6.9,10.4,170.0,1006.8,225.0
2026-01-11 09:00:00,26.4,25.1,87.0,0.5,3.6,162.0,1007.1,70.0
2026-01-11 10:00:00,21.4,25.8,88.0,0.0,3.1,59.0,1007.5,70.0
2026-01-11 11:00:00,4.84,26.0,88.0,0.0,1.7,139.0,1008.0,65.0
2026-01-11 12:00:00,4.38,26.9,69.0,0.0,3.9,13.0,1009.0,435.0
2026-01-11 13:00:00,4.66,26.6,67.0,0.0,5.5,79.0,1009.5,415.0
2026-01-11 14:00:00,3.15,26.2,66.0,0.0,9.4,59.0,1009.6,490.0
2026-01-11 15:00:00,0.0,25.8,68.0,0.0,10.8,54.0,1009.4,535.0
2026-01-11 16:00:00,0.0305,25.5,70.0,0.0,5.2,49.0,1009.2,550.0
2026-01-11 17:00:00,0.0,25.1,72.0,0.0,3.3,324.0,1008.8,90.0
2026-01-11 18:00:00,0.0,24.4,79.0,0.1,7.8,355.0,1008.3,105.0
2026-01-11 19:00:00,0.0,24.0,83.0,0.2,8.9,352.0,1007.9,155.0
2026-01-11 20:00:00,0.314,24.0,81.0,0.1,10.2,351.0,1007.7,190.0
2026-01-11 21:00:00,2.07,23.8,80.0,0.0,10.9,351.0,1008.1,145.0
2026-01-11 22:00:00,4.16,23.6,81.0,0.0,10.4,351.0,1008.7,130.0
2026-01-11 23:00:00,2.92,23.7,78.0,0.0,9.5,351.0,1009.1,115.0
2026-01-12 00:00:00,1.51,25.2,73.0,0.0,6.7,8.0,1010.0,515.0
2026-01-12 01:00:00,2.85,26.6,65.0,0.0,9.5,14.0,1010.5,990.0
2026-01-12 02:00:00,0.614,27.9,60.0,0.0,11.3,27.0,1009.8,1180.0
2026-01-12 03:00:00,0.0,28.4,58.0,0.0,13.9,31.0,1009.5,1280.0
2026-01-12 04:00:00,0.0,29.2,54.0,0.0,17.5,40.0,1008.8,1325.0
2026-01-12 05:00:00,0.0,29.2,55.0,0.0,15.7,40.0,1007.7,1245.0
2026-01-12 06:00:00,0.0,30.0,53.0,0.0,11.9,41.0,1006.7,1430.0
2026-01-12 07:00:00,0.00567,30.8,50.0,0.0,11.1,54.0,1006.0,1505.0
2026-01-12 08:00:00,0.00354,29.9,54.0,0.0,12.0,40.0,1006.1,1190.0
2026-01-12 09:00:00,0.783,28.7,58.0,0.0,12.6,22.0,1006.7,1070.0
2026-01-12 10:00:00,5.33,27.6,61.0,0.0,11.1,20.0,1007.1,950.0
2026-01-12 11:00:00,8.35,26.9,65.0,0.0,8.0,9.0,1007.6,290.0
2026-01-12 12:00:00,22.7,24.9,79.0,0.0,8.6,54.0,1008.1,100.0
2026-01-12 13:00:00,33.1,25.1,79.0,0.0,7.5,69.0,1008.3,115.0
2026-01-12 14:00:00,29.3,24.9,80.0,0.0,6.0,29.0,1008.2,130.0
2026-01-12 15:00:00,13.9,24.6,83.0,0.0,5.2,59.0,1008.3,110.0
2026-01-12 16:00:00,5.77,24.5,84.0,0.0,4.1,67.0,1007.7,65.0
2026-01-12 17:00:00,0.961,24.4,86.0,0.0,3.8,109.0,1007.4,60.0
2026-01-12 18:00:00,22.1,24.1,85.0,0.0,3.8,360.0,1007.0,130.0
2026-01-12 19:00:00,25.7,23.9,87.0,0.0,3.1,350.0,1006.6,115.0
2026-01-12 20:00:00,21.5,23.7,88.0,0.0,3.8,349.0,1006.5,130.0
2026-01-12 21:00:00,16.3,23.7,87.0,0.0,2.3,356.0,1006.9,75.0
2026-01-12 22:00:00,6.88,23.8,87.0,0.0,4.0,339.0,1006.9,130.0
2026-01-12 23:00:00,10.7,24.0,85.0,0.0,5.3,348.0,1007.4,195.0
2026-01-13 00:00:00,14.4,24.2,87.0,0.0,6.3,345.0,1008.1,180.0
2026-01-13 01:00:00,6.22,25.3,82.0,0.0,6.2,343.0,1008.5,340.0
2026-01-13 02:00:00,2.69,26.8,74.0,0.0,7.2,357.0,1008.5,640.0
2026-01-13 03:00:00,1.32,27.8,69.0,0.3,5.4,20.0,1008.1,765.0
2026-01-13 04:00:00,8.0,28.0,69.0,0.5,1.1,360.0,1007.2,580.0
2026-01-13 05:00:00,6.84,28.7,67.0,0.4,2.0,280.0,1006.2,725.0
2026-01-13 06:00:00,4.33,28.7,68.0,0.5,6.2,343.0,1005.0,815.0
2026-01-13 07:00:00,5.26,28.8,68.0,0.1,6.9,345.0,1004.6,845.0
2026-01-13 08:00:00,4.72,28.6,69.0,0.0,6.2,334.0,1004.6,715.0
2026-01-13 09:00:00,35.8,28.0,72.0,0.0,4.7,2.0,1005.0,605.0
2026-01-13 10:00:00,45.1,27.1,77.0,0.0,2.1,52.0,1005.6,90.0
2026-01-13 11:00:00,44.2,26.5,82.0,0.0,2.1,105.0,1006.4,60.0
2026-01-13 12:00:00,39.7,26.2,88.0,0.0,2.3,119.0,1006.6,50.0
2026-01-13 13:00:00,43.4,26.3,85.0,0.0,3.7,125.0,1006.7,90.0
2026-01-13 14:00:00,47.2,25.8,88.0,0.0,2.6,65.0,1007.1,35.0
2026-01-13 15:00:00,49.4,25.2,92.0,0.0,3.2,3.0,1006.9,35.0
2026-01-13 16:00:00,13.6,24.8,92.0,0.0,4.2,342.0,1006.5,50.0
2026-01-13 17:00:00,5.36,24.3,92.0,0.0,4.8,333.0,1005.8,60.0
2026-01-13 18:00:00,9.37,23.8,93.0,0.0,3.1,13.0,1005.4,40.0
2026-01-13 19:00:00,16.8,23.8,95.0,0.0,2.6,39.0,1004.9,35.0
2026-01-13 20:00:00,26.4,23.8,94.0,0.0,2.5,45.0,1004.8,35.0
2026-01-13 21:00:00,33.4,23.7,94.0,0.0,3.3,41.0,1005.1,40.0
2026-01-13 22:00:00,35.9,23.6,95.0,0.0,3.4,16.0,1005.5,35.0
2026-01-13 23:00:00,34.5,23.7,94.0,0.0,3.6,9.0,1006.2,45.0
2026-01-14 00:00:00,35.8,24.8,89.0,0.0,5.5,11.0,1006.9,175.0
2026-01-14 01:00:00,34.3,25.8,85.0,0.1,3.2,3.0,1007.5,255.0
2026-01-14 02:00:00,20.7,26.4,80.0,0.0,0.8,135.0,1007.2,400.0
2026-01-14 03:00:00,25.5,27.0,78.0,0.0,2.9,184.0,1006.8,460.0
2026-01-14 04:00:00,14.3,28.5,73.0,0.0,1.5,166.0,1006.0,960.0
2026-01-14 05:00:00,33.5,30.0,62.0,0.1,5.2,31.0,1004.7,1510.0
2026-01-14 06:00:00,0.0556,29.7,62.0,0.2,3.1,28.0,1004.0,1355.0
2026-01-14 07:00:00,0.0,30.6,54.0,0.1,9.8,32.0,1003.5,1460.0
2026-01-14 08:00:00,0.0638,28.9,61.0,0.2,14.7,37.0,1003.9,1025.0
2026-01-14 09:00:00,0.42,27.3,69.0,0.0,9.4,5.0,1004.4,855.0
2026-01-14 10:00:00,1.44,26.3,74.0,0.0,10.5,7.0,1004.8,760.0
2026-01-14 11:00:00,1.81,25.9,77.0,0.0,10.4,350.0,1005.8,265.0
2026-01-14 12:00:00,1.74,24.9,82.0,0.0,8.3,338.0,1006.8,200.0
2026-01-14 13:00:00,3.47,24.7,85.0,1.1,10.8,345.0,1007.0,220.0
2026-01-14 14:00:00,7.38,24.1,89.0,0.5,5.2,346.0,1007.3,115.0
2026-01-14 15:00:00,9.46,23.8,92.0,0.1,2.7,352.0,1007.2,60.0
2026-01-14 16:00:00,20.7,23.9,92.0,0.0,6.0,321.0,1006.7,100.0
2026-01-14 17:00:00,24.0,24.0,91.0,0.0,5.1,306.0,1006.2,115.0
2026-01-14 18:00:00,8.99,23.8,92.0,0.0,3.9,24.0,1005.8,105.0
2026-01-14 19:00:00,12.2,23.5,95.0,0.2,3.2,344.0,1005.4,95.0
2026-01-14 20:00:00,11.7,23.6,93.0,0.0,3.8,341.0,1005.6,115.0
2026-01-14 21:00:00,15.9,23.5,93.0,0.0,4.3,338.0,1005.4,115.0
2026-01-14 22:00:00,27.1,23.4,92.0,0.1,3.4,344.0,1005.8,95.0
2026-01-14 23:00:00,29.3,23.5,92.0,0.1,3.4,342.0,1006.2,100.0
2026-01-15 00:00:00,36.9,24.3,91.0,0.1,4.9,309.0,1007.2,150.0
2026-01-15 01:00:00,19.5,25.1,85.0,0.1,6.7,322.0,1007.5,275.0
2026-01-15 02:00:00,18.0,26.1,79.0,0.2,7.7,335.0,1007.2,365.0
2026-01-15 03:00:00,17.5,26.8,75.0,0.2,8.7,353.0,1006.7,560.0
2026-01-15 04:00:00,18.1,27.3,73.0,0.2,9.2,21.0,1006.0,610.0
2026-01-15 05:00:00,12.0,28.1,71.0,0.1,8.9,9.0,1004.8,830.0
2026-01-15 06:00:00,0.954,28.2,68.0,0.1,10.7,25.0,1003.7,930.0
2026-01-15 07:00:00,1.57,28.5,65.0,0.1,8.4,34.0,1003.4,820.0
2026-01-15 08:00:00,0.971,28.4,65.0,0.0,6.0,16.0,1003.4,910.0
2026-01-15 09:00:00,2.95,28.0,66.0,0.0,6.3,357.0,1003.6,775.0
2026-01-15 10:00:00,17.8,27.0,74.0,0.0,6.8,349.0,1004.1,135.0
2026-01-15 11:00:00,32.3,26.3,78.0,0.0,7.2,1.0,1004.4,115.0
2026-01-15 12:00:00,50.8,26.0,81.0,0.0,1.8,349.0,1005.0,25.0
2026-01-15 13:00:00,57.0,25.6,84.0,0.0,2.6,309.0,1005.2,30.0
2026-01-15 14:00:00,50.6,25.3,84.0,0.0,4.1,293.0,1004.9,60.0
2026-01-15 15:00:00,52.0,24.8,85.0,0.0,4.6,296.0,1004.6,60.0
2026-01-15 16:00:00,59.3,24.5,86.0,0.0,3.7,293.0,1004.3,45.0
2026-01-15 17:00:00,56.2,24.4,86.0,0.0,4.1,315.0,1004.1,55.0
2026-01-15 18:00:00,56.3,24.1,87.0,0.0,6.1,313.0,1003.4,90.0
2026-01-15 19:00:00,50.2,24.2,84.0,0.0,8.3,333.0,1002.7,150.0
2026-01-15 20:00:00,33.6,23.9,84.0,0.0,7.4,1.0,1003.1,145.0
2026-01-15 21:00:00,29.8,23.4,87.0,0.0,8.1,13.0,1003.1,125.0
2026-01-15 22:00:00,34.0,23.1,88.0,0.0,7.2,12.0,1003.7,110.0
2026-01-15 23:00:00,42.1,23.2,88.0,0.0,7.9,3.0,1004.3,115.0
2026-01-16 00:00:00,42.6,24.4,86.0,0.0,6.5,2.0,1004.6,175.0
2026-01-16 01:00:00,18.0,26.3,77.0,0.0,4.6,334.0,1004.9,695.0
2026-01-16 02:00:00,12.1,28.1,67.0,0.0,6.4,38.0,1004.9,1100.0
2026-01-16 03:00:00,11.9,29.8,58.0,0.0,8.8,23.0,1004.5,1440.0
2026-01-16 04:00:00,0.191,30.7,52.0,0.0,11.9,32.0,1003.6,1680.0
2026-01-16 05:00:00,0.0167,31.1,50.0,0.0,11.8,31.0,1002.5,1740.0
2026-01-16 06:00:00,0.0307,31.1,48.0,0.0,10.4,23.0,1001.9,1610.0
2026-01-16 07:00:00,0.133,31.0,47.0,0.0,11.0,26.0,1001.4,1655.0
2026-01-16 08:00:00,1.05,30.3,50.0,0.0,11.4,27.0,1001.5,1370.0
2026-01-16 09:00:00,4.4,29.2,56.0,0.0,9.4,42.0,1002.0,650.0
2026-01-16 10:00:00,7.68,28.1,64.0,0.0,7.4,64.0,1002.3,435.0
2026-01-16 11:00:00,12.6,27.3,70.0,0.0,5.8,116.0,1002.4,425.0
2026-01-16 12:00:00,12.5,25.9,73.0,0.0,5.7,108.0,1003.2,265.0
2026-01-16 13:00:00,14.8,25.9,73.0,0.0,2.2,222.0,1002.9,45.0
2026-01-16 14:00:00,32.6,25.8,75.0,0.0,3.6,270.0,1002.5,75.0
2026-01-16 15:00:00,39.7,25.6,76.0,0.0,1.8,294.0,1002.5,30.0
2026-01-16 16:00:00,36.4,25.2,79.0,0.0,0.6,252.0,1002.4,10.0
2026-01-16 17:00:00,22.4,24.9,81.0,0.0,1.4,310.0,1002.3,20.0
2026-01-16 18:00:00,29.8,24.4,84.0,0.0,3.4,354.0,1001.7,50.0
2026-01-16 19:00:00,27.8,24.4,83.0,0.0,4.0,357.0,1001.7,90.0
2026-01-16 20:00:00,29.9,24.1,84.0,0.0,7.1,311.0,1001.5,125.0
2026-01-16 21:00:00,28.5,23.6,85.0,0.0,8.1,331.0,1001.6,185.0
2026-01-16 22:00:00,27.6,23.3,86.0,0.0,8.8,360.0,1001.8,195.0
2026-01-16 23:00:00,36.7,23.0,89.0,0.0,8.0,10.0,1002.3,195.0
2026-01-17 00:00:00,32.4,23.6,90.0,0.0,7.0,359.0,1002.1,225.0
2026-01-17 01:00:00,38.0,25.2,81.0,0.0,6.3,336.0,1002.9,360.0
2026-01-17 02:00:00,24.3,25.8,77.0,0.0,5.8,309.0,1002.8,420.0
2026-01-17 03:00:00,5.79,26.5,72.0,0.0,8.6,319.0,1002.3,980.0
2026-01-17 04:00:00,8.16,27.4,65.0,0.0,6.7,355.0,1001.7,1125.0
2026-01-17 05:00:00,5.77,27.7,63.0,0.0,8.6,349.0,1000.8,1185.0
2026-01-17 06:00:00,2.15,28.8,56.0,0.0,7.2,332.0,999.7,1210.0
2026-01-17 07:00:00,0.797,28.6,57.0,0.0,6.1,330.0,999.7,1130.0
2026-01-17 08:00:00,3.36,28.3,59.0,0.0,5.5,328.0,999.7,1080.0
2026-01-17 09:00:00,19.1,28.0,60.0,0.0,5.1,337.0,999.6,810.0
2026-01-17 10:00:00,46.9,27.4,64.0,0.0,5.9,342.0,999.9,430.0
2026-01-17 11:00:00,86.0,26.7,69.0,0.0,6.6,43.0,1000.5,165.0
2026-01-17 12:00:00,86.0,26.5,68.0,0.0,1.3,188.0,1000.8,15.0
2026-01-17 13:00:00,89.3,26.4,70.0,0.0,3.4,164.0,1001.5,60.0
2026-01-17 14:00:00,76.1,25.9,73.0,0.0,2.5,172.0,1001.5,45.0
2026-01-17 15:00:00,50.9,25.4,76.0,0.0,3.7,125.0,1001.3,35.0
2026-01-17 16:00:00,38.4,25.0,79.0,0.0,3.4,137.0,1000.9,25.0
2026-01-17 17:00:00,32.1,24.5,82.0,0.0,1.2,321.0,1000.2,10.0
2026-01-17 18:00:00,25.4,24.4,83.0,0.0,6.9,6.0,999.9,150.0
2026-01-17 19:00:00,25.3,24.0,84.0,0.0,6.1,5.0,999.6,165.0
2026-01-17 20:00:00,27.8,23.8,84.0,0.0,5.4,340.0,999.8,195.0
2026-01-17 21:00:00,23.0,23.6,84.0,0.0,7.0,342.0,999.8,255.0
2026-01-17 22:00:00,17.0,23.6,81.0,0.0,8.0,346.0,1000.3,325.0
2026-01-17 23:00:00,24.0,23.4,81.0,0.0,7.2,357.0,1001.1,275.0
2026-01-18 00:00:00,24.4,25.3,70.0,0.0,8.3,336.0,1001.5,400.0
2026-01-18 01:00:00,18.3,26.3,65.0,0.0,7.9,339.0,1002.2,500.0
2026-01-18 02:00:00,22.7,27.4,61.0,0.0,7.5,343.0,1002.2,640.0
2026-01-18 03:00:00,19.1,28.8,56.0,0.0,7.0,318.0,1001.7,800.0
2026-01-18 04:00:00,27.8,29.5,57.0,0.0,6.6,286.0,1000.7,830.0
2026-01-18 05:00:00,28.7,30.1,56.0,0.0,6.7,262.0,999.7,855.0
2026-01-18 06:00:00,23.2,30.3,54.0,0.0,8.2,248.0,998.9,1095.0
2026-01-18 07:00:00,27.4,30.1,56.0,0.0,9.8,234.0,998.6,855.0
2026-01-18 08:00:00,24.2,29.8,58.0,0.0,9.7,231.0,998.5,595.0
2026-01-18 09:00:00,14.8,29.5,60.0,0.0,8.1,238.0,998.6,650.0
2026-01-18 10:00:00,18.7,28.9,63.0,0.0,8.2,241.0,999.0,690.0
2026-01-18 11:00:00,20.9,28.3,67.0,0.0,9.3,261.0,999.8,680.0
2026-01-18 12:00:00,21.6,27.6,74.0,0.0,7.6,236.0,1000.7,465.0
2026-01-18 13:00:00,38.9,27.2,75.0,0.0,6.1,265.0,1001.5,485.0
2026-01-18 14:00:00,52.9,26.9,77.0,0.0,5.2,276.0,1001.8,430.0
2026-01-18 15:00:00,58.5,26.4,79.0,0.0,4.3,270.0,1001.5,440.0
2026-01-18 16:00:00,48.7,26.2,81.0,0.0,4.7,270.0,1001.5,480.0
2026-01-18 17:00:00,47.1,25.9,81.0,0.0,4.8,292.0,1001.2,430.0
2026-01-18 18:00:00,47.1,24.9,86.0,0.1,3.0,308.0,1000.9,145.0
2026-01-18 19:00:00,47.4,24.8,88.0,0.0,2.9,7.0,1000.9,80.0
2026-01-18 20:00:00,46.2,24.7,88.0,0.0,4.0,21.0,1000.9,115.0
2026-01-18 21:00:00,46.7,24.6,88.0,0.0,3.8,357.0,1000.9,120.0
2026-01-18 22:00:00,45.9,24.5,87.0,0.0,3.8,355.0,1001.5,130.0
2026-01-18 23:00:00,35.5,24.1,89.0,0.0,4.1,45.0,1002.6,95.0
2026-01-19 00:00:00,21.5,25.1,82.0,0.0,3.0,346.0,1003.6,300.0
2026-01-19 01:00:00,13.5,26.7,72.0,0.0,4.8,347.0,1004.2,505.0
2026-01-19 02:00:00,20.6,28.0,65.0,0.0,5.6,339.0,1004.1,905.0
2026-01-19 03:00:00,19.5,28.1,63.0,0.0,6.4,331.0,1003.4,805.0
2026-01-19 04:00:00,18.7,29.9,55.0,0.1,5.3,325.0,1002.6,930.0
2026-01-19 05:00:00,21.8,30.3,54.0,0.2,5.4,278.0,1001.3,975.0
2026-01-19 06:00:00,34.1,30.1,55.0,0.4,6.9,261.0,1000.8,980.0
2026-01-19 07:00:00,41.6,29.7,58.0,0.2,7.2,252.0,1000.3,725.0
2026-01-19 08:00:00,38.6,29.6,58.0,0.1,6.3,246.0,1000.3,625.0
2026-01-19 09:00:00,39.0,29.3,59.0,0.0,4.6,234.0,1000.7,565.0
2026-01-19 10:00:00,40.4,28.6,62.0,0.0,4.0,188.0,1001.1,530.0
2026-01-19 11:00:00,39.5,28.1,65.0,0.0,6.4,153.0,1001.7,465.0
2026-01-19 12:00:00,38.9,27.5,70.0,0.0,5.5,163.0,1002.3,350.0
2026-01-19 13:00:00,31.0,27.3,70.0,0.0,3.4,164.0,1002.2,285.0
2026-01-19 14:00:00,27.3,27.0,70.0,0.0,3.5,171.0,1002.5,355.0
2026-01-19 15:00:00,27.0,26.7,70.0,0.0,2.2,166.0,1002.6,310.0
2026-01-19 16:00:00,27.9,26.0,74.0,0.0,1.4,40.0,1002.7,30.0
2026-01-19 17:00:00,25.5,25.2,80.0,0.0,3.0,25.0,1002.7,35.0
2026-01-19 18:00:00,28.5,24.4,85.0,0.0,3.8,45.0,1002.5,50.0
2026-01-19 19:00:00,31.7,24.3,83.0,0.0,5.8,306.0,1002.4,200.0
2026-01-19 20:00:00,31.3,24.0,83.0,0.1,6.7,278.0,1002.7,275.0
2026-01-19 21:00:00,25.9,23.9,82.0,0.0,5.2,282.0,1003.2,240.0
2026-01-19 22:00:00,28.1,23.6,85.0,0.0,4.2,353.0,1003.9,205.0
2026-01-19 23:00:00,35.6,23.3,87.0,0.0,3.3,41.0,1004.6,185.0
2026-01-20 00:00:00,31.5,25.0,79.0,0.0,1.3,344.0,1005.6,255.0
2026-01-20 01:00:00,34.7,26.2,74.0,0.0,1.8,294.0,1006.1,405.0
2026-01-20 02:00:00,35.2,27.9,66.0,0.0,2.0,270.0,1005.8,750.0
2026-01-20 03:00:00,42.0,28.6,60.0,0.4,2.4,257.0,1005.8,945.0
2026-01-20 04:00:00,46.5,29.3,57.0,0.3,2.4,243.0,1004.9,1095.0
2026-01-20 05:00:00,40.7,30.0,53.0,0.1,3.9,227.0,1004.1,1160.0
2026-01-20 06:00:00,21.7,30.1,51.0,0.1,3.4,196.0,1003.1,1295.0
2026-01-20 07:00:00,14.0,30.7,48.0,0.1,3.4,223.0,1002.7,1390.0
2026-01-20 08:00:00,9.65,30.5,49.0,0.0,5.0,226.0,1002.5,1420.0
2026-01-20 09:00:00,8.67,29.7,52.0,0.0,5.5,226.0,1002.9,1305.0
2026-01-20 10:00:00,27.3,28.3,57.0,0.0,3.2,63.0,1003.3,450.0
2026-01-20 11:00:00,31.4,27.3,63.0,0.0,5.0,35.0,1004.0,390.0
2026-01-20 12:00:00,35.8,26.8,68.0,0.0,2.1,105.0,1004.5,35.0
2026-01-20 13:00:00,29.1,26.7,69.0,0.0,4.1,49.0,1004.7,200.0
2026-01-20 14:00:00,24.1,26.0,74.0,0.0,3.7,337.0,1004.9,135.0
2026-01-20 15:00:00,28.4,25.4,77.0,0.0,1.3,304.0,1005.0,100.0
2026-01-20 16:00:00,22.2,24.7,81.0,0.1,3.3,351.0,1005.6,75.0
2026-01-20 17:00:00,14.7,23.9,86.0,0.2,4.0,321.0,1005.3,165.0
2026-01-20 18:00:00,15.0,24.0,83.0,0.0,3.9,336.0,1004.8,160.0
2026-01-20 19:00:00,26.0,23.7,86.0,0.1,4.9,332.0,1004.8,190.0
2026-01-20 20:00:00,23.9,23.7,86.0,0.1,2.4,318.0,1004.9,110.0
2026-01-20 21:00:00,20.9,23.7,85.0,0.0,3.2,304.0,1005.3,165.0
2026-01-20 22:00:00,25.2,23.7,86.0,0.0,4.0,302.0,1006.1,180.0
2026-01-20 23:00:00,27.1,23.8,85.0,0.0,4.5,313.0,1006.5,185.0
2026-01-21 00:00:00,11.1,25.2,75.0,0.0,2.2,325.0,1007.3,570.0
2026-01-21 01:00:00,8.44,26.8,66.0,0.0,2.8,252.0,1007.7,645.0
2026-01-21 02:00:00,6.59,28.4,59.0,0.0,1.0,338.0,1007.7,1110.0
2026-01-21 03:00:00,0.166,30.1,47.0,0.1,6.5,28.0,1007.2,1390.0
2026-01-21 04:00:00,0.0417,30.5,46.0,0.1,12.3,38.0,1006.6,1455.0
2026-01-21 05:00:00,0.0,30.1,49.0,0.1,12.2,38.0,1005.4,1320.0
2026-01-21 06:00:00,0.0,29.8,49.0,0.0,10.4,48.0,1005.0,1330.0
2026-01-21 07:00:00,0.0,29.2,50.0,0.0,13.2,50.0,1004.7,1300.0
2026-01-21 08:00:00,0.119,28.4,51.0,0.0,13.8,53.0,1004.9,1215.0
2026-01-21 09:00:00,1.28,27.2,56.0,0.0,10.1,63.0,1005.3,975.0
2026-01-21 10:00:00,8.85,26.4,59.0,0.0,8.9,62.0,1005.9,1025.0
2026-01-21 11:00:00,7.82,25.8,62.0,0.0,4.8,77.0,1006.6,905.0
2026-01-21 12:00:00,2.56,25.4,63.0,0.0,2.3,129.0,1007.6,860.0
2026-01-21 13:00:00,1.65,25.3,62.0,0.0,2.4,163.0,1007.5,750.0
2026-01-21 14:00:00,1.56,25.0,62.0,0.0,2.8,162.0,1007.5,760.0
2026-01-21 15:00:00,5.24,24.7,62.0,0.0,1.4,270.0,1007.6,750.0
2026-01-21 16:00:00,14.0,24.5,63.0,0.0,4.5,270.0,1007.7,740.0
2026-01-21 17:00:00,6.03,24.2,64.0,0.0,6.8,259.0,1007.7,765.0
2026-01-21 18:00:00,9.96,23.7,67.0,0.0,7.6,271.0,1007.4,745.0
2026-01-21 19:00:00,13.8,23.6,67.0,0.0,8.4,280.0,1007.4,755.0
2026-01-21 20:00:00,12.3,23.1,70.0,0.0,8.7,291.0,1007.6,245.0
2026-01-21 21:00:00,27.1,22.6,74.0,0.0,8.9,297.0,1008.1,180.0
2026-01-21 22:00:00,31.1,22.4,75.0,0.0,9.0,290.0,1008.6,170.0
2026-01-21 23:00:00,34.4,22.6,72.0,0.0,9.4,281.0,1009.1,195.0
2026-01-22 00:00:00,20.4,23.8,63.0,0.0,8.3,300.0,1010.2,790.0
2026-01-22 01:00:00,9.62,25.3,57.0,0.0,5.2,290.0,1010.4,885.0
2026-01-22 02:00:00,7.84,27.1,52.0,0.0,1.7,13.0,1010.6,1210.0
2026-01-22 03:00:00,5.57,29.0,45.0,0.0,4.7,23.0,1010.0,1565.0
2026-01-22 04:00:00,0.0173,29.8,43.0,0.0,8.5,29.0,1009.2,1730.0
2026-01-22 05:00:00,0.0152,29.6,43.0,0.0,7.7,28.0,1008.2,1500.0
2026-01-22 06:00:00,0.039,29.3,43.0,0.0,9.4,38.0,1007.5,1550.0
2026-01-22 07:00:00,0.492,28.9,45.0,0.0,10.0,33.0,1007.3,1400.0
2026-01-22 08:00:00,1.41,27.9,49.0,0.0,9.0,33.0,1007.5,1165.0
2026-01-22 09:00:00,1.61,26.7,53.0,0.0,6.8,37.0,1007.9,1015.0
2026-01-22 10:00:00,8.87,25.5,57.0,0.0,6.7,74.0,1008.4,850.0
2026-01-22 11:00:00,5.23,24.9,58.0,0.0,5.5,126.0,1008.8,890.0
2026-01-22 12:00:00,13.0,24.3,61.0,0.0,6.1,104.0,1009.7,775.0
2026-01-22 13:00:00,4.59,24.3,60.0,0.0,5.3,114.0,1010.0,790.0
2026-01-22 14:00:00,1.71,24.4,60.0,0.0,5.9,125.0,1010.2,870.0
2026-01-22 15:00:00,0.531,24.2,61.0,0.0,5.4,143.0,1010.2,880.0
2026-01-22 16:00:00,1.71,23.9,62.0,0.0,6.1,192.0,1010.5,965.0
2026-01-22 17:00:00,2.9,23.9,63.0,0.0,6.4,238.0,1010.3,1070.0
2026-01-22 18:00:00,4.85,23.5,65.0,0.0,5.6,6.0,1009.8,105.0
2026-01-22 19:00:00,3.47,23.1,68.0,0.0,8.0,14.0,1009.8,150.0
2026-01-22 20:00:00,5.02,22.6,71.0,0.0,7.2,3.0,1009.8,145.0
2026-01-22 21:00:00,9.33,22.3,73.0,0.0,5.4,8.0,1010.2,115.0
2026-01-22 22:00:00,17.0,21.9,76.0,0.0,5.2,2.0,1011.0,75.0
2026-01-22 23:00:00,15.8,22.3,74.0,0.0,5.4,340.0,1011.4,95.0
2026-01-23 00:00:00,8.32,23.8,66.0,0.0,7.4,7.0,1012.5,1090.0
2026-01-23 01:00:00,6.18,25.3,59.0,0.0,9.6,47.0,1012.8,1290.0
2026-01-23 02:00:00,1.31,26.9,51.0,0.0,10.0,39.0,1012.7,1425.0
2026-01-23 03:00:00,1.38,27.6,49.0,0.0,12.2,38.0,1012.1,1450.0
2026-01-23 04:00:00,0.414,28.9,44.0,0.0,12.1,47.0,1011.3,1685.0
2026-01-23 05:00:00,0.172,29.5,42.0,0.0,13.4,41.0,1010.5,1835.0
2026-01-23 06:00:00,0.389,29.8,40.0,0.0,11.5,45.0,1009.1,1940.0
2026-01-23 07:00:00,0.681,29.5,41.0,0.0,12.0,45.0,1008.8,1825.0
2026-01-23 08:00:00,0.548,29.0,42.0,0.0,12.4,40.0,1008.9,1705.0
2026-01-23 09:00:00,3.39,27.3,49.0,0.0,12.6,42.0,1009.3,1165.0
2026-01-23 10:00:00,7.85,26.0,53.0,0.0,7.7,37.0,1010.0,1050.0
2026-01-23 11:00:00,17.6,25.3,56.0,0.0,1.7,18.0,1010.4,1040.0
2026-01-23 12:00:00,31.3,24.8,59.0,0.0,1.8,354.0,1011.3,950.0
2026-01-23 13:00:00,16.3,24.5,61.0,0.0,2.7,250.0,1011.4,815.0
2026-01-23 14:00:00,14.8,24.0,63.0,0.0,4.3,248.0,1011.3,750.0
2026-01-23 15:00:00,25.9,23.8,63.0,0.0,4.8,259.0,1011.2,700.0
2026-01-23 16:00:00,28.0,23.4,65.0,0.0,6.6,261.0,1011.1,205.0
2026-01-23 17:00:00,27.5,23.1,68.0,0.0,7.5,287.0,1010.9,185.0
2026-01-23 18:00:00,26.8,22.8,70.0,0.0,9.6,330.0,1010.3,185.0
2026-01-23 19:00:00,22.4,22.5,71.0,0.0,9.0,340.0,1010.2,185.0
2026-01-23 20:00:00,19.7,22.3,72.0,0.0,7.7,342.0,1010.1,145.0
2026-01-23 21:00:00,21.4,22.1,74.0,0.0,7.8,334.0,1010.5,120.0
2026-01-23 22:00:00,28.9,21.8,76.0,0.0,7.0,337.0,1011.0,100.0
2026-01-23 23:00:00,34.7,21.8,76.0,0.0,6.2,330.0,1011.4,95.0
2026-01-24 00:00:00,33.9,23.6,67.0,0.0,7.1,341.0,1012.0,225.0
2026-01-24 01:00:00,14.7,25.5,58.0,0.0,5.4,37.0,1012.5,1045.0
2026-01-24 02:00:00,14.4,27.0,52.0,0.0,9.8,43.0,1012.3,1245.0
2026-01-24 03:00:00,2.31,27.6,50.0,0.1,10.4,39.0,1011.6,1340.0
2026-01-24 04:00:00,0.195,28.2,50.0,0.4,10.0,34.0,1010.8,1400.0
2026-01-24 05:00:00,0.0585,29.2,45.0,0.0,10.1,50.0,1010.1,1680.0
2026-01-24 06:00:00,0.0369,29.2,47.0,0.1,10.8,52.0,1008.9,1630.0
2026-01-24 07:00:00,0.0695,29.2,46.0,0.0,10.0,39.0,1008.4,1645.0
2026-01-24 08:00:00,0.181,28.6,48.0,0.1,11.8,34.0,1008.5,1545.0
2026-01-24 09:00:00,2.33,27.3,51.0,0.0,10.2,39.0,1009.1,1170.0
2026-01-24 10:00:00,7.56,26.1,56.0,0.0,7.0,40.0,1009.8,1055.0
2026-01-24 11:00:00,18.2,25.2,59.0,0.0,2.8,75.0,1010.0,880.0
2026-01-24 12:00:00,10.3,24.9,63.0,0.0,2.1,142.0,1010.9,915.0
2026-01-24 13:00:00,11.2,24.8,63.0,0.0,3.6,250.0,1011.2,900.0
2026-01-24 14:00:00,24.6,24.6,64.0,0.0,5.3,232.0,1011.3,855.0
2026-01-24 15:00:00,13.0,24.4,65.0,0.0,6.2,232.0,1011.1,630.0
2026-01-24 16:00:00,26.1,24.1,66.0,0.0,5.4,236.0,1010.6,420.0
2026-01-24 17:00:00,20.4,23.8,69.0,0.0,2.6,309.0,1010.1,270.0
2026-01-24 18:00:00,15.2,23.6,71.0,0.0,2.9,7.0,1009.7,110.0
2026-01-24 19:00:00,11.5,23.3,73.0,0.0,3.6,30.0,1009.1,135.0
2026-01-24 20:00:00,5.97,22.7,75.0,0.0,4.4,30.0,1008.9,120.0
2026-01-24 21:00:00,17.4,22.3,78.0,0.0,6.0,17.0,1009.1,125.0
2026-01-24 22:00:00,23.4,21.9,80.0,0.0,7.0,18.0,1009.7,125.0
2026-01-24 23:00:00,24.7,22.0,79.0,0.0,6.9,9.0,1010.4,135.0
2026-01-25 00:00:00,25.5,23.6,73.0,0.0,8.0,355.0,1011.5,230.0
2026-01-25 01:00:00,19.0,25.5,63.0,0.0,5.7,37.0,1011.6,1085.0
2026-01-25 02:00:00,7.03,27.7,54.0,0.0,6.6,68.0,1011.2,1425.0
2026-01-25 03:00:00,10.1,28.7,50.0,0.1,8.3,51.0,1010.5,1320.0
2026-01-25 04:00:00,6.11,29.8,47.0,0.0,10.8,69.0,1009.5,1720.0
2026-01-25 05:00:00,2.67,30.2,45.0,0.0,11.3,63.0,1008.7,1640.0
2026-01-25 06:00:00,0.925,29.7,47.0,0.0,10.4,69.0,1008.3,1660.0
2026-01-25 07:00:00,0.0,29.7,48.0,0.1,10.5,70.0,1008.1,1595.0
2026-01-25 08:00:00,0.233,29.4,48.0,0.0,10.5,66.0,1008.2,1555.0
2026-01-25 09:00:00,2.56,28.3,52.0,0.0,11.5,55.0,1008.8,1315.0
2026-01-25 10:00:00,6.72,26.9,58.0,0.0,8.8,49.0,1009.6,1055.0
2026-01-25 11:00:00,14.5,26.0,61.0,0.0,4.0,80.0,1010.2,915.0
2026-01-25 12:00:00,31.5,25.8,62.0,0.0,2.0,355.0,1010.6,795.0
2026-01-25 13:00:00,40.9,25.5,63.0,0.0,4.4,279.0,1010.7,765.0
2026-01-25 14:00:00,45.8,25.0,65.0,0.0,5.4,272.0,1010.5,645.0
2026-01-25 15:00:00,49.1,24.6,67.0,0.0,5.8,270.0,1010.5,190.0
2026-01-25 16:00:00,69.3,24.1,71.0,0.0,5.8,284.0,1010.1,160.0
2026-01-25 17:00:00,60.5,23.7,74.0,0.0,5.4,310.0,1009.7,120.0
2026-01-25 18:00:00,52.1,23.4,77.0,0.0,4.8,11.0,1009.1,105.0
2026-01-25 19:00:00,46.2,23.0,78.0,0.0,7.2,1.0,1008.7,125.0
2026-01-25 20:00:00,48.2,22.5,80.0,0.0,8.1,5.0,1008.4,140.0
2026-01-25 21:00:00,42.1,22.4,81.0,0.0,8.5,2.0,1008.9,145.0
2026-01-25 22:00:00,43.6,22.3,81.0,0.0,7.6,4.0,1009.7,155.0
2026-01-25 23:00:00,53.2,22.4,80.0,0.0,6.7,14.0,1010.2,160.0
2026-01-26 00:00:00,49.5,23.8,74.0,0.0,7.6,360.0,1010.9,235.0
2026-01-26 01:00:00,38.9,25.1,70.0,0.0,6.8,335.0,1011.1,300.0
2026-01-26 02:00:00,43.6,27.4,62.0,0.0,4.3,24.0,1010.7,1060.0
2026-01-26 03:00:00,40.7,28.7,58.0,0.1,4.8,34.0,1010.0,1045.0
2026-01-26 04:00:00,30.9,28.4,61.0,0.9,7.6,27.0,1009.3,940.0
2026-01-26 05:00:00,25.0,29.3,58.0,0.9,8.2,32.0,1008.4,1170.0
2026-01-26 06:00:00,33.5,28.9,59.0,0.9,8.7,42.0,1007.7,1225.0
2026-01-26 07:00:00,35.2,28.5,61.0,0.1,8.3,41.0,1007.4,1010.0
2026-01-26 08:00:00,14.2,28.6,61.0,0.1,7.4,39.0,1007.3,980.0
2026-01-26 09:00:00,7.52,28.5,62.0,0.2,6.0,41.0,1007.8,980.0
2026-01-26 10:00:00,17.6,27.8,67.0,0.0,6.2,10.0,1008.1,770.0
2026-01-26 11:00:00,21.1,27.1,72.0,0.0,6.0,353.0,1008.4,200.0
2026-01-26 12:00:00,22.5,26.7,75.0,0.0,6.5,5.0,1009.4,205.0
2026-01-26 13:00:00,30.4,26.4,77.0,0.0,6.3,5.0,1009.7,190.0
2026-01-26 14:00:00,36.0,26.2,77.0,0.0,5.1,17.0,1009.5,165.0
2026-01-26 15:00:00,23.8,25.9,80.0,0.0,3.6,354.0,1009.2,95.0
2026-01-26 16:00:00,12.4,25.7,81.0,0.1,1.7,347.0,1009.0,55.0
2026-01-26 17:00:00,11.6,25.4,83.0,0.0,2.6,326.0,1008.3,70.0
2026-01-26 18:00:00,4.09,25.2,84.0,0.0,1.5,21.0,1007.8,60.0
2026-01-26 19:00:00,2.3,25.0,85.0,0.0,2.2,9.0,1007.7,75.0
2026-01-26 20:00:00,3.41,24.7,87.0,0.0,2.2,24.0,1007.5,45.0
2026-01-26 21:00:00,3.35,24.5,89.0,0.0,2.5,60.0,1007.8,45.0
2026-01-26 22:00:00,3.11,24.2,91.0,0.0,2.8,72.0,1008.4,40.0
2026-01-26 23:00:00,7.0,24.3,91.0,0.0,1.0,22.0,1009.1,20.0
2026-01-27 00:00:00,11.7,25.2,82.0,0.0,3.1,280.0,1010.0,230.0
2026-01-27 01:00:00,5.59,25.9,77.0,0.6,1.1,270.0,1010.8,405.0
2026-01-27 02:00:00,10.4,27.0,72.0,0.3,2.9,274.0,1010.6,590.0
2026-01-27 03:00:00,7.78,28.7,66.0,0.0,2.4,253.0,1009.7,1100.0
2026-01-27 04:00:00,6.44,28.9,65.0,0.1,1.7,229.0,1008.9,995.0
2026-01-27 05:00:00,43.3,28.5,66.0,1.0,1.9,41.0,1008.4,835.0
2026-01-27 06:00:00,53.8,27.7,70.0,0.2,6.0,261.0,1007.5,560.0
2026-01-27 07:00:00,58.6,29.0,67.0,0.1,4.3,275.0,1007.2,1260.0
2026-01-27 08:00:00,58.7,27.6,66.0,3.2,3.1,140.0,1007.5,560.0
2026-01-27 09:00:00,35.8,27.2,71.0,0.6,2.2,235.0,1007.8,390.0
2026-01-27 10:00:00,14.3,27.1,74.0,0.0,1.6,270.0,1008.3,220.0
2026-01-27 11:00:00,16.8,27.1,73.0,0.1,2.2,325.0,1008.7,945.0
2026-01-27 12:00:00,33.3,26.6,80.0,0.0,0.8,27.0,1009.3,770.0
2026-01-27 13:00:00,36.8,26.5,74.0,0.0,0.3,45.0,1009.8,15.0
2026-01-27 14:00:00,29.2,26.0,76.0,0.0,1.5,324.0,1010.0,45.0
2026-01-27 15:00:00,36.4,25.7,77.0,0.0,1.3,326.0,1009.7,85.0
2026-01-27 16:00:00,36.9,25.4,79.0,0.0,2.4,324.0,1009.6,105.0
2026-01-27 17:00:00,29.2,25.2,81.0,0.0,2.4,333.0,1008.9,105.0
2026-01-27 18:00:00,24.9,24.5,82.0,0.0,4.2,353.0,1008.1,95.0
2026-01-27 19:00:00,25.4,24.2,81.0,0.0,5.7,347.0,1007.7,115.0
2026-01-27 20:00:00,30.5,23.8,80.0,0.0,6.1,346.0,1007.4,115.0
2026-01-27 21:00:00,26.5,23.5,81.0,0.0,5.8,344.0,1007.8,100.0
2026-01-27 22:00:00,36.2,23.2,82.0,0.0,5.2,346.0,1008.6,90.0
2026-01-27 23:00:00,38.3,23.3,82.0,0.0,3.3,354.0,1009.1,65.0
2026-01-28 00:00:00,30.4,25.0,76.0,0.0,3.6,330.0,1010.0,170.0
2026-01-28 01:00:00,26.3,26.4,68.0,0.0,2.3,252.0,1010.2,810.0
2026-01-28 02:00:00,19.7,27.7,65.0,0.0,0.2,270.0,1010.1,1070.0
2026-01-28 03:00:00,1.62,28.8,60.0,0.0,0.9,323.0,1009.2,1310.0
2026-01-28 04:00:00,2.26,29.8,56.0,0.1,2.3,360.0,1008.5,1490.0
2026-01-28 05:00:00,0.781,29.5,57.0,0.2,3.7,55.0,1007.8,1415.0
2026-01-28 06:00:00,0.337,29.7,54.0,0.1,6.5,76.0,1007.1,1535.0
2026-01-28 07:00:00,0.789,29.7,52.0,0.2,5.0,75.0,1006.8,1555.0
2026-01-28 08:00:00,2.54,29.5,50.0,0.0,7.2,58.0,1006.7,1415.0
2026-01-28 09:00:00,7.78,28.2,53.0,0.0,9.7,66.0,1007.3,1025.0
2026-01-28 10:00:00,23.9,26.7,59.0,0.0,8.5,78.0,1008.0,610.0
2026-01-28 11:00:00,35.3,25.6,63.0,0.0,5.6,92.0,1008.7,610.0
2026-01-28 12:00:00,34.1,25.5,68.0,0.0,4.9,92.0,1009.2,545.0
2026-01-28 13:00:00,21.9,25.2,68.0,0.0,4.5,140.0,1009.6,510.0
2026-01-28 14:00:00,20.0,24.9,70.0,0.0,4.0,180.0,1009.9,580.0
2026-01-28 15:00:00,18.1,24.6,71.0,0.0,3.6,210.0,1010.0,95.0
2026-01-28 16:00:00,17.3,24.1,75.0,0.0,7.4,225.0,1009.7,100.0
2026-01-28 17:00:00,12.7,23.8,76.0,0.0,8.4,236.0,1009.5,120.0
2026-01-28 18:00:00,12.7,22.9,81.0,0.0,3.3,248.0,1009.1,70.0
2026-01-28 19:00:00,17.2,23.1,77.0,0.0,2.9,266.0,1008.8,55.0
2026-01-28 20:00:00,27.2,22.7,79.0,0.0,2.7,290.0,1008.8,50.0
2026-01-28 21:00:00,35.8,22.3,82.0,0.0,2.8,310.0,1009.1,40.0
2026-01-28 22:00:00,43.0,22.0,84.0,0.0,2.3,328.0,1009.7,25.0
2026-01-28 23:00:00,52.2,21.9,86.0,0.0,3.8,360.0,1010.1,40.0
2026-01-29 00:00:00,18.5,23.9,75.0,0.0,2.1,322.0,1011.0,140.0
2026-01-29 01:00:00,16.4,25.8,64.0,0.0,2.0,225.0,1011.3,990.0
2026-01-29 02:00:00,4.66,27.5,59.0,0.0,6.7,71.0,1011.2,1305.0
2026-01-29 03:00:00,1.34,29.1,52.0,0.0,8.3,68.0,1010.5,1520.0
2026-01-29 04:00:00,0.15,29.8,49.0,0.1,11.4,66.0,1009.6,1685.0
2026-01-29 05:00:00,0.103,30.1,48.0,0.0,11.6,72.0,1008.8,1695.0
2026-01-29 06:00:00,0.107,30.0,47.0,0.0,10.9,73.0,1008.3,1695.0
2026-01-29 07:00:00,0.689,29.6,48.0,0.0,11.0,72.0,1008.0,1590.0
2026-01-29 08:00:00,2.98,29.2,50.0,0.0,9.8,83.0,1008.3,1540.0
2026-01-29 09:00:00,2.12,28.0,54.0,0.0,9.8,84.0,1008.9,1320.0
2026-01-29 10:00:00,11.1,27.0,57.0,0.0,7.4,96.0,1009.5,1175.0
2026-01-29 11:00:00,17.2,26.1,60.0,0.0,6.1,109.0,1010.1,995.0
2026-01-29 12:00:00,25.3,26.0,61.0,0.0,3.9,118.0,1010.8,990.0
2026-01-29 13:00:00,23.4,25.5,65.0,0.0,3.5,102.0,1011.1,890.0
2026-01-29 14:00:00,23.3,25.0,69.0,0.0,2.0,100.0,1011.1,35.0
2026-01-29 15:00:00,39.7,24.4,73.0,0.0,2.3,23.0,1011.2,60.0
2026-01-29 16:00:00,46.0,23.8,75.0,0.0,3.9,16.0,1011.0,105.0
2026-01-29 17:00:00,48.6,23.3,78.0,0.0,5.3,10.0,1010.5,120.0
2026-01-29 18:00:00,48.0,22.7,80.0,0.0,6.6,17.0,1010.0,130.0
2026-01-29 19:00:00,47.9,22.4,81.0,0.0,7.0,18.0,1009.6,130.0
2026-01-29 20:00:00,46.4,22.5,81.0,0.0,5.7,28.0,1009.6,140.0
2026-01-29 21:00:00,41.9,22.4,82.0,0.0,4.7,23.0,1009.9,125.0
2026-01-29 22:00:00,39.0,22.4,84.0,0.0,4.1,23.0,1010.5,115.0
2026-01-29 23:00:00,38.8,22.5,84.0,0.0,3.4,32.0,1011.2,100.0
2026-01-30 00:00:00,34.4,23.9,78.0,0.0,3.1,7.0,1012.0,255.0
2026-01-30 01:00:00,17.4,25.6,67.0,0.0,2.0,333.0,1012.3,835.0
2026-01-30 02:00:00,24.0,27.0,61.0,0.3,3.5,69.0,1012.3,970.0
2026-01-30 03:00:00,18.1,28.4,56.0,0.2,7.2,39.0,1011.5,1305.0
2026-01-30 04:00:00,21.6,29.1,53.0,0.0,9.7,39.0,1010.7,1450.0
2026-01-30 05:00:00,35.4,29.9,50.0,0.1,9.7,47.0,1009.7,1545.0
2026-01-30 06:00:00,47.7,29.7,50.0,0.2,11.0,56.0,1008.9,1645.0
2026-01-30 07:00:00,31.3,29.5,50.0,0.2,10.6,64.0,1008.4,1470.0
2026-01-30 08:00:00,9.29,28.8,53.0,0.2,11.4,61.0,1008.6,1355.0
2026-01-30 09:00:00,4.83,27.9,55.0,0.0,11.2,55.0,1009.2,1365.0
2026-01-30 10:00:00,28.7,26.6,59.0,0.0,5.4,48.0,1009.7,1040.0
2026-01-30 11:00:00,34.7,25.9,63.0,0.0,1.4,40.0,1010.2,1040.0
2026-01-30 12:00:00,34.8,26.0,66.0,0.0,1.7,13.0,1010.5,1035.0
2026-01-30 13:00:00,48.2,25.4,68.0,0.0,2.5,339.0,1010.6,40.0
2026-01-30 14:00:00,54.4,24.8,72.0,0.0,2.7,293.0,1010.8,45.0
2026-01-30 15:00:00,55.8,24.3,75.0,0.0,3.8,295.0,1010.6,55.0
2026-01-30 16:00:00,67.9,23.7,78.0,0.0,4.6,318.0,1010.5,70.0
2026-01-30 17:00:00,76.9,23.3,79.0,0.0,5.5,322.0,1010.0,90.0
2026-01-30 18:00:00,63.6,23.3,78.0,0.0,6.2,7.0,1009.5,130.0
2026-01-30 19:00:00,60.1,23.0,80.0,0.0,5.6,4.0,1009.0,100.0
2026-01-30 20:00:00,59.4,22.7,81.0,0.0,6.6,351.0,1009.0,105.0
2026-01-30 21:00:00,56.3,22.5,80.0,0.0,8.1,347.0,1009.4,120.0
2026-01-30 22:00:00,54.6,22.2,80.0,0.0,8.9,351.0,1009.4,135.0
2026-01-30 23:00:00,54.5,22.2,81.0,0.0,6.9,6.0,1010.4,125.0
2026-01-31 00:00:00,45.6,23.8,74.0,0.0,7.0,356.0,1011.1,215.0
2026-01-31 01:00:00,29.1,25.3,67.0,0.0,3.8,329.0,1011.5,665.0
2026-01-31 02:00:00,22.8,27.3,60.0,0.0,5.7,35.0,1011.3,1115.0
2026-01-31 03:00:00,11.4,29.4,51.0,0.0,7.9,24.0,1010.4,1475.0
2026-01-31 04:00:00,3.65,30.5,47.0,0.0,9.8,13.0,1009.4,1670.0
2026-01-31 05:00:00,3.64,30.5,47.0,0.0,9.1,15.0,1008.8,1660.0
2026-01-31 06:00:00,4.81,28.5,52.0,0.1,6.2,38.0,1008.7,1265.0
2026-01-31 07:00:00,7.38,28.5,52.0,0.0,5.3,55.0,1008.5,1235.0
2026-01-31 08:00:00,2.9,28.5,52.0,0.0,7.3,60.0,1008.5,1095.0
2026-01-31 09:00:00,6.03,28.2,52.0,0.0,8.6,53.0,1008.6,825.0
2026-01-31 10:00:00,15.3,27.2,56.0,0.0,8.5,73.0,1008.8,570.0
2026-01-31 11:00:00,26.8,26.1,60.0,0.0,6.1,67.0,1009.1,465.0
2026-01-31 12:00:00,26.5,25.6,58.0,0.0,7.4,56.0,1009.5,350.0
2026-01-31 13:00:00,18.1,25.9,57.0,0.0,5.4,70.0,1009.7,340.0
2026-01-31 14:00:00,26.0,25.9,57.0,0.0,2.8,117.0,1009.9,355.0
2026-01-31 15:00:00,35.2,25.5,58.0,0.0,1.5,291.0,1009.9,360.0
2026-01-31 16:00:00,36.0,25.1,59.0,0.0,1.4,230.0,1009.8,35.0
2026-01-31 17:00:00,35.5,24.8,62.0,0.0,4.1,241.0,1009.4,55.0
2026-01-31 18:00:00,37.8,24.0,67.0,0.0,7.5,255.0,1008.9,115.0
2026-01-31 19:00:00,37.9,23.7,70.0,0.0,8.7,263.0,1008.4,145.0
2026-01-31 20:00:00,34.9,23.4,73.0,0.0,7.3,254.0,1008.4,110.0
2026-01-31 21:00:00,36.2,23.2,74.0,0.0,6.3,252.0,1008.8,90.0
2026-01-31 22:00:00,36.4,23.2,75.0,0.0,5.9,268.0,1009.0,80.0
2026-01-31 23:00:00,42.2,23.3,75.0,0.0,7.4,284.0,1009.7,95.0
2026-02-01 00:00:00,48.2,25.4,64.0,0.0,6.4,313.0,1010.6,280.0
2026-02-01 01:00:00,34.5,26.4,60.0,0.0,5.3,294.0,1010.9,935.0
2026-02-01 02:00:00,18.3,27.4,58.0,0.0,2.2,294.0,1010.8,1060.0
2026-02-01 03:00:00,5.46,29.0,52.0,0.0,3.2,63.0,1010.2,1245.0
2026-02-01 04:00:00,10.5,30.5,46.0,0.0,7.0,44.0,1009.0,1580.0
2026-02-01 05:00:00,5.21,31.0,45.0,0.0,8.4,40.0,1008.4,1635.0
2026-02-01 06:00:00,1.64,30.1,49.0,0.0,10.1,35.0,1007.5,1400.0
2026-02-01 07:00:00,0.742,29.8,48.0,0.0,9.2,43.0,1007.4,1260.0
2026-02-01 08:00:00,2.41,29.3,50.0,0.0,10.7,53.0,1007.8,1170.0
2026-02-01 09:00:00,4.52,27.9,53.0,0.0,11.0,55.0,1008.4,835.0
2026-02-01 10:00:00,11.4,26.9,54.0,0.0,9.1,58.0,1009.0,670.0
2026-02-01 11:00:00,12.1,26.5,57.0,0.0,8.0,59.0,1009.5,670.0
2026-02-01 12:00:00,11.0,26.3,57.0,0.0,9.3,72.0,1010.3,535.0
2026-02-01 13:00:00,6.94,26.2,58.0,0.0,6.4,80.0,1010.6,505.0
2026-02-01 14:00:00,5.54,26.1,57.0,0.0,1.3,270.0,1010.6,495.0
2026-02-01 15:00:00,7.1,26.0,58.0,0.0,1.6,264.0,1010.3,60.0
2026-02-01 16:00:00,5.21,25.7,62.0,0.0,5.2,248.0,1009.7,80.0
2026-02-01 17:00:00,16.8,25.3,65.0,0.0,7.2,242.0,1009.5,85.0
2026-02-01 18:00:00,21.5,24.6,69.0,0.0,6.8,243.0,1009.0,75.0
2026-02-01 19:00:00,20.7,24.4,71.0,0.0,7.1,234.0,1008.8,80.0
2026-02-01 20:00:00,24.7,24.2,71.0,0.0,8.2,255.0,1008.6,95.0
2026-02-01 21:00:00,27.3,23.9,72.0,0.0,10.1,267.0,1009.1,135.0
2026-02-01 22:00:00,32.0,23.6,74.0,0.0,9.9,265.0,1009.5,120.0
2026-02-01 23:00:00,32.7,23.6,73.0,0.0,9.8,257.0,1010.1,120.0
2026-02-02 00:00:00,22.8,25.9,61.0,0.0,6.3,288.0,1011.1,255.0
2026-02-02 01:00:00,6.41,27.4,53.0,0.0,3.6,273.0,1011.3,1000.0
2026-02-02 02:00:00,4.7,28.8,50.0,0.0,2.6,309.0,1011.4,1200.0
2026-02-02 03:00:00,5.64,30.9,43.0,0.0,5.2,16.0,1010.7,1630.0
2026-02-02 04:00:00,4.77,31.6,43.0,0.0,6.0,16.0,1009.8,1800.0
2026-02-02 05:00:00,5.82,31.2,45.0,0.0,7.2,28.0,1009.2,1685.0
2026-02-02 06:00:00,3.67,31.3,45.0,0.0,8.0,36.0,1008.5,1750.0
2026-02-02 07:00:00,2.56,31.0,45.0,0.0,10.5,33.0,1008.1,1630.0
2026-02-02 08:00:00,1.42,30.5,47.0,0.0,11.5,32.0,1008.0,1500.0
2026-02-02 09:00:00,4.05,29.2,51.0,0.0,10.7,40.0,1008.5,1070.0
2026-02-02 10:00:00,10.5,27.7,55.0,0.0,9.0,52.0,1009.2,780.0
2026-02-02 11:00:00,21.5,26.8,57.0,0.0,7.2,77.0,1010.0,680.0
2026-02-02 12:00:00,23.0,26.7,55.0,0.0,8.8,71.0,1010.6,595.0
2026-02-02 13:00:00,22.0,26.4,59.0,0.0,8.7,66.0,1010.6,600.0
2026-02-02 14:00:00,24.2,26.3,59.0,0.0,6.2,80.0,1010.9,575.0
2026-02-02 15:00:00,28.0,26.2,59.0,0.0,3.4,122.0,1010.9,645.0
2026-02-02 16:00:00,29.0,26.2,59.0,0.0,1.9,209.0,1010.7,665.0
2026-02-02 17:00:00,34.6,26.0,60.0,0.0,2.2,228.0,1010.4,50.0
2026-02-02 18:00:00,33.6,25.7,62.0,0.0,4.6,259.0,1009.7,75.0
2026-02-02 19:00:00,34.5,25.1,66.0,0.0,10.8,266.0,1009.6,185.0
2026-02-02 20:00:00,38.6,24.5,71.0,0.0,10.5,273.0,1009.6,190.0
2026-02-02 21:00:00,40.4,24.1,74.0,0.0,9.7,281.0,1009.9,155.0
2026-02-02 22:00:00,38.9,23.9,75.0,0.0,10.1,274.0,1010.3,125.0
2026-02-02 23:00:00,43.9,24.0,74.0,0.0,10.1,269.0,1010.8,120.0
2026-02-03 00:00:00,44.5,25.8,63.0,0.0,5.6,303.0,1011.7,880.0
2026-02-03 01:00:00,16.4,27.2,56.0,0.0,2.7,312.0,1011.9,1015.0
2026-02-03 02:00:00,2.67,29.6,48.0,0.0,6.8,42.0,1011.7,1490.0
2026-02-03 03:00:00,1.84,30.6,44.0,0.0,11.6,39.0,1011.0,1705.0
2026-02-03 04:00:00,3.0,31.2,43.0,0.0,12.1,44.0,1010.2,1720.0
2026-02-03 05:00:00,0.128,31.3,43.0,0.0,12.2,41.0,1009.6,1725.0
2026-02-03 06:00:00,0.0,31.0,40.0,0.0,13.1,48.0,1009.0,1635.0
2026-02-03 07:00:00,0.913,30.8,40.0,0.0,12.2,46.0,1008.2,1675.0
2026-02-03 08:00:00,0.515,30.0,42.0,0.0,13.1,52.0,1008.3,1490.0
2026-02-03 09:00:00,2.15,28.8,45.0,0.0,10.2,56.0,1008.9,1320.0
2026-02-03 10:00:00,12.2,27.7,46.0,0.0,5.0,75.0,1009.3,1235.0
2026-02-03 11:00:00,24.4,27.2,48.0,0.0,3.4,177.0,1009.4,1180.0
2026-02-03 12:00:00,16.7,26.9,52.0,0.0,3.6,217.0,1010.3,1090.0
2026-02-03 13:00:00,8.55,26.8,53.0,0.0,4.0,207.0,1010.6,1075.0
2026-02-03 14:00:00,6.88,26.2,56.0,0.0,4.3,204.0,1010.4,950.0
2026-02-03 15:00:00,8.63,25.7,60.0,0.0,3.9,236.0,1010.1,125.0
2026-02-03 16:00:00,19.9,25.1,63.0,0.0,2.7,266.0,1009.8,80.0
2026-02-03 17:00:00,29.3,24.5,66.0,0.0,2.9,338.0,1009.1,80.0
2026-02-03 18:00:00,36.4,23.9,70.0,0.0,3.7,14.0,1009.0,110.0
2026-02-03 19:00:00,37.1,23.5,72.0,0.0,3.0,38.0,1008.7,65.0
2026-02-03 20:00:00,36.2,23.1,74.0,0.0,3.4,47.0,1008.6,45.0
2026-02-03 21:00:00,36.6,22.8,75.0,0.0,3.2,52.0,1008.7,40.0
2026-02-03 22:00:00,39.8,23.0,75.0,0.0,1.1,18.0,1009.1,30.0
2026-02-03 23:00:00,36.7,23.0,76.0,0.0,1.6,6.0,1009.8,60.0
2026-02-04 00:00:00,16.0,24.9,72.0,0.0,3.4,360.0,1010.2,175.0
2026-02-04 01:00:00,9.51,26.9,62.0,0.0,4.1,61.0,1010.6,1075.0
2026-02-04 02:00:00,4.67,28.5,55.0,0.0,6.9,65.0,1010.6,1375.0
2026-02-04 03:00:00,0.828,30.1,49.0,0.0,12.0,57.0,1009.5,1655.0
2026-02-04 04:00:00,0.0112,30.9,46.0,0.0,14.7,55.0,1008.8,1720.0
2026-02-04 05:00:00,0.00309,31.6,44.0,0.0,13.6,62.0,1008.0,1850.0
2026-02-04 06:00:00,0.806,31.0,42.0,0.0,13.7,62.0,1007.4,1725.0
2026-02-04 07:00:00,0.995,30.8,42.0,0.0,13.2,68.0,1006.8,1530.0
2026-02-04 08:00:00,0.347,30.2,43.0,0.0,13.4,72.0,1007.0,1370.0
2026-02-04 09:00:00,1.8,29.2,47.0,0.0,12.5,72.0,1007.4,1265.0
2026-02-04 10:00:00,8.21,27.6,55.0,0.0,11.0,71.0,1008.3,1035.0
2026-02-04 11:00:00,28.5,26.5,60.0,0.0,8.6,70.0,1009.1,850.0
2026-02-04 12:00:00,39.9,26.7,60.0,0.0,7.4,58.0,1009.8,1045.0
2026-02-04 13:00:00,37.7,26.4,62.0,0.0,5.8,51.0,1009.9,505.0
2026-02-04 14:00:00,46.0,25.8,65.0,0.0,4.3,48.0,1010.1,115.0
2026-02-04 15:00:00,46.6,25.4,68.0,0.0,4.4,38.0,1009.9,80.0
2026-02-04 16:00:00,37.3,24.7,71.0,0.0,3.9,47.0,1009.3,50.0
2026-02-04 17:00:00,29.9,24.2,74.0,0.0,3.1,45.0,1008.9,35.0
2026-02-04 18:00:00,37.5,24.0,74.0,0.0,4.3,15.0,1008.0,75.0
2026-02-04 19:00:00,29.8,23.7,76.0,0.0,4.9,360.0,1007.6,70.0
2026-02-04 20:00:00,22.2,23.1,80.0,0.0,6.3,2.0,1007.7,95.0
2026-02-04 21:00:00,27.8,22.5,82.0,0.0,7.3,7.0,1008.2,115.0
2026-02-04 22:00:00,25.7,22.0,84.0,0.0,6.8,17.0,1008.9,80.0
2026-02-04 23:00:00,36.2,21.9,84.0,0.0,7.5,15.0,1009.2,95.0
2026-02-05 00:00:00,23.7,24.1,74.0,0.0,4.5,331.0,1010.1,125.0
2026-02-05 01:00:00,7.54,26.3,62.0,0.0,3.2,333.0,1010.3,1230.0
2026-02-05 02:00:00,2.73,28.8,49.0,0.0,8.0,54.0,1010.0,1775.0
2026-02-05 03:00:00,0.975,30.5,39.0,0.0,11.6,64.0,1009.2,1935.0
2026-02-05 04:00:00,0.172,31.3,35.0,0.0,12.8,64.0,1008.4,2020.0
2026-02-05 05:00:00,0.219,31.6,34.0,0.0,14.2,61.0,1007.7,2080.0
2026-02-05 06:00:00,0.365,31.8,33.0,0.0,15.6,75.0,1006.9,2245.0
2026-02-05 07:00:00,1.29,31.4,34.0,0.0,15.1,72.0,1006.4,2075.0
2026-02-05 08:00:00,1.59,30.1,43.0,0.0,13.7,57.0,1006.6,1710.0
2026-02-05 09:00:00,4.43,28.6,50.0,0.0,14.3,36.0,1007.1,1225.0
2026-02-05 10:00:00,9.2,27.1,56.0,0.0,12.4,47.0,1007.8,890.0
2026-02-05 11:00:00,14.2,26.3,61.0,0.0,8.8,62.0,1008.0,815.0
2026-02-05 12:00:00,27.0,26.4,60.0,0.0,4.3,28.0,1008.9,1150.0
2026-02-05 13:00:00,28.4,26.4,60.0,0.0,1.7,49.0,1009.6,1220.0
2026-02-05 14:00:00,40.6,26.2,60.0,0.0,1.1,360.0,1009.2,210.0
2026-02-05 15:00:00,49.8,25.9,62.0,0.0,3.5,351.0,1008.8,110.0
2026-02-05 16:00:00,38.3,25.4,63.0,0.0,4.3,312.0,1008.4,110.0
2026-02-05 17:00:00,34.1,25.1,65.0,0.0,1.9,311.0,1008.3,65.0
2026-02-05 18:00:00,35.3,24.4,67.0,0.0,5.0,330.0,1007.7,90.0
2026-02-05 19:00:00,38.6,23.9,69.0,0.0,5.8,326.0,1007.0,105.0
2026-02-05 20:00:00,39.6,23.4,71.0,0.0,7.2,342.0,1007.1,130.0
2026-02-05 21:00:00,35.4,23.0,72.0,0.0,7.6,353.0,1007.4,140.0
2026-02-05 22:00:00,39.5,22.7,73.0,0.0,8.4,349.0,1007.9,145.0
2026-02-05 23:00:00,44.3,22.8,73.0,0.0,7.6,346.0,1008.3,145.0
2026-02-06 00:00:00,48.7,24.3,67.0,0.0,8.4,350.0,1008.9,230.0
2026-02-06 01:00:00,32.3,26.5,58.0,0.0,7.3,16.0,1009.2,1140.0
2026-02-06 02:00:00,15.7,28.9,49.0,0.0,12.2,54.0,1008.4,1465.0
2026-02-06 03:00:00,4.96,30.2,45.0,0.0,12.9,57.0,1007.2,1650.0
2026-02-06 04:00:00,0.341,30.8,45.0,0.0,12.4,50.0,1006.2,1645.0
2026-02-06 05:00:00,0.961,30.7,46.0,0.0,12.9,36.0,1005.6,1580.0
2026-02-06 06:00:00,6.26,30.4,46.0,0.0,9.7,43.0,1005.1,1655.0
2026-02-06 07:00:00,17.6,30.7,47.0,0.0,9.4,54.0,1004.4,1610.0
2026-02-06 08:00:00,1.53,28.9,53.0,0.0,14.0,28.0,1004.6,975.0
2026-02-06 09:00:00,3.73,27.7,56.0,0.1,14.3,27.0,1005.1,750.0
2026-02-06 10:00:00,9.5,26.8,60.0,0.3,11.8,20.0,1005.5,680.0
2026-02-06 11:00:00,9.5,26.0,65.0,0.1,10.5,22.0,1006.0,685.0
2026-02-06 12:00:00,0.847,25.8,70.0,0.0,6.9,47.0,1007.1,190.0
2026-02-06 13:00:00,1.09,26.3,69.0,0.0,6.5,46.0,1007.4,185.0
2026-02-06 14:00:00,3.88,26.3,70.0,0.0,6.0,44.0,1007.1,515.0
2026-02-06 15:00:00,3.99,26.0,73.0,0.0,9.2,50.0,1006.5,425.0
2026-02-06 16:00:00,2.5,25.7,73.0,0.0,11.1,47.0,1006.0,425.0
2026-02-06 17:00:00,1.42,25.6,72.0,0.0,11.6,60.0,1005.6,400.0
2026-02-06 18:00:00,2.58,25.5,71.0,0.0,7.3,46.0,1004.7,335.0
2026-02-06 19:00:00,3.93,25.1,74.0,0.0,4.5,320.0,1005.0,190.0
2026-02-06 20:00:00,8.1,24.4,80.0,0.7,6.5,336.0,1005.2,170.0
2026-02-06 21:00:00,5.21,24.4,80.0,0.1,9.9,358.0,1005.1,265.0
2026-02-06 22:00:00,8.99,24.5,79.0,0.0,10.6,4.0,1005.5,385.0
2026-02-06 23:00:00,7.82,24.7,78.0,0.0,10.5,8.0,1006.5,310.0
2026-02-07 00:00:00,20.3,25.4,78.0,0.1,9.6,354.0,1006.7,475.0
2026-02-07 01:00:00,9.53,26.9,70.0,0.0,9.9,358.0,1006.8,720.0
2026-02-07 02:00:00,7.14,28.4,65.0,0.0,9.6,28.0,1007.0,1035.0
2026-02-07 03:00:00,29.6,27.4,73.0,3.1,8.1,356.0,1006.5,755.0
2026-02-07 04:00:00,23.1,28.0,68.0,0.0,9.7,15.0,1006.0,900.0
2026-02-07 05:00:00,3.31,27.5,69.0,0.4,9.5,22.0,1004.8,780.0
2026-02-07 06:00:00,0.9,29.2,61.0,1.7,14.0,30.0,1004.0,1020.0
2026-02-07 07:00:00,0.113,27.6,68.0,0.1,13.6,20.0,1003.2,645.0
2026-02-07 08:00:00,0.129,27.0,72.0,0.0,10.6,26.0,1003.3,480.0
2026-02-07 09:00:00,2.07,27.1,73.0,0.0,7.1,19.0,1003.6,690.0
2026-02-07 10:00:00,5.18,26.8,74.0,0.0,7.3,31.0,1004.2,655.0
2026-02-07 11:00:00,25.0,26.1,75.0,0.2,10.7,49.0,1004.7,590.0
2026-02-07 12:00:00,18.2,26.1,82.0,1.6,4.7,40.0,1005.6,80.0
2026-02-07 13:00:00,6.45,26.2,83.0,0.0,3.5,55.0,1006.0,60.0
2026-02-07 14:00:00,7.56,26.0,84.0,0.0,2.0,355.0,1006.2,35.0
2026-02-07 15:00:00,4.38,25.8,85.0,0.0,5.2,335.0,1006.1,90.0
2026-02-07 16:00:00,4.32,25.7,83.0,0.1,5.1,342.0,1006.0,145.0
2026-02-07 17:00:00,4.68,25.8,80.0,0.0,7.1,30.0,1005.6,295.0
2026-02-07 18:00:00,6.79,25.8,81.0,0.0,3.1,3.0,1004.7,75.0
2026-02-07 19:00:00,1.56,25.9,80.0,0.0,5.5,13.0,1004.5,155.0
2026-02-07 20:00:00,0.664,25.7,79.0,0.0,6.8,29.0,1004.3,185.0
2026-02-07 21:00:00,1.39,25.6,77.0,0.0,9.4,3.0,1004.7,375.0
2026-02-07 22:00:00,1.66,25.6,74.0,0.0,11.0,35.0,1005.9,785.0
2026-02-07 23:00:00,3.13,25.7,71.0,0.0,11.8,21.0,1006.6,855.0
2026-02-08 00:00:00,16.1,24.9,83.0,0.0,9.8,7.0,1007.9,275.0
2026-02-08 01:00:00,6.56,25.2,80.0,0.2,7.4,7.0,1008.6,495.0
2026-02-08 02:00:00,2.04,25.7,79.0,0.1,7.7,31.0,1008.5,735.0
2026-02-08 03:00:00,0.281,26.1,70.0,0.0,9.9,35.0,1007.6,825.0
2026-02-08 04:00:00,0.05,26.7,71.0,1.4,7.0,356.0,1007.2,935.0
2026-02-08 05:00:00,0.613,26.2,74.0,0.7,7.5,340.0,1006.5,1045.0
2026-02-08 06:00:00,1.16,27.2,65.0,0.8,7.3,23.0,1005.7,1095.0
2026-02-08 07:00:00,0.00833,27.3,66.0,0.2,6.3,18.0,1005.3,1145.0
2026-02-08 08:00:00,0.225,27.4,64.0,0.0,8.1,31.0,1005.5,1270.0
2026-02-08 09:00:00,1.92,26.7,68.0,0.0,9.5,14.0,1005.8,1280.0
2026-02-08 10:00:00,0.0695,25.8,74.0,0.0,6.0,321.0,1006.9,110.0
2026-02-08 11:00:00,0.0,25.2,77.0,0.0,8.5,283.0,1007.2,90.0
2026-02-08 12:00:00,0.0,24.7,76.0,0.0,10.2,350.0,1007.9,155.0
2026-02-08 13:00:00,,24.6,77.0,0.0,9.0,347.0,1008.3,130.0
2026-02-08 14:00:00,,24.6,77.0,0.0,9.0,325.0,1008.6,140.0
2026-02-08 15:00:00,,24.3,78.0,0.0,10.8,316.0,1008.6,180.0
2026-02-08 16:00:00,,23.9,78.0,0.0,8.9,322.0,1008.6,130.0
2026-02-08 17:00:00,,23.8,77.0,0.0,9.8,313.0,1007.9,165.0
2026-02-08 18:00:00,,23.4,77.0,0.0,11.0,295.0,1007.3,180.0
2026-02-08 19:00:00,,23.2,75.0,0.0,13.9,295.0,1006.6,270.0
2026-02-08 20:00:00,,23.0,76.0,0.0,12.3,301.0,1006.8,315.0
2026-02-08 21:00:00,,22.9,76.0,0.0,10.3,308.0,1007.2,290.0
2026-02-08 22:00:00,,22.9,77.0,0.0,9.8,305.0,1007.8,190.0
2026-02-08 23:00:00,,23.0,76.0,0.0,10.6,300.0,1008.3,225.0
2026-02-09 00:00:00,,24.4,69.0,0.0,5.4,291.0,1009.5,1255.0
2026-02-09 01:00:00,,25.1,66.0,0.0,4.9,28.0,1010.2,1300.0
2026-02-09 02:00:00,,25.7,63.0,0.0,2.3,61.0,1010.0,1315.0
2026-02-09 03:00:00,,26.3,60.0,0.0,2.1,70.0,1009.2,1250.0
2026-02-09 04:00:00,,26.9,60.0,0.0,3.1,45.0,1008.3,1250.0
2026-02-09 05:00:00,,26.9,60.0,0.0,4.3,105.0,1007.3,1160.0
2026-02-09 06:00:00,,27.1,60.0,0.0,6.9,97.0,1006.5,1070.0
2026-02-09 07:00:00,,26.7,62.0,0.0,5.8,129.0,1006.4,1005.0
2026-02-09 08:00:00,,26.4,63.0,0.0,3.4,133.0,1006.8,1020.0
2026-02-09 09:00:00,,25.8,64.0,0.0,8.7,228.0,1007.3,980.0
2026-02-09 10:00:00,,25.1,67.0,0.0,8.7,236.0,1008.0,970.0
2026-02-09 11:00:00,,24.6,71.0,0.0,8.5,245.0,1008.7,185.0
2026-02-09 12:00:00,,24.9,68.0,0.0,4.9,242.0,1009.8,955.0
2026-02-09 13:00:00,,24.4,71.0,0.0,6.4,232.0,1010.0,160.0
2026-02-09 14:00:00,,24.0,73.0,0.0,8.7,233.0,1010.2,160.0
2026-02-09 15:00:00,,23.8,74.0,0.0,9.3,242.0,1010.2,165.0
2026-02-09 16:00:00,,23.6,74.0,0.0,8.6,262.0,1009.9,155.0
2026-02-09 17:00:00,,23.2,76.0,0.0,8.0,278.0,1009.6,155.0
2026-02-09 18:00:00,,22.9,79.0,0.0,5.5,316.0,1009.2,100.0
2026-02-09 19:00:00,,22.9,79.0,0.0,6.6,323.0,1009.0,125.0
2026-02-09 20:00:00,,22.6,80.0,0.0,7.5,320.0,1009.2,125.0
2026-02-09 21:00:00,,22.5,80.0,0.0,6.0,307.0,1009.3,95.0
2026-02-09 22:00:00,,22.3,82.0,0.0,5.8,277.0,1010.1,95.0
2026-02-09 23:00:00,,22.4,83.0,0.0,6.7,273.0,1010.6,110.0
2026-02-10 00:00:00,,24.0,74.0,0.0,4.5,307.0,1011.0,285.0
2026-02-10 01:00:00,,25.1,70.0,0.0,6.5,267.0,1011.3,895.0
2026-02-10 02:00:00,,27.2,62.0,0.0,3.8,73.0,1011.5,1155.0
2026-02-10 03:00:00,,28.6,56.0,0.0,8.5,69.0,1010.6,1265.0
2026-02-10 04:00:00,,30.1,50.0,0.0,11.7,67.0,1009.6,1460.0
2026-02-10 05:00:00,,30.7,48.0,0.0,11.3,68.0,1008.9,1590.0
2026-02-10 06:00:00,,30.4,50.0,0.0,9.3,62.0,1008.2,1480.0
2026-02-10 07:00:00,,29.9,52.0,0.0,9.0,59.0,1008.0,1465.0
2026-02-10 08:00:00,,29.1,54.0,0.0,6.2,60.0,1007.9,1290.0
2026-02-10 09:00:00,,28.5,55.0,0.0,4.4,78.0,1008.6,1175.0
2026-02-10 10:00:00,,27.3,59.0,0.0,5.3,145.0,1009.4,1010.0
2026-02-10 11:00:00,,26.4,64.0,0.0,6.7,146.0,1010.4,905.0
2026-02-10 12:00:00,,26.1,66.0,0.0,6.2,112.0,1011.1,775.0
2026-02-10 13:00:00,,25.9,67.0,0.0,2.6,115.0,1011.2,670.0
2026-02-10 14:00:00,,25.7,68.0,0.0,0.4,270.0,1010.8,25.0
2026-02-10 15:00:00,,25.4,70.0,0.0,3.5,219.0,1010.5,80.0
2026-02-10 16:00:00,,24.8,74.0,0.0,4.1,241.0,1009.9,70.0
2026-02-10 17:00:00,,24.5,76.0,0.0,4.0,273.0,1009.7,60.0
2026-02-10 18:00:00,,24.4,76.0,0.0,4.8,349.0,1009.2,95.0
2026-02-10 19:00:00,,24.0,77.0,0.0,6.3,2.0,1008.9,115.0
2026-02-10 20:00:00,,23.5,80.0,0.0,8.1,359.0,1009.0,135.0
2026-02-10 21:00:00,,23.4,80.0,0.0,7.0,10.0,1009.2,100.0
2026-02-10 22:00:00,,23.1,83.0,0.0,5.1,354.0,1009.9,55.0
2026-02-10 23:00:00,,23.2,82.0,0.0,6.6,338.0,1010.4,65.0
2026-02-11 00:00:00,,25.3,72.0,0.0,5.6,353.0,1011.3,185.0
2026-02-11 01:00:00,,26.9,66.0,0.0,3.3,311.0,1011.8,645.0
2026-02-11 02:00:00,,28.4,61.0,0.0,4.5,37.0,1011.9,1125.0
2026-02-11 03:00:00,,30.4,53.0,0.0,7.1,74.0,1010.7,1425.0
2026-02-11 04:00:00,,30.7,51.0,0.1,5.7,79.0,1009.9,1365.0
2026-02-11 05:00:00,,31.0,50.0,0.0,4.9,39.0,1008.9,1345.0
2026-02-11 06:00:00,,27.4,72.0,0.2,4.7,268.0,1008.7,310.0
2026-02-11 07:00:00,,29.6,61.0,0.1,2.6,282.0,1008.1,1000.0
2026-02-11 08:00:00,33.9,30.0,59.0,0.0,2.0,297.0,1007.8,1120.0
2026-02-11 09:00:00,4.16,29.7,60.0,0.0,1.9,17.0,1007.9,1010.0
2026-02-11 10:00:00,2.52,28.9,62.0,0.0,2.4,17.0,1008.0,830.0
2026-02-11 11:00:00,14.9,28.2,64.0,0.0,2.3,331.0,1008.3,575.0
2026-02-11 12:00:00,18.7,27.5,68.0,0.0,4.9,86.0,1008.7,265.0
2026-02-11 13:00:00,22.8,27.2,69.0,0.0,3.7,129.0,1009.0,350.0
2026-02-11 14:00:00,17.3,27.0,70.0,0.0,4.3,112.0,1009.3,500.0
2026-02-11 15:00:00,18.6,26.6,70.0,0.0,3.1,126.0,1009.0,500.0
2026-02-11 16:00:00,15.8,26.2,72.0,0.2,3.6,189.0,1009.0,465.0
2026-02-11 17:00:00,11.1,25.8,75.0,0.1,1.4,270.0,1008.6,40.0
2026-02-11 18:00:00,11.1,26.2,70.0,0.1,5.6,277.0,1007.8,480.0
2026-02-11 19:00:00,20.8,26.0,71.0,0.0,6.1,238.0,1007.2,485.0
2026-02-11 20:00:00,25.0,25.8,72.0,0.0,8.5,234.0,1007.3,365.0
2026-02-11 21:00:00,21.2,25.6,73.0,0.0,8.4,261.0,1007.5,240.0
2026-02-11 22:00:00,19.3,25.2,74.0,0.0,8.0,260.0,1008.2,215.0
2026-02-11 23:00:00,34.1,25.3,75.0,0.0,8.4,247.0,1008.9,260.0
2026-02-12 00:00:00,26.1,25.4,78.0,0.0,4.5,277.0,1009.4,240.0
2026-02-12 01:00:00,22.2,26.3,74.0,0.0,4.1,270.0,1009.7,320.0
2026-02-12 02:00:00,22.9,27.7,66.0,0.0,0.5,315.0,1010.0,960.0
2026-02-12 03:00:00,28.3,28.4,63.0,0.0,3.7,47.0,1009.5,1075.0
2026-02-12 04:00:00,21.3,29.6,58.0,0.0,8.5,38.0,1008.6,1150.0
2026-02-12 05:00:00,1.09,30.9,53.0,0.3,12.0,50.0,1007.6,1380.0
2026-02-12 06:00:00,0.905,31.2,51.0,0.2,11.3,47.0,1006.9,1490.0
2026-02-12 07:00:00,35.6,31.2,50.0,0.1,11.2,42.0,1006.4,1455.0
2026-02-12 08:00:00,4.38,30.7,51.0,0.0,10.7,55.0,1006.2,1350.0
2026-02-12 09:00:00,1.01,29.5,54.0,0.0,9.9,71.0,1006.4,1155.0
2026-02-12 10:00:00,2.2,28.2,58.0,0.0,5.8,74.0,1006.7,885.0
2026-02-12 11:00:00,10.7,27.3,61.0,0.0,4.4,171.0,1007.4,780.0
2026-02-12 12:00:00,18.7,26.9,62.0,0.0,6.4,133.0,1008.1,770.0
2026-02-12 13:00:00,15.9,26.9,61.0,0.0,3.8,169.0,1008.4,845.0
2026-02-12 14:00:00,18.1,26.7,62.0,0.0,6.5,214.0,1008.4,790.0
2026-02-12 15:00:00,13.6,26.4,64.0,0.0,6.9,203.0,1008.1,270.0
2026-02-12 16:00:00,12.9,26.1,66.0,0.0,4.5,223.0,1007.6,185.0
2026-02-12 17:00:00,20.0,25.8,69.0,0.0,4.0,262.0,1006.9,150.0
2026-02-12 18:00:00,16.5,25.5,69.0,0.0,3.3,279.0,1006.7,75.0
2026-02-12 19:00:00,21.3,25.4,70.0,0.0,3.6,303.0,1006.3,90.0
2026-02-12 20:00:00,29.2,25.1,71.0,0.0,2.7,332.0,1006.3,60.0
2026-02-12 21:00:00,34.4,24.8,73.0,0.0,3.8,341.0,1006.5,70.0
2026-02-12 22:00:00,44.6,24.4,74.0,0.0,5.1,342.0,1007.3,85.0
2026-02-12 23:00:00,43.2,24.5,74.0,0.0,6.5,328.0,1007.7,110.0
2026-02-13 00:00:00,47.0,26.4,66.0,0.0,7.3,351.0,1008.0,785.0
2026-02-13 01:00:00,34.0,27.8,60.0,0.0,2.7,8.0,1008.1,1110.0
2026-02-13 02:00:00,19.7,29.9,53.0,0.0,10.2,67.0,1008.2,1430.0
2026-02-13 03:00:00,6.4,31.6,47.0,0.0,13.9,67.0,1007.3,1685.0
2026-02-13 04:00:00,2.49,32.1,47.0,0.0,14.2,60.0,1006.3,1675.0
2026-02-13 05:00:00,0.00283,32.4,47.0,0.0,13.3,54.0,1005.5,1660.0
2026-02-13 06:00:00,0.0,32.5,46.0,0.0,9.3,54.0,1004.9,1735.0
2026-02-13 07:00:00,0.0,32.0,47.0,0.0,12.7,58.0,1004.7,1650.0
2026-02-13 08:00:00,0.0,30.5,53.0,0.0,15.5,43.0,1005.0,1190.0
2026-02-13 09:00:00,0.531,29.2,58.0,0.0,12.2,47.0,1005.3,995.0
2026-02-13 10:00:00,6.64,27.9,63.0,0.0,8.6,51.0,1005.9,835.0
2026-02-13 11:00:00,6.66,27.6,65.0,0.0,1.9,331.0,1006.3,910.0
2026-02-13 12:00:00,11.3,27.6,67.0,0.0,3.8,341.0,1007.2,900.0
2026-02-13 13:00:00,17.4,27.5,68.0,0.0,3.4,313.0,1007.8,480.0
2026-02-13 14:00:00,13.9,27.0,71.0,0.0,5.3,305.0,1007.8,370.0
2026-02-13 15:00:00,13.9,26.7,73.0,0.0,5.6,312.0,1007.5,280.0
2026-02-13 16:00:00,2.89,26.4,74.0,0.0,5.2,331.0,1007.3,225.0
2026-02-13 17:00:00,5.46,25.9,78.0,0.5,5.2,333.0,1006.9,175.0
2026-02-13 18:00:00,21.6,26.0,77.0,0.1,3.6,297.0,1006.3,255.0
2026-02-13 19:00:00,36.7,25.8,78.0,0.2,2.9,349.0,1006.0,175.0
2026-02-13 20:00:00,34.5,25.4,80.0,0.1,2.8,315.0,1005.8,190.0
2026-02-13 21:00:00,29.0,25.2,81.0,0.1,5.9,297.0,1005.8,185.0
2026-02-13 22:00:00,24.6,25.0,82.0,0.0,6.4,313.0,1006.2,150.0
2026-02-13 23:00:00,30.3,25.1,82.0,0.0,6.7,294.0,1007.0,165.0
2026-02-14 00:00:00,45.7,24.2,94.0,0.0,1.8,246.0,1007.7,125.0
2026-02-14 01:00:00,47.4,24.8,91.0,3.3,2.1,290.0,1008.3,205.0
2026-02-14 02:00:00,33.9,24.5,95.0,10.7,3.1,310.0,1008.6,180.0
2026-02-14 03:00:00,32.3,24.7,94.0,6.6,2.7,337.0,1008.1,175.0
2026-02-14 04:00:00,33.6,25.5,93.0,0.3,0.6,124.0,1007.2,175.0
2026-02-14 05:00:00,31.3,28.5,75.0,0.4,4.8,61.0,1006.3,760.0
2026-02-14 06:00:00,16.8,29.6,70.0,0.1,5.2,76.0,1005.5,1110.0
2026-02-14 07:00:00,0.37,28.7,71.0,3.1,6.9,70.0,1005.0,550.0
2026-02-14 08:00:00,2.03,28.9,71.0,0.1,6.8,48.0,1004.7,1045.0
2026-02-14 09:00:00,8.6,26.2,84.0,5.4,5.6,358.0,1005.6,245.0
2026-02-14 10:00:00,29.8,24.7,92.0,5.7,5.5,257.0,1006.3,190.0
2026-02-14 11:00:00,41.2,24.4,92.0,0.0,5.0,270.0,1006.8,180.0
2026-02-14 12:00:00,46.1,25.6,96.0,0.0,5.1,243.0,1007.2,75.0
2026-02-14 13:00:00,43.5,25.5,95.0,1.1,2.5,240.0,1007.8,55.0
2026-02-14 14:00:00,42.9,24.6,93.0,2.1,9.4,227.0,1008.4,185.0
2026-02-14 15:00:00,46.4,24.0,94.0,0.6,4.9,216.0,1008.4,160.0
2026-02-14 16:00:00,46.0,23.9,93.0,0.0,5.9,284.0,1008.2,155.0
2026-02-14 17:00:00,45.6,23.7,94.0,0.0,3.5,294.0,1007.2,185.0
2026-02-14 18:00:00,43.6,24.2,94.0,0.0,6.3,342.0,1006.8,175.0
2026-02-14 19:00:00,34.6,24.2,94.0,0.0,4.7,2.0,1006.1,185.0
2026-02-14 20:00:00,24.7,24.1,95.0,0.0,2.1,20.0,1006.0,115.0
2026-02-14 21:00:00,22.7,24.0,96.0,0.0,1.6,276.0,1006.2,60.0
2026-02-14 22:00:00,11.2,24.1,96.0,0.0,3.5,294.0,1006.8,115.0
2026-02-14 23:00:00,11.9,24.2,96.0,0.3,3.1,298.0,1007.5,105.0
2026-02-15 00:00:00,17.8,24.5,94.0,0.0,5.0,339.0,1008.0,185.0
2026-02-15 01:00:00,10.8,25.8,88.0,0.0,2.3,315.0,1008.5,215.0
2026-02-15 02:00:00,7.91,27.5,81.0,0.0,1.9,304.0,1008.7,495.0
2026-02-15 03:00:00,0.582,28.7,76.0,0.0,1.2,333.0,1007.9,870.0
2026-02-15 04:00:00,2.21,30.1,71.0,0.0,3.3,22.0,1006.7,1225.0
2026-02-15 05:00:00,3.1,30.7,64.0,0.0,4.6,36.0,1006.2,1345.0
2026-02-15 06:00:00,1.22,29.6,72.0,0.0,1.9,311.0,1005.5,405.0
2026-02-15 07:00:00,0.0583,29.7,73.0,0.0,1.3,278.0,1005.1,500.0
2026-02-15 08:00:00,19.3,29.5,72.0,0.1,1.8,315.0,1005.0,585.0
2026-02-15 09:00:00,31.6,29.5,68.0,0.0,3.1,40.0,1005.4,955.0
2026-02-15 10:00:00,14.2,28.5,72.0,0.0,2.6,39.0,1006.0,80.0
2026-02-15 11:00:00,11.7,27.2,80.0,0.0,2.3,315.0,1006.6,40.0
2026-02-15 12:00:00,22.7,26.9,86.0,0.0,1.7,238.0,1007.0,30.0
2026-02-15 13:00:00,30.1,26.6,89.0,0.1,2.6,282.0,1007.3,50.0
2026-02-15 14:00:00,26.4,26.2,92.0,0.0,2.7,262.0,1007.1,40.0
2026-02-15 15:00:00,24.2,25.8,95.0,0.0,2.5,274.0,1007.1,40.0
2026-02-15 16:00:00,31.6,25.5,95.0,0.0,2.1,290.0,1006.7,55.0
2026-02-15 17:00:00,39.9,25.2,96.0,0.0,1.6,276.0,1006.4,35.0
2026-02-15 18:00:00,27.9,25.4,94.0,0.0,2.0,243.0,1005.7,90.0
2026-02-15 19:00:00,24.8,25.1,95.0,0.0,1.4,293.0,1005.3,25.0
2026-02-15 20:00:00,28.7,25.1,95.0,0.0,2.3,321.0,1005.7,90.0
2026-02-15 21:00:00,29.0,25.0,95.0,0.0,2.0,297.0,1005.8,55.0
2026-02-15 22:00:00,33.4,24.8,96.0,0.0,2.9,248.0,1006.4,85.0
2026-02-15 23:00:00,36.2,24.8,96.0,0.0,3.1,211.0,1007.0,110.0
2026-02-16 00:00:00,41.7,25.7,89.0,0.0,2.1,250.0,1007.6,200.0
2026-02-16 01:00:00,35.3,27.0,82.0,0.0,3.1,283.0,1007.8,375.0
2026-02-16 02:00:00,17.5,28.1,75.0,0.1,1.8,336.0,1007.9,620.0
2026-02-16 03:00:00,7.05,29.5,68.0,0.4,2.3,90.0,1007.3,920.0
2026-02-16 04:00:00,0.0443,30.8,61.0,0.1,3.9,127.0,1006.3,1155.0
2026-02-16 05:00:00,0.0,31.4,58.0,0.0,4.0,111.0,1005.5,1240.0
2026-02-16 06:00:00,14.3,31.7,53.0,0.0,1.3,344.0,1004.6,1375.0
2026-02-16 07:00:00,23.7,31.6,54.0,0.0,2.1,290.0,1004.1,1290.0
2026-02-16 08:00:00,10.6,30.7,60.0,0.0,3.7,259.0,1004.2,590.0
2026-02-16 09:00:00,24.2,29.8,68.0,0.1,3.9,242.0,1004.6,90.0
2026-02-16 10:00:00,14.5,28.5,79.0,0.3,1.5,284.0,1005.4,30.0
2026-02-16 11:00:00,7.65,27.7,82.0,0.0,4.7,360.0,1006.1,110.0
2026-02-16 12:00:00,19.9,27.1,86.0,0.0,5.0,60.0,1006.4,190.0
2026-02-16 13:00:00,13.1,27.1,81.0,0.0,3.2,109.0,1006.7,100.0
2026-02-16 14:00:00,16.2,26.6,85.0,0.0,4.1,225.0,1007.0,80.0
2026-02-16 15:00:00,16.1,26.1,87.0,0.0,4.4,187.0,1007.1,115.0
2026-02-16 16:00:00,13.9,25.8,88.0,0.0,4.0,148.0,1007.2,135.0
2026-02-16 17:00:00,28.3,25.6,88.0,0.0,0.4,270.0,1006.4,35.0
2026-02-16 18:00:00,32.1,25.1,93.0,0.0,2.2,294.0,1005.8,60.0
2026-02-16 19:00:00,23.5,25.0,95.0,0.0,3.7,313.0,1005.5,100.0
2026-02-16 20:00:00,22.9,24.8,96.0,0.0,1.8,281.0,1005.8,40.0
2026-02-16 21:00:00,27.4,24.6,97.0,0.0,0.3,315.0,1005.9,10.0
2026-02-16 22:00:00,22.7,24.3,99.0,0.0,1.7,167.0,1006.5,30.0
2026-02-16 23:00:00,35.7,24.4,99.0,0.0,0.7,284.0,1007.1,35.0
2026-02-17 00:00:00,27.6,26.2,86.0,0.0,3.2,286.0,1007.7,135.0
2026-02-17 01:00:00,17.4,27.6,78.0,0.0,1.3,254.0,1008.0,575.0
2026-02-17 02:00:00,2.77,28.7,72.0,0.0,1.7,193.0,1008.5,785.0
2026-02-17 03:00:00,2.91,30.2,67.0,0.0,0.6,252.0,1007.6,1300.0
2026-02-17 04:00:00,3.4,30.8,63.0,0.0,2.4,287.0,1006.7,1465.0
2026-02-17 05:00:00,7.2,31.1,62.0,0.1,2.5,274.0,1005.6,1380.0
2026-02-17 06:00:00,1.05,31.2,59.0,0.1,2.3,29.0,1005.1,1400.0
2026-02-17 07:00:00,0.492,31.6,58.0,0.1,2.9,97.0,1004.5,1390.0
2026-02-17 08:00:00,10.7,31.1,58.0,0.1,5.1,82.0,1004.7,1275.0
2026-02-17 09:00:00,4.54,30.3,59.0,0.0,7.0,80.0,1005.1,1165.0
2026-02-17 10:00:00,7.23,29.0,65.0,0.0,7.3,99.0,1005.7,910.0
2026-02-17 11:00:00,13.4,27.9,71.0,0.0,5.6,132.0,1006.7,760.0
2026-02-17 12:00:00,11.7,27.1,77.0,0.0,7.1,139.0,1007.3,360.0
2026-02-17 13:00:00,12.5,26.8,79.0,0.0,4.8,217.0,1007.6,145.0
2026-02-17 14:00:00,8.9,26.2,83.0,0.0,5.9,250.0,1007.7,85.0
2026-02-17 15:00:00,8.39,25.7,86.0,0.0,4.8,259.0,1007.5,60.0
2026-02-17 16:00:00,16.7,25.3,88.0,0.0,4.2,252.0,1007.5,60.0
2026-02-17 17:00:00,24.5,24.9,91.0,0.0,2.4,297.0,1006.9,50.0
2026-02-17 18:00:00,23.6,24.6,90.0,0.0,4.6,306.0,1006.4,90.0
2026-02-17 19:00:00,32.4,24.4,88.0,0.0,5.2,319.0,1006.3,90.0
2026-02-17 20:00:00,27.3,24.2,88.0,0.0,2.7,318.0,1006.5,55.0
2026-02-17 21:00:00,27.2,24.1,89.0,0.0,0.4,360.0,1006.9,10.0
2026-02-17 22:00:00,36.0,23.8,91.0,0.0,0.7,360.0,1007.7,15.0
2026-02-17 23:00:00,39.9,23.8,92.0,0.0,2.2,325.0,1008.2,35.0
2026-02-18 00:00:00,24.2,25.5,82.0,0.0,2.8,315.0,1009.4,160.0
2026-02-18 01:00:00,22.2,27.3,63.0,0.0,4.0,60.0,1009.9,1200.0
2026-02-18 02:00:00,24.8,28.8,58.0,0.0,5.5,46.0,1009.9,1400.0
2026-02-18 03:00:00,28.1,30.0,52.0,0.0,8.4,42.0,1009.1,1550.0
2026-02-18 04:00:00,17.7,31.2,46.0,0.0,11.8,51.0,1008.4,1730.0
2026-02-18 05:00:00,4.32,31.9,43.0,0.0,17.1,56.0,1007.6,1855.0
2026-02-18 06:00:00,0.0878,30.5,50.0,0.0,15.1,55.0,1007.1,1550.0
2026-02-18 07:00:00,0.104,30.6,49.0,0.0,12.5,62.0,1007.2,1590.0
2026-02-18 08:00:00,0.298,29.8,49.0,0.0,12.4,69.0,1007.4,1430.0
2026-02-18 09:00:00,2.0,28.7,53.0,0.0,9.4,70.0,1007.6,1230.0
2026-02-18 10:00:00,8.34,27.5,58.0,0.0,4.1,90.0,1008.3,1200.0
2026-02-18 11:00:00,16.6,27.0,59.0,0.0,5.8,180.0,1008.8,1190.0
2026-02-18 12:00:00,7.19,26.6,60.0,0.0,5.6,205.0,1009.2,1140.0
2026-02-18 13:00:00,11.9,26.4,62.0,0.0,6.4,238.0,1009.2,350.0
2026-02-18 14:00:00,5.07,26.0,64.0,0.0,4.6,281.0,1009.3,195.0
2026-02-18 15:00:00,10.3,25.3,70.0,0.0,4.5,320.0,1009.3,110.0
2026-02-18 16:00:00,21.4,24.9,75.0,0.0,3.6,351.0,1009.1,80.0
2026-02-18 17:00:00,26.6,24.6,77.0,0.0,2.5,330.0,1008.4,70.0
2026-02-18 18:00:00,25.0,24.2,79.0,0.0,4.9,343.0,1008.5,95.0
2026-02-18 19:00:00,28.8,24.1,78.0,0.0,4.8,331.0,1008.4,90.0
2026-02-18 20:00:00,24.4,23.7,78.0,0.0,5.2,340.0,1008.5,100.0
2026-02-18 21:00:00,25.6,23.4,78.0,0.0,6.3,329.0,1008.5,120.0
2026-02-18 22:00:00,32.6,23.5,77.0,0.0,5.4,320.0,1009.3,120.0
2026-02-18 23:00:00,24.4,23.5,77.0,0.0,6.1,320.0,1009.9,135.0
2026-02-19 00:00:00,17.6,25.9,66.0,0.0,4.0,355.0,1010.6,345.0
2026-02-19 01:00:00,12.7,27.6,56.0,0.0,6.1,76.0,1011.0,1345.0
2026-02-19 02:00:00,4.66,29.5,49.0,0.0,10.7,67.0,1010.9,1495.0
2026-02-19 03:00:00,3.93,31.0,44.0,0.0,12.2,59.0,1010.0,1580.0
2026-02-19 04:00:00,1.78,31.3,42.0,0.0,11.0,65.0,1009.1,1610.0
2026-02-19 05:00:00,0.653,32.6,39.0,0.0,14.9,67.0,1008.1,1925.0
2026-02-19 06:00:00,0.371,32.4,39.0,0.0,17.0,64.0,1007.6,2005.0
2026-02-19 07:00:00,0.757,31.7,41.0,0.0,16.5,68.0,1007.5,1845.0
2026-02-19 08:00:00,2.1,30.6,46.0,0.0,16.2,81.0,1007.8,1610.0
2026-02-19 09:00:00,5.96,29.1,52.0,0.0,16.4,93.0,1008.6,1415.0
2026-02-19 10:00:00,11.1,27.7,57.0,0.0,12.8,110.0,1009.0,1265.0
2026-02-19 11:00:00,13.4,27.0,61.0,0.0,9.6,110.0,1009.5,1145.0
2026-02-19 12:00:00,16.9,27.3,61.0,0.0,6.6,106.0,1009.7,1125.0
2026-02-19 13:00:00,20.0,26.9,63.0,0.0,3.8,101.0,1010.0,960.0
2026-02-19 14:00:00,23.3,26.4,65.0,0.0,2.4,36.0,1010.2,100.0
2026-02-19 15:00:00,23.7,25.8,70.0,0.0,5.1,6.0,1010.2,150.0
2026-02-19 16:00:00,38.6,25.1,75.0,0.0,5.3,352.0,1009.9,140.0
2026-02-19 17:00:00,40.7,24.7,77.0,0.0,5.4,358.0,1009.3,110.0
2026-02-19 18:00:00,42.7,24.8,77.0,0.0,3.1,31.0,1008.9,95.0
2026-02-19 19:00:00,40.3,24.9,77.0,0.0,0.8,27.0,1008.9,85.0
2026-02-19 20:00:00,37.8,24.5,78.0,0.0,2.0,45.0,1008.2,85.0
2026-02-19 21:00:00,35.2,24.3,78.0,0.0,2.2,66.0,1008.5,90.0
2026-02-19 22:00:00,37.2,24.3,78.0,0.0,1.7,58.0,1009.2,90.0
2026-02-19 23:00:00,42.4,24.4,78.0,0.0,2.0,360.0,1009.7,120.0
2026-02-20 00:00:00,48.3,25.6,70.0,0.0,4.9,352.0,1010.1,365.0
2026-02-20 01:00:00,37.7,26.8,63.0,0.0,3.2,341.0,1010.7,920.0
2026-02-20 02:00:00,34.3,28.4,56.0,0.0,2.2,125.0,1010.7,1220.0
2026-02-20 03:00:00,31.2,29.7,50.0,0.0,1.3,16.0,1009.8,1370.0
2026-02-20 04:00:00,25.9,30.7,46.0,0.1,3.3,49.0,1008.6,1505.0
2026-02-20 05:00:00,28.7,31.0,44.0,0.4,2.6,12.0,1007.9,1460.0
2026-02-20 06:00:00,18.4,30.3,46.0,0.5,3.1,332.0,1007.1,1405.0
2026-02-20 07:00:00,0.99,30.9,45.0,0.0,1.8,11.0,1006.6,1410.0
2026-02-20 08:00:00,4.76,31.1,45.0,0.0,3.7,101.0,1006.2,1585.0
2026-02-20 09:00:00,5.08,30.9,45.0,0.0,3.3,96.0,1006.5,1480.0
2026-02-20 10:00:00,13.6,29.5,51.0,0.0,6.8,68.0,1007.1,795.0
2026-02-20 11:00:00,24.3,28.1,56.0,0.0,4.9,86.0,1007.5,475.0
2026-02-20 12:00:00,20.3,27.1,64.0,0.0,5.3,135.0,1008.2,410.0
2026-02-20 13:00:00,9.45,26.9,65.0,0.0,5.7,189.0,1008.5,475.0
2026-02-20 14:00:00,11.7,26.4,67.0,0.0,6.7,180.0,1008.5,490.0
2026-02-20 15:00:00,26.8,26.1,69.0,0.0,4.8,158.0,1008.2,480.0
2026-02-20 16:00:00,27.3,25.7,70.0,0.0,3.7,169.0,1007.9,475.0
2026-02-20 17:00:00,23.9,25.3,72.0,0.0,3.4,196.0,1006.9,440.0
2026-02-20 18:00:00,34.8,25.0,72.0,0.0,1.5,216.0,1006.6,50.0
2026-02-20 19:00:00,37.6,24.8,73.0,0.0,1.6,270.0,1006.2,65.0
2026-02-20 20:00:00,38.0,24.4,75.0,0.0,1.6,333.0,1005.9,75.0
2026-02-20 21:00:00,29.6,24.1,77.0,0.0,1.5,7.0,1005.8,85.0
2026-02-20 22:00:00,32.0,24.1,78.0,0.0,0.9,90.0,1006.1,60.0
2026-02-20 23:00:00,37.4,24.1,78.0,0.0,1.0,248.0,1006.3,125.0
2026-02-21 00:00:00,35.2,25.3,74.0,0.0,1.6,270.0,1006.8,325.0
2026-02-21 01:00:00,20.1,27.3,64.0,0.0,2.3,90.0,1006.7,970.0
2026-02-21 02:00:00,7.61,28.8,57.0,0.0,4.2,80.0,1006.4,1145.0
2026-02-21 03:00:00,3.59,30.5,50.0,0.0,5.2,74.0,1005.3,1520.0
2026-02-21 04:00:00,7.34,31.2,47.0,0.1,5.2,96.0,1004.5,1455.0
2026-02-21 05:00:00,0.719,31.3,47.0,0.0,6.5,114.0,1003.7,1535.0
2026-02-21 06:00:00,1.61,31.6,44.0,0.0,6.5,88.0,1002.8,1685.0
2026-02-21 07:00:00,2.79,31.7,43.0,0.0,4.6,116.0,1002.3,1675.0
2026-02-21 08:00:00,4.63,31.3,44.0,0.0,2.8,165.0,1002.5,1715.0
2026-02-21 09:00:00,9.11,30.4,46.0,0.0,5.3,123.0,1002.8,1330.0
2026-02-21 10:00:00,19.5,28.7,54.0,0.0,10.6,118.0,1003.5,880.0
2026-02-21 11:00:00,23.9,27.1,61.0,0.0,10.9,117.0,1003.8,605.0
2026-02-21 12:00:00,26.1,26.8,63.0,0.0,6.4,119.0,1004.6,490.0
2026-02-21 13:00:00,11.2,26.4,65.0,0.0,4.2,144.0,1005.0,530.0
2026-02-21 14:00:00,6.98,26.1,66.0,0.0,4.4,173.0,1005.4,555.0
2026-02-21 15:00:00,10.4,25.9,67.0,0.0,3.2,177.0,1005.3,590.0
2026-02-21 16:00:00,8.11,25.7,67.0,0.0,3.3,209.0,1005.2,570.0
2026-02-21 17:00:00,13.4,25.5,67.0,0.0,3.4,212.0,1004.7,525.0
2026-02-21 18:00:00,40.5,25.2,69.0,0.0,1.8,246.0,1004.7,55.0
2026-02-21 19:00:00,41.6,24.9,70.0,0.0,1.9,248.0,1004.4,50.0
2026-02-21 20:00:00,31.4,24.5,71.0,0.0,2.0,280.0,1004.2,55.0
2026-02-21 21:00:00,30.0,24.0,75.0,0.0,2.5,339.0,1004.3,35.0
2026-02-21 22:00:00,31.6,23.5,78.0,0.0,2.8,27.0,1005.1,40.0
2026-02-21 23:00:00,35.0,23.4,79.0,0.0,4.0,30.0,1005.7,85.0
2026-02-22 00:00:00,33.6,24.8,73.0,0.0,3.5,12.0,1006.2,245.0
2026-02-22 01:00:00,23.7,26.7,63.0,0.0,1.8,233.0,1006.3,555.0
2026-02-22 02:00:00,11.4,28.6,56.0,0.0,1.9,241.0,1006.0,825.0
2026-02-22 03:00:00,7.89,30.6,50.0,0.0,2.8,288.0,1005.1,1330.0
2026-02-22 04:00:00,27.8,31.8,46.0,0.0,6.4,288.0,1003.7,1800.0
2026-02-22 05:00:00,26.2,32.1,45.0,0.0,9.1,277.0,1003.1,1485.0
2026-02-22 06:00:00,14.7,32.5,44.0,0.0,8.0,265.0,1002.4,1675.0
2026-02-22 07:00:00,14.6,32.3,45.0,0.0,8.7,262.0,1001.6,2085.0
2026-02-22 08:00:00,9.53,31.7,47.0,0.0,3.0,287.0,1001.7,1960.0
2026-02-22 09:00:00,11.3,30.7,49.0,0.0,7.2,62.0,1002.2,1435.0
2026-02-22 10:00:00,15.9,29.1,54.0,0.0,7.6,97.0,1002.7,825.0
2026-02-22 11:00:00,21.5,27.8,60.0,0.0,6.5,122.0,1003.4,500.0
2026-02-22 12:00:00,24.2,27.0,64.0,0.0,6.0,129.0,1004.2,450.0
2026-02-22 13:00:00,6.95,26.7,65.0,0.0,4.9,152.0,1004.7,455.0
2026-02-22 14:00:00,4.76,26.4,66.0,0.0,3.8,199.0,1005.4,465.0
2026-02-22 15:00:00,4.75,26.1,68.0,0.0,3.9,248.0,1005.4,510.0
2026-02-22 16:00:00,4.55,25.8,70.0,0.0,6.2,280.0,1005.1,505.0
2026-02-22 17:00:00,5.6,25.4,72.0,0.0,5.9,284.0,1004.7,500.0
2026-02-22 18:00:00,21.5,24.9,75.0,0.0,3.7,331.0,1004.1,110.0
2026-02-22 19:00:00,32.5,24.8,77.0,0.0,3.3,354.0,1003.7,100.0
2026-02-22 20:00:00,28.6,24.4,79.0,0.0,3.1,21.0,1003.8,75.0
2026-02-22 21:00:00,28.5,24.0,81.0,0.0,3.1,13.0,1003.8,65.0
2026-02-22 22:00:00,30.2,23.8,82.0,0.0,0.3,45.0,1004.7,10.0
2026-02-22 23:00:00,30.0,24.0,81.0,0.0,1.4,337.0,1005.6,60.0
2026-02-23 00:00:00,26.8,25.8,68.0,0.0,4.4,330.0,1006.3,265.0
2026-02-23 01:00:00,5.81,27.6,60.0,0.0,3.9,313.0,1006.7,970.0
2026-02-23 02:00:00,2.46,30.4,48.0,0.0,6.4,79.0,1006.5,1475.0
2026-02-23 03:00:00,0.025,32.6,40.0,0.0,9.8,72.0,1005.5,1915.0
2026-02-23 04:00:00,0.0112,33.4,38.0,0.0,8.6,70.0,1004.4,2085.0
2026-02-23 05:00:00,0.694,33.5,38.0,0.0,7.3,74.0,1003.4,2050.0
2026-02-23 06:00:00,0.123,33.7,36.0,0.0,8.2,82.0,1002.7,2110.0
2026-02-23 07:00:00,0.0863,33.9,35.0,0.0,7.7,78.0,1001.9,2105.0
2026-02-23 08:00:00,0.314,32.7,40.0,0.0,10.2,60.0,1002.2,1605.0
2026-02-23 09:00:00,2.09,30.7,48.0,0.0,12.3,50.0,1003.1,975.0
2026-02-23 10:00:00,13.8,28.9,54.0,0.0,8.9,58.0,1003.7,870.0
2026-02-23 11:00:00,22.7,28.1,56.0,0.0,4.9,94.0,1004.3,825.0
2026-02-23 12:00:00,19.7,27.1,59.0,0.0,5.4,82.0,1005.6,720.0
2026-02-23 13:00:00,25.8,27.1,60.0,0.0,2.4,132.0,1006.0,655.0
2026-02-23 14:00:00,27.4,26.9,62.0,0.0,1.8,169.0,1005.9,590.0
2026-02-23 15:00:00,26.5,26.8,62.0,0.0,4.9,208.0,1005.8,225.0
2026-02-23 16:00:00,31.0,26.9,61.0,0.0,3.6,213.0,1005.2,155.0
2026-02-23 17:00:00,26.1,26.9,62.0,0.0,4.6,257.0,1004.5,160.0
2026-02-23 18:00:00,22.9,26.8,64.0,0.0,3.9,257.0,1003.9,180.0
2026-02-23 19:00:00,28.4,26.5,67.0,0.0,3.2,267.0,1003.6,195.0
2026-02-23 20:00:00,28.6,26.0,70.0,0.0,4.3,336.0,1003.8,195.0
2026-02-23 21:00:00,24.9,25.6,72.0,0.0,6.9,345.0,1004.4,245.0
2026-02-23 22:00:00,29.1,25.2,75.0,0.0,6.7,355.0,1005.0,190.0
2026-02-23 23:00:00,42.3,25.3,76.0,0.0,4.3,28.0,1005.7,160.0
2026-02-24 00:00:00,46.7,26.1,73.0,0.0,0.2,270.0,1006.5,250.0
2026-02-24 01:00:00,39.2,27.9,66.0,0.0,3.5,246.0,1006.9,765.0
2026-02-24 02:00:00,19.0,30.4,56.0,0.0,4.7,97.0,1007.0,1170.0
2026-02-24 03:00:00,12.4,31.1,55.0,1.1,7.2,108.0,1006.4,1255.0
2026-02-24 04:00:00,0.898,32.3,51.0,2.0,7.0,116.0,1005.3,1405.0
2026-02-24 05:00:00,37.0,31.8,54.0,1.9,7.1,99.0,1004.3,1295.0
2026-02-24 06:00:00,16.5,31.7,56.0,0.5,5.1,54.0,1003.9,1500.0
2026-02-24 07:00:00,0.524,31.8,57.0,0.3,4.8,22.0,1003.4,1545.0
2026-02-24 08:00:00,2.5,29.7,65.0,1.7,4.0,93.0,1003.8,565.0
2026-02-24 09:00:00,1.1,29.8,64.0,0.8,2.4,351.0,1004.1,1020.0
2026-02-24 10:00:00,2.1,29.4,65.0,0.0,3.9,28.0,1004.6,990.0
2026-02-24 11:00:00,5.9,28.7,68.0,0.0,4.1,49.0,1005.4,825.0
2026-02-24 12:00:00,10.9,28.0,70.0,0.0,4.2,121.0,1005.9,715.0
2026-02-24 13:00:00,20.2,27.8,71.0,0.0,4.1,165.0,1006.7,685.0
2026-02-24 14:00:00,11.7,27.4,72.0,0.0,4.9,186.0,1007.1,645.0
2026-02-24 15:00:00,8.5,27.1,73.0,0.0,3.6,174.0,1007.0,585.0
2026-02-24 16:00:00,11.5,26.8,74.0,0.0,2.5,172.0,1007.0,525.0
2026-02-24 17:00:00,30.2,26.4,75.0,0.0,2.2,166.0,1006.2,350.0
2026-02-24 18:00:00,42.0,26.4,80.0,0.0,0.5,45.0,1005.7,40.0
2026-02-24 19:00:00,34.2,26.2,79.0,0.0,1.8,37.0,1005.2,40.0
2026-02-24 20:00:00,38.1,25.7,83.0,0.0,1.9,22.0,1005.0,35.0
2026-02-24 21:00:00,39.8,25.4,86.0,0.0,1.4,23.0,1005.2,25.0
2026-02-24 22:00:00,33.7,25.1,88.0,0.0,0.4,63.0,1006.0,10.0
2026-02-24 23:00:00,32.5,25.4,84.0,0.0,1.4,67.0,1006.3,75.0
2026-02-25 00:00:00,46.5,26.4,79.0,0.0,1.7,288.0,1006.5,410.0
2026-02-25 01:00:00,59.5,28.3,68.0,0.0,0.2,90.0,1006.8,850.0
2026-02-25 02:00:00,39.7,30.2,58.0,0.0,1.2,309.0,1007.0,1160.0
2026-02-25 03:00:00,32.1,31.9,50.0,0.0,2.7,262.0,1006.1,1575.0
2026-02-25 04:00:00,14.9,32.1,50.0,0.0,6.0,261.0,1005.1,1255.0
2026-02-25 05:00:00,4.9,32.9,49.0,0.2,6.0,273.0,1004.1,1590.0
2026-02-25 06:00:00,10.5,32.6,49.0,0.4,3.6,297.0,1003.5,1565.0
2026-02-25 07:00:00,26.0,32.8,47.0,0.2,3.7,305.0,1003.1,1580.0
2026-02-25 08:00:00,0.4,32.9,47.0,0.1,3.5,305.0,1002.8,1710.0
2026-02-25 09:00:00,3.5,32.6,45.0,0.0,3.1,13.0,1002.9,1575.0
2026-02-25 10:00:00,12.2,30.4,53.0,0.0,8.2,76.0,1003.4,630.0
2026-02-25 11:00:00,26.6,28.6,60.0,0.0,5.8,124.0,1004.3,365.0
2026-02-25 12:00:00,20.4,27.5,66.0,0.0,5.4,143.0,1005.3,275.0
2026-02-25 13:00:00,20.2,27.1,67.0,0.0,5.0,167.0,1006.0,285.0
2026-02-25 14:00:00,25.7,26.6,69.0,0.0,5.1,190.0,1006.4,310.0
2026-02-25 15:00:00,31.8,26.2,72.0,0.0,5.4,220.0,1006.7,365.0
2026-02-25 16:00:00,27.7,25.8,74.0,0.0,5.1,238.0,1006.5,375.0
2026-02-25 17:00:00,28.7,25.5,74.0,0.0,3.9,208.0,1005.7,345.0
2026-02-25 18:00:00,26.9,25.3,75.0,0.0,2.2,189.0,1005.2,320.0
2026-02-25 19:00:00,32.2,25.1,75.0,0.0,3.2,199.0,1004.8,320.0
2026-02-25 20:00:00,31.5,25.2,75.0,0.0,3.4,174.0,1004.9,305.0
2026-02-25 21:00:00,24.5,25.2,74.0,0.0,4.2,162.0,1005.2,270.0
2026-02-25 22:00:00,30.0,25.2,74.0,0.0,4.1,142.0,1005.9,225.0
2026-02-25 23:00:00,37.8,25.3,73.0,0.0,4.6,149.0,1006.4,225.0
2026-02-26 00:00:00,25.5,26.4,69.0,0.0,2.7,152.0,1006.8,350.0
2026-02-26 01:00:00,11.7,28.1,64.0,0.0,0.5,315.0,1006.9,795.0
2026-02-26 02:00:00,13.9,29.4,59.0,0.0,3.9,304.0,1006.5,1035.0
2026-02-26 03:00:00,8.6,31.3,52.0,0.0,4.3,287.0,1005.2,1470.0
2026-02-26 04:00:00,19.9,33.0,45.0,0.0,6.3,283.0,1003.8,1630.0
2026-02-26 05:00:00,6.2,33.9,41.0,0.0,8.5,270.0,1002.5,1790.0
2026-02-26 06:00:00,4.6,33.6,43.0,0.0,12.3,240.0,1001.4,1900.0
2026-02-26 07:00:00,3.4,32.6,48.0,0.0,14.3,217.0,1000.7,920.0
2026-02-26 08:00:00,4.7,32.0,49.0,0.0,12.6,202.0,1000.5,740.0
2026-02-26 09:00:00,7.7,31.6,50.0,0.0,11.2,183.0,1000.9,1010.0
2026-02-26 10:00:00,16.9,30.2,54.0,0.0,11.0,156.0,1001.5,625.0
2026-02-26 11:00:00,29.3,28.7,59.0,0.0,9.5,136.0,1002.1,370.0
2026-02-26 12:00:00,31.0,27.8,64.0,0.0,7.6,135.0,1002.9,325.0
2026-02-26 13:00:00,18.0,27.2,67.0,0.0,7.0,159.0,1003.6,270.0
2026-02-26 14:00:00,14.0,26.3,70.0,0.0,7.2,158.0,1004.0,285.0
2026-02-26 15:00:00,8.0,25.6,74.0,0.0,6.3,149.0,1004.0,305.0
2026-02-26 16:00:00,8.5,25.1,76.0,0.0,2.5,135.0,1004.1,300.0
2026-02-26 17:00:00,12.2,24.7,78.0,0.0,2.8,15.0,1003.4,305.0
2026-02-26 18:00:00,22.0,24.3,79.0,0.0,3.0,14.0,1002.7,230.0
2026-02-26 19:00:00,26.4,24.1,79.0,0.0,1.2,39.0,1002.0,135.0
2026-02-26 20:00:00,26.2,23.9,80.0,0.0,2.2,171.0,1002.6,145.0
2026-02-26 21:00:00,24.7,23.5,82.0,0.0,3.2,177.0,1003.0,145.0
2026-02-26 22:00:00,29.0,23.3,84.0,0.0,1.4,157.0,1003.9,120.0
2026-02-26 23:00:00,34.8,23.4,83.0,0.0,1.0,59.0,1004.3,135.0
2026-02-27 00:00:00,27.1,25.1,72.0,0.0,0.9,143.0,1004.5,250.0
2026-02-27 01:00:00,20.8,27.5,62.0,0.0,1.2,231.0,1004.9,645.0
2026-02-27 02:00:00,25.6,29.7,55.0,0.0,2.6,304.0,1004.9,1235.0
2026-02-27 03:00:00,25.6,30.4,54.0,0.0,6.0,279.0,1004.0,1400.0
2026-02-27 04:00:00,39.6,31.4,52.0,0.0,8.0,288.0,1003.2,1535.0
2026-02-27 05:00:00,45.0,32.6,47.0,0.0,9.9,279.0,1002.2,1595.0
2026-02-27 06:00:00,49.9,32.3,48.0,0.0,9.6,279.0,1001.4,1655.0
2026-02-27 07:00:00,46.2,33.9,42.0,0.0,5.9,293.0,1000.4,1800.0
2026-02-27 08:00:00,47.6,33.9,39.0,0.0,4.0,273.0,999.9,1810.0
2026-02-27 09:00:00,34.5,32.3,48.0,0.0,9.9,224.0,1000.2,315.0
2026-02-27 10:00:00,24.5,30.0,58.0,0.0,12.3,198.0,1001.0,635.0
2026-02-27 11:00:00,30.7,29.4,60.0,0.0,8.9,189.0,1001.8,630.0
2026-02-27 12:00:00,36.6,28.4,62.0,0.0,6.0,175.0,1002.5,335.0
2026-02-27 13:00:00,37.5,27.9,64.0,0.0,4.0,172.0,1003.2,270.0
2026-02-27 14:00:00,19.7,27.2,68.0,0.0,4.5,166.0,1003.8,280.0
2026-02-27 15:00:00,19.2,26.4,72.0,0.0,4.8,158.0,1004.1,305.0
2026-02-27 16:00:00,22.0,25.9,74.0,0.0,4.1,167.0,1004.0,290.0
2026-02-27 17:00:00,35.9,25.6,75.0,0.0,3.3,189.0,1003.8,260.0
2026-02-27 18:00:00,35.2,25.2,78.0,0.0,0.7,256.0,1003.4,110.0
2026-02-27 19:00:00,41.3,24.9,80.0,0.0,1.8,349.0,1003.1,130.0
2026-02-27 20:00:00,45.4,24.6,82.0,0.0,0.6,34.0,1003.0,130.0
2026-02-27 21:00:00,103.0,24.3,83.0,0.0,2.0,153.0,1003.5,115.0
2026-02-27 22:00:00,68.3,24.3,83.0,0.0,3.5,156.0,1004.4,130.0
2026-02-27 23:00:00,50.2,24.6,79.0,0.0,4.6,171.0,1005.2,295.0
2026-02-28 00:00:00,41.7,25.6,75.0,0.0,3.1,190.0,1005.8,285.0
2026-02-28 01:00:00,30.7,27.8,63.0,0.0,3.5,219.0,1005.9,585.0
2026-02-28 02:00:00,35.3,29.9,53.0,0.0,1.2,243.0,1006.1,1275.0
2026-02-28 03:00:00,32.9,31.7,44.0,0.0,2.0,280.0,1005.2,1595.0
2026-02-28 04:00:00,21.4,33.1,39.0,0.0,4.1,283.0,1003.9,1825.0
2026-02-28 05:00:00,13.2,33.8,38.0,0.0,5.7,288.0,1002.6,1925.0
2026-02-28 06:00:00,17.5,33.9,37.0,0.0,5.1,288.0,1002.0,1975.0
2026-02-28 07:00:00,6.7,34.1,37.0,0.0,4.9,298.0,1001.1,1960.0
2026-02-28 08:00:00,7.5,33.8,38.0,0.0,4.9,350.0,1001.0,1885.0
2026-02-28 09:00:00,9.4,32.7,41.0,0.0,8.7,56.0,1001.5,1650.0
2026-02-28 10:00:00,11.4,30.5,48.0,0.0,11.4,67.0,1002.3,855.0
2026-02-28 11:00:00,10.5,28.9,54.0,0.0,10.2,76.0,1003.3,700.0
2026-02-28 12:00:00,19.7,27.8,62.0,0.0,10.7,83.0,1004.1,505.0
2026-02-28 13:00:00,18.3,27.1,66.0,0.0,9.4,101.0,1004.4,470.0
2026-02-28 14:00:00,16.4,26.4,69.0,0.0,9.1,128.0,1004.7,460.0
2026-02-28 15:00:00,20.7,25.9,71.0,0.0,7.9,137.0,1004.9,475.0
2026-02-28 16:00:00,20.9,25.6,71.0,0.0,5.5,144.0,1004.6,465.0
2026-02-28 17:00:00,22.7,25.4,71.0,0.0,3.6,171.0,1004.1,445.0
2026-02-28 18:00:00,24.7,25.3,71.0,0.0,0.2,270.0,1003.6,420.0
2026-02-28 19:00:00,28.8,25.3,71.0,0.0,3.7,325.0,1003.1,310.0
2026-02-28 20:00:00,25.7,24.8,74.0,0.0,6.1,320.0,1003.3,205.0
2026-02-28 21:00:00,17.1,24.3,77.0,0.0,5.4,310.0,1003.5,150.0
2026-02-28 22:00:00,25.7,24.0,79.0,0.0,4.4,325.0,1004.5,120.0
2026-02-28 23:00:00,34.5,24.3,76.0,0.0,2.7,360.0,1005.3,105.0
2026-03-01 00:00:00,21.0,26.1,66.0,0.0,2.7,8.0,1006.0,265.0
2026-03-01 01:00:00,8.2,28.2,55.0,0.0,2.9,274.0,1006.4,590.0
2026-03-01 02:00:00,6.4,30.3,50.0,0.0,1.8,281.0,1006.2,1275.0
2026-03-01 03:00:00,10.2,31.3,47.0,0.0,3.6,225.0,1005.3,1235.0
2026-03-01 04:00:00,19.9,32.2,46.0,0.0,2.9,248.0,1004.5,1335.0
2026-03-01 05:00:00,27.2,32.8,45.0,0.1,1.0,248.0,1003.7,1545.0
2026-03-01 06:00:00,32.1,33.6,38.0,0.2,0.9,281.0,1002.7,1890.0
2026-03-01 07:00:00,18.9,34.3,37.0,0.0,3.2,232.0,1001.9,1865.0
2026-03-01 08:00:00,3.1,33.7,41.0,0.0,5.8,236.0,1001.7,1740.0
2026-03-01 09:00:00,8.2,32.9,44.0,0.0,2.5,225.0,1001.7,1410.0
2026-03-01 10:00:00,10.4,31.4,50.0,0.0,5.2,84.0,1002.4,965.0
2026-03-01 11:00:00,15.0,30.0,57.0,0.0,6.7,104.0,1003.9,745.0
2026-03-01 12:00:00,24.1,29.0,61.0,0.0,6.0,106.0,1004.5,505.0
2026-03-01 13:00:00,16.3,28.7,63.0,0.0,1.8,90.0,1004.8,430.0
2026-03-01 14:00:00,18.9,28.3,65.0,0.0,1.5,210.0,1005.1,400.0
2026-03-01 15:00:00,24.3,27.9,67.0,0.0,2.9,180.0,1005.5,415.0
2026-03-01 16:00:00,29.4,27.7,69.0,0.0,3.1,177.0,1005.0,385.0
2026-03-01 17:00:00,29.3,27.5,70.0,0.0,3.2,326.0,1004.4,455.0
2026-03-01 18:00:00,25.7,27.0,73.0,0.0,5.0,347.0,1004.2,455.0
2026-03-01 19:00:00,20.9,26.6,74.0,0.0,6.0,343.0,1004.0,330.0
2026-03-01 20:00:00,11.8,26.1,76.0,0.1,6.3,342.0,1003.9,295.0
2026-03-01 21:00:00,4.7,26.0,77.0,0.1,4.6,347.0,1004.4,280.0
2026-03-01 22:00:00,7.5,25.7,78.0,0.0,4.9,358.0,1005.2,260.0
2026-03-01 23:00:00,18.7,26.0,78.0,0.0,4.7,18.0,1005.8,255.0
2026-03-02 00:00:00,21.2,26.4,80.0,0.0,2.3,356.0,1006.3,285.0
2026-03-02 01:00:00,24.5,27.3,76.0,0.2,0.4,297.0,1006.9,440.0
2026-03-02 02:00:00,36.3,29.7,64.0,0.1,3.1,177.0,1006.7,785.0
2026-03-02 03:00:00,42.7,31.1,57.0,0.1,2.4,193.0,1006.0,1120.0
2026-03-02 04:00:00,44.7,32.3,52.0,0.2,2.5,249.0,1005.3,1315.0
2026-03-02 05:00:00,1.9,32.7,51.0,0.2,4.5,263.0,1004.4,1420.0
2026-03-02 06:00:00,5.0,32.2,55.0,0.2,7.5,259.0,1003.7,1035.0
2026-03-02 07:00:00,8.1,32.0,56.0,0.2,7.4,266.0,1003.0,965.0
2026-03-02 08:00:00,2.8,31.7,57.0,0.0,8.4,263.0,1002.9,770.0
2026-03-02 09:00:00,4.7,31.5,58.0,0.0,9.7,227.0,1003.3,570.0
2026-03-02 10:00:00,15.3,30.7,61.0,0.0,9.8,210.0,1003.6,355.0
2026-03-02 11:00:00,24.4,30.1,65.0,0.0,6.0,189.0,1004.1,280.0
2026-03-02 12:00:00,27.6,29.3,67.0,0.0,8.9,133.0,1004.6,340.0
2026-03-02 13:00:00,30.5,28.4,71.0,0.0,5.7,134.0,1005.2,255.0
2026-03-02 14:00:00,31.4,27.8,74.0,0.0,2.9,169.0,1005.4,215.0
2026-03-02 15:00:00,26.8,27.3,76.0,0.0,3.2,227.0,1005.7,305.0
2026-03-02 16:00:00,22.2,26.8,79.0,0.0,3.1,187.0,1005.6,335.0
2026-03-02 17:00:00,9.2,26.2,81.0,0.0,6.4,155.0,1005.3,275.0
2026-03-02 18:00:00,4.1,25.4,83.0,0.0,6.0,119.0,1004.7,225.0
2026-03-02 19:00:00,4.1,25.2,83.0,0.0,3.9,127.0,1004.7,180.0
2026-03-02 20:00:00,15.9,25.2,82.0,0.0,2.3,162.0,1004.7,180.0
2026-03-02 21:00:00,23.1,25.2,81.0,0.0,1.5,187.0,1004.8,120.0
2026-03-02 22:00:00,22.6,25.2,81.0,0.0,1.9,202.0,1005.1,85.0
2026-03-02 23:00:00,22.3,25.5,80.0,0.0,2.3,225.0,1005.4,125.0
2026-03-03 00:00:00,25.1,27.1,73.0,0.0,2.6,219.0,1005.8,525.0
2026-03-03 01:00:00,16.8,28.8,65.0,0.0,2.3,198.0,1006.5,750.0
2026-03-03 02:00:00,26.8,30.7,56.0,0.0,2.2,256.0,1006.6,1235.0
2026-03-03 03:00:00,22.7,32.5,48.0,0.0,3.8,265.0,1005.8,1530.0
2026-03-03 04:00:00,16.0,34.0,42.0,0.0,5.9,258.0,1004.7,1830.0
2026-03-03 05:00:00,5.1,34.9,39.0,0.0,8.8,258.0,1003.8,2050.0
2026-03-03 06:00:00,4.1,34.6,39.0,0.0,9.7,243.0,1003.3,1935.0
2026-03-03 07:00:00,4.8,34.7,38.0,0.0,5.4,240.0,1002.7,1990.0
2026-03-03 08:00:00,5.0,34.6,37.0,0.0,4.4,161.0,1002.6,1895.0
2026-03-03 09:00:00,9.7,33.1,41.0,0.0,9.3,109.0,1003.2,1540.0
2026-03-03 10:00:00,11.2,31.0,50.0,0.0,11.7,115.0,1004.2,905.0
2026-03-03 11:00:00,17.4,29.3,58.0,0.0,12.8,138.0,1004.9,605.0
2026-03-03 12:00:00,6.7,28.1,64.0,0.0,10.6,130.0,1005.8,480.0
2026-03-03 13:00:00,9.0,27.6,66.0,0.0,6.7,144.0,1006.1,405.0
2026-03-03 14:00:00,12.3,27.0,67.0,0.0,4.6,167.0,1006.5,355.0
2026-03-03 15:00:00,10.8,26.4,71.0,0.0,5.6,209.0,1006.7,390.0
2026-03-03 16:00:00,7.7,25.9,73.0,0.0,4.7,212.0,1006.5,460.0
2026-03-03 17:00:00,12.1,25.8,73.0,0.0,2.7,180.0,1006.0,425.0
2026-03-03 18:00:00,28.4,25.2,73.0,0.0,2.8,75.0,1005.7,305.0
2026-03-03 19:00:00,25.9,24.6,77.0,0.0,3.9,28.0,1005.3,220.0
2026-03-03 20:00:00,31.3,23.8,81.0,0.0,3.7,29.0,1005.2,125.0
2026-03-03 21:00:00,34.6,23.2,84.0,0.0,3.1,21.0,1005.4,75.0
2026-03-03 22:00:00,34.8,22.6,87.0,0.0,2.2,35.0,1005.6,35.0
2026-03-03 23:00:00,38.1,23.0,84.0,0.0,4.0,108.0,1006.1,125.0
2026-03-04 00:00:00,35.0,25.2,70.0,0.0,4.3,156.0,1006.6,315.0
2026-03-04 01:00:00,26.0,27.5,61.0,0.0,5.5,216.0,1007.0,565.0
2026-03-04 02:00:00,24.4,29.8,54.0,0.0,1.8,276.0,1007.1,1025.0
2026-03-04 03:00:00,21.4,32.1,46.0,0.0,4.4,300.0,1006.5,1655.0
2026-03-04 04:00:00,16.7,33.5,41.0,0.0,6.4,286.0,1005.3,1885.0
2026-03-04 05:00:00,22.6,34.1,38.0,0.0,7.7,273.0,1004.2,1945.0
2026-03-04 06:00:00,24.7,34.0,36.0,0.0,4.6,261.0,1002.9,1925.0
2026-03-04 07:00:00,27.2,34.2,38.0,0.0,7.2,269.0,1002.1,1890.0
2026-03-04 08:00:00,13.5,34.2,37.0,0.0,5.4,274.0,1001.8,1965.0
2026-03-04 09:00:00,6.8,33.0,39.0,0.0,2.9,112.0,1002.4,1885.0
2026-03-04 10:00:00,15.1,30.4,49.0,0.0,9.4,98.0,1003.0,845.0
2026-03-04 11:00:00,23.2,29.0,55.0,0.0,8.9,128.0,1003.8,595.0
2026-03-04 12:00:00,20.8,28.0,60.0,0.0,9.5,127.0,1004.6,465.0
2026-03-04 13:00:00,23.8,27.5,63.0,0.0,7.8,142.0,1005.1,355.0
2026-03-04 14:00:00,22.7,27.0,66.0,0.0,6.2,165.0,1005.5,300.0
2026-03-04 15:00:00,21.0,26.6,69.0,0.0,5.0,195.0,1005.6,310.0
2026-03-04 16:00:00,19.3,26.4,71.0,0.0,4.5,223.0,1005.7,420.0
2026-03-04 17:00:00,15.4,26.2,71.0,0.0,2.9,240.0,1005.1,445.0
2026-03-04 18:00:00,17.5,26.3,69.0,0.0,3.4,148.0,1005.0,465.0
2026-03-04 19:00:00,19.4,26.2,68.0,0.0,2.4,171.0,1004.6,450.0
2026-03-04 20:00:00,32.7,26.0,69.0,0.0,1.8,127.0,1004.4,400.0
2026-03-04 21:00:00,32.0,25.7,70.0,0.0,2.7,113.0,1004.9,275.0
2026-03-04 22:00:00,36.7,25.4,71.0,0.0,4.5,124.0,1005.1,235.0
2026-03-04 23:00:00,30.8,25.5,71.0,0.0,4.0,126.0,1005.7,275.0
2026-03-05 00:00:00,20.9,27.1,63.0,0.0,2.9,97.0,1006.6,635.0
2026-03-05 01:00:00,22.2,28.7,57.0,0.0,3.7,35.0,1006.7,1120.0
2026-03-05 02:00:00,22.7,29.7,54.0,0.0,4.0,5.0,1006.6,1290.0
2026-03-05 03:00:00,22.1,31.5,47.0,0.0,1.0,31.0,1006.0,1620.0
2026-03-05 04:00:00,20.3,32.2,44.0,0.0,2.8,225.0,1004.9,1680.0
2026-03-05 05:00:00,21.0,33.2,42.0,0.0,5.0,255.0,1003.8,1660.0
2026-03-05 06:00:00,38.9,33.4,39.0,0.1,8.6,262.0,1003.0,1855.0
2026-03-05 07:00:00,35.7,32.8,44.0,0.2,11.9,268.0,1002.4,1540.0
2026-03-05 08:00:00,10.0,32.3,46.0,0.0,10.4,271.0,1002.2,1410.0
2026-03-05 09:00:00,7.6,31.9,47.0,0.0,8.3,268.0,1002.4,1000.0
2026-03-05 10:00:00,17.3,31.5,49.0,0.0,8.4,242.0,1002.6,870.0
2026-03-05 11:00:00,27.2,30.6,55.0,0.0,5.9,200.0,1003.3,625.0
2026-03-05 12:00:00,31.9,29.3,60.0,0.0,9.8,144.0,1004.3,505.0
2026-03-05 13:00:00,29.5,29.1,60.0,0.0,6.0,131.0,1005.2,335.0
2026-03-05 14:00:00,29.5,27.3,68.0,0.3,10.1,317.0,1006.4,560.0
2026-03-05 15:00:00,22.0,26.4,71.0,0.2,8.5,318.0,1006.4,415.0
2026-03-05 16:00:00,10.0,26.3,71.0,0.1,7.7,332.0,1006.3,385.0
2026-03-05 17:00:00,10.7,26.0,76.0,0.0,4.7,360.0,1005.7,345.0
2026-03-05 18:00:00,8.2,26.1,76.0,0.0,2.7,8.0,1005.4,305.0
2026-03-05 19:00:00,6.3,26.1,76.0,0.0,2.5,356.0,1005.0,290.0
2026-03-05 20:00:00,17.2,25.7,78.0,0.0,1.9,319.0,1004.6,315.0
2026-03-05 21:00:00,26.5,25.2,81.0,0.0,3.1,324.0,1005.0,345.0
2026-03-05 22:00:00,33.6,24.9,82.0,0.0,2.5,330.0,1005.8,305.0
2026-03-05 23:00:00,26.8,25.0,81.0,0.0,2.7,328.0,1006.4,295.0
2026-03-06 00:00:00,37.1,26.2,75.0,0.0,1.8,354.0,1006.5,395.0
2026-03-06 01:00:00,23.9,28.1,65.0,0.0,0.9,307.0,1006.8,770.0
2026-03-06 02:00:00,12.2,30.0,56.0,0.0,1.7,328.0,1006.5,1230.0
2026-03-06 03:00:00,15.0,31.5,49.0,0.0,0.3,315.0,1005.8,1445.0
2026-03-06 04:00:00,28.4,32.3,46.0,0.1,3.1,249.0,1004.5,1520.0
2026-03-06 05:00:00,32.2,32.6,45.0,0.5,5.0,255.0,1003.4,1545.0
2026-03-06 06:00:00,26.8,32.4,46.0,0.6,5.9,270.0,1002.9,1545.0
2026-03-06 07:00:00,15.2,31.9,48.0,0.4,6.5,270.0,1002.2,1355.0
2026-03-06 08:00:00,5.2,31.9,49.0,0.1,6.4,252.0,1002.2,1410.0
2026-03-06 09:00:00,9.2,31.5,50.0,0.0,5.4,266.0,1002.1,1055.0
2026-03-06 10:00:00,17.5,31.1,52.0,0.0,5.5,243.0,1002.6,1400.0
2026-03-06 11:00:00,31.8,30.3,55.0,0.0,3.6,143.0,1003.4,775.0
2026-03-06 12:00:00,28.5,29.4,60.0,0.0,7.3,101.0,1004.1,490.0
2026-03-06 13:00:00,4.5,28.6,63.0,0.0,4.2,54.0,1004.8,445.0
2026-03-06 14:00:00,6.0,28.2,62.0,0.0,2.5,86.0,1005.5,385.0
2026-03-06 15:00:00,11.3,27.3,67.0,0.0,7.3,277.0,1006.1,415.0
2026-03-06 16:00:00,14.3,27.0,70.0,0.1,6.2,263.0,1006.1,530.0
2026-03-06 17:00:00,26.1,26.7,71.0,0.0,3.6,303.0,1005.8,500.0
2026-03-06 18:00:00,23.0,26.5,71.0,0.0,1.8,323.0,1005.4,425.0
2026-03-06 19:00:00,19.6,26.4,72.0,0.0,0.4,333.0,1005.2,440.0
2026-03-06 20:00:00,22.6,26.2,73.0,0.0,1.5,277.0,1005.2,425.0
2026-03-06 21:00:00,19.7,25.9,75.0,0.0,3.1,315.0,1005.6,405.0
2026-03-06 22:00:00,22.6,25.7,77.0,0.0,3.3,324.0,1006.1,375.0
2026-03-06 23:00:00,29.9,25.9,76.0,0.0,2.4,312.0,1006.8,435.0
2026-03-07 00:00:00,20.6,27.0,70.0,0.0,3.8,329.0,1007.2,560.0
2026-03-07 01:00:00,5.4,28.6,62.0,0.0,2.7,307.0,1007.8,880.0
2026-03-07 02:00:00,13.3,30.3,54.0,0.0,1.0,239.0,1007.6,1145.0
2026-03-07 03:00:00,7.3,31.8,47.0,0.0,3.3,229.0,1006.8,1495.0
2026-03-07 04:00:00,7.4,32.6,44.0,0.0,3.5,255.0,1005.9,1675.0
2026-03-07 05:00:00,30.9,33.2,41.0,0.0,3.1,294.0,1004.9,1800.0
2026-03-07 06:00:00,40.7,32.1,48.0,0.2,1.8,264.0,1004.2,1765.0
2026-03-07 07:00:00,33.0,31.6,49.0,0.0,4.0,18.0,1003.7,1565.0
2026-03-07 08:00:00,37.8,32.0,46.0,0.1,2.7,340.0,1003.5,1610.0
2026-03-07 09:00:00,5.9,31.6,48.0,0.0,5.6,59.0,1003.7,1630.0
2026-03-07 10:00:00,6.8,29.9,53.0,0.1,6.9,73.0,1004.6,1050.0
2026-03-07 11:00:00,14.9,29.1,56.0,0.0,5.9,79.0,1005.2,1040.0
2026-03-07 12:00:00,16.8,28.6,58.0,0.0,5.9,101.0,1005.7,960.0
2026-03-07 13:00:00,22.9,28.2,60.0,0.0,2.9,150.0,1006.4,930.0
2026-03-07 14:00:00,16.9,27.8,63.0,0.0,2.4,167.0,1007.0,875.0
2026-03-07 15:00:00,20.7,27.4,65.0,0.0,2.7,200.0,1007.0,850.0
2026-03-07 16:00:00,11.5,27.3,65.0,0.0,0.9,281.0,1007.0,895.0
2026-03-07 17:00:00,8.0,27.1,66.0,0.0,1.8,349.0,1006.5,910.0
2026-03-07 18:00:00,26.3,26.8,67.0,0.0,1.4,360.0,1006.3,65.0
2026-03-07 19:00:00,31.9,26.6,67.0,0.0,3.5,336.0,1006.0,185.0
2026-03-07 20:00:00,30.2,26.4,68.0,0.0,2.3,321.0,1005.8,150.0
2026-03-07 21:00:00,29.7,26.1,70.0,0.0,2.7,332.0,1005.8,155.0
2026-03-07 22:00:00,33.9,25.9,72.0,0.0,2.7,318.0,1006.5,195.0
2026-03-07 23:00:00,31.8,26.0,71.0,0.0,3.2,322.0,1007.0,355.0
2026-03-08 00:00:00,15.1,27.4,63.0,0.0,1.8,45.0,1007.5,1035.0
2026-03-08 01:00:00,21.5,29.9,53.0,0.0,6.8,63.0,1007.6,1435.0
2026-03-08 02:00:00,4.3,30.6,51.0,0.3,11.3,56.0,1007.6,1260.0
2026-03-08 03:00:00,0.8,31.6,50.0,0.7,9.9,58.0,1007.1,1650.0
2026-03-08 04:00:00,0.0,31.7,47.0,0.5,15.8,66.0,1006.3,1555.0
2026-03-08 05:00:00,0.4,31.0,54.0,1.6,10.8,47.0,1005.5,1495.0
2026-03-08 06:00:00,0.4,29.4,58.0,0.2,12.2,59.0,1005.1,1400.0
2026-03-08 07:00:00,0.1,30.5,54.0,0.0,11.8,61.0,1004.5,1590.0
2026-03-08 08:00:00,0.0,30.0,55.0,0.0,12.4,54.0,1004.8,1540.0
2026-03-08 09:00:00,0.8,29.0,59.0,0.0,10.8,43.0,1005.2,1360.0
2026-03-08 10:00:00,6.7,27.7,64.0,0.0,7.8,34.0,1006.1,1175.0
2026-03-08 11:00:00,15.7,27.0,68.0,0.0,3.6,330.0,1006.4,1170.0
2026-03-08 12:00:00,20.3,27.1,68.0,0.0,5.3,18.0,1007.4,1115.0
2026-03-08 13:00:00,9.4,26.9,68.0,0.0,6.3,13.0,1007.6,1225.0
2026-03-08 14:00:00,4.5,26.5,69.0,0.0,5.6,7.0,1008.2,1255.0
2026-03-08 15:00:00,3.7,26.3,70.0,0.0,3.8,8.0,1008.0,1170.0
2026-03-08 16:00:00,3.4,25.7,74.0,0.0,6.0,333.0,1007.9,195.0
2026-03-08 17:00:00,3.3,25.5,74.0,0.0,6.9,327.0,1007.4,215.0
2026-03-08 18:00:00,4.8,25.4,73.0,0.0,9.1,352.0,1007.1,245.0
2026-03-08 19:00:00,4.5,25.4,71.0,0.0,9.4,353.0,1007.1,225.0
2026-03-08 20:00:00,4.7,25.1,71.0,0.0,9.4,352.0,1007.1,215.0
2026-03-08 21:00:00,9.8,24.8,73.0,0.0,8.3,354.0,1007.1,155.0
2026-03-08 22:00:00,12.1,24.6,74.0,0.0,7.8,341.0,1007.5,135.0
2026-03-08 23:00:00,16.7,25.2,72.0,0.0,7.5,336.0,1008.1,185.0
2026-03-09 00:00:00,10.8,26.9,62.0,0.0,7.9,43.0,1008.9,1205.0
2026-03-09 01:00:00,9.4,28.1,57.0,0.0,9.8,54.0,1009.3,1355.0
2026-03-09 02:00:00,8.3,30.1,49.0,0.0,10.7,61.0,1009.2,1645.0
2026-03-09 03:00:00,2.3,31.2,45.0,0.0,13.9,57.0,1008.8,1750.0
2026-03-09 04:00:00,2.2,31.5,44.0,0.0,11.5,55.0,1007.9,1715.0
2026-03-09 05:00:00,3.1,32.6,40.0,0.0,11.1,51.0,1006.9,1915.0
2026-03-09 06:00:00,3.2,32.1,41.0,0.0,14.3,43.0,1006.5,1950.0
2026-03-09 07:00:00,3.5,31.3,43.0,0.0,14.1,47.0,1006.1,1680.0
2026-03-09 08:00:00,4.8,30.8,43.0,0.0,12.0,49.0,1006.1,1550.0
2026-03-09 09:00:00,6.4,30.0,46.0,0.0,9.7,56.0,1006.6,1420.0
2026-03-09 10:00:00,15.0,28.4,52.0,0.0,6.8,72.0,1007.5,1055.0
2026-03-09 11:00:00,18.1,27.2,56.0,0.0,3.8,85.0,1008.1,870.0
2026-03-09 12:00:00,22.1,26.8,57.0,0.0,8.2,75.0,1008.6,670.0
2026-03-09 13:00:00,28.8,26.6,59.0,0.0,4.4,125.0,1009.0,675.0
2026-03-09 14:00:00,32.4,26.5,59.0,0.0,2.3,180.0,1009.2,770.0
2026-03-09 15:00:00,18.5,26.2,60.0,0.0,3.6,221.0,1008.9,805.0
2026-03-09 16:00:00,14.8,26.1,60.0,0.0,6.4,245.0,1008.8,825.0
2026-03-09 17:00:00,12.6,25.8,62.0,0.0,6.5,247.0,1008.2,855.0
2026-03-09 18:00:00,18.7,25.7,62.0,0.0,4.6,306.0,1008.3,880.0
2026-03-09 19:00:00,22.1,25.5,62.0,0.0,4.5,310.0,1008.0,930.0
2026-03-09 20:00:00,21.4,25.4,63.0,0.0,4.5,299.0,1007.8,270.0
2026-03-09 21:00:00,24.6,25.2,65.0,0.0,4.1,285.0,1007.9,155.0
2026-03-09 22:00:00,25.0,25.3,63.0,0.0,4.2,295.0,1008.4,1160.0
2026-03-09 23:00:00,21.9,25.4,62.0,0.0,5.9,268.0,1008.7,1140.0
2026-03-10 00:00:00,7.3,26.2,58.0,0.0,0.8,333.0,1009.3,1170.0
2026-03-10 01:00:00,16.1,27.9,50.0,0.0,4.6,48.0,1009.7,1290.0
2026-03-10 02:00:00,13.1,29.8,43.0,0.0,5.1,48.0,1009.6,1515.0
2026-03-10 03:00:00,15.0,31.3,38.0,0.0,8.7,60.0,1009.0,1975.0
2026-03-10 04:00:00,12.5,32.0,35.0,0.0,10.2,49.0,1008.0,2140.0
2026-03-10 05:00:00,11.6,31.8,37.0,0.0,11.6,42.0,1007.1,2165.0
2026-03-10 06:00:00,11.9,31.5,37.0,0.0,12.8,50.0,1006.5,2150.0
2026-03-10 07:00:00,8.7,31.0,40.0,0.0,12.7,52.0,1005.9,1980.0
2026-03-10 08:00:00,5.9,30.2,44.0,0.0,11.2,52.0,1006.1,1460.0
2026-03-10 09:00:00,8.9,29.1,47.0,0.0,9.9,61.0,1006.7,1360.0
2026-03-10 10:00:00,19.1,27.6,53.0,0.0,6.5,82.0,1007.0,1060.0
2026-03-10 11:00:00,26.1,26.7,57.0,0.0,6.9,131.0,1007.7,940.0
2026-03-10 12:00:00,23.4,26.1,61.0,0.0,6.3,141.0,1008.3,790.0
2026-03-10 13:00:00,23.8,25.7,62.0,0.0,4.4,159.0,1008.5,740.0
2026-03-10 14:00:00,26.0,25.4,64.0,0.0,5.8,173.0,1008.8,720.0
2026-03-10 15:00:00,28.1,25.2,65.0,0.0,5.8,202.0,1008.9,745.0
2026-03-10 16:00:00,29.3,25.1,66.0,0.0,5.7,229.0,1008.3,815.0
2026-03-10 17:00:00,30.3,25.0,66.0,0.0,6.0,263.0,1007.7,835.0
2026-03-10 18:00:00,33.0,24.8,65.0,0.0,3.8,315.0,1007.6,185.0
2026-03-10 19:00:00,34.5,24.5,65.0,0.0,4.1,337.0,1007.2,155.0
2026-03-10 20:00:00,37.8,23.9,69.0,0.0,5.8,330.0,1007.1,155.0
2026-03-10 21:00:00,40.0,23.4,73.0,0.0,6.5,337.0,1007.1,145.0
2026-03-10 22:00:00,41.5,23.1,74.0,0.0,5.3,348.0,1007.4,105.0
2026-03-10 23:00:00,49.1,23.6,71.0,0.0,3.2,344.0,1007.7,110.0
2026-03-11 00:00:00,34.7,25.5,62.0,0.0,1.1,18.0,1008.2,870.0
2026-03-11 01:00:00,19.3,27.1,55.0,0.0,1.2,297.0,1008.5,965.0
2026-03-11 02:00:00,25.3,29.0,50.0,0.0,2.3,288.0,1008.3,1225.0
2026-03-11 03:00:00,25.7,30.8,42.0,0.0,4.0,306.0,1007.4,1730.0
2026-03-11 04:00:00,38.5,31.7,39.0,0.0,4.8,292.0,1006.4,1935.0
2026-03-11 05:00:00,43.6,32.1,38.0,0.2,6.3,285.0,1005.3,1995.0
2026-03-11 06:00:00,36.6,31.1,41.0,0.4,5.1,262.0,1004.8,1845.0
2026-03-11 07:00:00,29.8,31.1,42.0,0.7,4.1,272.0,1004.4,1745.0
2026-03-11 08:00:00,11.0,30.4,43.0,0.4,1.0,292.0,1004.4,1630.0
2026-03-11 09:00:00,5.7,29.6,46.0,0.1,5.8,92.0,1004.3,1405.0
2026-03-11 10:00:00,14.9,28.4,52.0,0.0,9.2,96.0,1005.1,1090.0
2026-03-11 11:00:00,22.7,26.5,61.0,0.0,8.9,115.0,1005.9,755.0
2026-03-11 12:00:00,11.2,26.3,62.0,0.0,8.4,132.0,1006.8,685.0
2026-03-11 13:00:00,7.4,26.1,62.0,0.0,5.8,146.0,1007.2,685.0
2026-03-11 14:00:00,10.8,25.7,62.0,0.0,2.7,212.0,1007.5,585.0
2026-03-11 15:00:00,11.5,25.5,63.0,0.0,3.3,292.0,1007.6,695.0
2026-03-11 16:00:00,11.5,24.9,66.0,0.0,7.5,287.0,1007.0,575.0
2026-03-11 17:00:00,18.0,24.6,67.0,0.0,6.4,310.0,1006.7,505.0
2026-03-11 18:00:00,21.0,24.2,67.0,0.0,4.8,347.0,1006.0,300.0
2026-03-11 19:00:00,26.8,24.0,68.0,0.0,5.7,342.0,1005.3,255.0
2026-03-11 20:00:00,32.8,23.7,70.0,0.0,6.0,353.0,1005.5,190.0
2026-03-11 21:00:00,38.9,23.5,71.0,0.0,5.0,2.0,1005.8,150.0
2026-03-11 22:00:00,40.1,23.2,73.0,0.0,5.2,14.0,1006.4,115.0
2026-03-11 23:00:00,40.2,23.6,71.0,0.0,5.4,15.0,1007.1,155.0
2026-03-12 00:00:00,37.8,25.4,64.0,0.0,4.3,5.0,1007.6,380.0
2026-03-12 01:00:00,28.0,27.1,56.0,0.0,1.5,7.0,1007.9,950.0
2026-03-12 02:00:00,27.9,28.7,50.0,0.0,3.0,237.0,1007.8,1180.0
2026-03-12 03:00:00,28.0,30.2,45.0,0.0,5.2,256.0,1007.0,1510.0
2026-03-12 04:00:00,45.5,31.1,41.0,0.1,4.2,250.0,1006.0,1660.0
2026-03-12 05:00:00,50.2,31.6,40.0,0.2,4.4,238.0,1004.8,1760.0
2026-03-12 06:00:00,45.9,31.0,42.0,0.2,4.3,246.0,1004.0,1705.0
2026-03-12 07:00:00,24.4,30.8,43.0,0.1,1.2,243.0,1003.4,1550.0
2026-03-12 08:00:00,13.8,30.9,42.0,0.1,1.7,221.0,1003.3,1580.0
2026-03-12 09:00:00,13.9,30.0,44.0,0.1,1.9,17.0,1003.8,1395.0
2026-03-12 10:00:00,23.2,28.4,52.0,0.0,5.5,49.0,1004.3,805.0
2026-03-12 11:00:00,21.2,27.5,58.0,0.0,6.9,97.0,1004.9,645.0
2026-03-12 12:00:00,19.5,26.8,62.0,0.0,6.5,98.0,1005.7,540.0
2026-03-12 13:00:00,12.7,26.2,64.0,0.0,2.7,132.0,1006.5,545.0
2026-03-12 14:00:00,3.5,26.2,64.0,0.0,2.0,260.0,1007.4,705.0
2026-03-12 15:00:00,2.4,26.2,64.0,0.0,2.7,266.0,1007.7,855.0
2026-03-12 16:00:00,3.5,25.7,65.0,0.0,3.9,286.0,1007.6,820.0
2026-03-12 17:00:00,1.5,25.1,69.0,0.2,4.5,320.0,1006.9,270.0
2026-03-12 18:00:00,4.1,24.0,77.0,0.0,2.0,350.0,1006.6,180.0
2026-03-12 19:00:00,3.8,24.4,74.0,0.1,3.8,311.0,1006.3,305.0
2026-03-12 20:00:00,6.3,24.5,71.0,0.2,4.7,337.0,1006.5,345.0
2026-03-12 21:00:00,7.6,24.2,72.0,0.2,4.1,345.0,1006.9,200.0
2026-03-12 22:00:00,6.2,24.2,72.0,0.1,3.2,344.0,1007.6,250.0
2026-03-12 23:00:00,1.8,24.6,68.0,0.0,1.9,22.0,1008.2,1255.0
2026-03-13 00:00:00,1.1,25.5,62.0,0.0,9.5,63.0,1009.3,1345.0
2026-03-13 01:00:00,1.5,26.7,56.0,0.0,12.5,57.0,1010.0,1505.0
2026-03-13 02:00:00,0.6,27.8,52.0,0.0,15.0,51.0,1009.9,1560.0
2026-03-13 03:00:00,0.1,28.5,48.0,0.0,13.8,50.0,1009.5,1600.0
2026-03-13 04:00:00,0.0,29.7,43.0,0.0,12.2,52.0,1008.9,1650.0
2026-03-13 05:00:00,0.1,30.0,42.0,0.1,9.1,51.0,1008.1,1655.0
2026-03-13 06:00:00,0.2,29.1,46.0,0.1,14.1,56.0,1007.5,1555.0
2026-03-13 07:00:00,0.7,29.2,45.0,0.0,10.5,59.0,1007.1,1450.0
2026-03-13 08:00:00,0.7,28.7,46.0,0.0,8.5,52.0,1006.9,1405.0
2026-03-13 09:00:00,3.5,27.2,50.0,0.0,7.1,60.0,1007.2,1155.0
2026-03-13 10:00:00,8.1,25.7,56.0,0.0,4.5,119.0,1007.8,1045.0
2026-03-13 11:00:00,9.5,25.0,58.0,0.0,4.1,165.0,1008.2,1030.0
2026-03-13 12:00:00,8.8,24.4,59.0,0.0,6.7,88.0,1009.6,965.0
2026-03-13 13:00:00,9.6,24.3,59.0,0.0,8.7,94.0,1010.1,955.0
2026-03-13 14:00:00,7.7,24.1,58.0,0.0,14.5,76.0,1010.4,920.0
2026-03-13 15:00:00,10.6,23.6,57.0,0.0,15.5,62.0,1010.6,845.0
2026-03-13 16:00:00,15.7,23.4,57.0,0.0,10.7,61.0,1010.7,1065.0
2026-03-13 17:00:00,12.4,22.9,60.0,0.0,4.4,27.0,1010.4,1265.0
2026-03-13 18:00:00,14.2,22.4,61.0,0.0,5.9,52.0,1010.3,1360.0
2026-03-13 19:00:00,14.4,22.3,61.0,0.0,2.8,310.0,1009.5,75.0
2026-03-13 20:00:00,19.4,22.1,61.0,0.0,7.2,305.0,1009.5,165.0
2026-03-13 21:00:00,16.8,22.1,60.0,0.0,7.3,350.0,1010.0,210.0
2026-03-13 22:00:00,19.2,21.8,62.0,0.0,6.9,353.0,1010.6,235.0
2026-03-13 23:00:00,10.3,21.9,63.0,0.0,7.6,342.0,1011.4,335.0
2026-03-14 00:00:00,6.9,24.0,54.0,0.0,8.4,45.0,1012.5,1550.0
2026-03-14 01:00:00,10.9,25.7,48.0,0.1,13.2,62.0,1013.1,1705.0
2026-03-14 02:00:00,7.1,26.7,44.0,0.0,18.8,52.0,1012.9,1785.0
2026-03-14 03:00:00,4.0,27.8,39.0,0.0,19.0,57.0,1012.1,1870.0
2026-03-14 04:00:00,3.7,28.9,37.0,0.0,19.2,56.0,1011.2,2025.0
2026-03-14 05:00:00,2.8,28.8,37.0,0.0,17.0,64.0,1010.4,1900.0
2026-03-14 06:00:00,3.2,28.8,35.0,0.0,18.1,62.0,1009.7,1970.0
2026-03-14 07:00:00,2.8,28.7,34.0,0.0,18.0,64.0,1009.2,1920.0
2026-03-14 08:00:00,7.8,27.8,38.0,0.0,17.1,72.0,1009.2,1790.0
2026-03-14 09:00:00,5.0,26.6,42.0,0.0,14.6,74.0,1009.8,1610.0
2026-03-14 10:00:00,9.5,25.8,44.0,0.0,12.9,71.0,1010.1,1600.0
2026-03-14 11:00:00,12.3,25.1,48.0,0.0,11.7,69.0,1010.9,1510.0
2026-03-14 12:00:00,16.0,24.5,54.0,0.0,6.7,85.0,1011.6,1475.0
2026-03-14 13:00:00,17.5,24.5,54.0,0.0,2.3,119.0,1011.8,1475.0
2026-03-14 14:00:00,22.2,24.5,54.0,0.0,2.4,153.0,1011.9,1430.0
2026-03-14 15:00:00,15.2,24.2,52.0,0.0,5.6,83.0,1011.8,1385.0
2026-03-14 16:00:00,16.1,23.5,56.0,0.0,2.6,141.0,1011.3,1255.0
2026-03-14 17:00:00,25.8,23.0,58.0,0.0,3.2,183.0,1010.6,85.0
2026-03-14 18:00:00,29.4,22.6,58.0,0.0,4.0,339.0,1010.4,80.0
2026-03-14 19:00:00,31.4,22.2,62.0,0.0,5.1,6.0,1010.2,110.0
2026-03-14 20:00:00,31.3,21.7,65.0,0.0,5.5,23.0,1010.3,90.0
2026-03-14 21:00:00,34.3,21.2,68.0,0.0,6.3,15.0,1010.6,90.0
2026-03-14 22:00:00,37.1,20.7,70.0,0.0,6.8,22.0,1010.9,95.0
2026-03-14 23:00:00,41.1,21.4,66.0,0.0,7.6,3.0,1011.5,125.0
2026-03-15 00:00:00,22.9,24.3,54.0,0.0,8.0,27.0,1012.3,1330.0
2026-03-15 01:00:00,8.9,25.8,50.0,0.0,12.1,60.0,1012.5,1555.0
2026-03-15 02:00:00,7.5,27.6,42.0,0.0,14.4,61.0,1012.1,1845.0
2026-03-15 03:00:00,3.4,28.6,40.0,0.0,15.9,62.0,1011.3,2095.0
2026-03-15 04:00:00,1.9,28.3,40.0,0.0,15.7,54.0,1010.1,1850.0
2026-03-15 05:00:00,7.3,30.2,35.0,0.0,13.8,68.0,1008.7,2315.0
2026-03-15 06:00:00,1.7,29.9,35.0,0.0,14.1,65.0,1008.3,2370.0
2026-03-15 07:00:00,1.0,28.6,40.0,0.0,15.2,51.0,1007.9,1745.0
2026-03-15 08:00:00,1.5,28.6,40.0,0.0,15.1,41.0,1008.0,1880.0
2026-03-15 09:00:00,2.0,26.8,47.0,0.0,16.1,49.0,1008.7,1260.0
2026-03-15 10:00:00,5.4,25.7,51.0,0.0,11.9,65.0,1009.2,1155.0
2026-03-15 11:00:00,5.7,24.8,56.0,0.0,8.6,98.0,1009.5,1035.0
2026-03-15 12:00:00,5.1,24.4,57.0,0.0,7.8,122.0,1009.9,750.0
2026-03-15 13:00:00,3.2,24.0,58.0,0.0,7.5,138.0,1010.3,725.0
2026-03-15 14:00:00,4.4,23.7,60.0,0.0,6.3,149.0,1010.4,870.0
2026-03-15 15:00:00,4.8,23.7,59.0,0.0,5.2,160.0,1010.4,855.0
2026-03-15 16:00:00,5.5,23.7,55.0,0.0,6.1,118.0,1010.2,795.0
2026-03-15 17:00:00,4.9,23.3,57.0,0.0,5.0,145.0,1009.7,750.0
2026-03-15 18:00:00,4.5,22.7,62.0,0.0,6.3,85.0,1009.3,690.0
2026-03-15 19:00:00,11.3,22.8,62.0,0.0,2.7,176.0,1008.7,710.0
2026-03-15 20:00:00,12.1,22.6,64.0,0.0,7.0,247.0,1008.5,190.0
2026-03-15 21:00:00,12.1,22.2,66.0,0.0,5.3,303.0,1008.8,215.0
2026-03-15 22:00:00,15.3,21.9,67.0,0.0,5.0,341.0,1009.2,160.0
2026-03-15 23:00:00,22.5,22.0,67.0,0.0,5.1,354.0,1009.8,205.0
2026-03-16 00:00:00,6.2,24.1,58.0,0.0,4.7,353.0,1010.3,910.0
2026-03-16 01:00:00,4.1,26.4,50.0,0.0,9.2,57.0,1010.4,1590.0
2026-03-16 02:00:00,1.0,28.1,43.0,0.1,12.6,63.0,1010.0,1865.0
2026-03-16 03:00:00,0.0,29.5,38.0,0.0,14.0,75.0,1009.4,2170.0
2026-03-16 04:00:00,0.0,30.1,37.0,0.0,15.4,71.0,1008.3,2230.0
2026-03-16 05:00:00,0.0,30.5,36.0,0.0,15.4,72.0,1007.3,2305.0
2026-03-16 06:00:00,0.0,30.3,35.0,0.0,13.6,78.0,1006.6,2360.0
2026-03-16 07:00:00,0.0,30.7,35.0,0.0,13.2,79.0,1006.0,2275.0
2026-03-16 08:00:00,0.0,30.3,34.0,0.0,14.9,67.0,1005.9,2175.0
2026-03-16 09:00:00,0.8,28.2,46.0,0.0,14.1,52.0,1006.2,1345.0
2026-03-16 10:00:00,5.6,26.3,55.0,0.0,11.8,47.0,1006.9,935.0
2026-03-16 11:00:00,12.9,25.3,59.0,0.0,6.4,40.0,1007.5,855.0
2026-03-16 12:00:00,13.4,25.6,59.0,0.0,1.9,49.0,1008.1,950.0
2026-03-16 13:00:00,22.8,25.4,60.0,0.0,2.4,77.0,1008.4,895.0
2026-03-16 14:00:00,30.9,25.1,62.0,0.0,1.3,74.0,1008.7,860.0
2026-03-16 15:00:00,30.3,24.8,64.0,0.0,1.3,56.0,1009.0,460.0
2026-03-16 16:00:00,42.2,24.4,65.0,0.0,1.8,349.0,1009.0,215.0
2026-03-16 17:00:00,38.8,24.1,67.0,0.0,1.8,360.0,1008.4,205.0
2026-03-16 18:00:00,35.1,23.8,68.0,0.0,2.5,360.0,1008.1,250.0
2026-03-16 19:00:00,37.8,23.7,68.0,0.0,2.6,335.0,1007.5,355.0
2026-03-16 20:00:00,36.0,23.5,69.0,0.0,2.0,360.0,1007.3,140.0
2026-03-16 21:00:00,34.9,23.4,69.0,0.0,1.5,21.0,1007.5,105.0
2026-03-16 22:00:00,32.7,23.1,71.0,0.0,2.3,51.0,1007.9,40.0
2026-03-16 23:00:00,29.6,23.5,69.0,0.0,1.5,45.0,1008.6,305.0
2026-03-17 00:00:00,3.7,25.2,66.0,0.0,4.9,2.0,1009.1,510.0
2026-03-17 01:00:00,2.8,27.2,57.0,0.0,4.3,57.0,1009.7,1200.0
2026-03-17 02:00:00,3.1,29.1,48.0,0.0,2.1,105.0,1009.2,1595.0
2026-03-17 03:00:00,7.9,30.3,44.0,0.3,3.2,180.0,1008.3,1590.0
2026-03-17 04:00:00,22.9,30.8,43.0,0.4,3.5,152.0,1007.4,1640.0
2026-03-17 05:00:00,1.7,30.9,43.0,0.4,3.1,193.0,1006.6,1560.0
2026-03-17 06:00:00,7.4,30.8,43.0,0.7,4.4,249.0,1005.7,1825.0
2026-03-17 07:00:00,17.1,31.3,41.0,0.4,3.2,270.0,1004.9,1790.0
2026-03-17 08:00:00,10.6,31.2,40.0,0.4,1.7,252.0,1004.9,1730.0
2026-03-17 09:00:00,2.5,29.8,47.0,0.0,3.8,149.0,1005.5,1175.0
2026-03-17 10:00:00,1.9,28.8,53.0,0.0,5.2,92.0,1006.1,1125.0
2026-03-17 11:00:00,4.7,27.7,60.0,0.0,6.1,78.0,1006.8,850.0
2026-03-17 12:00:00,7.0,26.9,66.0,0.0,5.0,71.0,1007.8,800.0
2026-03-17 13:00:00,3.1,26.4,68.0,0.0,2.3,90.0,1008.3,710.0
2026-03-17 14:00:00,0.0,26.1,69.0,0.0,1.0,292.0,1008.9,760.0
2026-03-17 15:00:00,2.8,25.6,71.0,0.0,3.2,273.0,1008.7,150.0
2026-03-17 16:00:00,33.9,25.3,73.0,0.0,2.3,247.0,1008.3,95.0
2026-03-17 17:00:00,45.1,24.8,76.0,0.0,2.2,246.0,1007.8,65.0
2026-03-17 18:00:00,45.8,24.6,78.0,0.0,0.6,304.0,1007.4,20.0
2026-03-17 19:00:00,44.1,24.6,78.0,0.0,1.3,8.0,1007.3,65.0
2026-03-17 20:00:00,34.0,24.4,79.0,0.0,1.7,72.0,1007.3,85.0
2026-03-17 21:00:00,36.8,24.0,81.0,0.0,1.5,30.0,1007.5,60.0
2026-03-17 22:00:00,38.6,23.7,83.0,0.0,2.7,23.0,1008.1,70.0
2026-03-17 23:00:00,33.5,24.2,80.0,0.0,1.2,333.0,1008.7,120.0
2026-03-18 00:00:00,13.9,25.6,70.0,0.0,2.3,299.0,1009.3,710.0
2026-03-18 01:00:00,8.2,27.7,60.0,0.0,2.2,99.0,1009.7,1130.0
2026-03-18 02:00:00,1.9,29.6,51.0,0.1,3.3,119.0,1009.8,1365.0
2026-03-18 03:00:00,14.9,30.9,46.0,0.2,4.1,139.0,1009.2,1560.0
2026-03-18 04:00:00,24.8,31.1,45.0,0.6,2.6,164.0,1008.4,1545.0
2026-03-18 05:00:00,25.5,31.6,47.0,0.2,0.7,256.0,1007.2,1615.0
2026-03-18 06:00:00,25.2,30.3,48.0,0.3,4.2,130.0,1006.4,1395.0
2026-03-18 07:00:00,16.5,31.2,46.0,0.2,2.8,162.0,1005.4,1570.0
2026-03-18 08:00:00,2.9,31.0,46.0,0.3,2.5,184.0,1005.3,1535.0
2026-03-18 09:00:00,3.4,30.5,48.0,0.3,1.4,230.0,1005.7,1405.0
2026-03-18 10:00:00,16.1,28.9,53.0,0.2,3.4,108.0,1006.4,1030.0
2026-03-18 11:00:00,26.9,27.9,59.0,0.0,4.7,122.0,1007.0,800.0
2026-03-18 12:00:00,20.6,27.0,70.0,0.0,1.8,143.0,1007.6,90.0
2026-03-18 13:00:00,3.0,26.9,68.0,0.0,4.1,105.0,1008.1,540.0
2026-03-18 14:00:00,2.1,26.4,70.0,0.0,1.8,143.0,1008.6,455.0
2026-03-18 15:00:00,2.4,25.9,72.0,0.0,4.0,219.0,1008.8,450.0
2026-03-18 16:00:00,2.9,25.4,76.0,0.0,4.2,250.0,1008.2,460.0
2026-03-18 17:00:00,13.7,25.1,75.0,0.0,3.0,253.0,1007.6,405.0
2026-03-18 18:00:00,9.3,24.9,78.0,0.0,2.2,312.0,1007.2,370.0
2026-03-18 19:00:00,12.4,24.9,78.0,0.0,2.8,305.0,1007.0,425.0
2026-03-18 20:00:00,21.8,24.7,79.0,0.0,2.9,313.0,1006.8,445.0
2026-03-18 21:00:00,23.7,24.4,81.0,0.0,2.3,328.0,1007.1,130.0
2026-03-18 22:00:00,30.3,24.3,81.0,0.0,0.8,333.0,1007.7,100.0
2026-03-18 23:00:00,17.7,24.6,79.0,0.0,0.6,288.0,1008.5,375.0
2026-03-19 00:00:00,8.9,25.7,71.0,0.0,0.3,315.0,1009.1,460.0
2026-03-19 01:00:00,6.5,27.7,61.0,0.0,2.3,225.0,1009.5,935.0
2026-03-19 02:00:00,4.5,29.4,53.0,0.1,1.9,209.0,1009.2,1290.0
2026-03-19 03:00:00,9.6,30.7,48.0,0.1,2.6,168.0,1008.6,1560.0
2026-03-19 04:00:00,9.2,31.4,45.0,0.1,2.2,180.0,1007.5,1685.0
2026-03-19 05:00:00,2.8,32.0,43.0,0.1,0.6,304.0,1006.5,1700.0
2026-03-19 06:00:00,5.9,31.5,41.0,0.3,3.0,33.0,1005.5,1760.0
2026-03-19 07:00:00,9.9,31.9,40.0,0.4,2.6,335.0,1004.7,1845.0
2026-03-19 08:00:00,4.6,31.6,42.0,0.6,1.9,292.0,1004.6,1720.0
2026-03-19 09:00:00,10.6,30.5,46.0,0.2,4.4,263.0,1005.1,1535.0
2026-03-19 10:00:00,18.5,29.5,50.0,0.0,0.2,270.0,1005.5,205.0
2026-03-19 11:00:00,12.2,28.1,54.0,0.0,6.5,114.0,1006.1,580.0
2026-03-19 12:00:00,8.2,27.1,60.0,0.0,7.6,133.0,1006.7,450.0
2026-03-19 13:00:00,4.3,26.6,62.0,0.0,7.6,146.0,1007.5,475.0
2026-03-19 14:00:00,5.8,26.2,64.0,0.0,7.1,139.0,1007.9,460.0
2026-03-19 15:00:00,6.6,25.8,67.0,0.0,5.5,136.0,1007.8,405.0
2026-03-19 16:00:00,15.1,25.4,69.0,0.0,3.8,155.0,1007.5,310.0
2026-03-19 17:00:00,31.6,25.1,70.0,0.0,2.8,230.0,1006.9,125.0
2026-03-19 18:00:00,36.8,24.5,74.0,0.0,4.3,248.0,1006.6,265.0
2026-03-19 19:00:00,32.6,24.4,75.0,0.0,3.9,214.0,1006.3,290.0
2026-03-19 20:00:00,31.8,24.3,76.0,0.0,2.4,144.0,1006.4,245.0
2026-03-19 21:00:00,33.0,23.9,78.0,0.0,1.8,79.0,1006.7,70.0
2026-03-19 22:00:00,34.1,23.3,82.0,0.0,2.9,97.0,1007.3,35.0
2026-03-19 23:00:00,30.4,23.9,78.0,0.0,3.9,112.0,1008.1,145.0
2026-03-20 00:00:00,19.0,25.4,68.0,0.0,0.9,79.0,1008.8,365.0
2026-03-20 01:00:00,10.9,27.3,61.0,0.0,1.1,342.0,1009.4,1080.0
2026-03-20 02:00:00,6.4,29.0,53.0,0.0,0.4,270.0,1009.3,1380.0
2026-03-20 03:00:00,12.4,30.7,47.0,0.0,1.3,270.0,1008.7,1715.0
2026-03-20 04:00:00,25.4,31.7,42.0,0.0,2.9,274.0,1007.4,1870.0
2026-03-20 05:00:00,23.7,32.2,40.0,0.3,2.7,274.0,1006.3,1985.0
2026-03-20 06:00:00,30.3,32.0,37.0,0.3,1.7,288.0,1005.6,2030.0
2026-03-20 07:00:00,21.9,31.6,39.0,0.0,4.3,345.0,1005.0,1915.0
2026-03-20 08:00:00,10.3,31.7,40.0,0.0,4.4,12.0,1005.0,1995.0
2026-03-20 09:00:00,5.1,30.6,43.0,0.0,4.1,29.0,1005.7,1390.0
2026-03-20 10:00:00,10.1,29.0,49.0,0.0,5.6,92.0,1006.1,850.0
2026-03-20 11:00:00,17.5,27.5,55.0,0.0,6.6,106.0,1006.8,540.0
2026-03-20 12:00:00,9.3,26.6,61.0,0.0,8.4,113.0,1007.4,550.0
2026-03-20 13:00:00,8.2,26.4,62.0,0.0,5.2,121.0,1008.0,485.0
2026-03-20 14:00:00,9.3,26.0,62.0,0.0,4.0,159.0,1008.5,415.0
2026-03-20 15:00:00,11.1,25.7,63.0,0.0,3.1,193.0,1008.6,395.0
2026-03-20 16:00:00,13.4,25.5,64.0,0.0,4.8,211.0,1008.2,145.0
2026-03-20 17:00:00,11.5,25.2,66.0,0.0,6.9,210.0,1007.7,220.0
2026-03-20 18:00:00,15.1,24.8,68.0,0.0,5.8,214.0,1007.3,220.0
2026-03-20 19:00:00,21.7,24.7,69.0,0.0,4.6,239.0,1007.0,270.0
2026-03-20 20:00:00,31.2,24.6,68.0,0.0,3.1,249.0,1007.1,315.0
2026-03-20 21:00:00,30.1,24.6,69.0,0.0,1.2,129.0,1008.0,85.0
2026-03-20 22:00:00,35.0,24.1,71.0,0.0,2.2,114.0,1008.5,60.0
2026-03-20 23:00:00,39.5,24.3,71.0,0.0,2.8,117.0,1009.3,165.0
2026-03-21 00:00:00,10.3,25.4,69.0,0.0,0.4,333.0,1009.8,645.0
2026-03-21 01:00:00,7.4,27.1,59.0,0.0,1.6,84.0,1010.4,1035.0
2026-03-21 02:00:00,9.6,28.9,52.0,0.0,2.1,250.0,1009.9,1340.0
2026-03-21 03:00:00,11.9,30.8,44.0,0.0,3.6,273.0,1009.4,1775.0
2026-03-21 04:00:00,11.8,32.2,38.0,0.0,4.3,292.0,1008.5,2055.0
2026-03-21 05:00:00,12.7,33.2,33.0,0.0,4.7,302.0,1007.2,2185.0
2026-03-21 06:00:00,7.0,33.1,33.0,0.0,4.8,299.0,1006.4,2235.0
2026-03-21 07:00:00,5.9,33.0,34.0,0.0,6.4,302.0,1005.5,2255.0
2026-03-21 08:00:00,6.7,32.6,35.0,0.0,6.4,315.0,1005.1,2220.0
2026-03-21 09:00:00,3.0,31.7,37.0,0.0,5.2,27.0,1005.3,2000.0
2026-03-21 10:00:00,8.2,29.6,46.0,0.0,9.4,85.0,1005.8,790.0
2026-03-21 11:00:00,7.2,27.9,55.0,0.0,8.3,112.0,1006.3,540.0
2026-03-21 12:00:00,9.4,27.0,59.0,0.0,7.8,119.0,1007.3,550.0
2026-03-21 13:00:00,6.7,26.7,61.0,0.0,5.7,156.0,1007.7,520.0
2026-03-21 14:00:00,9.1,26.3,63.0,0.0,5.8,189.0,1008.2,525.0
2026-03-21 15:00:00,11.7,25.9,65.0,0.0,5.6,205.0,1008.3,455.0
2026-03-21 16:00:00,19.3,25.5,68.0,0.0,5.3,246.0,1007.9,435.0
2026-03-21 17:00:00,22.0,25.1,69.0,0.0,4.6,259.0,1007.4,380.0
2026-03-21 18:00:00,26.0,24.3,71.0,0.0,4.3,222.0,1006.7,350.0
2026-03-21 19:00:00,25.5,24.3,73.0,0.0,3.1,193.0,1006.4,335.0
2026-03-21 20:00:00,27.3,24.1,75.0,0.0,2.6,155.0,1006.5,305.0
2026-03-21 21:00:00,24.9,23.8,76.0,0.0,2.0,135.0,1006.9,250.0
2026-03-21 22:00:00,35.1,23.7,77.0,0.0,1.8,90.0,1007.5,175.0
2026-03-21 23:00:00,40.3,24.1,74.0,0.0,1.3,98.0,1008.2,215.0
2026-03-22 00:00:00,32.2,25.7,69.0,0.0,3.8,349.0,1008.8,520.0
2026-03-22 01:00:00,24.4,27.6,60.0,0.1,4.3,33.0,1009.0,1095.0
2026-03-22 02:00:00,2.6,30.0,50.0,0.3,6.1,90.0,1008.6,1455.0
2026-03-22 03:00:00,2.3,31.4,45.0,0.3,8.5,94.0,1008.0,1745.0
2026-03-22 04:00:00,2.1,32.2,42.0,0.2,8.5,90.0,1007.1,1900.0
2026-03-22 05:00:00,3.0,32.4,41.0,0.1,7.6,76.0,1006.4,1915.0
2026-03-22 06:00:00,3.4,32.5,38.0,0.0,7.6,76.0,1006.1,2095.0
2026-03-22 07:00:00,3.6,32.2,37.0,0.0,7.6,59.0,1005.7,1915.0
2026-03-22 08:00:00,3.3,31.6,38.0,0.0,8.8,59.0,1005.4,1690.0
2026-03-22 09:00:00,5.0,30.6,41.0,0.0,11.6,78.0,1005.6,1325.0
2026-03-22 10:00:00,8.5,28.9,47.0,0.0,11.4,93.0,1006.2,970.0
2026-03-22 11:00:00,17.3,27.6,53.0,0.0,9.2,106.0,1006.5,775.0
2026-03-22 12:00:00,21.6,27.0,60.0,0.0,8.7,112.0,1007.2,705.0
2026-03-22 13:00:00,21.8,26.5,62.0,0.0,5.5,131.0,1007.7,645.0
2026-03-22 14:00:00,18.8,26.1,64.0,0.0,4.3,165.0,1008.0,605.0
2026-03-22 15:00:00,17.3,25.7,66.0,0.0,3.5,171.0,1008.1,545.0
2026-03-22 16:00:00,17.2,25.4,67.0,0.0,2.6,192.0,1007.7,480.0
2026-03-22 17:00:00,16.5,25.1,68.0,0.0,3.2,227.0,1007.2,310.0
2026-03-22 18:00:00,19.2,24.7,68.0,0.0,2.6,236.0,1006.8,190.0
2026-03-22 19:00:00,31.4,24.6,69.0,0.0,2.4,216.0,1006.4,365.0
2026-03-22 20:00:00,34.3,24.3,70.0,0.0,1.6,117.0,1006.4,260.0
2026-03-22 21:00:00,37.3,24.1,70.0,0.0,0.6,72.0,1006.8,75.0
2026-03-22 22:00:00,34.4,23.8,72.0,0.0,0.9,79.0,1007.6,30.0
2026-03-22 23:00:00,41.2,24.1,71.0,0.0,0.9,53.0,1008.4,170.0
2026-03-23 00:00:00,39.6,25.6,64.0,0.0,2.7,328.0,1008.8,570.0
2026-03-23 01:00:00,22.7,27.3,58.0,0.0,1.2,309.0,1008.7,955.0
2026-03-23 02:00:00,17.5,29.4,49.0,0.0,2.2,256.0,1008.1,1395.0
2026-03-23 03:00:00,8.4,31.2,42.0,0.0,5.1,262.0,1007.1,1850.0
2026-03-23 04:00:00,29.4,32.5,38.0,0.0,7.6,269.0,1005.7,2200.0
2026-03-23 05:00:00,21.5,33.5,34.0,0.0,9.5,260.0,1005.0,2445.0
2026-03-23 06:00:00,21.8,32.4,43.0,0.0,9.9,249.0,1004.3,1520.0
2026-03-23 07:00:00,14.4,32.9,40.0,0.0,5.4,266.0,1003.6,2415.0
2026-03-23 08:00:00,20.9,32.5,40.0,0.0,3.9,298.0,1003.5,2330.0
2026-03-23 09:00:00,13.1,31.7,40.0,0.0,5.7,44.0,1003.8,2050.0
2026-03-23 10:00:00,15.2,30.0,47.0,0.0,10.7,76.0,1004.5,765.0
2026-03-23 11:00:00,27.2,28.2,55.0,0.0,9.4,121.0,1004.9,425.0
2026-03-23 12:00:00,19.2,27.2,57.0,0.0,8.2,123.0,1005.8,385.0
2026-03-23 13:00:00,17.7,26.7,57.0,0.0,6.8,138.0,1006.4,365.0
2026-03-23 14:00:00,18.9,26.2,59.0,0.0,4.4,161.0,1006.7,320.0
2026-03-23 15:00:00,28.7,25.7,62.0,0.0,4.6,225.0,1007.0,340.0
2026-03-23 16:00:00,35.8,25.3,65.0,0.0,5.5,253.0,1006.7,390.0
2026-03-23 17:00:00,36.8,25.0,66.0,0.0,3.8,245.0,1006.3,345.0
2026-03-23 18:00:00,36.4,24.6,63.0,0.0,0.8,63.0,1005.8,195.0
2026-03-23 19:00:00,34.9,24.2,65.0,0.0,0.2,90.0,1005.3,15.0
2026-03-23 20:00:00,40.3,23.6,68.0,0.0,3.3,84.0,1005.1,50.0
2026-03-23 21:00:00,40.3,22.9,71.0,0.0,4.9,84.0,1005.5,55.0
2026-03-23 22:00:00,37.1,22.3,73.0,0.0,4.3,95.0,1006.3,45.0
2026-03-23 23:00:00,32.1,22.9,70.0,0.0,3.0,155.0,1006.9,80.0
2026-03-24 00:00:00,18.3,25.3,62.0,0.0,2.3,209.0,1007.5,380.0
2026-03-24 01:00:00,17.5,27.3,57.0,0.0,2.0,265.0,1007.5,830.0
2026-03-24 02:00:00,17.2,29.2,51.0,0.0,4.6,283.0,1007.1,1400.0
2026-03-24 03:00:00,15.9,31.1,43.0,0.0,5.8,277.0,1006.2,1715.0
2026-03-24 04:00:00,20.3,32.4,39.0,0.0,7.4,270.0,1005.0,1920.0
2026-03-24 05:00:00,4.1,33.4,36.0,0.0,9.0,255.0,1003.7,2070.0
2026-03-24 06:00:00,4.2,33.3,35.0,0.0,10.6,226.0,1003.2,2010.0
2026-03-24 07:00:00,5.3,33.2,37.0,0.0,6.9,210.0,1002.3,1935.0
2026-03-24 08:00:00,6.0,33.7,35.0,0.0,6.7,146.0,1002.0,2055.0
2026-03-24 09:00:00,9.1,32.5,40.0,0.0,10.9,119.0,1002.5,1520.0
2026-03-24 10:00:00,12.6,30.5,46.0,0.0,11.4,103.0,1003.5,795.0
2026-03-24 11:00:00,20.9,29.0,50.0,0.0,7.9,110.0,1004.0,570.0
2026-03-24 12:00:00,28.3,28.1,51.0,0.0,6.5,122.0,1005.0,360.0
2026-03-24 13:00:00,24.1,27.7,52.0,0.0,3.6,147.0,1005.2,230.0
2026-03-24 14:00:00,32.4,27.2,53.0,0.0,2.3,180.0,1005.6,175.0
2026-03-24 15:00:00,31.2,26.9,54.0,0.0,2.3,225.0,1005.7,175.0
2026-03-24 16:00:00,29.3,26.2,58.0,0.0,5.8,279.0,1005.7,370.0
2026-03-24 17:00:00,26.0,25.6,62.0,0.0,5.7,261.0,1005.3,400.0
2026-03-24 18:00:00,27.6,25.3,64.0,0.0,4.5,247.0,1005.0,400.0
2026-03-24 19:00:00,26.0,25.2,67.0,0.0,3.8,281.0,1004.7,360.0
2026-03-24 20:00:00,22.4,25.0,68.0,0.0,3.8,311.0,1004.7,345.0
2026-03-24 21:00:00,20.0,25.0,69.0,0.0,3.7,309.0,1004.9,315.0
2026-03-24 22:00:00,22.8,24.9,70.0,0.0,3.0,322.0,1005.6,275.0
2026-03-24 23:00:00,28.1,25.3,68.0,0.0,2.7,328.0,1006.2,260.0
2026-03-25 00:00:00,35.8,26.4,63.0,0.0,4.0,306.0,1006.9,340.0
2026-03-25 01:00:00,24.1,28.1,56.0,0.0,5.9,288.0,1006.9,585.0
2026-03-25 02:00:00,18.9,30.4,48.0,0.0,5.4,274.0,1006.6,1245.0
2026-03-25 03:00:00,27.4,31.1,46.0,0.0,9.7,248.0,1005.9,840.0
2026-03-25 04:00:00,37.4,31.9,46.0,0.0,7.6,245.0,1005.3,1085.0
2026-03-25 05:00:00,39.0,32.6,46.0,0.2,4.8,245.0,1004.3,1360.0
2026-03-25 06:00:00,40.9,32.0,48.0,0.2,4.7,242.0,1003.8,1250.0
2026-03-25 07:00:00,23.5,32.4,48.0,0.1,6.4,238.0,1003.3,1240.0
2026-03-25 08:00:00,6.9,32.2,50.0,0.0,9.0,224.0,1003.1,935.0
2026-03-25 09:00:00,3.4,31.8,54.0,0.1,11.1,205.0,1003.3,605.0
2026-03-25 10:00:00,5.1,31.1,59.0,0.0,7.8,195.0,1003.6,405.0
2026-03-25 11:00:00,7.6,30.7,57.0,0.0,5.1,122.0,1004.2,600.0
2026-03-25 12:00:00,11.5,29.6,59.0,0.0,6.4,126.0,1004.8,320.0
2026-03-25 13:00:00,3.0,28.9,62.0,0.0,4.5,143.0,1005.3,340.0
2026-03-25 14:00:00,2.2,28.5,63.0,0.0,3.1,211.0,1006.1,405.0
2026-03-25 15:00:00,6.7,28.1,65.0,0.0,5.5,247.0,1006.4,520.0
2026-03-25 16:00:00,12.6,27.6,67.0,0.0,5.4,264.0,1006.0,465.0
2026-03-25 17:00:00,10.8,27.2,69.0,0.0,4.1,283.0,1005.3,365.0
2026-03-25 18:00:00,12.8,26.8,71.0,0.0,3.5,332.0,1005.0,315.0
2026-03-25 19:00:00,15.1,26.7,72.0,0.0,2.9,338.0,1004.8,340.0
2026-03-25 20:00:00,26.2,26.4,72.0,0.0,1.9,331.0,1004.5,315.0
2026-03-25 21:00:00,23.1,26.1,74.0,0.0,2.0,355.0,1004.7,85.0
2026-03-25 22:00:00,18.0,25.7,76.0,0.0,2.2,24.0,1005.5,35.0
2026-03-25 23:00:00,15.3,26.3,74.0,0.0,0.8,27.0,1005.8,385.0
2026-03-26 00:00:00,14.6,27.1,70.0,0.0,2.0,243.0,1006.4,415.0
2026-03-26 01:00:00,5.0,29.0,62.0,0.0,3.5,242.0,1006.6,750.0
2026-03-26 02:00:00,19.3,31.0,54.0,0.0,4.1,270.0,1006.4,1195.0
2026-03-26 03:00:00,24.5,32.2,49.0,0.0,5.3,258.0,1005.8,1400.0
2026-03-26 04:00:00,3.8,33.2,45.0,0.0,6.9,245.0,1005.0,1470.0
2026-03-26 05:00:00,0.6,33.7,43.0,0.1,6.6,237.0,1004.1,1525.0
2026-03-26 06:00:00,3.5,33.4,44.0,0.2,5.9,239.0,1003.6,1545.0
2026-03-26 07:00:00,1.8,33.2,45.0,0.4,5.6,239.0,1003.0,1460.0
2026-03-26 08:00:00,1.8,33.3,45.0,0.0,8.4,215.0,1002.7,1435.0
2026-03-26 09:00:00,2.0,32.4,51.0,0.0,11.9,175.0,1002.9,755.0
2026-03-26 10:00:00,9.1,30.4,58.0,0.0,12.1,138.0,1003.9,680.0
2026-03-26 11:00:00,12.0,29.0,63.0,0.0,9.1,142.0,1004.6,480.0
2026-03-26 12:00:00,10.2,28.0,67.0,0.0,8.1,148.0,1005.4,385.0
2026-03-26 13:00:00,7.3,27.6,69.0,0.0,5.8,166.0,1005.9,395.0
2026-03-26 14:00:00,5.1,27.1,72.0,0.0,4.4,189.0,1006.5,415.0
2026-03-26 15:00:00,3.4,26.7,75.0,0.0,4.2,211.0,1006.7,450.0
2026-03-26 16:00:00,8.6,26.4,76.0,0.0,3.8,205.0,1006.3,420.0
2026-03-26 17:00:00,14.4,26.1,77.0,0.0,3.3,193.0,1005.8,370.0
2026-03-26 18:00:00,21.9,25.8,76.0,0.0,1.5,150.0,1005.2,345.0
2026-03-26 19:00:00,22.4,25.6,77.0,0.0,0.5,90.0,1004.9,295.0
2026-03-26 20:00:00,23.1,25.1,80.0,0.0,1.3,16.0,1004.7,165.0
2026-03-26 21:00:00,21.2,24.7,82.0,0.0,0.5,90.0,1004.9,80.0
2026-03-26 22:00:00,32.1,24.2,84.0,0.0,3.2,142.0,1005.5,90.0
2026-03-26 23:00:00,39.3,24.9,80.0,0.0,3.2,153.0,1006.3,150.0
2026-03-27 00:00:00,31.8,26.5,71.0,0.0,1.8,191.0,1006.6,350.0
2026-03-27 01:00:00,26.7,28.5,61.0,0.0,2.4,197.0,1006.8,625.0
2026-03-27 02:00:00,34.5,30.1,54.0,0.0,3.5,195.0,1006.7,925.0
2026-03-27 03:00:00,32.0,31.8,48.0,0.0,3.6,200.0,1006.0,1360.0
2026-03-27 04:00:00,19.6,32.8,46.0,0.0,6.7,218.0,1005.1,1400.0
2026-03-27 05:00:00,14.8,32.6,48.0,0.0,12.0,201.0,1003.9,1025.0
2026-03-27 06:00:00,16.3,31.9,49.0,0.0,16.5,188.0,1003.1,755.0
2026-03-27 07:00:00,18.0,32.5,49.0,0.0,13.9,181.0,1002.4,690.0
2026-03-27 08:00:00,18.7,32.9,47.0,0.0,13.3,180.0,1002.0,775.0
2026-03-27 09:00:00,22.6,31.9,50.0,0.0,15.3,178.0,1002.1,480.0
2026-03-27 10:00:00,25.5,30.9,55.0,0.0,12.4,164.0,1002.5,375.0
2026-03-27 11:00:00,36.0,29.7,60.0,0.0,8.6,178.0,1003.4,390.0
2026-03-27 12:00:00,34.4,28.2,67.0,0.0,7.7,180.0,1004.4,380.0
2026-03-27 13:00:00,31.2,27.7,70.0,0.0,6.5,183.0,1005.2,410.0
2026-03-27 14:00:00,31.7,27.2,72.0,0.0,4.0,177.0,1005.9,440.0
2026-03-27 15:00:00,26.7,26.9,73.0,0.0,4.6,169.0,1006.0,365.0
2026-03-27 16:00:00,23.2,26.5,75.0,0.0,5.0,161.0,1005.8,300.0
2026-03-27 17:00:00,20.5,26.0,76.0,0.0,4.5,151.0,1005.4,245.0
2026-03-27 18:00:00,23.6,25.6,77.0,0.0,4.6,144.0,1005.0,215.0
2026-03-27 19:00:00,32.7,25.4,77.0,0.0,4.6,144.0,1004.9,185.0
2026-03-27 20:00:00,34.7,25.1,78.0,0.0,5.3,145.0,1004.9,180.0
2026-03-27 21:00:00,33.3,24.8,79.0,0.0,4.7,140.0,1005.4,180.0
2026-03-27 22:00:00,35.6,24.6,79.0,0.0,3.8,135.0,1006.0,160.0
2026-03-27 23:00:00,46.3,25.3,76.0,0.0,3.2,153.0,1007.0,185.0
2026-03-28 00:00:00,39.1,27.0,67.0,0.0,1.8,156.0,1007.5,405.0
2026-03-28 01:00:00,32.6,28.8,61.0,0.0,1.2,243.0,1007.6,775.0
2026-03-28 02:00:00,35.0,30.6,54.0,0.0,3.4,245.0,1007.4,1185.0
2026-03-28 03:00:00,37.4,31.7,49.0,0.0,3.1,208.0,1006.8,1415.0
2026-03-28 04:00:00,34.1,32.7,46.0,0.2,2.8,191.0,1005.6,1540.0
2026-03-28 05:00:00,28.9,33.1,44.0,0.3,3.8,199.0,1004.7,1550.0
2026-03-28 06:00:00,28.3,33.0,43.0,0.1,5.5,191.0,1003.9,1540.0
2026-03-28 07:00:00,30.2,33.1,42.0,0.1,5.4,206.0,1003.0,1530.0
2026-03-28 08:00:00,28.5,32.9,43.0,0.0,5.0,224.0,1002.9,1470.0
2026-03-28 09:00:00,28.9,32.4,45.0,0.0,6.4,220.0,1003.0,1190.0
2026-03-28 10:00:00,31.0,31.3,49.0,0.0,7.6,198.0,1003.4,435.0
2026-03-28 11:00:00,37.6,30.3,54.0,0.0,9.5,180.0,1004.0,340.0
2026-03-28 12:00:00,40.2,30.0,57.0,0.0,5.5,189.0,1004.6,270.0
2026-03-28 13:00:00,35.1,29.4,61.0,0.0,3.6,221.0,1004.8,245.0
2026-03-28 14:00:00,26.7,28.7,64.0,0.0,1.7,198.0,1005.5,255.0
2026-03-28 15:00:00,22.7,28.1,67.0,0.0,0.4,180.0,1005.6,230.0
2026-03-28 16:00:00,23.2,27.4,71.0,0.0,3.5,156.0,1005.1,155.0
2026-03-28 17:00:00,25.5,26.6,76.0,0.0,5.8,158.0,1004.8,185.0
2026-03-28 18:00:00,35.1,26.0,80.0,0.0,5.2,139.0,1004.2,160.0
2026-03-28 19:00:00,35.6,25.7,81.0,0.0,4.4,142.0,1003.9,135.0
2026-03-28 20:00:00,30.9,25.3,81.0,0.0,4.4,145.0,1003.9,150.0
2026-03-28 21:00:00,33.7,25.1,81.0,0.0,3.6,139.0,1004.4,105.0
2026-03-28 22:00:00,35.7,24.8,82.0,0.0,3.6,150.0,1005.0,115.0
2026-03-28 23:00:00,38.1,25.6,76.0,0.0,4.4,153.0,1005.8,230.0
2026-03-29 00:00:00,32.2,27.1,70.0,0.0,3.8,188.0,1006.5,465.0
2026-03-29 01:00:00,34.4,29.1,62.0,0.0,3.2,183.0,1006.9,990.0
2026-03-29 02:00:00,26.4,30.5,55.0,0.1,2.0,135.0,1006.8,1150.0
2026-03-29 03:00:00,26.7,31.6,50.0,0.1,2.1,195.0,1006.3,1315.0
2026-03-29 04:00:00,26.2,32.5,47.0,0.2,3.4,196.0,1005.7,1475.0
2026-03-29 05:00:00,23.2,33.3,43.0,0.4,3.0,213.0,1004.5,1615.0
2026-03-29 06:00:00,22.8,32.9,45.0,0.3,3.5,189.0,1003.6,1745.0
2026-03-29 07:00:00,19.6,32.8,45.0,0.1,3.3,151.0,1002.9,1565.0
2026-03-29 08:00:00,21.0,33.0,45.0,0.0,3.2,183.0,1002.5,1595.0
2026-03-29 09:00:00,24.7,32.8,45.0,0.0,4.3,213.0,1002.8,1575.0
2026-03-29 10:00:00,31.5,31.4,51.0,0.0,6.7,182.0,1003.5,495.0
2026-03-29 11:00:00,37.5,30.0,56.0,0.0,4.7,137.0,1004.6,470.0
2026-03-29 12:00:00,33.2,28.6,63.0,0.0,5.3,125.0,1005.4,380.0
2026-03-29 13:00:00,32.9,28.4,63.0,0.0,3.3,139.0,1006.1,360.0
2026-03-29 14:00:00,31.6,28.1,64.0,0.0,2.7,160.0,1006.6,325.0
2026-03-29 15:00:00,31.6,27.7,66.0,0.0,2.3,238.0,1006.9,350.0
2026-03-29 16:00:00,31.8,27.4,68.0,0.0,5.1,228.0,1006.5,415.0
2026-03-29 17:00:00,33.7,27.0,70.0,0.0,3.1,216.0,1006.4,430.0
2026-03-29 18:00:00,36.0,26.6,71.0,0.0,2.9,150.0,1006.0,310.0
2026-03-29 19:00:00,35.8,26.4,71.0,0.0,2.7,148.0,1005.6,305.0
2026-03-29 20:00:00,40.9,26.1,72.0,0.0,3.4,148.0,1005.6,310.0
2026-03-29 21:00:00,39.6,25.7,73.0,0.0,4.1,135.0,1005.9,280.0
2026-03-29 22:00:00,43.3,25.2,75.0,0.0,2.5,82.0,1006.6,110.0
2026-03-29 23:00:00,48.3,25.7,73.0,0.0,1.5,7.0,1007.5,350.0
2026-03-30 00:00:00,39.1,27.5,65.0,0.0,2.3,315.0,1007.6,410.0
2026-03-30 01:00:00,31.3,29.3,56.0,0.0,3.7,305.0,1008.2,780.0
2026-03-30 02:00:00,31.0,30.5,52.0,0.0,4.4,289.0,1008.0,1190.0
2026-03-30 03:00:00,29.0,32.0,46.0,0.1,3.2,286.0,1007.3,1475.0
2026-03-30 04:00:00,22.9,33.3,41.0,0.0,4.4,277.0,1006.2,1890.0
2026-03-30 05:00:00,23.0,35.0,35.0,0.0,5.0,268.0,1004.9,2130.0
2026-03-30 06:00:00,27.1,33.5,41.0,0.0,7.3,260.0,1004.3,1895.0
2026-03-30 07:00:00,29.1,34.2,38.0,0.1,7.0,270.0,1003.4,1975.0
2026-03-30 08:00:00,29.4,34.3,36.0,0.0,4.0,270.0,1003.2,1915.0
2026-03-30 09:00:00,32.1,33.5,39.0,0.0,4.2,162.0,1003.3,1480.0
2026-03-30 10:00:00,35.6,31.9,48.0,0.0,11.2,112.0,1004.1,945.0
2026-03-30 11:00:00,37.2,30.2,55.0,0.0,11.3,121.0,1005.0,620.0
2026-03-30 12:00:00,38.6,29.0,62.0,0.0,8.4,127.0,1005.6,505.0
2026-03-30 13:00:00,35.1,28.6,65.0,0.0,7.2,127.0,1006.3,470.0
2026-03-30 14:00:00,31.1,28.0,68.0,0.0,8.4,132.0,1007.0,445.0
2026-03-30 15:00:00,27.7,27.4,71.0,0.0,9.1,129.0,1007.2,415.0
2026-03-30 16:00:00,26.0,26.9,72.0,0.0,8.2,128.0,1006.9,375.0
2026-03-30 17:00:00,26.9,26.7,72.0,0.0,3.9,112.0,1006.7,360.0
2026-03-30 18:00:00,29.7,26.4,72.0,0.0,0.7,90.0,1006.1,370.0
2026-03-30 19:00:00,41.8,26.4,72.0,0.0,0.8,333.0,1005.9,405.0
2026-03-30 20:00:00,40.9,26.1,73.0,0.0,1.6,174.0,1005.9,380.0
2026-03-30 21:00:00,44.2,25.9,74.0,0.0,5.3,152.0,1006.0,350.0
2026-03-30 22:00:00,34.3,25.6,75.0,0.0,7.0,136.0,1006.2,330.0
2026-03-30 23:00:00,33.2,26.2,72.0,0.0,6.4,126.0,1006.8,465.0
2026-03-31 00:00:00,36.9,27.8,65.0,0.0,4.7,108.0,1007.6,780.0
2026-03-31 01:00:00,30.1,30.0,54.0,0.0,5.1,67.0,1008.2,1155.0
2026-03-31 02:00:00,31.7,31.8,46.0,0.0,3.9,56.0,1008.0,1505.0
2026-03-31 03:00:00,30.8,33.3,39.0,0.0,4.2,95.0,1007.3,1935.0
2026-03-31 04:00:00,27.3,33.9,36.0,0.1,4.0,175.0,1006.7,2030.0
2026-03-31 05:00:00,23.4,34.3,35.0,0.1,2.9,210.0,1005.3,2080.0
2026-03-31 06:00:00,24.3,34.4,32.0,0.0,3.4,223.0,1004.3,2295.0
2026-03-31 07:00:00,25.3,34.8,31.0,0.0,4.3,197.0,1003.5,2335.0
2026-03-31 08:00:00,26.6,34.3,34.0,0.0,7.7,144.0,1003.2,2055.0
2026-03-31 09:00:00,28.8,33.3,39.0,0.0,14.6,130.0,1003.4,1460.0
2026-03-31 10:00:00,33.7,31.5,43.0,0.0,14.4,122.0,1004.2,710.0
2026-03-31 11:00:00,38.2,30.1,49.0,0.0,9.1,117.0,1004.7,505.0
2026-03-31 12:00:00,40.2,28.8,58.0,0.0,9.5,119.0,1005.1,430.0
2026-03-31 13:00:00,36.2,28.4,60.0,0.0,8.9,128.0,1005.8,405.0
2026-03-31 14:00:00,36.1,27.9,62.0,0.0,6.2,123.0,1006.6,400.0
2026-03-31 15:00:00,34.6,27.3,65.0,0.0,3.5,145.0,1007.0,335.0
2026-03-31 16:00:00,36.9,26.8,68.0,0.0,1.1,360.0,1006.9,280.0
2026-03-31 17:00:00,42.5,26.3,71.0,0.0,4.9,360.0,1006.4,315.0
2026-03-31 18:00:00,46.3,25.5,75.0,0.0,3.3,36.0,1006.0,185.0
2026-03-31 19:00:00,43.8,25.1,77.0,0.0,2.0,100.0,1005.7,65.0
2026-03-31 20:00:00,39.7,24.9,77.0,0.0,3.0,128.0,1005.8,60.0
2026-03-31 21:00:00,38.2,24.7,77.0,0.0,3.3,131.0,1006.0,65.0
2026-03-31 22:00:00,41.4,24.5,75.0,0.0,3.8,149.0,1006.7,90.0
2026-03-31 23:00:00,46.7,25.5,69.0,0.0,3.1,173.0,1007.6,180.0
2026-04-01 00:00:00,39.1,27.2,62.0,0.0,2.7,208.0,1008.3,380.0
2026-04-01 01:00:00,32.8,29.5,50.0,0.0,2.4,243.0,1008.6,885.0
2026-04-01 02:00:00,34.0,31.7,38.0,0.0,3.5,235.0,1008.4,1575.0
2026-04-01 03:00:00,34.5,33.2,35.0,0.0,5.0,249.0,1007.8,2055.0
2026-04-01 04:00:00,24.2,34.4,32.0,0.0,7.3,259.0,1007.0,2395.0
2026-04-01 05:00:00,11.3,33.4,43.0,0.0,14.3,249.0,1006.1,1640.0
2026-04-01 06:00:00,7.3,31.8,47.0,0.0,19.1,246.0,1005.4,965.0
2026-04-01 07:00:00,4.9,32.3,46.0,0.0,15.6,236.0,1004.5,1010.0
2026-04-01 08:00:00,6.5,33.1,43.0,0.0,12.6,214.0,1004.2,1165.0
2026-04-01 09:00:00,8.7,32.5,44.0,0.0,13.0,174.0,1004.0,1115.0
2026-04-01 10:00:00,20.1,31.2,49.0,0.0,14.3,146.0,1004.7,665.0
2026-04-01 11:00:00,27.8,29.7,55.0,0.0,11.1,133.0,1005.2,380.0
2026-04-01 12:00:00,25.5,29.2,60.0,0.0,9.5,109.0,1005.9,320.0
2026-04-01 13:00:00,17.9,28.7,61.0,0.0,5.5,117.0,1006.6,330.0
2026-04-01 14:00:00,15.6,28.2,62.0,0.0,2.8,297.0,1007.4,335.0
2026-04-01 15:00:00,27.3,27.7,67.0,0.0,7.5,327.0,1007.9,550.0
2026-04-01 16:00:00,24.7,27.1,69.0,0.0,3.8,17.0,1007.6,340.0
2026-04-01 17:00:00,27.1,26.6,71.0,0.0,2.5,98.0,1007.5,290.0
2026-04-01 18:00:00,33.2,25.9,73.0,0.0,5.8,104.0,1006.8,255.0
2026-04-01 19:00:00,39.4,25.3,75.0,0.0,5.6,112.0,1006.5,200.0
2026-04-01 20:00:00,40.8,24.6,78.0,0.0,4.7,106.0,1006.4,205.0
2026-04-01 21:00:00,39.8,24.2,80.0,0.0,4.3,123.0,1006.6,150.0
2026-04-01 22:00:00,37.8,24.0,81.0,0.0,3.9,133.0,1007.4,120.0
2026-04-01 23:00:00,31.5,24.8,76.0,0.0,3.1,121.0,1008.1,240.0
2026-04-02 00:00:00,22.8,26.8,64.0,0.0,3.9,106.0,1008.9,435.0
2026-04-02 01:00:00,14.9,29.2,51.0,0.0,4.7,148.0,1009.1,1090.0
2026-04-02 02:00:00,12.3,31.2,44.0,0.0,4.6,132.0,1009.0,1665.0
2026-04-02 03:00:00,7.9,33.1,35.0,0.0,3.9,124.0,1008.3,2055.0
2026-04-02 04:00:00,14.8,34.4,31.0,0.0,5.2,63.0,1007.3,2290.0
2026-04-02 05:00:00,13.7,35.0,28.0,0.0,6.4,27.0,1006.1,2375.0
2026-04-02 06:00:00,8.7,34.9,26.0,0.0,8.4,42.0,1005.3,2470.0
2026-04-02 07:00:00,6.0,34.8,26.0,0.0,10.2,58.0,1004.6,2425.0
2026-04-02 08:00:00,3.5,33.9,28.0,0.0,12.8,68.0,1004.6,2255.0
2026-04-02 09:00:00,5.4,32.3,33.0,0.0,14.7,78.0,1004.9,1400.0
2026-04-02 10:00:00,16.6,30.7,39.0,0.0,11.9,93.0,1005.5,1030.0
2026-04-02 11:00:00,10.9,29.4,48.0,0.0,8.4,106.0,1005.7,815.0
2026-04-02 12:00:00,2.9,28.1,56.0,0.0,10.2,121.0,1006.4,755.0
2026-04-02 13:00:00,10.3,27.6,59.0,0.0,9.6,137.0,1007.1,715.0
2026-04-02 14:00:00,10.3,27.1,62.0,0.0,9.6,139.0,1007.6,695.0
2026-04-02 15:00:00,4.3,26.7,63.0,0.0,9.7,133.0,1007.7,680.0
2026-04-02 16:00:00,2.6,26.3,65.0,0.0,8.2,126.0,1007.4,635.0
2026-04-02 17:00:00,3.6,26.0,66.0,0.0,6.5,113.0,1006.9,515.0
2026-04-02 18:00:00,12.3,25.4,68.0,0.0,4.8,65.0,1006.6,290.0
2026-04-02 19:00:00,31.9,25.1,69.0,0.0,4.5,50.0,1006.1,135.0
2026-04-02 20:00:00,28.9,24.4,72.0,0.0,3.9,56.0,1005.9,70.0
2026-04-02 21:00:00,24.5,23.9,75.0,0.0,3.1,69.0,1006.3,40.0
2026-04-02 22:00:00,25.3,23.5,78.0,0.0,2.8,72.0,1007.0,35.0
2026-04-02 23:00:00,15.3,24.5,72.0,0.0,1.3,56.0,1007.7,125.0
2026-04-03 00:00:00,10.8,26.8,60.0,0.0,1.5,339.0,1008.2,650.0
2026-04-03 01:00:00,11.8,29.4,49.0,0.0,1.6,27.0,1008.3,1275.0
2026-04-03 02:00:00,10.7,31.5,39.0,0.0,1.4,220.0,1007.8,1630.0
2026-04-03 03:00:00,10.0,33.1,34.0,0.0,2.6,219.0,1007.1,1735.0
2026-04-03 04:00:00,7.9,34.0,32.0,0.0,5.0,232.0,1005.7,1855.0
2026-04-03 05:00:00,6.2,34.7,31.0,0.0,7.2,219.0,1004.5,2015.0
2026-04-03 06:00:00,6.4,34.4,31.0,0.0,12.8,154.0,1003.3,1935.0
2026-04-03 07:00:00,6.7,34.3,32.0,0.0,16.7,140.0,1002.4,1855.0
2026-04-03 08:00:00,9.8,33.7,31.0,0.0,15.2,134.0,1002.3,1605.0
2026-04-03 09:00:00,11.6,32.9,33.0,0.0,12.7,128.0,1002.8,1115.0
2026-04-03 10:00:00,18.5,31.3,39.0,0.0,14.6,117.0,1003.6,705.0
2026-04-03 11:00:00,27.0,30.0,41.0,0.0,10.7,121.0,1004.1,480.0
2026-04-03 12:00:00,28.0,28.9,49.0,0.0,8.9,132.0,1004.7,465.0
2026-04-03 13:00:00,25.9,28.7,50.0,0.0,6.4,151.0,1005.3,435.0
2026-04-03 14:00:00,20.3,28.2,52.0,0.0,5.7,156.0,1006.0,370.0
2026-04-03 15:00:00,16.4,27.5,56.0,0.0,6.3,153.0,1006.0,335.0
2026-04-03 16:00:00,19.7,26.8,61.0,0.0,6.4,148.0,1006.0,315.0
2026-04-03 17:00:00,21.2,26.2,64.0,0.0,4.8,146.0,1005.3,255.0
2026-04-03 18:00:00,24.3,25.5,69.0,0.0,4.0,129.0,1004.9,155.0
2026-04-03 19:00:00,27.1,25.3,69.0,0.0,1.5,126.0,1004.7,90.0
2026-04-03 20:00:00,29.4,24.9,70.0,0.0,0.9,79.0,1004.7,80.0
2026-04-03 21:00:00,29.9,24.7,71.0,0.0,1.3,82.0,1005.0,80.0
2026-04-03 22:00:00,30.7,24.3,73.0,0.0,0.7,90.0,1005.1,35.0
2026-04-03 23:00:00,30.8,25.4,68.0,0.0,0.9,270.0,1005.9,160.0
2026-04-04 00:00:00,27.7,27.1,63.0,0.0,0.9,307.0,1006.5,495.0
2026-04-04 01:00:00,26.0,29.4,54.0,0.0,3.1,173.0,1006.8,1075.0
2026-04-04 02:00:00,19.0,31.1,44.0,0.0,4.6,191.0,1006.2,1335.0
2026-04-04 03:00:00,15.5,32.5,38.0,0.0,5.4,214.0,1005.6,1510.0
2026-04-04 04:00:00,19.2,33.5,34.0,0.0,7.1,249.0,1004.7,1550.0
2026-04-04 05:00:00,16.5,34.1,32.0,0.0,10.3,265.0,1003.5,1585.0
2026-04-04 06:00:00,21.2,33.6,35.0,0.0,11.9,273.0,1002.6,1285.0
2026-04-04 07:00:00,23.2,33.9,31.0,0.0,13.1,263.0,1001.8,1170.0
2026-04-04 08:00:00,23.4,33.3,31.0,0.0,12.9,250.0,1001.8,850.0
2026-04-04 09:00:00,22.3,32.5,36.0,0.0,12.4,240.0,1002.1,615.0
2026-04-04 10:00:00,21.0,31.5,42.0,0.0,11.2,233.0,1002.9,490.0
2026-04-04 11:00:00,21.3,30.4,50.0,0.0,10.0,213.0,1003.3,365.0
2026-04-04 12:00:00,23.0,29.8,55.0,0.0,7.8,218.0,1003.9,400.0
2026-04-04 13:00:00,28.7,29.6,56.0,0.0,5.5,207.0,1004.7,445.0
2026-04-04 14:00:00,37.6,29.1,57.0,0.0,6.3,178.0,1005.2,520.0
2026-04-04 15:00:00,49.7,28.7,58.0,0.0,4.8,191.0,1005.7,495.0
2026-04-04 16:00:00,48.5,28.3,59.0,0.0,3.3,209.0,1005.3,350.0
2026-04-04 17:00:00,48.9,27.7,61.0,0.0,2.1,218.0,1004.7,45.0
2026-04-04 18:00:00,45.3,27.1,66.0,0.0,2.4,222.0,1004.5,25.0
2026-04-04 19:00:00,44.3,26.8,68.0,0.0,1.3,225.0,1004.2,15.0
2026-04-04 20:00:00,44.7,26.5,70.0,0.0,2.3,266.0,1004.4,40.0
2026-04-04 21:00:00,44.1,26.2,71.0,0.0,3.8,31.0,1005.0,90.0
2026-04-04 22:00:00,46.0,25.8,69.0,0.0,5.1,39.0,1005.6,125.0
2026-04-04 23:00:00,44.3,26.7,63.0,0.0,4.4,9.0,1006.1,265.0
2026-04-05 00:00:00,37.5,28.0,65.0,0.0,2.2,351.0,1006.5,700.0
2026-04-05 01:00:00,40.1,29.9,56.0,0.0,2.5,180.0,1006.6,1020.0
2026-04-05 02:00:00,41.2,31.8,46.0,0.0,4.6,198.0,1006.2,1300.0
2026-04-05 03:00:00,32.0,33.3,41.0,0.0,5.6,220.0,1005.6,1570.0
2026-04-05 04:00:00,29.7,34.1,40.0,0.0,7.8,226.0,1004.3,1710.0
2026-04-05 05:00:00,26.9,35.0,37.0,0.0,8.2,230.0,1003.4,1880.0
2026-04-05 06:00:00,23.9,35.1,34.0,0.0,9.3,216.0,1002.6,1865.0
2026-04-05 07:00:00,15.9,35.5,32.0,0.0,9.4,218.0,1001.9,1800.0
2026-04-05 08:00:00,21.2,35.6,26.0,0.0,9.3,198.0,1001.8,1670.0
2026-04-05 09:00:00,27.2,34.8,29.0,0.0,9.0,160.0,1002.5,1435.0
2026-04-05 10:00:00,30.3,33.1,38.0,0.0,6.7,182.0,1003.2,760.0
2026-04-05 11:00:00,35.8,32.1,42.0,0.0,4.6,193.0,1003.9,540.0
2026-04-05 12:00:00,35.1,31.1,50.0,0.0,4.5,157.0,1004.6,450.0
2026-04-05 13:00:00,38.5,30.4,53.0,0.0,6.5,152.0,1005.2,470.0
2026-04-05 14:00:00,36.0,29.4,58.0,0.0,5.9,180.0,1005.5,415.0
2026-04-05 15:00:00,33.1,28.4,66.0,0.0,6.5,178.0,1005.7,450.0
2026-04-05 16:00:00,32.0,27.7,70.0,0.0,4.8,158.0,1005.7,435.0
2026-04-05 17:00:00,32.6,27.3,70.0,0.0,4.5,143.0,1005.3,375.0
2026-04-05 18:00:00,41.7,27.0,71.0,0.0,4.3,105.0,1005.1,295.0
2026-04-05 19:00:00,44.3,26.6,72.0,0.0,2.5,90.0,1005.0,105.0
2026-04-05 20:00:00,43.0,26.1,74.0,0.0,2.3,122.0,1005.0,105.0
2026-04-05 21:00:00,45.3,25.8,75.0,0.0,1.9,107.0,1005.7,95.0
2026-04-05 22:00:00,48.7,25.2,77.0,0.0,3.1,111.0,1006.2,70.0
2026-04-05 23:00:00,41.4,26.0,71.0,0.0,2.3,108.0,1006.8,230.0
2026-04-06 00:00:00,28.2,28.2,56.0,0.0,3.1,83.0,1007.3,615.0
2026-04-06 01:00:00,20.4,31.0,46.0,0.0,5.1,96.0,1007.5,1385.0
2026-04-06 02:00:00,18.6,33.3,38.0,0.0,8.7,120.0,1007.0,1975.0
2026-04-06 03:00:00,19.3,34.4,35.0,0.0,9.5,141.0,1006.5,2080.0
2026-04-06 04:00:00,19.2,35.1,32.0,0.0,8.9,162.0,1005.7,2155.0
2026-04-06 05:00:00,17.2,35.3,31.0,0.0,7.8,171.0,1004.9,2170.0
2026-04-06 06:00:00,18.2,35.8,29.0,0.0,11.4,152.0,1003.8,2250.0
2026-04-06 07:00:00,20.6,36.0,30.0,0.0,11.0,154.0,1003.1,2125.0
2026-04-06 08:00:00,21.8,35.7,30.0,0.0,12.2,156.0,1003.0,1875.0
2026-04-06 09:00:00,26.5,35.1,32.0,0.0,13.1,153.0,1003.2,1710.0
2026-04-06 10:00:00,29.1,33.7,37.0,0.0,13.4,144.0,1003.6,1000.0
2026-04-06 11:00:00,31.2,31.7,48.0,0.0,9.6,118.0,1004.2,485.0
2026-04-06 12:00:00,32.0,30.4,53.0,0.0,8.1,135.0,1005.1,535.0
2026-04-06 13:00:00,33.1,29.9,57.0,0.0,6.3,165.0,1005.6,445.0
2026-04-06 14:00:00,31.1,29.2,62.0,0.0,6.2,158.0,1006.1,380.0
2026-04-06 15:00:00,24.9,28.4,67.0,0.0,5.7,148.0,1006.2,335.0
2026-04-06 16:00:00,25.2,27.8,70.0,0.0,5.7,148.0,1005.9,275.0
2026-04-06 17:00:00,25.4,27.1,73.0,0.0,4.6,135.0,1005.8,230.0
2026-04-06 18:00:00,25.8,26.4,75.0,0.0,2.9,90.0,1005.2,105.0
2026-04-06 19:00:00,27.6,26.2,75.0,0.0,1.7,72.0,1005.0,110.0
2026-04-06 20:00:00,31.7,26.0,76.0,0.0,0.8,135.0,1005.0,110.0
2026-04-06 21:00:00,31.7,25.7,77.0,0.0,1.7,167.0,1005.8,145.0
2026-04-06 22:00:00,38.0,25.5,79.0,0.0,2.0,170.0,1006.1,145.0
2026-04-06 23:00:00,33.4,26.3,74.0,0.0,1.4,203.0,1006.8,210.0
2026-04-07 00:00:00,31.6,27.7,69.0,0.0,1.7,257.0,1007.3,390.0
2026-04-07 01:00:00,31.3,29.8,58.0,0.0,2.6,254.0,1007.5,970.0
2026-04-07 02:00:00,32.9,31.7,50.0,0.0,3.1,249.0,1007.3,1290.0
2026-04-07 03:00:00,26.2,33.5,43.0,0.0,4.8,255.0,1006.7,1690.0
2026-04-07 04:00:00,13.7,34.5,40.0,0.0,8.3,252.0,1006.1,1850.0
2026-04-07 05:00:00,12.3,35.0,39.0,0.0,9.4,239.0,1005.0,1855.0
2026-04-07 06:00:00,8.9,34.8,36.0,0.0,10.7,241.0,1004.2,1840.0
2026-04-07 07:00:00,6.4,34.9,32.0,0.0,11.3,248.0,1003.5,1325.0
2026-04-07 08:00:00,12.0,35.3,27.0,0.0,8.6,250.0,1003.4,1305.0
2026-04-07 09:00:00,22.3,33.0,39.0,0.0,11.4,251.0,1003.6,305.0
2026-04-07 10:00:00,31.6,31.5,51.0,0.0,10.7,240.0,1003.9,315.0
2026-04-07 11:00:00,37.8,31.2,50.0,0.0,10.0,206.0,1004.7,360.0
2026-04-07 12:00:00,39.0,30.9,53.0,0.0,9.8,216.0,1005.2,455.0
2026-04-07 13:00:00,36.5,30.8,54.0,0.0,10.1,235.0,1005.9,560.0
2026-04-07 14:00:00,53.7,30.4,56.0,0.0,8.0,261.0,1006.6,655.0
2026-04-07 15:00:00,52.1,30.1,57.0,0.0,7.8,238.0,1006.6,490.0
2026-04-07 16:00:00,50.3,29.7,60.0,0.0,5.9,215.0,1006.3,420.0
2026-04-07 17:00:00,50.0,28.8,66.0,0.0,1.3,214.0,1006.3,330.0
2026-04-07 18:00:00,49.9,28.1,68.0,0.0,3.1,306.0,1006.1,260.0
2026-04-07 19:00:00,50.1,27.7,71.0,0.0,2.4,287.0,1005.7,185.0
2026-04-07 20:00:00,53.0,27.3,75.0,0.0,1.3,262.0,1005.8,85.0
2026-04-07 21:00:00,57.5,27.1,75.0,0.0,2.5,176.0,1006.4,125.0
2026-04-07 22:00:00,60.5,27.0,75.0,0.0,2.5,135.0,1007.0,135.0
2026-04-07 23:00:00,56.1,27.6,72.0,0.0,2.2,180.0,1007.9,470.0
2026-04-08 00:00:00,38.9,28.5,67.0,0.0,1.4,220.0,1008.3,720.0
2026-04-08 01:00:00,24.9,30.7,56.0,0.0,0.4,270.0,1008.3,1225.0
2026-04-08 02:00:00,22.3,32.5,47.0,0.0,0.9,281.0,1008.1,1625.0
2026-04-08 03:00:00,20.6,34.0,41.0,0.0,3.1,280.0,1007.7,1965.0
2026-04-08 04:00:00,6.4,35.4,35.0,0.0,3.4,286.0,1006.8,2285.0
2026-04-08 05:00:00,2.5,35.8,32.0,0.0,4.5,286.0,1005.8,2410.0
2026-04-08 06:00:00,5.9,35.5,32.0,0.0,5.1,293.0,1005.1,2375.0
2026-04-08 07:00:00,11.0,35.8,29.0,0.0,4.6,324.0,1004.4,2345.0
2026-04-08 08:00:00,18.0,35.6,29.0,0.0,4.9,360.0,1004.1,2265.0
2026-04-08 09:00:00,11.8,34.9,29.0,0.0,6.0,37.0,1004.4,2045.0
2026-04-08 10:00:00,26.4,33.2,32.0,0.0,7.7,93.0,1005.2,930.0
2026-04-08 11:00:00,28.1,31.3,42.0,0.0,8.1,111.0,1005.8,480.0
2026-04-08 12:00:00,28.0,29.9,50.0,0.0,7.8,122.0,1006.2,405.0
2026-04-08 13:00:00,23.5,29.2,52.0,0.0,5.5,153.0,1006.7,330.0
2026-04-08 14:00:00,26.4,28.4,56.0,0.0,3.4,183.0,1007.3,305.0
2026-04-08 15:00:00,27.2,27.8,58.0,0.0,1.7,229.0,1007.6,320.0
2026-04-08 16:00:00,13.1,27.3,61.0,0.0,1.5,263.0,1007.1,300.0
2026-04-08 17:00:00,27.8,26.7,63.0,0.0,2.4,167.0,1006.9,305.0
2026-04-08 18:00:00,32.7,26.1,63.0,0.0,4.6,144.0,1006.8,220.0
2026-04-08 19:00:00,30.2,25.6,65.0,0.0,4.0,126.0,1006.4,100.0
2026-04-08 20:00:00,19.5,24.8,69.0,0.0,3.2,87.0,1006.4,60.0
2026-04-08 21:00:00,19.3,24.2,73.0,0.0,2.8,40.0,1006.9,55.0
2026-04-08 22:00:00,24.0,23.8,76.0,0.0,2.8,15.0,1007.2,55.0
2026-04-08 23:00:00,28.1,25.1,71.0,0.0,1.9,331.0,1007.9,90.0
2026-04-09 00:00:00,17.3,27.8,56.0,0.0,1.1,279.0,1008.4,285.0
2026-04-09 01:00:00,14.3,30.4,46.0,0.0,2.3,247.0,1008.5,935.0
2026-04-09 02:00:00,24.8,32.2,43.0,0.0,4.7,227.0,1008.2,1430.0
2026-04-09 03:00:00,11.3,34.0,39.0,0.0,5.3,242.0,1007.5,1815.0
2026-04-09 04:00:00,5.4,34.7,38.0,0.0,9.6,244.0,1006.5,1915.0
2026-04-09 05:00:00,4.5,34.0,44.0,0.0,12.1,252.0,1005.5,1195.0
2026-04-09 06:00:00,4.2,34.5,40.0,0.0,8.7,233.0,1004.7,1530.0
2026-04-09 07:00:00,4.5,34.9,38.0,0.1,9.9,217.0,1004.3,1740.0
2026-04-09 08:00:00,14.0,34.1,40.0,0.3,10.6,194.0,1004.5,1460.0
2026-04-09 09:00:00,16.0,33.5,43.0,0.2,12.6,160.0,1004.5,1160.0
2026-04-09 10:00:00,20.4,32.1,50.0,0.1,13.0,137.0,1004.8,800.0
2026-04-09 11:00:00,36.2,30.5,57.0,0.0,11.5,136.0,1005.4,580.0
2026-04-09 12:00:00,36.5,30.0,62.0,0.0,9.6,146.0,1005.9,475.0
2026-04-09 13:00:00,23.2,29.5,65.0,0.0,8.6,160.0,1006.3,425.0
2026-04-09 14:00:00,19.8,29.0,67.0,0.0,8.3,160.0,1007.0,445.0
2026-04-09 15:00:00,10.8,28.5,69.0,0.0,7.1,156.0,1007.2,420.0
2026-04-09 16:00:00,6.9,28.1,71.0,0.0,4.5,146.0,1007.1,390.0
2026-04-09 17:00:00,5.8,27.7,72.0,0.0,1.9,163.0,1006.3,365.0
2026-04-09 18:00:00,8.3,27.2,73.0,0.0,0.4,117.0,1006.0,20.0
2026-04-09 19:00:00,27.6,27.1,74.0,0.0,0.5,270.0,1005.4,290.0
2026-04-09 20:00:00,31.2,26.9,75.0,0.0,3.3,306.0,1005.4,270.0
2026-04-09 21:00:00,29.1,26.7,76.0,0.0,3.1,324.0,1006.1,235.0
2026-04-09 22:00:00,29.8,26.5,76.0,0.0,2.3,315.0,1006.7,190.0
2026-04-09 23:00:00,33.0,27.2,72.0,0.0,1.9,311.0,1007.6,350.0
2026-04-10 00:00:00,27.9,28.9,65.0,0.0,5.8,356.0,1008.0,545.0
2026-04-10 01:00:00,13.0,30.9,54.0,0.0,2.3,356.0,1008.2,1220.0
2026-04-10 02:00:00,14.9,32.6,47.0,0.0,2.2,261.0,1007.9,1575.0
2026-04-10 03:00:00,38.0,33.9,42.0,0.0,6.3,255.0,1007.5,1730.0
2026-04-10 04:00:00,49.2,34.4,41.0,0.0,10.0,253.0,1006.6,1720.0
2026-04-10 05:00:00,47.2,34.7,41.0,0.0,10.5,253.0,1005.7,1710.0
2026-04-10 06:00:00,42.2,34.1,42.0,0.0,13.6,259.0,1004.6,915.0
2026-04-10 07:00:00,36.2,33.8,40.0,0.0,13.9,259.0,1004.0,645.0
2026-04-10 08:00:00,32.8,33.4,38.0,0.0,12.0,258.0,1003.9,545.0
2026-04-10 09:00:00,32.0,32.5,44.0,0.0,8.2,238.0,1004.1,440.0
2026-04-10 10:00:00,29.4,31.6,54.0,0.0,7.4,223.0,1004.6,460.0
2026-04-10 11:00:00,30.6,30.7,61.0,0.0,8.2,221.0,1005.4,385.0
2026-04-10 12:00:00,34.0,30.9,57.0,0.0,9.6,201.0,1005.7,475.0
2026-04-10 13:00:00,39.8,30.7,58.0,0.0,6.7,211.0,1006.3,750.0
2026-04-10 14:00:00,46.2,30.2,61.0,0.0,4.0,216.0,1006.8,700.0
2026-04-10 15:00:00,28.3,29.7,63.0,0.0,3.9,193.0,1006.8,450.0
2026-04-10 16:00:00,25.2,29.2,65.0,0.0,5.4,174.0,1006.4,380.0
2026-04-10 17:00:00,10.6,28.8,67.0,0.0,5.9,169.0,1005.9,340.0
2026-04-10 18:00:00,17.8,28.1,74.0,0.0,7.8,176.0,1005.6,440.0
2026-04-10 19:00:00,49.2,27.7,76.0,0.0,7.7,171.0,1005.1,445.0
2026-04-10 20:00:00,52.3,27.3,77.0,0.0,5.6,158.0,1005.3,390.0
2026-04-10 21:00:00,55.6,27.0,77.0,0.0,5.9,125.0,1005.6,350.0
2026-04-10 22:00:00,52.8,26.9,77.0,0.0,4.4,97.0,1006.2,215.0
2026-04-10 23:00:00,44.9,27.6,73.0,0.0,3.4,335.0,1006.8,450.0
2026-04-11 00:00:00,35.6,28.8,65.0,0.0,3.4,342.0,1007.4,720.0
2026-04-11 01:00:00,38.3,30.7,57.0,0.0,0.5,270.0,1007.4,1055.0
2026-04-11 02:00:00,45.3,32.5,48.0,0.0,2.7,266.0,1007.1,1470.0
2026-04-11 03:00:00,65.0,33.7,43.0,0.0,5.0,270.0,1006.5,1780.0
2026-04-11 04:00:00,78.0,34.4,40.0,0.0,8.3,264.0,1005.6,1890.0
2026-04-11 05:00:00,108.0,34.7,41.0,0.0,10.0,253.0,1004.6,1760.0
2026-04-11 06:00:00,75.8,34.1,42.0,0.0,11.8,250.0,1003.6,1530.0
2026-04-11 07:00:00,43.0,34.1,41.0,0.0,7.3,234.0,1002.8,1355.0
2026-04-11 08:00:00,36.0,33.9,42.0,0.0,5.5,247.0,1002.6,1065.0
2026-04-11 09:00:00,66.6,33.7,43.0,0.0,10.8,233.0,1002.6,495.0
2026-04-11 10:00:00,66.0,32.4,52.0,0.0,12.6,209.0,1003.2,575.0
2026-04-11 11:00:00,36.0,31.5,51.0,0.0,11.7,170.0,1004.2,670.0
2026-04-11 12:00:00,32.5,30.4,60.0,0.0,6.0,205.0,1005.1,650.0
2026-04-11 13:00:00,28.6,29.6,66.0,0.0,8.3,174.0,1005.6,565.0
2026-04-11 14:00:00,28.4,29.0,69.0,0.0,9.4,151.0,1006.3,455.0
2026-04-11 15:00:00,30.8,28.5,69.0,0.0,5.0,145.0,1006.8,435.0
2026-04-11 16:00:00,32.8,27.7,72.0,0.1,1.5,306.0,1006.4,420.0
2026-04-11 17:00:00,35.7,27.3,73.0,0.0,1.3,262.0,1005.8,400.0
2026-04-11 18:00:00,30.5,26.7,77.0,0.0,4.1,299.0,1005.4,465.0
2026-04-11 19:00:00,33.7,26.7,77.0,0.0,1.2,231.0,1004.8,405.0
2026-04-11 20:00:00,35.4,26.7,77.0,0.0,3.2,183.0,1004.8,365.0
2026-04-11 21:00:00,36.3,26.5,78.0,0.0,4.0,162.0,1005.3,405.0
2026-04-11 22:00:00,42.5,26.3,78.0,0.0,4.0,141.0,1006.0,360.0
2026-04-11 23:00:00,46.7,26.9,74.0,0.0,2.6,155.0,1006.6,405.0
2026-04-12 00:00:00,45.6,28.4,67.0,0.0,0.7,284.0,1007.2,630.0
2026-04-12 01:00:00,45.4,30.5,57.0,0.0,2.3,241.0,1007.3,1155.0
2026-04-12 02:00:00,51.2,32.1,50.0,0.0,3.9,246.0,1006.8,1655.0
2026-04-12 03:00:00,51.3,33.4,44.0,0.0,5.3,252.0,1006.3,1910.0
2026-04-12 04:00:00,40.0,34.4,40.0,0.0,6.5,247.0,1005.4,1940.0
2026-04-12 05:00:00,32.5,33.9,42.0,0.0,9.8,226.0,1004.7,1570.0
2026-04-12 06:00:00,24.5,32.6,46.0,0.1,10.7,211.0,1004.1,1170.0
2026-04-12 07:00:00,23.5,33.5,42.0,0.0,5.7,204.0,1003.2,1085.0
2026-04-12 08:00:00,26.3,34.5,40.0,0.0,8.4,203.0,1002.9,1525.0
2026-04-12 09:00:00,26.2,33.8,41.0,0.0,9.9,184.0,1002.9,1215.0
2026-04-12 10:00:00,30.8,32.7,44.0,0.0,9.5,153.0,1003.4,805.0
2026-04-12 11:00:00,37.7,31.1,46.0,0.0,7.1,150.0,1004.2,375.0
2026-04-12 12:00:00,42.7,30.0,55.0,0.0,7.2,166.0,1005.1,415.0
2026-04-12 13:00:00,41.2,29.5,56.0,0.0,4.5,180.0,1005.6,410.0
2026-04-12 14:00:00,42.7,29.0,57.0,0.0,5.1,176.0,1006.3,410.0
2026-04-12 15:00:00,40.2,28.4,59.0,0.0,2.0,135.0,1006.5,445.0
2026-04-12 16:00:00,37.0,27.9,60.0,0.0,0.8,135.0,1006.1,440.0
2026-04-12 17:00:00,35.1,27.4,62.0,0.0,2.7,148.0,1005.8,180.0
2026-04-12 18:00:00,23.9,26.9,62.0,0.0,4.9,141.0,1005.6,260.0
2026-04-12 19:00:00,17.9,26.7,64.0,0.0,4.8,158.0,1005.3,275.0
2026-04-12 20:00:00,26.7,26.2,67.0,0.0,4.2,162.0,1005.5,250.0
2026-04-12 21:00:00,36.5,25.9,70.0,0.0,3.1,159.0,1006.0,155.0
2026-04-12 22:00:00,36.2,25.6,71.0,0.0,1.6,153.0,1006.7,125.0
2026-04-12 23:00:00,35.2,26.3,68.0,0.0,0.7,180.0,1007.5,275.0
2026-04-13 00:00:00,21.6,28.0,60.0,0.0,1.6,264.0,1008.3,515.0
2026-04-13 01:00:00,23.0,30.4,50.0,0.0,2.4,253.0,1008.4,1185.0
2026-04-13 02:00:00,77.0,32.2,42.0,0.0,4.2,263.0,1008.0,1550.0
2026-04-13 03:00:00,72.7,33.2,40.0,0.0,7.4,270.0,1007.3,1705.0
2026-04-13 04:00:00,26.5,33.9,40.0,0.0,9.0,268.0,1006.4,1805.0
2026-04-13 05:00:00,30.0,34.6,37.0,0.0,10.5,258.0,1005.3,1845.0
2026-04-13 06:00:00,14.9,33.7,40.0,0.0,15.3,255.0,1004.5,1250.0
2026-04-13 07:00:00,10.5,33.4,42.0,0.0,11.2,252.0,1004.1,1015.0
2026-04-13 08:00:00,9.1,34.4,38.0,0.0,6.0,241.0,1003.9,1455.0
2026-04-13 09:00:00,20.3,34.7,33.0,0.0,10.6,190.0,1003.8,1900.0
2026-04-13 10:00:00,21.7,33.2,39.0,0.0,13.6,162.0,1004.2,795.0
2026-04-13 11:00:00,29.7,31.9,43.0,0.0,9.6,183.0,1005.3,665.0
2026-04-13 12:00:00,34.2,31.0,48.0,0.0,6.6,189.0,1006.3,460.0
2026-04-13 13:00:00,29.5,30.2,53.0,0.0,6.3,187.0,1006.6,455.0
2026-04-13 14:00:00,30.1,29.5,58.0,0.0,5.6,180.0,1007.1,455.0
2026-04-13 15:00:00,33.0,29.1,61.0,0.0,4.6,154.0,1007.1,465.0
2026-04-13 16:00:00,37.2,28.7,62.0,0.0,3.2,142.0,1006.8,425.0
2026-04-13 17:00:00,34.1,28.3,62.0,0.0,2.6,129.0,1006.3,170.0
2026-04-13 18:00:00,30.5,27.8,67.0,0.0,2.4,54.0,1005.9,625.0
2026-04-13 19:00:00,29.1,27.6,67.0,0.0,2.8,50.0,1005.8,255.0
2026-04-13 20:00:00,38.5,27.3,66.0,0.0,4.2,54.0,1006.0,175.0
2026-04-13 21:00:00,39.0,26.9,65.0,0.0,4.1,56.0,1006.5,120.0
2026-04-13 22:00:00,37.0,26.5,66.0,0.0,2.3,32.0,1007.0,65.0
2026-04-13 23:00:00,36.6,27.4,62.0,0.0,2.1,340.0,1007.7,235.0
2026-04-14 00:00:00,30.3,29.1,54.0,0.0,2.3,29.0,1007.9,830.0
2026-04-14 01:00:00,25.4,31.2,47.0,0.0,0.8,333.0,1008.2,1400.0
2026-04-14 02:00:00,20.9,33.1,39.0,0.0,1.2,243.0,1008.0,1935.0
2026-04-14 03:00:00,27.5,34.4,34.0,0.0,4.4,238.0,1007.0,2220.0
2026-04-14 04:00:00,29.0,34.5,37.0,0.0,10.5,229.0,1005.8,2205.0
2026-04-14 05:00:00,12.5,33.3,46.0,0.0,17.2,218.0,1004.9,1250.0
2026-04-14 06:00:00,11.1,32.8,44.0,0.0,17.7,204.0,1004.1,970.0
2026-04-14 07:00:00,11.9,33.9,39.0,0.0,14.2,206.0,1003.1,1070.0
2026-04-14 08:00:00,14.6,34.1,40.0,0.0,11.9,214.0,1002.5,1190.0
2026-04-14 09:00:00,25.1,33.9,42.0,0.0,10.4,188.0,1002.4,1305.0
2026-04-14 10:00:00,29.5,32.8,42.0,0.0,11.3,144.0,1003.1,770.0
2026-04-14 11:00:00,32.2,30.7,51.0,0.0,12.4,130.0,1003.6,520.0
2026-04-14 12:00:00,33.2,29.4,58.0,0.0,7.8,134.0,1004.1,375.0
2026-04-14 13:00:00,36.0,29.0,59.0,0.0,4.4,189.0,1004.6,360.0
2026-04-14 14:00:00,30.7,28.4,64.0,0.0,4.9,246.0,1005.3,460.0
2026-04-14 15:00:00,24.4,27.9,68.0,0.0,4.0,280.0,1005.4,590.0
2026-04-14 16:00:00,32.5,27.7,68.0,0.0,1.4,203.0,1004.8,490.0
2026-04-14 17:00:00,36.6,27.4,69.0,0.0,3.1,152.0,1004.1,455.0
2026-04-14 18:00:00,31.0,26.6,70.0,0.0,3.4,137.0,1003.9,440.0
2026-04-14 19:00:00,29.9,26.4,70.0,0.0,3.8,139.0,1003.7,405.0
2026-04-14 20:00:00,30.4,26.0,70.0,0.0,4.1,128.0,1003.6,335.0
2026-04-14 21:00:00,37.6,25.6,71.0,0.0,4.3,112.0,1004.3,245.0
2026-04-14 22:00:00,41.7,25.1,74.0,0.0,6.6,116.0,1005.2,215.0
2026-04-14 23:00:00,37.0,25.7,70.0,0.0,6.5,122.0,1005.9,330.0
2026-04-15 00:00:00,25.9,27.1,66.0,0.0,1.5,166.0,1006.5,620.0
2026-04-15 01:00:00,25.0,29.1,56.0,0.0,3.0,205.0,1006.9,1095.0
2026-04-15 02:00:00,20.8,30.8,46.0,0.0,3.5,208.0,1006.8,1475.0
2026-04-15 03:00:00,19.6,32.5,40.0,0.0,4.7,223.0,1006.2,1730.0
2026-04-15 04:00:00,15.2,33.8,34.0,0.0,6.7,226.0,1005.1,1960.0
2026-04-15 05:00:00,10.6,34.6,31.0,0.0,9.5,226.0,1003.8,2070.0
2026-04-15 06:00:00,20.8,34.8,31.0,0.0,9.9,217.0,1002.6,2170.0
2026-04-15 07:00:00,20.4,35.1,30.0,0.0,9.1,205.0,1001.9,2205.0
2026-04-15 08:00:00,23.0,34.8,31.0,0.0,10.1,176.0,1001.7,2090.0
2026-04-15 09:00:00,29.4,34.1,32.0,0.0,8.9,140.0,1001.8,2040.0
2026-04-15 10:00:00,28.4,33.2,33.0,0.0,7.2,145.0,1002.6,890.0
2026-04-15 11:00:00,36.9,32.0,36.0,0.0,7.8,130.0,1003.2,480.0
2026-04-15 12:00:00,37.8,30.8,45.0,0.0,6.5,172.0,1003.8,510.0
2026-04-15 13:00:00,33.7,30.3,46.0,0.0,6.7,177.0,1004.4,370.0
2026-04-15 14:00:00,23.8,29.4,50.0,0.0,6.3,162.0,1004.7,360.0
2026-04-15 15:00:00,29.0,28.4,56.0,0.0,5.6,138.0,1004.9,395.0
2026-04-15 16:00:00,40.8,27.8,58.0,0.0,3.1,121.0,1004.8,180.0
2026-04-15 17:00:00,42.6,27.3,58.0,0.0,2.3,122.0,1004.3,85.0
2026-04-15 18:00:00,37.0,26.9,55.0,0.0,3.3,96.0,1004.4,85.0
2026-04-15 19:00:00,41.4,26.5,57.0,0.0,3.8,115.0,1004.0,120.0
2026-04-15 20:00:00,39.2,26.0,61.0,0.0,4.0,126.0,1004.2,120.0
2026-04-15 21:00:00,38.0,25.6,64.0,0.0,2.6,129.0,1004.5,75.0
2026-04-15 22:00:00,38.3,25.3,65.0,0.0,1.8,114.0,1004.9,65.0
2026-04-15 23:00:00,41.5,26.6,59.0,0.0,0.7,180.0,1005.9,115.0
2026-04-16 00:00:00,36.6,28.5,58.0,0.0,2.6,321.0,1006.7,730.0
2026-04-16 01:00:00,38.6,30.3,52.0,0.0,2.5,291.0,1006.7,1110.0
2026-04-16 02:00:00,38.5,31.8,47.0,0.0,3.6,250.0,1006.7,1405.0
2026-04-16 03:00:00,34.4,33.0,43.0,0.0,5.9,227.0,1006.1,1610.0
2026-04-16 04:00:00,28.6,33.7,41.0,0.0,7.6,234.0,1005.4,1585.0
2026-04-16 05:00:00,26.0,33.8,40.0,0.0,8.6,239.0,1004.4,1420.0
2026-04-16 06:00:00,,33.3,40.0,0.0,8.7,223.0,1003.8,1265.0
2026-04-16 07:00:00,,34.6,36.0,0.0,6.0,231.0,1003.1,1415.0
2026-04-16 08:00:00,37.1,33.7,39.0,0.0,10.8,233.0,1003.1,1480.0
2026-04-16 09:00:00,37.8,32.7,47.0,0.0,12.7,231.0,1003.2,595.0
2026-04-16 10:00:00,33.4,31.3,53.0,0.0,14.9,225.0,1003.6,525.0
2026-04-16 11:00:00,31.9,31.1,52.0,0.0,13.7,226.0,1004.3,885.0
2026-04-16 12:00:00,36.0,30.6,53.0,0.0,12.4,223.0,1005.1,990.0
2026-04-16 13:00:00,40.2,30.3,56.0,0.0,8.8,231.0,1005.6,995.0
2026-04-16 14:00:00,37.7,29.7,58.0,0.0,6.0,226.0,1006.2,960.0
2026-04-16 15:00:00,46.7,29.3,61.0,0.0,4.4,210.0,1006.1,815.0
2026-04-16 16:00:00,52.9,29.0,62.0,0.0,3.9,196.0,1005.6,670.0
2026-04-16 17:00:00,51.1,28.7,62.0,0.0,4.0,188.0,1005.0,500.0
2026-04-16 18:00:00,49.1,28.2,64.0,0.0,3.3,171.0,1004.6,410.0
2026-04-16 19:00:00,47.6,27.9,64.0,0.0,1.5,150.0,1004.4,65.0
2026-04-16 20:00:00,50.2,27.6,65.0,0.0,1.3,74.0,1004.4,40.0
2026-04-16 21:00:00,49.8,27.2,67.0,0.0,1.6,90.0,1005.0,45.0
2026-04-16 22:00:00,51.7,26.8,69.0,0.0,3.0,73.0,1005.5,55.0
2026-04-16 23:00:00,58.2,27.8,65.0,0.0,2.3,39.0,1006.2,490.0
2026-04-17 00:00:00,48.3,29.2,57.0,0.0,3.1,332.0,1006.9,945.0
2026-04-17 01:00:00,47.9,31.1,49.0,0.0,1.8,336.0,1007.0,1455.0
2026-04-17 02:00:00,47.3,32.6,43.0,0.0,1.5,300.0,1006.6,1765.0
2026-04-17 03:00:00,53.6,33.8,37.0,0.0,3.8,251.0,1006.0,1895.0
2026-04-17 04:00:00,47.5,33.1,43.0,0.0,8.3,229.0,1005.9,1465.0
2026-04-17 05:00:00,41.3,32.4,45.0,0.2,7.0,212.0,1005.0,1200.0
2026-04-17 06:00:00,37.3,32.7,41.0,0.0,7.4,225.0,1004.0,1155.0
2026-04-17 07:00:00,31.2,34.1,37.0,0.0,5.0,255.0,1003.1,1430.0
2026-04-17 08:00:00,30.6,34.1,36.0,0.1,3.6,240.0,1002.8,1690.0
2026-04-17 09:00:00,45.4,33.5,38.0,0.0,9.0,213.0,1002.8,1420.0
2026-04-17 10:00:00,48.9,32.0,49.0,0.0,12.6,211.0,1003.2,970.0
2026-04-17 11:00:00,53.1,31.2,51.0,0.0,11.5,180.0,1003.6,730.0
2026-04-17 12:00:00,61.3,30.9,55.0,0.0,8.1,197.0,1004.2,680.0
2026-04-17 13:00:00,65.5,30.4,58.0,0.0,6.7,199.0,1005.0,645.0
2026-04-17 14:00:00,62.4,30.1,60.0,0.0,3.7,219.0,1005.8,485.0
2026-04-17 15:00:00,72.9,29.6,64.0,0.0,3.1,220.0,1006.1,600.0
2026-04-17 16:00:00,82.4,29.1,66.0,0.0,1.2,219.0,1005.8,680.0
2026-04-17 17:00:00,77.9,28.7,67.0,0.0,1.9,131.0,1005.6,565.0
2026-04-17 18:00:00,72.8,27.3,72.0,0.0,2.8,105.0,1005.1,125.0
2026-04-17 19:00:00,73.2,27.3,70.0,0.0,2.3,119.0,1004.5,125.0
2026-04-17 20:00:00,56.3,27.1,71.0,0.0,2.1,105.0,1004.5,65.0
2026-04-17 21:00:00,66.3,26.8,71.0,0.0,2.7,132.0,1005.2,55.0
2026-04-17 22:00:00,94.5,26.4,72.0,0.0,4.6,149.0,1005.7,95.0
2026-04-17 23:00:00,96.2,27.4,68.0,0.0,5.6,159.0,1006.2,370.0
2026-04-18 00:00:00,59.1,28.9,62.0,0.0,2.7,188.0,1006.5,780.0
2026-04-18 01:00:00,50.4,30.2,56.0,0.0,3.2,199.0,1006.5,1090.0
2026-04-18 02:00:00,50.7,31.9,48.0,0.0,2.1,239.0,1006.6,1515.0
2026-04-18 03:00:00,54.6,32.9,44.0,0.0,4.8,236.0,1005.8,1615.0
2026-04-18 04:00:00,46.8,33.5,42.0,0.0,6.4,223.0,1005.2,1580.0
2026-04-18 05:00:00,44.3,33.7,41.0,0.0,7.3,220.0,1003.9,1470.0
2026-04-18 06:00:00,,34.0,39.0,0.0,6.7,232.0,1003.0,1600.0
2026-04-18 07:00:00,37.3,34.4,38.0,0.0,6.8,238.0,1002.4,1705.0
2026-04-18 08:00:00,35.0,34.5,36.0,0.0,6.6,217.0,1002.1,1715.0
2026-04-18 09:00:00,44.8,33.8,37.0,0.0,10.4,225.0,1002.4,1435.0
2026-04-18 10:00:00,62.2,31.8,49.0,0.0,12.9,226.0,1003.0,595.0
2026-04-18 11:00:00,76.0,30.9,55.0,0.0,13.2,202.0,1004.1,965.0
2026-04-18 12:00:00,43.8,30.7,57.0,0.0,12.0,194.0,1004.8,1065.0
2026-04-18 13:00:00,78.0,30.3,59.0,0.2,6.4,238.0,1005.3,820.0
2026-04-18 14:00:00,67.7,29.6,62.0,0.1,5.3,235.0,1006.1,565.0
2026-04-18 15:00:00,48.3,29.2,65.0,0.0,6.3,180.0,1005.8,395.0
2026-04-18 16:00:00,46.1,28.8,68.0,0.0,4.4,150.0,1005.2,335.0
2026-04-18 17:00:00,44.1,28.4,69.0,0.0,3.6,123.0,1004.8,315.0
2026-04-18 18:00:00,46.6,28.0,68.0,0.0,1.7,58.0,1004.5,100.0
2026-04-18 19:00:00,45.4,27.6,70.0,0.0,1.9,61.0,1003.8,70.0
2026-04-18 20:00:00,76.1,26.9,73.0,0.0,2.2,42.0,1003.9,65.0
2026-04-18 21:00:00,98.5,26.4,75.0,0.0,2.0,80.0,1004.4,65.0
2026-04-18 22:00:00,90.8,26.2,76.0,0.0,2.6,115.0,1004.9,80.0
2026-04-18 23:00:00,64.3,27.4,69.0,0.0,1.9,139.0,1005.7,265.0
2026-04-19 00:00:00,47.2,28.9,64.0,0.0,2.6,231.0,1006.1,810.0
2026-04-19 01:00:00,46.9,30.8,54.0,0.0,2.4,222.0,1006.5,1165.0
2026-04-19 02:00:00,45.3,32.1,48.0,0.0,1.9,236.0,1006.4,1435.0
2026-04-19 03:00:00,46.1,32.9,44.0,0.0,3.3,234.0,1005.8,1535.0
2026-04-19 04:00:00,38.8,33.7,41.0,0.0,5.0,235.0,1004.9,1570.0
2026-04-19 05:00:00,36.8,34.3,40.0,0.0,7.2,233.0,1003.8,1655.0
2026-04-19 06:00:00,35.6,33.6,43.0,0.0,10.4,247.0,1003.1,1575.0
2026-04-19 07:00:00,35.4,33.4,44.0,0.3,8.9,238.0,1002.8,1500.0
2026-04-19 08:00:00,37.2,33.3,43.0,0.0,8.1,235.0,1002.8,1585.0
2026-04-19 09:00:00,39.5,31.2,51.0,0.3,13.1,227.0,1003.4,950.0
2026-04-19 10:00:00,41.6,29.3,57.0,0.3,14.7,200.0,1003.7,490.0
2026-04-19 11:00:00,54.3,29.1,59.0,0.0,10.3,193.0,1004.5,480.0
2026-04-19 12:00:00,69.9,29.4,60.0,0.0,7.0,162.0,1005.2,680.0
2026-04-19 13:00:00,53.2,28.8,61.0,0.0,4.1,151.0,1005.8,300.0
2026-04-19 14:00:00,49.1,28.8,61.0,0.0,1.0,135.0,1006.4,210.0
2026-04-19 15:00:00,49.0,28.5,63.0,0.0,2.3,113.0,1006.5,195.0
2026-04-19 16:00:00,58.1,28.1,66.0,0.0,2.7,110.0,1006.1,110.0
2026-04-19 17:00:00,65.3,27.7,69.0,0.0,1.8,79.0,1005.6,85.0
2026-04-19 18:00:00,67.1,27.3,71.0,0.0,3.0,104.0,1005.4,150.0
2026-04-19 19:00:00,67.0,26.5,74.0,0.4,4.0,350.0,1005.3,220.0
2026-04-19 20:00:00,73.5,26.3,74.0,0.0,3.5,332.0,1005.2,260.0
2026-04-19 21:00:00,74.5,26.3,74.0,0.0,3.3,41.0,1005.6,220.0
2026-04-19 22:00:00,71.5,26.2,76.0,0.0,2.9,43.0,1005.8,140.0
2026-04-19 23:00:00,83.6,27.2,71.0,0.0,2.5,30.0,1006.3,225.0
2026-04-20 00:00:00,78.6,29.0,61.0,0.0,0.5,180.0,1007.2,920.0
2026-04-20 01:00:00,47.8,30.4,56.0,0.0,2.8,153.0,1007.3,1225.0
2026-04-20 02:00:00,46.7,31.8,50.0,0.0,3.1,126.0,1007.1,1545.0
2026-04-20 03:00:00,42.1,33.1,45.0,0.0,2.2,104.0,1006.6,1640.0
2026-04-20 04:00:00,39.8,34.1,39.0,0.0,2.7,238.0,1005.7,1735.0
2026-04-20 05:00:00,36.7,34.8,37.0,0.0,7.4,241.0,1004.6,1870.0
2026-04-20 06:00:00,35.2,34.3,40.0,0.1,9.7,242.0,1003.7,1870.0
2026-04-20 07:00:00,36.4,34.2,40.0,0.1,10.3,241.0,1003.2,1855.0
2026-04-20 08:00:00,40.6,34.0,38.0,0.1,8.1,238.0,1002.8,1870.0
2026-04-20 09:00:00,41.4,33.3,40.0,0.0,8.3,198.0,1002.9,1660.0
2026-04-20 10:00:00,47.5,31.9,49.0,0.0,8.6,129.0,1003.6,815.0
2026-04-20 11:00:00,45.4,30.7,55.0,0.0,8.7,108.0,1004.5,660.0
2026-04-20 12:00:00,52.6,30.2,57.0,0.0,8.0,118.0,1005.0,365.0
2026-04-20 13:00:00,50.8,29.8,56.0,0.0,5.8,126.0,1005.9,360.0
2026-04-20 14:00:00,49.9,29.2,58.0,0.0,3.4,137.0,1006.6,320.0
2026-04-20 15:00:00,51.0,28.8,60.0,0.0,3.3,241.0,1007.0,335.0
2026-04-20 16:00:00,48.7,28.4,62.0,0.0,4.5,230.0,1006.6,355.0
2026-04-20 17:00:00,48.5,27.9,64.0,0.0,3.3,174.0,1005.9,350.0
2026-04-20 18:00:00,45.5,27.4,66.0,0.0,3.9,152.0,1005.7,340.0
2026-04-20 19:00:00,44.7,27.0,68.0,0.0,4.2,137.0,1005.2,230.0
2026-04-20 20:00:00,47.0,26.5,70.0,0.0,5.1,117.0,1005.4,175.0
2026-04-20 21:00:00,49.5,26.2,72.0,0.0,4.6,111.0,1005.5,100.0
2026-04-20 22:00:00,52.2,25.9,73.0,0.0,5.1,108.0,1006.2,95.0
2026-04-20 23:00:00,52.7,27.1,66.0,0.0,3.0,123.0,1006.6,250.0
2026-04-21 00:00:00,38.3,28.7,60.0,0.0,1.2,117.0,1007.2,765.0
2026-04-21 01:00:00,30.7,31.2,50.0,0.0,3.9,112.0,1007.1,1260.0
2026-04-21 02:00:00,30.3,33.3,40.0,0.0,7.0,132.0,1006.6,1700.0
2026-04-21 03:00:00,30.3,34.2,38.0,0.0,9.7,130.0,1006.1,1915.0
2026-04-21 04:00:00,29.9,35.5,34.0,0.0,9.9,136.0,1004.8,2195.0
2026-04-21 05:00:00,29.9,35.9,32.0,0.0,10.7,138.0,1003.8,2270.0
2026-04-21 06:00:00,30.9,36.1,29.0,0.0,12.5,126.0,1002.7,2445.0
2026-04-21 07:00:00,31.7,36.0,29.0,0.0,13.2,121.0,1001.9,2340.0
2026-04-21 08:00:00,32.0,35.4,30.0,0.0,12.9,118.0,1001.6,2095.0
2026-04-21 09:00:00,34.2,34.1,34.0,0.0,12.9,118.0,1002.0,1545.0
2026-04-21 10:00:00,33.1,32.1,43.0,0.0,12.6,114.0,1002.8,935.0
2026-04-21 11:00:00,34.5,30.4,51.0,0.0,9.5,105.0,1003.5,695.0
2026-04-21 12:00:00,34.8,29.6,58.0,0.0,8.4,113.0,1004.6,595.0
2026-04-21 13:00:00,32.9,29.1,61.0,0.0,5.7,139.0,1005.0,580.0
2026-04-21 14:00:00,31.3,28.8,63.0,0.0,5.8,164.0,1005.8,585.0
2026-04-21 15:00:00,31.2,28.3,65.0,0.0,4.7,171.0,1006.2,595.0
2026-04-21 16:00:00,32.0,27.9,67.0,0.0,4.3,182.0,1005.8,555.0
2026-04-21 17:00:00,32.8,27.5,68.0,0.0,2.7,184.0,1005.4,535.0
2026-04-21 18:00:00,34.9,27.5,66.0,0.0,0.7,104.0,1005.1,660.0
2026-04-21 19:00:00,40.0,27.3,66.0,0.0,2.2,114.0,1004.6,560.0
2026-04-21 20:00:00,46.0,26.8,68.0,0.0,3.0,115.0,1004.5,105.0
2026-04-21 21:00:00,45.4,26.2,70.0,0.0,3.4,115.0,1004.7,65.0
2026-04-21 22:00:00,47.7,25.7,73.0,0.0,3.1,114.0,1005.2,55.0
2026-04-21 23:00:00,48.0,26.7,67.0,0.0,1.7,148.0,1006.0,340.0
2026-04-22 00:00:00,36.5,28.5,59.0,0.0,2.2,279.0,1006.4,745.0
2026-04-22 01:00:00,30.1,30.7,51.0,0.0,1.4,220.0,1006.4,1200.0
2026-04-22 02:00:00,28.7,33.3,39.0,0.0,4.1,124.0,1005.8,1785.0
2026-04-22 03:00:00,28.9,34.8,33.0,0.0,6.6,139.0,1005.1,2170.0
2026-04-22 04:00:00,28.1,35.5,31.0,0.0,7.4,173.0,1004.4,2275.0
2026-04-22 05:00:00,29.5,35.7,30.0,0.0,9.9,170.0,1003.5,2235.0
2026-04-22 06:00:00,30.9,35.7,28.0,0.0,16.1,143.0,1002.5,2225.0
2026-04-22 07:00:00,32.6,35.4,27.0,0.0,18.4,140.0,1001.9,2005.0
2026-04-22 08:00:00,33.3,35.1,27.0,0.0,14.4,143.0,1001.9,1890.0
2026-04-22 09:00:00,34.5,34.3,30.0,0.0,13.6,134.0,1001.8,1580.0
2026-04-22 10:00:00,37.4,32.8,37.0,0.0,12.6,114.0,1002.3,840.0
2026-04-22 11:00:00,40.2,31.5,42.0,0.0,10.1,117.0,1002.9,590.0
2026-04-22 12:00:00,42.8,30.4,51.0,0.0,10.6,132.0,1003.9,555.0
2026-04-22 13:00:00,39.7,29.9,54.0,0.0,9.2,133.0,1004.5,525.0
2026-04-22 14:00:00,38.8,29.4,57.0,0.0,7.1,135.0,1005.0,420.0
2026-04-22 15:00:00,37.3,28.8,61.0,0.0,4.6,141.0,1005.4,325.0
2026-04-22 16:00:00,37.0,28.2,64.0,0.0,1.9,287.0,1004.9,335.0
2026-04-22 17:00:00,33.9,27.5,67.0,0.0,3.7,305.0,1004.8,365.0
2026-04-22 18:00:00,37.9,26.6,70.0,0.0,1.0,329.0,1004.5,280.0
2026-04-22 19:00:00,42.1,26.6,70.0,0.0,1.9,151.0,1004.1,275.0
2026-04-22 20:00:00,42.3,26.5,71.0,0.0,3.3,144.0,1004.3,275.0
2026-04-22 21:00:00,42.9,26.2,73.0,0.0,2.7,148.0,1004.5,255.0
2026-04-22 22:00:00,44.9,25.9,75.0,0.0,3.4,162.0,1005.0,220.0
2026-04-22 23:00:00,44.8,26.7,71.0,0.0,2.7,172.0,1005.7,270.0
2026-04-23 00:00:00,37.7,28.8,60.0,0.0,1.4,220.0,1006.0,495.0
2026-04-23 01:00:00,33.7,30.9,50.0,0.0,2.4,257.0,1006.0,1115.0
2026-04-23 02:00:00,32.0,32.5,44.0,0.0,3.3,257.0,1005.3,1570.0
2026-04-23 03:00:00,30.3,33.9,40.0,0.0,5.4,244.0,1004.5,1805.0
2026-04-23 04:00:00,28.6,34.9,38.0,0.0,6.9,233.0,1003.7,1905.0
2026-04-23 05:00:00,27.1,35.2,37.0,0.1,7.5,233.0,1002.8,1915.0
2026-04-23 06:00:00,26.6,35.5,34.0,0.1,8.7,230.0,1001.7,2040.0
2026-04-23 07:00:00,26.0,35.4,34.0,0.2,11.6,223.0,1001.2,1930.0
2026-04-23 08:00:00,29.6,35.1,34.0,0.0,12.9,199.0,1000.9,1720.0
2026-04-23 09:00:00,33.2,34.2,35.0,0.0,18.1,159.0,1001.3,1315.0
2026-04-23 10:00:00,34.4,32.7,37.0,0.0,15.2,133.0,1002.2,895.0
2026-04-23 11:00:00,38.4,31.5,42.0,0.0,11.7,99.0,1003.1,485.0
2026-04-23 12:00:00,42.0,31.4,41.0,0.0,4.5,182.0,1004.2,420.0
2026-04-23 13:00:00,41.6,30.8,46.0,0.0,5.7,167.0,1005.0,395.0
2026-04-23 14:00:00,40.1,29.8,57.0,0.0,6.2,163.0,1005.6,385.0
2026-04-23 15:00:00,36.6,29.0,65.0,0.0,4.4,142.0,1006.0,375.0
2026-04-23 16:00:00,46.0,28.4,68.0,0.0,3.0,107.0,1005.4,355.0
2026-04-23 17:00:00,47.2,28.1,67.0,0.0,1.4,113.0,1005.3,120.0
2026-04-23 18:00:00,43.8,27.5,71.0,0.0,1.0,121.0,1004.8,60.0
2026-04-23 19:00:00,42.7,27.3,72.0,0.0,0.4,360.0,1004.8,70.0
2026-04-23 20:00:00,43.6,27.0,73.0,0.0,1.0,22.0,1005.1,75.0
2026-04-23 21:00:00,43.2,26.7,73.0,0.0,2.3,23.0,1005.8,80.0
2026-04-23 22:00:00,46.7,26.4,72.0,0.0,1.4,40.0,1006.7,60.0
2026-04-23 23:00:00,54.3,27.6,66.0,0.0,0.0,270.0,1007.2,295.0
2026-04-24 00:00:00,46.9,29.3,59.0,0.0,1.1,198.0,1007.5,615.0
2026-04-24 01:00:00,44.7,31.3,52.0,0.0,1.7,221.0,1007.8,1195.0
2026-04-24 02:00:00,38.6,33.0,44.0,0.0,2.7,238.0,1007.3,1580.0
2026-04-24 03:00:00,33.9,34.4,38.0,0.0,5.2,250.0,1006.6,1720.0
2026-04-24 04:00:00,,35.0,37.0,0.0,7.6,242.0,1005.7,1725.0
2026-04-24 05:00:00,26.9,35.1,37.0,0.0,10.3,229.0,1004.7,1610.0
2026-04-24 06:00:00,24.0,35.0,37.0,0.0,10.3,215.0,1003.8,1525.0
2026-04-24 07:00:00,22.4,35.6,34.0,0.0,10.8,191.0,1002.9,1930.0
2026-04-24 08:00:00,22.7,35.7,34.0,0.0,12.5,164.0,1002.6,1925.0
2026-04-24 09:00:00,25.2,34.6,39.0,0.0,15.2,150.0,1002.6,1435.0
2026-04-24 10:00:00,25.1,32.9,44.0,0.0,16.0,133.0,1003.6,790.0
2026-04-24 11:00:00,36.6,31.5,50.0,0.0,10.4,118.0,1004.6,515.0
2026-04-24 12:00:00,36.2,30.9,53.0,0.0,9.5,109.0,1005.2,480.0
2026-04-24 13:00:00,33.0,30.7,55.0,0.0,4.7,187.0,1006.1,440.0
2026-04-24 14:00:00,32.5,30.2,58.0,0.0,3.3,216.0,1007.0,415.0
2026-04-24 15:00:00,32.6,29.8,60.0,0.0,2.6,348.0,1007.4,485.0
2026-04-24 16:00:00,34.5,29.3,62.0,0.0,5.0,2.0,1007.0,480.0
2026-04-24 17:00:00,34.0,28.5,64.0,0.0,3.6,357.0,1006.7,315.0
2026-04-24 18:00:00,37.6,27.7,71.0,0.0,4.2,36.0,1006.3,220.0
2026-04-24 19:00:00,31.9,27.5,71.0,0.0,5.0,120.0,1006.0,155.0
2026-04-24 20:00:00,28.7,27.3,72.0,0.0,5.1,138.0,1006.1,180.0
2026-04-24 21:00:00,28.7,27.0,74.0,0.0,3.1,118.0,1006.5,115.0
2026-04-24 22:00:00,35.4,26.8,74.0,0.0,2.6,16.0,1007.1,120.0
2026-04-24 23:00:00,37.4,27.8,69.0,0.0,0.5,315.0,1007.6,210.0
2026-04-25 00:00:00,33.6,30.1,58.0,0.0,1.6,270.0,1008.1,730.0
2026-04-25 01:00:00,23.5,32.2,48.0,0.0,3.9,223.0,1008.1,1500.0
2026-04-25 02:00:00,24.7,33.9,40.0,0.0,5.6,222.0,1007.5,1795.0
2026-04-25 03:00:00,19.6,35.1,35.0,0.0,5.7,233.0,1006.7,1885.0
2026-04-25 04:00:00,18.1,35.6,33.0,0.0,4.8,248.0,1005.9,1915.0
2026-04-25 05:00:00,11.0,36.2,32.0,0.0,3.6,252.0,1004.8,1990.0
2026-04-25 06:00:00,11.8,35.9,33.0,0.1,4.0,216.0,1003.4,1915.0
2026-04-25 07:00:00,16.0,36.3,32.0,0.1,4.1,193.0,1003.0,2030.0
2026-04-25 08:00:00,15.3,36.2,31.0,0.1,6.0,159.0,1003.1,2035.0
2026-04-25 09:00:00,17.8,34.7,39.0,0.1,10.7,131.0,1003.3,1720.0
2026-04-25 10:00:00,21.5,32.9,48.0,0.2,13.4,129.0,1004.3,1000.0
2026-04-25 11:00:00,23.5,31.3,55.0,0.0,14.6,120.0,1005.2,690.0
2026-04-25 12:00:00,27.7,30.7,61.0,0.0,10.3,139.0,1006.1,675.0
2026-04-25 13:00:00,26.0,30.4,61.0,0.0,8.3,147.0,1006.5,630.0
2026-04-25 14:00:00,23.3,30.0,60.0,0.0,5.2,136.0,1007.0,585.0
2026-04-25 15:00:00,21.3,29.8,60.0,0.0,2.0,350.0,1007.2,560.0
2026-04-25 16:00:00,23.0,29.3,65.0,0.0,5.3,336.0,1006.1,615.0
2026-04-25 17:00:00,27.7,28.7,69.0,0.0,5.1,337.0,1005.4,515.0
2026-04-25 18:00:00,19.1,28.0,72.0,0.0,6.0,5.0,1005.1,430.0
2026-04-25 19:00:00,28.0,27.8,72.0,0.0,5.0,360.0,1004.9,330.0
2026-04-25 20:00:00,32.7,27.4,74.0,0.0,4.3,2.0,1004.9,270.0
2026-04-25 21:00:00,35.4,27.0,75.0,0.0,3.0,52.0,1005.2,220.0
2026-04-25 22:00:00,33.3,27.1,73.0,0.0,4.1,131.0,1005.9,235.0
2026-04-25 23:00:00,35.3,28.0,69.0,0.0,3.8,172.0,1006.4,355.0
2026-04-26 00:00:00,27.3,29.1,65.0,0.0,2.9,240.0,1007.3,530.0
2026-04-26 01:00:00,18.7,31.1,56.0,0.0,3.8,262.0,1007.2,840.0
2026-04-26 02:00:00,18.6,32.8,49.0,0.0,3.6,270.0,1006.5,1325.0
2026-04-26 03:00:00,13.2,34.5,43.0,0.0,4.7,254.0,1005.6,1540.0
2026-04-26 04:00:00,5.2,35.6,38.0,0.0,6.5,251.0,1004.7,1700.0
2026-04-26 05:00:00,4.6,36.1,36.0,0.0,8.8,247.0,1003.5,1820.0
2026-04-26 06:00:00,1.8,36.1,35.0,0.1,8.6,221.0,1002.3,1820.0
2026-04-26 07:00:00,3.6,36.2,33.0,0.0,7.0,228.0,1001.8,1870.0
2026-04-26 08:00:00,5.2,36.0,33.0,0.1,6.3,235.0,1001.6,2005.0
2026-04-26 09:00:00,8.9,34.7,37.0,0.2,6.6,189.0,1002.1,1430.0
2026-04-26 10:00:00,7.6,33.5,45.0,0.1,8.8,113.0,1003.1,1240.0
2026-04-26 11:00:00,12.8,32.0,55.0,0.0,9.1,100.0,1004.0,700.0
2026-04-26 12:00:00,12.7,30.6,63.0,0.0,6.4,112.0,1004.8,500.0
2026-04-26 13:00:00,35.0,30.8,64.0,0.2,4.0,80.0,1005.5,650.0
2026-04-26 14:00:00,28.6,29.4,67.0,0.1,2.1,329.0,1006.3,590.0
2026-04-26 15:00:00,0.9,29.2,65.0,0.0,7.6,274.0,1006.2,660.0
2026-04-26 16:00:00,0.3,28.9,65.0,0.0,2.9,259.0,1005.4,335.0
2026-04-26 17:00:00,0.2,28.9,65.0,0.0,3.2,214.0,1005.0,475.0
2026-04-26 18:00:00,5.6,28.9,63.0,0.0,2.9,313.0,1004.7,640.0
2026-04-26 19:00:00,19.9,28.9,63.0,0.0,2.1,322.0,1004.3,590.0
2026-04-26 20:00:00,24.6,28.4,65.0,0.0,1.1,270.0,1004.2,560.0
2026-04-26 21:00:00,23.0,28.1,67.0,0.0,2.4,171.0,1004.5,495.0
2026-04-26 22:00:00,24.1,27.8,68.0,0.0,1.1,270.0,1005.0,440.0
2026-04-26 23:00:00,30.0,28.4,66.0,0.0,1.5,330.0,1005.6,515.0
2026-04-27 00:00:00,27.1,29.9,60.0,0.0,1.9,287.0,1006.2,625.0
2026-04-27 01:00:00,12.0,32.0,53.0,0.0,2.3,247.0,1006.3,1170.0
2026-04-27 02:00:00,0.0,33.8,45.0,0.0,4.9,182.0,1006.0,1595.0
2026-04-27 03:00:00,0.0,35.0,40.0,0.0,4.9,170.0,1005.1,1770.0
2026-04-27 04:00:00,0.3,35.7,37.0,0.2,4.8,160.0,1004.5,1850.0
2026-04-27 05:00:00,7.3,36.0,37.0,0.4,4.2,108.0,1003.6,1975.0
2026-04-27 06:00:00,0.5,36.3,34.0,0.2,3.5,171.0,1002.2,2175.0
2026-04-27 07:00:00,1.3,36.0,35.0,0.0,5.2,136.0,1001.7,2105.0
2026-04-27 08:00:00,0.2,35.3,38.0,0.2,8.4,101.0,1001.6,1810.0
2026-04-27 09:00:00,0.7,34.0,43.0,0.1,11.3,90.0,1002.0,1375.0
2026-04-27 10:00:00,2.6,32.4,51.0,0.2,11.2,111.0,1003.1,1135.0
2026-04-27 11:00:00,3.4,31.0,55.0,0.0,9.7,109.0,1004.2,970.0
2026-04-27 12:00:00,2.1,30.7,57.0,0.0,8.4,121.0,1004.8,910.0
2026-04-27 13:00:00,1.2,30.4,57.0,0.0,7.1,128.0,1005.2,880.0
2026-04-27 14:00:00,0.3,29.8,59.0,0.0,6.1,137.0,1005.2,735.0
2026-04-27 15:00:00,0.1,29.4,61.0,0.0,5.2,153.0,1005.2,685.0
2026-04-27 16:00:00,0.0,29.1,62.0,0.0,4.0,162.0,1004.7,695.0
2026-04-27 17:00:00,0.0,28.8,64.0,0.0,3.3,144.0,1004.6,665.0
2026-04-27 18:00:00,0.0,29.0,63.0,0.0,3.0,155.0,1004.1,715.0
2026-04-27 19:00:00,0.1,28.8,65.0,0.0,3.3,139.0,1003.9,635.0
2026-04-27 20:00:00,19.1,28.6,66.0,0.0,2.6,124.0,1003.9,625.0
2026-04-27 21:00:00,30.8,28.3,67.0,0.0,1.5,111.0,1004.5,705.0
2026-04-27 22:00:00,27.6,28.3,67.0,0.0,1.6,84.0,1005.0,635.0
2026-04-27 23:00:00,13.3,28.9,65.0,0.0,1.8,143.0,1005.4,815.0
2026-04-28 00:00:00,5.1,30.3,57.0,0.0,3.1,135.0,1006.1,1035.0
2026-04-28 01:00:00,3.7,32.7,49.0,0.0,7.9,120.0,1006.3,1525.0
2026-04-28 02:00:00,0.1,33.8,46.0,0.1,12.3,117.0,1005.9,1680.0
2026-04-28 03:00:00,0.1,33.7,46.0,0.0,12.3,95.0,1005.5,1605.0
2026-04-28 04:00:00,0.2,34.8,43.0,0.0,12.3,121.0,1004.6,1805.0
2026-04-28 05:00:00,0.0,35.7,41.0,0.0,14.6,136.0,1003.6,1975.0
2026-04-28 06:00:00,1.0,35.8,40.0,0.0,13.7,142.0,1002.7,1965.0
2026-04-28 07:00:00,0.6,35.7,39.0,0.1,12.0,134.0,1002.2,1905.0
2026-04-28 08:00:00,2.5,34.6,43.0,0.0,12.5,129.0,1002.0,1715.0
2026-04-28 09:00:00,5.2,33.2,47.0,0.1,9.4,122.0,1002.7,1420.0
2026-04-28 10:00:00,5.0,32.4,49.0,0.1,8.5,83.0,1003.8,1355.0
2026-04-28 11:00:00,5.7,31.0,53.0,0.5,3.3,306.0,1005.3,1010.0
2026-04-28 12:00:00,5.0,30.6,58.0,1.2,4.5,61.0,1005.1,845.0
2026-04-28 13:00:00,5.7,30.4,60.0,0.0,3.7,76.0,1005.7,840.0
2026-04-28 14:00:00,3.4,30.1,60.0,0.0,3.4,115.0,1006.3,755.0
2026-04-28 15:00:00,2.3,29.7,60.0,0.0,2.7,122.0,1006.4,735.0
2026-04-28 16:00:00,1.7,29.4,60.0,0.0,1.1,189.0,1006.2,715.0
2026-04-28 17:00:00,6.5,29.1,62.0,0.0,1.2,231.0,1005.4,660.0
2026-04-28 18:00:00,19.9,26.3,83.0,0.0,1.5,159.0,1004.9,185.0
2026-04-28 19:00:00,17.1,26.7,78.0,0.0,1.9,131.0,1004.7,310.0
2026-04-28 20:00:00,18.5,26.9,75.0,0.0,2.8,130.0,1004.7,275.0
2026-04-28 21:00:00,29.3,27.1,74.0,0.0,3.3,131.0,1005.1,400.0
2026-04-28 22:00:00,22.5,27.0,75.0,0.0,4.1,135.0,1005.7,385.0
2026-04-28 23:00:00,16.3,27.9,71.0,0.0,4.0,95.0,1006.1,645.0
2026-04-29 00:00:00,8.9,29.8,63.0,0.0,1.0,338.0,1006.5,915.0
2026-04-29 01:00:00,4.6,32.3,52.0,0.0,2.3,86.0,1007.0,1390.0
2026-04-29 02:00:00,2.7,33.9,44.0,0.0,2.0,207.0,1006.9,1705.0
2026-04-29 03:00:00,17.2,34.8,41.0,0.0,3.2,236.0,1006.2,1895.0
2026-04-29 04:00:00,28.5,35.6,40.0,0.0,5.4,264.0,1005.3,2005.0
2026-04-29 05:00:00,0.4,36.2,38.0,0.0,6.0,261.0,1004.3,2090.0
2026-04-29 06:00:00,17.8,36.1,35.0,0.0,9.4,241.0,1003.8,2100.0
2026-04-29 07:00:00,24.7,35.6,37.0,0.4,7.5,253.0,1003.4,1995.0
2026-04-29 08:00:00,25.3,35.6,35.0,0.0,4.6,259.0,1003.1,2040.0
2026-04-29 09:00:00,26.1,35.3,34.0,0.0,0.9,307.0,1003.3,2040.0
2026-04-29 10:00:00,13.8,34.2,38.0,0.0,7.1,71.0,1004.1,1695.0
2026-04-29 11:00:00,16.4,32.6,44.0,0.0,8.5,78.0,1004.7,585.0
2026-04-29 12:00:00,13.1,31.1,49.0,0.0,7.2,108.0,1005.4,435.0
2026-04-29 13:00:00,6.7,30.4,53.0,0.0,4.5,151.0,1006.2,410.0
2026-04-29 14:00:00,5.6,29.8,56.0,0.0,4.5,194.0,1006.9,400.0
2026-04-29 15:00:00,6.6,29.3,57.0,0.0,3.7,194.0,1007.1,410.0
2026-04-29 16:00:00,20.5,29.0,56.0,0.0,3.5,145.0,1007.2,360.0
2026-04-29 17:00:00,28.4,28.5,57.0,0.0,3.8,139.0,1006.9,270.0
2026-04-29 18:00:00,35.2,27.8,58.0,0.0,2.8,79.0,1006.6,85.0
2026-04-29 19:00:00,25.2,27.4,61.0,0.0,2.9,68.0,1006.2,65.0
2026-04-29 20:00:00,17.6,26.8,66.0,0.0,4.0,39.0,1006.0,90.0
2026-04-29 21:00:00,19.3,26.3,70.0,0.0,5.2,22.0,1006.1,140.0
2026-04-29 22:00:00,30.4,25.9,73.0,0.0,5.3,28.0,1006.5,160.0
2026-04-29 23:00:00,15.5,27.1,69.0,0.0,4.0,360.0,1006.7,245.0
2026-04-30 00:00:00,6.3,29.4,56.0,0.0,3.0,232.0,1007.0,455.0
2026-04-30 01:00:00,7.1,31.5,48.0,0.0,4.6,228.0,1007.1,790.0
2026-04-30 02:00:00,8.7,33.2,44.0,0.0,6.4,252.0,1006.4,1455.0
2026-04-30 03:00:00,36.2,34.5,41.0,0.0,10.1,266.0,1005.9,1780.0
2026-04-30 04:00:00,32.3,35.6,38.0,0.0,15.0,266.0,1005.3,2220.0
2026-04-30 05:00:00,13.6,35.7,39.0,0.0,17.5,250.0,1004.5,1270.0
2026-04-30 06:00:00,3.2,34.6,44.0,0.1,15.6,241.0,1003.7,1115.0
2026-04-30 07:00:00,5.3,34.6,42.0,0.2,13.2,239.0,1003.1,900.0
2026-04-30 08:00:00,5.1,35.3,41.0,0.1,10.3,245.0,1002.9,2035.0
2026-04-30 09:00:00,7.3,35.4,41.0,0.0,6.4,260.0,1003.0,2080.0
2026-04-30 10:00:00,12.7,34.3,39.0,0.0,3.1,90.0,1003.7,1335.0
2026-04-30 11:00:00,17.1,32.6,42.0,0.0,5.8,97.0,1004.7,665.0
2026-04-30 12:00:00,13.2,31.5,47.0,0.0,4.8,155.0,1005.2,490.0
2026-04-30 13:00:00,12.0,30.8,51.0,0.0,6.6,193.0,1005.7,480.0
2026-04-30 14:00:00,12.6,30.2,56.0,0.0,5.4,206.0,1006.6,585.0
2026-04-30 15:00:00,12.9,29.9,57.0,0.0,1.5,240.0,1006.8,635.0
2026-04-30 16:00:00,22.0,29.7,56.0,0.0,2.0,117.0,1006.2,465.0
2026-04-30 17:00:00,26.2,29.1,59.0,0.0,3.6,127.0,1005.5,190.0
2026-04-30 18:00:00,20.7,28.1,63.0,0.0,4.4,97.0,1005.3,110.0
2026-04-30 19:00:00,30.8,27.9,64.0,0.0,5.1,100.0,1004.7,145.0
2026-04-30 20:00:00,29.7,27.7,64.0,0.0,5.5,134.0,1004.8,185.0
2026-04-30 21:00:00,27.5,27.6,68.0,0.0,5.5,139.0,1005.1,270.0
2026-04-30 22:00:00,27.9,27.4,73.0,0.0,3.6,127.0,1005.6,240.0
2026-04-30 23:00:00,31.5,28.2,70.0,0.0,1.1,99.0,1006.1,530.0
2026-05-01 00:00:00,21.9,29.8,58.0,0.0,3.9,298.0,1006.7,925.0
2026-05-01 01:00:00,5.5,31.7,52.0,0.0,2.2,228.0,1006.7,1395.0
2026-05-01 02:00:00,0.1,32.8,50.0,0.0,4.9,184.0,1006.2,1435.0
2026-05-01 03:00:00,0.1,34.8,45.0,0.0,1.9,214.0,1005.7,1780.0
2026-05-01 04:00:00,0.0,35.9,41.0,0.0,1.8,276.0,1005.0,1985.0
2026-05-01 05:00:00,17.0,36.8,37.0,0.0,4.2,282.0,1003.9,2160.0
2026-05-01 06:00:00,11.2,36.8,36.0,0.0,5.6,264.0,1003.1,2200.0
2026-05-01 07:00:00,3.7,36.8,36.0,0.0,5.2,274.0,1002.6,2180.0
2026-05-01 08:00:00,8.0,36.3,36.0,0.0,2.6,282.0,1002.4,2110.0
2026-05-01 09:00:00,3.6,35.5,37.0,0.0,6.8,58.0,1002.6,1890.0
2026-05-01 10:00:00,1.2,33.6,44.0,0.0,10.7,76.0,1003.4,1035.0
2026-05-01 11:00:00,2.2,31.8,51.0,0.0,9.9,112.0,1004.2,715.0
2026-05-01 12:00:00,2.6,30.7,56.0,0.0,9.5,104.0,1004.8,625.0
2026-05-01 13:00:00,1.9,30.4,56.0,0.0,6.4,108.0,1005.0,590.0
2026-05-01 14:00:00,1.3,30.0,57.0,0.0,4.0,129.0,1005.8,555.0
2026-05-01 15:00:00,1.3,29.6,58.0,0.0,3.8,149.0,1005.6,490.0
2026-05-01 16:00:00,2.0,29.2,60.0,0.0,3.3,84.0,1005.3,450.0
2026-05-01 17:00:00,1.0,28.9,62.0,0.0,1.0,338.0,1004.8,480.0
2026-05-01 18:00:00,0.6,28.5,63.0,0.0,0.5,315.0,1004.5,525.0
2026-05-01 19:00:00,0.3,28.4,64.0,0.0,3.0,303.0,1003.9,545.0
2026-05-01 20:00:00,11.0,28.1,65.0,0.0,5.4,300.0,1004.2,470.0
2026-05-01 21:00:00,16.2,27.8,67.0,0.0,5.0,296.0,1004.7,285.0
2026-05-01 22:00:00,20.6,27.6,68.0,0.0,2.7,302.0,1005.1,125.0
2026-05-01 23:00:00,7.2,28.5,64.0,0.0,1.3,262.0,1005.8,620.0
2026-05-02 00:00:00,0.9,30.0,58.0,0.0,1.8,259.0,1005.9,800.0
2026-05-02 01:00:00,1.3,32.1,52.0,0.0,2.8,230.0,1005.9,1250.0
2026-05-02 02:00:00,2.0,34.1,44.0,0.0,2.7,217.0,1005.8,1730.0
2026-05-02 03:00:00,2.1,35.2,40.0,0.0,3.2,273.0,1005.1,1915.0
2026-05-02 04:00:00,0.0,36.0,37.0,0.2,3.4,286.0,1004.5,2090.0
2026-05-02 05:00:00,0.1,36.8,34.0,0.3,3.1,298.0,1003.4,2235.0
2026-05-02 06:00:00,2.7,37.2,30.0,0.1,6.0,299.0,1002.5,2495.0
2026-05-02 07:00:00,2.6,36.8,30.0,0.0,5.8,284.0,1001.7,2225.0
2026-05-02 08:00:00,0.1,36.1,33.0,0.0,2.3,288.0,1001.5,1960.0
2026-05-02 09:00:00,0.2,34.6,39.0,0.0,6.0,65.0,1001.9,1640.0
2026-05-02 10:00:00,1.6,33.1,48.0,0.0,12.3,104.0,1003.0,1230.0
2026-05-02 11:00:00,4.2,31.3,56.0,0.0,11.9,101.0,1003.9,855.0
2026-05-02 12:00:00,9.2,30.5,59.0,0.0,10.2,97.0,1004.4,765.0
2026-05-02 13:00:00,5.5,30.1,60.0,0.0,9.0,113.0,1004.9,685.0
2026-05-02 14:00:00,5.5,29.6,61.0,0.0,6.8,117.0,1005.3,560.0
2026-05-02 15:00:00,6.5,29.3,62.0,0.0,4.4,111.0,1005.3,505.0
2026-05-02 16:00:00,3.8,29.0,63.0,0.0,2.2,125.0,1005.1,555.0
2026-05-02 17:00:00,10.6,28.8,64.0,0.0,1.5,83.0,1005.2,515.0
2026-05-02 18:00:00,25.6,28.2,66.0,0.0,6.0,49.0,1004.7,355.0
2026-05-02 19:00:00,24.4,27.5,69.0,0.0,4.3,42.0,1004.4,125.0
2026-05-02 20:00:00,19.4,27.1,72.0,0.0,3.5,21.0,1004.2,100.0
2026-05-02 21:00:00,17.6,27.0,73.0,0.0,2.6,25.0,1004.5,95.0
2026-05-02 22:00:00,13.3,26.9,73.0,0.0,2.2,24.0,1004.8,100.0
2026-05-02 23:00:00,7.1,27.8,68.0,0.0,3.7,337.0,1005.1,350.0
2026-05-03 00:00:00,8.9,29.4,62.0,0.0,4.4,249.0,1005.8,590.0
2026-05-03 01:00:00,3.8,31.1,56.0,0.0,4.5,256.0,1006.0,970.0
2026-05-03 02:00:00,0.2,33.2,49.0,0.0,6.2,249.0,1006.0,1415.0
2026-05-03 03:00:00,0.0,34.8,42.0,0.0,6.7,256.0,1005.3,1765.0
2026-05-03 04:00:00,0.0,36.2,38.0,0.0,7.8,262.0,1004.6,2065.0
2026-05-03 05:00:00,0.6,36.7,36.0,0.0,9.8,265.0,1003.4,2135.0
2026-05-03 06:00:00,0.2,36.5,36.0,0.0,10.6,267.0,1002.5,2150.0
2026-05-03 07:00:00,0.2,35.8,39.0,0.0,11.0,266.0,1002.0,2040.0
2026-05-03 08:00:00,0.1,35.8,39.0,0.0,9.7,269.0,1001.9,2020.0
2026-05-03 09:00:00,2.1,35.6,40.0,0.0,9.6,256.0,1001.7,2040.0
2026-05-03 10:00:00,12.0,34.8,40.0,0.0,4.1,193.0,1002.3,1810.0
2026-05-03 11:00:00,10.6,32.7,49.0,0.0,11.3,127.0,1003.2,650.0
2026-05-03 12:00:00,4.2,31.6,51.0,0.0,8.4,121.0,1003.8,410.0
2026-05-03 13:00:00,2.4,31.0,52.0,0.0,6.1,124.0,1004.2,370.0
2026-05-03 14:00:00,0.2,30.3,55.0,0.0,5.5,161.0,1005.0,390.0
2026-05-03 15:00:00,0.5,29.3,63.0,0.0,6.5,175.0,1005.2,485.0
2026-05-03 16:00:00,1.3,28.8,66.0,0.0,4.9,152.0,1005.2,515.0
2026-05-03 17:00:00,0.8,28.6,66.0,0.0,5.2,121.0,1005.0,415.0
2026-05-03 18:00:00,6.6,28.4,65.0,0.0,5.0,109.0,1005.0,425.0
2026-05-03 19:00:00,4.4,28.0,66.0,0.0,4.2,110.0,1004.8,385.0
2026-05-03 20:00:00,8.9,27.6,68.0,0.0,2.4,99.0,1005.4,355.0
2026-05-03 21:00:00,15.3,27.3,69.0,0.0,1.3,74.0,1005.6,330.0
2026-05-03 22:00:00,9.9,27.1,70.0,0.0,1.7,103.0,1005.9,240.0
2026-05-03 23:00:00,5.6,27.7,68.0,0.0,1.2,129.0,1006.2,315.0
2026-05-04 00:00:00,8.7,29.4,61.0,0.0,1.1,108.0,1006.8,715.0
2026-05-04 01:00:00,6.3,31.9,52.0,0.0,0.8,315.0,1007.3,1315.0
2026-05-04 02:00:00,2.1,33.5,45.0,0.0,2.1,308.0,1007.0,1835.0
2026-05-04 03:00:00,1.0,35.1,39.0,0.0,2.9,313.0,1006.2,2080.0
2026-05-04 04:00:00,0.6,36.2,35.0,0.0,3.3,331.0,1005.7,2290.0
2026-05-04 05:00:00,0.0,36.9,32.0,0.0,5.1,354.0,1004.5,2500.0
2026-05-04 06:00:00,0.0,36.6,30.0,0.0,10.4,39.0,1004.1,2250.0
2026-05-04 07:00:00,0.3,36.4,30.0,0.0,9.9,45.0,1003.4,2040.0
2026-05-04 08:00:00,0.9,36.2,30.0,0.0,9.0,53.0,1003.0,1955.0
2026-05-04 09:00:00,2.7,35.3,32.0,0.0,9.6,60.0,1002.9,1705.0
2026-05-04 10:00:00,2.9,33.3,38.0,0.0,10.9,73.0,1003.4,860.0
2026-05-04 11:00:00,6.2,31.5,47.0,0.0,8.5,111.0,1004.6,575.0
2026-05-04 12:00:00,5.2,31.0,52.0,0.0,7.8,124.0,1004.9,465.0
2026-05-04 13:00:00,1.7,30.7,53.0,0.0,5.5,153.0,1005.2,455.0
2026-05-04 14:00:00,0.2,30.3,54.0,0.0,5.3,168.0,1006.0,510.0
2026-05-04 15:00:00,0.0,29.6,58.0,0.0,4.6,159.0,1006.1,570.0
2026-05-04 16:00:00,0.6,29.2,61.0,0.0,2.2,132.0,1005.9,605.0
2026-05-04 17:00:00,0.5,29.0,61.0,0.0,1.0,68.0,1005.2,575.0
2026-05-04 18:00:00,2.7,28.5,59.0,0.0,4.7,43.0,1004.9,235.0
2026-05-04 19:00:00,10.8,28.1,63.0,0.0,4.6,42.0,1004.6,160.0
2026-05-04 20:00:00,21.7,27.6,66.0,0.0,3.8,41.0,1004.4,105.0
2026-05-04 21:00:00,13.8,27.3,67.0,0.0,3.3,61.0,1004.9,70.0
2026-05-04 22:00:00,12.5,27.1,67.0,0.0,4.2,83.0,1005.1,105.0
2026-05-04 23:00:00,17.1,28.0,64.0,0.0,3.1,149.0,1005.5,370.0
2026-05-05 00:00:00,10.8,29.6,56.0,0.0,2.9,274.0,1005.7,785.0
2026-05-05 01:00:00,6.5,31.4,50.0,0.0,2.6,258.0,1005.9,1185.0
2026-05-05 02:00:00,0.0,34.1,41.0,0.0,4.0,170.0,1005.2,1845.0
2026-05-05 03:00:00,0.0,35.1,38.0,0.3,5.7,152.0,1004.6,1895.0
2026-05-05 04:00:00,0.0,35.3,39.0,0.4,4.4,189.0,1004.2,1890.0
2026-05-05 05:00:00,0.0,35.4,39.0,0.2,3.6,183.0,1003.3,1870.0
2026-05-05 06:00:00,0.0,34.8,40.0,0.1,4.0,69.0,1002.8,1865.0
2026-05-05 07:00:00,0.2,35.3,40.0,0.0,2.9,360.0,1002.4,1950.0
2026-05-05 08:00:00,4.0,34.6,43.0,0.0,6.1,23.0,1002.3,1690.0
2026-05-05 09:00:00,6.0,33.6,46.0,0.3,2.3,67.0,1002.4,1455.0
2026-05-05 10:00:00,2.2,33.1,48.0,0.3,4.8,103.0,1003.1,1345.0
2026-05-05 11:00:00,3.2,31.9,53.0,0.1,8.3,101.0,1003.6,865.0
2026-05-05 12:00:00,4.8,30.2,64.0,0.0,3.3,264.0,1004.4,210.0
2026-05-05 13:00:00,1.1,30.3,64.0,0.0,3.0,245.0,1004.9,735.0
2026-05-05 14:00:00,2.0,30.1,63.0,0.0,1.9,131.0,1005.4,770.0
2026-05-05 15:00:00,0.6,30.0,63.0,0.0,2.9,83.0,1005.4,790.0
2026-05-05 16:00:00,4.1,29.7,63.0,0.0,2.4,73.0,1005.0,740.0
2026-05-05 17:00:00,2.0,29.5,63.0,0.0,1.3,56.0,1004.3,690.0
2026-05-05 18:00:00,2.9,28.7,65.0,0.0,2.7,152.0,1004.2,720.0
2026-05-05 19:00:00,6.3,28.9,64.0,0.0,1.4,293.0,1003.9,675.0
2026-05-05 20:00:00,27.6,28.9,65.0,0.0,3.0,287.0,1004.0,755.0
2026-05-05 21:00:00,27.5,28.7,67.0,0.0,1.7,311.0,1004.3,800.0
2026-05-05 22:00:00,28.5,28.7,67.0,0.0,1.1,252.0,1004.8,745.0
2026-05-05 23:00:00,24.8,29.2,65.0,0.0,2.3,209.0,1005.3,830.0
2026-05-06 00:00:00,15.2,30.3,60.0,0.0,2.9,263.0,1005.8,870.0
2026-05-06 01:00:00,5.7,32.2,52.0,0.0,2.3,219.0,1005.9,1305.0
2026-05-06 02:00:00,1.6,33.9,45.0,0.0,2.8,220.0,1005.3,1660.0
2026-05-06 03:00:00,0.2,35.2,40.0,0.0,3.6,233.0,1004.6,1885.0
2026-05-06 04:00:00,6.1,36.1,38.0,0.0,5.3,252.0,1003.7,2015.0
2026-05-06 05:00:00,6.4,36.8,37.0,0.0,6.9,255.0,1002.8,2130.0
2026-05-06 06:00:00,4.3,36.6,36.0,0.0,6.0,263.0,1002.2,2155.0
2026-05-06 07:00:00,11.9,36.6,36.0,0.0,7.3,260.0,1001.7,2125.0
2026-05-06 08:00:00,4.9,36.1,37.0,0.1,5.2,268.0,1001.7,2060.0
2026-05-06 09:00:00,4.1,35.4,37.0,0.1,4.5,166.0,1002.2,1885.0
2026-05-06 10:00:00,4.2,33.7,42.0,0.0,11.9,113.0,1003.1,1240.0
2026-05-06 11:00:00,5.4,31.8,48.0,0.0,11.6,114.0,1003.9,655.0
2026-05-06 12:00:00,5.5,31.2,52.0,0.0,10.9,126.0,1004.8,555.0
2026-05-06 13:00:00,4.4,30.7,54.0,0.0,7.9,137.0,1005.1,470.0
2026-05-06 14:00:00,3.8,30.2,56.0,0.0,5.1,157.0,1005.6,410.0
2026-05-06 15:00:00,5.7,29.7,58.0,0.0,3.3,171.0,1005.3,420.0
2026-05-06 16:00:00,6.5,29.4,59.0,0.0,1.7,311.0,1004.8,510.0
2026-05-06 17:00:00,15.7,29.2,60.0,0.0,0.9,349.0,1004.2,495.0
2026-05-06 18:00:00,18.4,28.4,63.0,0.0,3.5,81.0,1004.0,395.0
2026-05-06 19:00:00,23.8,27.9,64.0,0.0,4.9,88.0,1003.7,145.0
2026-05-06 20:00:00,22.8,27.3,67.0,0.0,4.7,92.0,1003.8,100.0
2026-05-06 21:00:00,26.0,26.7,69.0,0.0,4.4,97.0,1004.2,85.0
2026-05-06 22:00:00,29.2,26.4,71.0,0.0,3.6,87.0,1004.7,75.0
2026-05-06 23:00:00,12.8,27.7,67.0,0.0,1.9,56.0,1005.3,200.0
2026-05-07 00:00:00,5.7,29.7,58.0,0.0,0.6,56.0,1005.4,690.0
2026-05-07 01:00:00,3.3,32.0,51.0,0.0,0.8,243.0,1005.4,1135.0
2026-05-07 02:00:00,0.5,34.0,44.0,0.0,1.3,254.0,1004.9,1650.0
2026-05-07 03:00:00,0.0,35.4,38.0,0.0,4.7,247.0,1004.4,1915.0
2026-05-07 04:00:00,0.4,36.8,33.0,0.0,6.0,226.0,1003.6,2235.0
2026-05-07 05:00:00,0.7,37.4,31.0,0.0,6.3,211.0,1002.6,2405.0
2026-05-07 06:00:00,0.9,37.2,29.0,0.0,2.5,201.0,1001.8,2415.0
2026-05-07 07:00:00,1.0,38.1,28.0,0.0,1.4,293.0,1001.1,2395.0
2026-05-07 08:00:00,4.2,37.3,29.0,0.0,1.8,323.0,1000.8,2260.0
2026-05-07 09:00:00,6.6,36.1,33.0,0.0,7.0,77.0,1001.1,2020.0
2026-05-07 10:00:00,4.5,33.7,47.0,0.0,11.2,94.0,1002.3,1040.0
2026-05-07 11:00:00,1.5,32.1,54.0,0.0,11.0,124.0,1003.2,770.0
2026-05-07 12:00:00,3.4,31.3,57.0,0.0,7.3,130.0,1003.4,515.0
2026-05-07 13:00:00,1.0,31.0,59.0,0.0,5.6,149.0,1003.7,505.0
2026-05-07 14:00:00,0.1,30.5,63.0,0.0,6.5,167.0,1004.2,515.0
2026-05-07 15:00:00,2.2,30.1,64.0,0.0,3.9,167.0,1004.3,515.0
2026-05-07 16:00:00,4.1,29.8,66.0,0.0,2.5,266.0,1003.9,555.0
2026-05-07 17:00:00,2.5,29.6,66.0,0.0,2.9,292.0,1003.5,595.0
2026-05-07 18:00:00,2.0,29.3,68.0,0.0,1.8,281.0,1003.4,535.0
2026-05-07 19:00:00,10.3,29.2,68.0,0.0,1.7,283.0,1003.4,565.0
2026-05-07 20:00:00,20.4,29.0,69.0,0.0,1.3,326.0,1003.7,540.0
2026-05-07 21:00:00,18.6,28.9,70.0,0.0,0.4,333.0,1004.0,515.0
2026-05-07 22:00:00,23.9,28.8,70.0,0.0,0.7,14.0,1004.2,505.0
2026-05-07 23:00:00,13.1,29.5,67.0,0.0,0.6,304.0,1004.7,770.0
2026-05-08 00:00:00,11.2,30.8,62.0,0.0,1.1,252.0,1005.4,1025.0
2026-05-08 01:00:00,5.4,33.1,51.0,0.0,2.7,152.0,1005.4,1430.0
2026-05-08 02:00:00,1.6,34.9,44.0,0.0,5.8,144.0,1005.1,1750.0
2026-05-08 03:00:00,19.0,35.8,41.0,0.0,6.3,162.0,1004.5,1950.0
2026-05-08 04:00:00,11.3,36.6,38.0,0.0,4.6,189.0,1003.5,2125.0
2026-05-08 05:00:00,28.7,36.3,36.0,0.0,2.5,330.0,1002.9,2000.0
2026-05-08 06:00:00,20.2,36.1,37.0,0.0,5.4,340.0,1002.2,2035.0
2026-05-08 07:00:00,23.0,36.8,35.0,0.0,3.1,291.0,1001.5,2135.0
2026-05-08 08:00:00,,36.5,36.0,0.0,4.4,249.0,1001.3,2155.0
2026-05-08 09:00:00,5.5,35.4,38.0,0.0,4.3,208.0,1001.6,1755.0
2026-05-08 10:00:00,6.7,34.3,43.0,0.0,6.0,134.0,1002.3,1170.0
2026-05-08 11:00:00,6.2,32.7,51.0,0.0,10.0,123.0,1003.3,750.0
2026-05-08 12:00:00,3.5,31.8,51.0,0.0,10.9,126.0,1004.2,605.0
2026-05-08 13:00:00,0.9,31.3,53.0,0.0,9.3,127.0,1004.9,555.0
2026-05-08 14:00:00,0.9,30.7,57.0,0.0,5.9,128.0,1005.6,530.0
2026-05-08 15:00:00,0.1,30.1,60.0,0.0,5.2,136.0,1005.4,540.0
2026-05-08 16:00:00,0.2,29.8,62.0,0.0,4.1,142.0,1004.9,525.0
2026-05-08 17:00:00,0.2,29.5,63.0,0.0,1.5,150.0,1004.6,525.0
2026-05-08 18:00:00,1.0,29.3,64.0,0.0,2.4,126.0,1004.2,545.0
2026-05-08 19:00:00,2.6,29.2,65.0,0.0,1.1,99.0,1003.7,515.0
2026-05-08 20:00:00,12.7,28.9,66.0,0.0,1.1,90.0,1003.7,520.0
2026-05-08 21:00:00,18.6,28.6,67.0,0.0,2.3,356.0,1004.1,435.0
2026-05-08 22:00:00,34.0,28.4,68.0,0.0,2.7,352.0,1004.4,370.0
2026-05-08 23:00:00,21.3,29.2,65.0,0.0,2.4,324.0,1005.1,520.0
2026-05-09 00:00:00,3.7,30.4,60.0,0.0,3.7,281.0,1006.1,800.0
2026-05-09 01:00:00,0.0,32.2,52.0,0.0,1.7,257.0,1006.2,1205.0
2026-05-09 02:00:00,0.0,34.3,42.0,0.1,2.7,250.0,1005.9,1660.0
2026-05-09 03:00:00,0.9,35.4,38.0,0.0,3.1,246.0,1005.1,1985.0
2026-05-09 04:00:00,0.2,36.2,35.0,0.1,1.7,252.0,1004.6,2095.0
2026-05-09 05:00:00,0.1,37.2,31.0,0.1,0.7,284.0,1003.5,2275.0
2026-05-09 06:00:00,0.5,36.4,32.0,0.0,1.3,278.0,1002.5,2215.0
2026-05-09 07:00:00,1.2,37.6,30.0,0.0,0.7,270.0,1001.9,2285.0
2026-05-09 08:00:00,1.2,36.7,31.0,0.0,3.2,360.0,1001.6,2135.0
2026-05-09 09:00:00,0.1,36.5,32.0,0.0,6.4,54.0,1002.0,2130.0
2026-05-09 10:00:00,0.8,34.5,42.0,0.0,10.7,63.0,1002.6,1115.0
2026-05-09 11:00:00,3.9,32.5,51.0,0.0,9.3,99.0,1003.5,740.0
2026-05-09 12:00:00,1.2,31.6,53.0,0.0,9.4,132.0,1004.0,650.0
2026-05-09 13:00:00,2.7,30.8,58.0,0.0,8.6,158.0,1004.6,570.0
2026-05-09 14:00:00,2.1,30.0,64.0,0.0,6.8,158.0,1005.1,560.0
2026-05-09 15:00:00,3.1,29.7,66.0,0.0,4.5,137.0,1005.3,545.0
2026-05-09 16:00:00,3.8,29.5,66.0,0.0,3.5,111.0,1004.9,490.0
2026-05-09 17:00:00,4.6,29.1,67.0,0.0,3.0,107.0,1004.4,430.0
2026-05-09 18:00:00,3.6,28.8,67.0,0.0,2.6,124.0,1004.0,440.0
2026-05-09 19:00:00,2.1,28.6,68.0,0.0,2.7,152.0,1003.6,400.0
2026-05-09 20:00:00,5.0,28.3,69.0,0.0,1.9,151.0,1003.6,410.0
2026-05-09 21:00:00,13.8,28.2,69.0,0.0,0.8,27.0,1004.0,375.0
2026-05-09 22:00:00,17.2,28.1,68.0,0.0,1.5,21.0,1004.6,350.0
2026-05-09 23:00:00,19.4,28.8,65.0,0.0,1.7,311.0,1005.1,435.0
2026-05-10 00:00:00,4.6,30.0,58.0,0.0,2.5,249.0,1005.5,770.0
2026-05-10 01:00:00,2.7,32.2,51.0,0.0,0.6,236.0,1005.7,1310.0
2026-05-10 02:00:00,3.5,34.3,43.0,0.0,1.8,246.0,1005.4,1760.0
2026-05-10 03:00:00,7.1,35.7,37.0,0.0,4.0,238.0,1004.7,2060.0
2026-05-10 04:00:00,3.7,36.8,34.0,0.0,5.0,229.0,1003.9,2255.0
2026-05-10 05:00:00,0.6,37.8,30.0,0.0,3.9,246.0,1002.8,2355.0
2026-05-10 06:00:00,2.4,36.7,35.0,0.0,9.7,271.0,1002.0,2305.0
2026-05-10 07:00:00,4.2,36.5,39.0,0.0,13.6,262.0,1001.4,1415.0
2026-05-10 08:00:00,4.6,35.6,44.0,0.0,13.1,252.0,1001.2,750.0
2026-05-10 09:00:00,0.8,35.6,43.0,0.0,1.7,257.0,1001.6,1925.0
2026-05-10 10:00:00,0.5,34.2,45.0,0.0,9.4,88.0,1002.9,1295.0
2026-05-10 11:00:00,1.0,32.2,54.0,0.0,9.7,115.0,1003.9,740.0
2026-05-10 12:00:00,2.4,31.4,54.0,0.0,8.4,133.0,1004.4,545.0
2026-05-10 13:00:00,1.7,31.3,55.0,0.0,7.4,139.0,1004.8,540.0
2026-05-10 14:00:00,1.3,30.8,59.0,0.0,8.0,153.0,1005.1,555.0
2026-05-10 15:00:00,0.1,30.3,63.0,0.0,3.9,164.0,1005.3,485.0
2026-05-10 16:00:00,1.0,29.9,65.0,0.0,1.8,156.0,1005.0,505.0
2026-05-10 17:00:00,0.2,29.7,66.0,0.0,1.8,180.0,1004.5,430.0
2026-05-10 18:00:00,0.1,29.3,68.0,0.0,1.9,139.0,1004.1,520.0
2026-05-10 19:00:00,1.2,29.2,68.0,0.0,3.2,142.0,1003.6,490.0
2026-05-10 20:00:00,20.2,29.0,68.0,0.0,3.1,152.0,1003.7,525.0
2026-05-10 21:00:00,19.4,28.9,68.0,0.0,2.6,141.0,1004.0,545.0
2026-05-10 22:00:00,18.0,28.8,68.0,0.0,1.1,162.0,1004.7,535.0
2026-05-10 23:00:00,14.1,29.4,67.0,0.0,1.8,270.0,1005.1,705.0
2026-05-11 00:00:00,12.2,30.6,61.0,0.0,3.9,307.0,1005.8,885.0
2026-05-11 01:00:00,15.2,32.1,54.0,0.0,2.2,275.0,1005.9,1240.0
2026-05-11 02:00:00,14.8,33.6,48.0,0.0,3.4,264.0,1005.7,1505.0
2026-05-11 03:00:00,2.3,34.9,43.0,0.0,6.3,255.0,1005.1,1735.0
2026-05-11 04:00:00,0.8,35.0,44.0,0.0,8.0,236.0,1004.2,1540.0
2026-05-11 05:00:00,0.3,35.5,44.0,0.0,9.6,232.0,1003.3,1485.0
2026-05-11 06:00:00,0.2,35.5,43.0,0.1,10.7,221.0,1002.7,1650.0
2026-05-11 07:00:00,0.4,36.4,41.0,0.0,10.0,234.0,1002.0,1880.0
2026-05-11 08:00:00,2.0,35.7,43.0,0.1,9.8,242.0,1001.5,1765.0
2026-05-11 09:00:00,,35.5,44.0,0.0,10.1,220.0,1001.6,1730.0
2026-05-11 10:00:00,5.4,34.5,47.0,0.0,10.9,200.0,1002.1,620.0
2026-05-11 11:00:00,,33.5,50.0,0.0,10.4,165.0,1002.7,555.0
2026-05-11 12:00:00,23.1,31.7,61.0,0.0,12.6,169.0,1003.5,420.0
2026-05-11 13:00:00,11.5,31.2,63.0,0.0,8.0,196.0,1004.3,470.0
2026-05-11 14:00:00,7.8,31.0,65.0,0.0,7.3,200.0,1004.9,530.0
2026-05-11 15:00:00,4.9,30.4,68.0,0.0,3.0,205.0,1004.7,675.0
2026-05-11 16:00:00,4.8,30.0,69.0,0.0,1.4,40.0,1003.9,690.0
2026-05-11 17:00:00,4.4,29.9,69.0,0.0,2.8,55.0,1003.1,580.0
2026-05-11 18:00:00,6.9,29.3,71.0,0.0,3.3,36.0,1002.5,565.0
2026-05-11 19:00:00,12.4,29.2,70.0,0.0,3.3,13.0,1002.0,520.0
2026-05-11 20:00:00,13.6,28.9,72.0,0.0,3.3,347.0,1002.0,415.0
2026-05-11 21:00:00,,28.7,73.0,0.0,2.4,333.0,1002.3,380.0
2026-05-11 22:00:00,,28.6,74.0,0.0,1.0,112.0,1002.8,295.0
2026-05-11 23:00:00,25.6,29.4,70.0,0.0,0.4,180.0,1003.5,625.0
2026-05-12 00:00:00,23.9,30.6,64.0,0.0,2.2,318.0,1003.8,895.0
2026-05-12 01:00:00,27.4,32.3,56.0,0.0,2.3,293.0,1003.7,1095.0
2026-05-12 02:00:00,37.3,34.0,49.0,0.0,4.2,295.0,1003.3,1425.0
2026-05-12 03:00:00,37.0,35.3,44.0,0.0,7.2,276.0,1002.4,1635.0
2026-05-12 04:00:00,33.3,36.1,40.0,0.0,10.5,264.0,1001.6,1745.0
2026-05-12 05:00:00,38.1,36.2,41.0,0.0,10.6,259.0,1000.7,1700.0
2026-05-12 06:00:00,41.1,35.7,43.0,0.1,8.7,275.0,1000.2,1600.0
2026-05-12 07:00:00,37.6,36.0,40.0,0.0,7.9,258.0,999.5,1690.0
2026-05-12 08:00:00,34.1,34.6,48.0,0.0,12.7,237.0,999.2,475.0
2026-05-12 09:00:00,37.6,33.4,56.0,0.0,14.1,233.0,999.4,495.0
2026-05-12 10:00:00,39.9,32.3,62.0,0.0,11.8,214.0,1000.4,525.0
2026-05-12 11:00:00,38.6,32.2,62.0,0.0,6.2,202.0,1001.3,570.0
2026-05-12 12:00:00,38.8,30.3,65.0,0.1,12.2,338.0,1002.1,395.0
2026-05-12 13:00:00,27.4,29.4,71.0,0.1,3.1,36.0,1002.6,160.0
2026-05-12 14:00:00,29.1,29.5,71.0,0.0,1.3,304.0,1003.0,165.0
2026-05-12 15:00:00,43.7,29.3,73.0,0.0,3.1,329.0,1002.9,155.0
2026-05-12 16:00:00,44.7,29.0,77.0,0.0,1.9,343.0,1002.5,100.0
2026-05-12 17:00:00,44.0,28.9,79.0,0.0,1.8,336.0,1001.9,125.0
2026-05-12 18:00:00,43.3,28.8,79.0,0.0,2.7,356.0,1001.6,185.0
2026-05-12 19:00:00,43.1,28.4,83.0,0.0,2.8,333.0,1001.2,170.0
2026-05-12 20:00:00,38.8,28.2,86.0,0.0,1.7,319.0,1001.6,145.0
2026-05-12 21:00:00,36.1,28.1,86.0,0.0,0.6,326.0,1001.8,130.0
2026-05-12 22:00:00,38.3,28.3,84.0,0.0,1.3,45.0,1002.5,145.0
2026-05-12 23:00:00,42.8,29.4,76.0,0.0,1.3,90.0,1003.1,595.0
2026-05-13 00:00:00,31.3,30.9,65.0,0.0,3.0,17.0,1003.5,945.0
2026-05-13 01:00:00,27.0,31.8,61.0,0.0,2.1,345.0,1003.5,1030.0
2026-05-13 02:00:00,37.7,32.7,58.0,0.0,3.1,298.0,1003.0,1035.0
2026-05-13 03:00:00,43.3,33.7,53.0,0.0,5.2,274.0,1002.6,1105.0
2026-05-13 04:00:00,39.6,34.3,50.0,0.0,8.1,264.0,1001.8,1205.0
2026-05-13 05:00:00,39.8,34.3,50.0,0.0,9.9,260.0,1001.0,1075.0
2026-05-13 06:00:00,43.0,34.6,50.0,0.0,10.6,256.0,1000.2,1235.0
2026-05-13 07:00:00,41.2,34.4,51.0,0.0,10.2,238.0,999.7,1115.0
2026-05-13 08:00:00,33.8,34.3,51.0,0.0,10.1,227.0,999.3,1145.0
2026-05-13 09:00:00,22.3,33.5,55.0,0.0,11.0,220.0,999.1,940.0
2026-05-13 10:00:00,19.9,32.4,59.0,0.0,11.3,216.0,999.7,480.0
2026-05-13 11:00:00,20.4,31.7,61.0,0.0,10.1,211.0,1000.0,370.0
2026-05-13 12:00:00,23.5,31.6,62.0,0.0,9.8,224.0,1000.7,530.0
2026-05-13 13:00:00,23.1,31.4,63.0,0.0,7.2,205.0,1001.1,575.0
2026-05-13 14:00:00,21.8,30.9,65.0,0.0,7.0,190.0,1001.5,485.0
2026-05-13 15:00:00,18.7,30.5,68.0,0.0,6.1,185.0,1001.5,390.0
2026-05-13 16:00:00,13.5,30.2,70.0,0.0,5.2,186.0,1001.3,420.0
2026-05-13 17:00:00,14.1,30.1,71.0,0.0,4.0,183.0,1001.1,540.0
2026-05-13 18:00:00,18.5,30.0,69.0,0.0,3.2,214.0,1000.7,675.0
2026-05-13 19:00:00,20.3,29.8,70.0,0.0,1.6,270.0,1000.7,765.0
2026-05-13 20:00:00,20.8,29.4,70.0,0.0,1.5,111.0,1000.7,180.0
2026-05-13 21:00:00,33.7,29.2,70.0,0.0,4.4,109.0,1001.1,280.0
2026-05-13 22:00:00,29.7,29.2,71.0,0.0,6.3,110.0,1001.6,280.0
2026-05-13 23:00:00,31.2,30.1,68.0,0.0,7.1,128.0,1002.2,685.0
2026-05-14 00:00:00,35.4,32.2,58.0,0.0,3.9,127.0,1002.5,1105.0
2026-05-14 01:00:00,37.8,33.4,52.0,0.0,4.3,185.0,1002.9,1245.0
2026-05-14 02:00:00,40.8,34.4,50.0,0.1,4.9,204.0,1002.7,1435.0
2026-05-14 03:00:00,44.5,35.1,48.0,0.0,6.6,237.0,1002.4,1490.0
2026-05-14 04:00:00,47.0,35.4,48.0,0.1,9.3,251.0,1001.8,1545.0
2026-05-14 05:00:00,43.1,34.9,49.0,0.2,11.0,255.0,1001.2,1525.0
2026-05-14 06:00:00,42.7,35.3,47.0,0.6,15.3,246.0,1000.4,1590.0
2026-05-14 07:00:00,32.3,34.7,47.0,0.1,14.4,238.0,1000.1,1350.0
2026-05-14 08:00:00,30.9,34.1,48.0,0.1,14.4,238.0,999.7,1260.0
2026-05-14 09:00:00,25.1,33.2,52.0,0.0,12.8,232.0,999.9,1045.0
2026-05-14 10:00:00,22.0,32.5,55.0,0.0,9.7,230.0,1000.8,870.0
2026-05-14 11:00:00,23.1,32.4,56.0,0.0,6.7,243.0,1001.3,1050.0
2026-05-14 12:00:00,22.6,32.1,58.0,0.0,4.6,231.0,1001.6,1060.0
2026-05-14 13:00:00,24.5,31.6,60.0,0.0,4.7,254.0,1002.7,955.0
2026-05-14 14:00:00,25.4,31.3,62.0,0.0,4.0,260.0,1003.4,795.0
2026-05-14 15:00:00,28.9,30.9,63.0,0.0,2.9,266.0,1003.4,685.0
2026-05-14 16:00:00,28.7,30.5,65.0,0.0,2.3,266.0,1003.2,275.0
2026-05-14 17:00:00,36.1,30.1,68.0,0.0,2.3,252.0,1002.6,120.0
2026-05-14 18:00:00,43.1,30.0,66.0,0.0,2.8,325.0,1002.2,765.0
2026-05-14 19:00:00,44.9,29.4,70.0,0.0,2.7,340.0,1001.7,90.0
2026-05-14 20:00:00,45.7,28.9,75.0,0.0,4.6,31.0,1001.9,145.0
2026-05-14 21:00:00,44.7,28.5,79.0,0.0,5.2,76.0,1002.0,130.0
2026-05-14 22:00:00,45.7,28.7,76.0,0.0,4.9,114.0,1002.4,190.0
2026-05-14 23:00:00,41.9,29.9,68.0,0.0,3.7,129.0,1003.1,685.0
2026-05-15 00:00:00,35.2,31.7,61.0,0.0,2.5,4.0,1003.5,1030.0
2026-05-15 01:00:00,36.4,32.7,57.0,0.0,0.4,270.0,1003.7,1135.0
2026-05-15 02:00:00,39.5,33.8,51.0,0.1,3.1,204.0,1003.2,1255.0
2026-05-15 03:00:00,37.2,34.7,48.0,0.1,4.0,188.0,1002.6,1455.0
2026-05-15 04:00:00,45.9,35.5,45.0,0.3,3.2,227.0,1002.3,1610.0
2026-05-15 05:00:00,47.3,35.3,47.0,0.4,3.3,257.0,1001.3,1555.0
2026-05-15 06:00:00,46.1,36.4,43.0,0.1,4.9,260.0,1000.4,1905.0
2026-05-15 07:00:00,44.6,35.8,44.0,0.0,7.9,254.0,999.8,1740.0
2026-05-15 08:00:00,45.7,32.7,55.0,2.0,4.4,258.0,999.7,915.0
2026-05-15 09:00:00,51.7,33.0,53.0,0.4,5.3,225.0,999.6,1045.0
2026-05-15 10:00:00,65.0,32.6,54.0,0.0,4.0,201.0,1000.3,1090.0
2026-05-15 11:00:00,51.6,32.4,54.0,0.0,6.1,175.0,1000.9,990.0
2026-05-15 12:00:00,56.1,31.6,63.0,0.0,7.9,106.0,1001.6,455.0
2026-05-15 13:00:00,61.5,30.9,66.0,0.0,2.4,234.0,1002.3,370.0
2026-05-15 14:00:00,59.9,28.3,76.0,0.9,8.1,342.0,1003.3,305.0
2026-05-15 15:00:00,55.2,27.3,87.0,1.4,3.0,14.0,1003.3,85.0
2026-05-15 16:00:00,51.9,26.5,90.0,1.4,7.4,84.0,1003.5,155.0
2026-05-15 17:00:00,42.7,25.8,93.0,1.0,4.1,142.0,1003.0,125.0
2026-05-15 18:00:00,38.6,26.9,86.0,0.9,6.1,95.0,1002.3,235.0
2026-05-15 19:00:00,36.6,24.9,94.0,1.4,6.5,76.0,1002.5,210.0
2026-05-15 20:00:00,40.1,24.8,93.0,0.7,8.2,112.0,1002.8,245.0
2026-05-15 21:00:00,34.7,24.7,92.0,1.2,5.2,121.0,1002.6,175.0
2026-05-15 22:00:00,17.7,25.1,91.0,0.4,5.6,94.0,1003.4,195.0
2026-05-15 23:00:00,33.4,25.9,86.0,0.5,1.3,344.0,1004.4,185.0
2026-05-16 00:00:00,36.6,29.2,70.0,0.3,2.5,82.0,1004.5,645.0
2026-05-16 01:00:00,32.3,30.8,63.0,0.0,3.1,324.0,1004.7,930.0
2026-05-16 02:00:00,31.7,31.7,60.0,0.1,1.1,360.0,1004.5,960.0
2026-05-16 03:00:00,37.2,33.3,54.0,0.1,2.8,259.0,1003.6,1340.0
2026-05-16 04:00:00,46.0,34.1,52.0,0.1,6.1,242.0,1002.8,1545.0
2026-05-16 05:00:00,47.1,34.3,53.0,0.0,8.0,245.0,1002.0,1495.0
2026-05-16 06:00:00,62.2,34.0,53.0,0.0,14.0,242.0,1001.7,1075.0
2026-05-16 07:00:00,52.5,33.7,52.0,0.2,4.3,163.0,1001.7,1400.0
2026-05-16 08:00:00,,31.6,60.0,0.6,4.2,50.0,1001.7,820.0
2026-05-16 09:00:00,33.4,31.2,61.0,0.2,1.1,252.0,1002.1,1065.0
2026-05-16 10:00:00,39.4,30.0,65.0,0.3,1.0,248.0,1003.2,845.0
2026-05-16 11:00:00,46.5,29.4,67.0,0.2,1.9,311.0,1003.5,550.0
2026-05-16 12:00:00,46.0,28.3,77.0,0.0,3.2,251.0,1004.2,290.0
2026-05-16 13:00:00,37.2,27.0,82.0,0.3,8.0,354.0,1005.0,365.0
2026-05-16 14:00:00,39.5,26.0,89.0,2.3,4.7,99.0,1005.9,165.0
2026-05-16 15:00:00,43.0,26.2,89.0,0.8,2.9,97.0,1005.7,140.0
2026-05-16 16:00:00,39.0,26.0,87.0,0.1,5.1,107.0,1005.1,145.0
2026-05-16 17:00:00,35.2,26.0,86.0,0.0,2.9,90.0,1004.2,95.0
2026-05-16 18:00:00,40.6,25.3,97.0,0.0,5.6,59.0,1004.0,135.0
2026-05-16 19:00:00,36.6,25.7,93.0,0.1,3.6,357.0,1003.3,125.0
2026-05-16 20:00:00,38.5,25.5,93.0,0.0,5.8,360.0,1003.0,155.0
2026-05-16 21:00:00,38.6,25.5,92.0,0.0,3.4,3.0,1002.7,125.0
2026-05-16 22:00:00,40.2,25.6,92.0,0.0,0.9,37.0,1002.8,115.0
2026-05-16 23:00:00,43.7,26.9,84.0,0.0,2.5,210.0,1003.2,190.0
2026-05-17 00:00:00,33.2,30.6,63.0,0.0,3.4,198.0,1003.4,650.0
2026-05-17 01:00:00,16.5,32.3,56.0,0.0,3.6,217.0,1003.3,980.0
2026-05-17 02:00:00,25.2,34.1,49.0,0.1,2.5,225.0,1002.9,1435.0
2026-05-17 03:00:00,30.9,35.2,46.0,0.1,3.1,249.0,1002.5,1630.0
2026-05-17 04:00:00,31.9,35.4,45.0,0.3,3.9,254.0,1002.1,1625.0
2026-05-17 05:00:00,21.1,35.6,46.0,0.8,4.3,246.0,1001.6,1895.0
2026-05-17 06:00:00,19.3,35.6,45.0,0.0,4.3,255.0,1001.3,1780.0
2026-05-17 07:00:00,17.6,36.1,44.0,0.0,4.3,255.0,1000.6,2005.0
2026-05-17 08:00:00,25.2,32.5,54.0,0.3,1.5,300.0,1000.5,665.0
2026-05-17 09:00:00,33.0,28.8,71.0,3.2,10.0,262.0,1001.3,190.0
2026-05-17 10:00:00,29.8,28.9,71.0,0.7,4.2,340.0,1001.8,145.0
2026-05-17 11:00:00,22.1,27.5,80.0,1.7,8.3,1.0,1002.9,200.0
2026-05-17 12:00:00,15.8,30.9,59.0,0.5,6.6,349.0,1003.0,250.0
2026-05-17 13:00:00,21.3,29.6,68.0,0.0,7.7,339.0,1003.6,320.0
2026-05-17 14:00:00,25.9,28.9,75.0,0.0,5.5,341.0,1004.1,250.0
2026-05-17 15:00:00,21.8,28.2,78.0,0.0,5.8,356.0,1004.4,230.0
2026-05-17 16:00:00,15.6,27.8,80.0,0.0,6.0,353.0,1004.1,200.0
2026-05-17 17:00:00,18.7,27.4,82.0,0.0,4.4,12.0,1003.6,125.0
2026-05-17 18:00:00,20.7,27.7,80.0,0.0,4.5,61.0,1003.1,215.0
2026-05-17 19:00:00,25.2,27.5,80.0,0.0,3.3,112.0,1003.0,320.0
2026-05-17 20:00:00,30.1,27.5,79.0,0.0,4.6,116.0,1003.2,330.0
2026-05-17 21:00:00,31.0,27.3,79.0,0.0,5.9,133.0,1003.1,305.0
2026-05-17 22:00:00,29.6,27.5,78.0,0.0,4.8,143.0,1003.3,315.0
2026-05-17 23:00:00,32.1,28.6,72.0,0.0,2.4,126.0,1003.7,450.0
2026-05-18 00:00:00,31.6,30.2,67.0,0.0,0.4,333.0,1004.3,685.0
2026-05-18 01:00:00,16.5,31.4,62.0,0.0,1.8,259.0,1004.4,1020.0
2026-05-18 02:00:00,25.8,32.8,57.0,0.0,2.6,236.0,1004.2,1330.0
2026-05-18 03:00:00,25.8,33.6,54.0,0.0,6.1,230.0,1003.8,1445.0
2026-05-18 04:00:00,29.3,32.4,58.0,0.1,8.0,170.0,1003.5,920.0
2026-05-18 05:00:00,19.4,32.7,58.0,0.3,8.3,106.0,1002.7,1010.0
2026-05-18 06:00:00,4.4,31.9,60.0,1.1,9.0,103.0,1002.4,670.0
2026-05-18 07:00:00,1.6,31.6,64.0,1.6,1.3,188.0,1002.0,650.0
2026-05-18 08:00:00,4.5,31.9,60.0,1.2,4.0,95.0,1001.3,1050.0
2026-05-18 09:00:00,14.4,30.1,69.0,1.3,4.4,150.0,1001.7,375.0
2026-05-18 10:00:00,33.6,29.9,70.0,0.4,1.3,188.0,1002.5,590.0
2026-05-18 11:00:00,32.9,28.6,75.0,0.9,3.1,170.0,1003.6,185.0
2026-05-18 12:00:00,29.4,26.8,85.0,1.9,3.6,37.0,1004.6,130.0
2026-05-18 13:00:00,26.0,27.2,83.0,1.0,4.1,337.0,1005.0,210.0
2026-05-18 14:00:00,11.7,27.7,79.0,0.3,2.6,326.0,1005.4,235.0
2026-05-18 15:00:00,15.4,27.8,80.0,0.0,4.6,351.0,1005.4,245.0
2026-05-18 16:00:00,10.0,27.6,82.0,0.0,4.8,347.0,1004.8,230.0
2026-05-18 17:00:00,12.2,27.4,84.0,0.0,3.6,360.0,1004.4,215.0
2026-05-18 18:00:00,13.6,27.5,86.0,0.0,2.8,55.0,1003.7,205.0
2026-05-18 19:00:00,22.3,27.3,87.0,0.1,3.5,66.0,1003.2,185.0
2026-05-18 20:00:00,18.8,27.3,85.0,0.0,1.5,159.0,1003.2,125.0
2026-05-18 21:00:00,15.8,27.4,84.0,0.0,3.0,147.0,1003.3,175.0
2026-05-18 22:00:00,20.3,27.6,81.0,0.0,3.5,141.0,1003.6,200.0
2026-05-18 23:00:00,30.1,28.9,73.0,0.0,2.9,137.0,1004.3,505.0
2026-05-19 00:00:00,32.8,31.0,60.0,0.0,3.1,283.0,1004.7,930.0
2026-05-19 01:00:00,44.7,31.9,58.0,0.1,2.9,266.0,1005.2,1250.0
2026-05-19 02:00:00,37.3,32.5,56.0,0.0,5.4,200.0,1005.2,1340.0
2026-05-19 03:00:00,18.1,31.5,60.0,1.2,8.9,204.0,1004.7,830.0
2026-05-19 04:00:00,16.3,32.1,61.0,0.7,8.7,201.0,1004.3,965.0
2026-05-19 05:00:00,23.5,31.6,64.0,0.7,7.6,144.0,1004.0,840.0
2026-05-19 06:00:00,7.9,30.4,66.0,1.0,6.4,126.0,1003.4,645.0
2026-05-19 07:00:00,2.5,31.3,64.0,0.7,6.2,134.0,1003.2,905.0
2026-05-19 08:00:00,6.9,30.2,69.0,0.8,6.7,126.0,1002.5,595.0
2026-05-19 09:00:00,10.6,30.0,72.0,0.3,1.7,58.0,1003.1,635.0
2026-05-19 10:00:00,17.4,29.6,73.0,0.3,3.2,360.0,1003.8,600.0
2026-05-19 11:00:00,30.1,28.9,78.0,0.2,5.6,360.0,1004.1,395.0
2026-05-19 12:00:00,34.9,29.7,73.0,0.0,4.9,36.0,1004.5,330.0
2026-05-19 13:00:00,33.3,29.2,78.0,0.1,4.0,32.0,1004.7,270.0
2026-05-19 14:00:00,31.9,29.1,79.0,0.0,2.9,7.0,1005.0,285.0
2026-05-19 15:00:00,31.3,28.7,82.0,0.0,2.5,352.0,1004.8,235.0
2026-05-19 16:00:00,26.1,28.4,84.0,0.0,0.7,360.0,1004.2,185.0
2026-05-19 17:00:00,23.5,28.3,83.0,0.0,0.2,360.0,1003.8,210.0
2026-05-19 18:00:00,20.0,28.0,84.0,0.0,2.7,352.0,1003.5,180.0
2026-05-19 19:00:00,23.6,27.4,89.0,0.0,3.1,350.0,1003.0,180.0
2026-05-19 20:00:00,25.5,27.1,91.0,0.0,2.3,360.0,1003.1,125.0
2026-05-19 21:00:00,17.6,26.9,93.0,0.0,1.6,360.0,1003.3,105.0
2026-05-19 22:00:00,23.7,27.0,92.0,0.0,1.8,349.0,1003.9,130.0
2026-05-19 23:00:00,22.6,28.1,85.0,0.0,1.3,315.0,1004.6,350.0
2026-05-20 00:00:00,20.7,30.3,69.0,0.0,1.0,31.0,1004.9,960.0
2026-05-20 01:00:00,17.7,31.8,61.0,0.1,4.2,100.0,1005.0,1175.0
2026-05-20 02:00:00,20.0,33.2,55.0,0.0,6.0,115.0,1004.8,1395.0
2026-05-20 03:00:00,5.6,34.3,50.0,0.1,6.6,125.0,1004.4,1570.0
2026-05-20 04:00:00,52.2,35.2,47.0,0.1,6.1,140.0,1003.8,1755.0
2026-05-20 05:00:00,41.6,35.9,44.0,0.0,4.7,182.0,1003.1,1850.0
2026-05-20 06:00:00,39.9,35.3,48.0,0.0,5.7,224.0,1002.5,1890.0
2026-05-20 07:00:00,46.9,34.1,52.0,0.4,8.7,227.0,1002.0,1370.0
2026-05-20 08:00:00,43.4,32.6,57.0,0.4,4.8,299.0,1002.2,840.0
2026-05-20 09:00:00,41.6,31.5,64.0,0.8,5.9,337.0,1002.8,735.0
2026-05-20 10:00:00,32.1,30.9,70.0,0.1,4.9,358.0,1003.3,375.0
2026-05-20 11:00:00,41.3,30.5,73.0,0.0,4.0,3.0,1003.9,200.0
2026-05-20 12:00:00,44.5,31.6,61.0,0.4,4.3,112.0,1004.5,110.0
2026-05-20 13:00:00,59.2,31.3,62.0,0.0,8.5,117.0,1004.4,590.0
2026-05-20 14:00:00,44.1,30.5,67.0,0.0,7.7,120.0,1005.1,435.0
2026-05-20 15:00:00,29.6,29.9,70.0,0.0,7.4,119.0,1005.4,365.0
2026-05-20 16:00:00,17.9,29.4,71.0,0.0,6.3,117.0,1005.2,320.0
2026-05-20 17:00:00,7.3,29.1,72.0,0.0,2.3,94.0,1005.1,180.0
2026-05-20 18:00:00,15.2,28.8,73.0,0.0,0.6,326.0,1004.8,155.0
2026-05-20 19:00:00,20.7,28.5,76.0,0.0,3.5,279.0,1004.9,210.0
2026-05-20 20:00:00,31.5,28.4,77.0,0.0,2.9,266.0,1005.2,355.0
2026-05-20 21:00:00,28.0,28.4,74.0,0.0,0.7,76.0,1005.5,290.0
2026-05-20 22:00:00,24.9,28.4,74.0,0.0,1.9,56.0,1006.1,85.0
2026-05-20 23:00:00,22.4,29.4,68.0,0.0,2.1,52.0,1007.0,480.0
2026-05-21 00:00:00,18.3,31.0,64.0,0.0,1.0,338.0,1007.4,1015.0
2026-05-21 01:00:00,7.2,32.5,56.0,0.2,1.9,112.0,1007.1,1210.0
2026-05-21 02:00:00,11.4,34.2,49.0,0.1,2.7,110.0,1006.6,1505.0
2026-05-21 03:00:00,21.2,35.4,46.0,0.1,3.1,152.0,1005.9,1790.0
2026-05-21 04:00:00,33.9,36.2,44.0,0.0,3.8,199.0,1005.5,1940.0
2026-05-21 05:00:00,24.8,36.6,43.0,0.0,3.9,223.0,1004.8,2065.0
2026-05-21 06:00:00,24.4,36.2,45.0,0.0,4.4,251.0,1004.0,1965.0
2026-05-21 07:00:00,26.8,35.5,49.0,0.1,7.2,257.0,1003.3,1805.0
2026-05-21 08:00:00,0.7,34.0,53.0,0.3,3.8,273.0,1003.0,660.0
2026-05-21 09:00:00,1.6,33.8,54.0,0.7,4.2,335.0,1003.0,940.0
2026-05-21 10:00:00,8.4,33.1,57.0,0.4,1.5,284.0,1003.5,785.0
2026-05-21 11:00:00,19.3,32.8,56.0,0.0,3.3,135.0,1004.1,165.0
2026-05-21 12:00:00,17.0,32.2,61.0,0.0,8.8,107.0,1004.8,545.0
2026-05-21 13:00:00,0.9,31.6,62.0,0.0,6.1,124.0,1005.3,470.0
2026-05-21 14:00:00,1.6,31.0,64.0,0.0,5.4,138.0,1005.7,460.0
2026-05-21 15:00:00,0.4,30.4,67.0,0.0,5.7,143.0,1005.8,420.0
2026-05-21 16:00:00,0.3,30.1,69.0,0.0,3.7,166.0,1005.5,405.0
2026-05-21 17:00:00,0.2,30.0,70.0,0.0,2.5,240.0,1005.3,460.0
2026-05-21 18:00:00,4.4,29.7,69.0,0.0,2.2,360.0,1005.4,505.0
2026-05-21 19:00:00,7.1,29.3,73.0,0.0,4.3,355.0,1005.3,525.0
2026-05-21 20:00:00,17.9,28.9,75.0,0.0,3.8,17.0,1005.4,275.0
2026-05-21 21:00:00,41.8,28.5,78.0,0.0,3.7,35.0,1005.5,95.0
2026-05-21 22:00:00,37.3,28.5,77.0,0.0,3.3,61.0,1006.1,95.0
2026-05-21 23:00:00,25.7,29.9,70.0,0.0,2.8,169.0,1006.7,500.0
2026-05-22 00:00:00,1.8,32.1,58.0,0.0,3.8,185.0,1007.2,1035.0
2026-05-22 01:00:00,0.3,33.7,51.0,0.1,3.6,135.0,1007.2,1265.0
2026-05-22 02:00:00,0.9,35.5,46.0,0.1,2.2,125.0,1006.3,1725.0
2026-05-22 03:00:00,5.0,36.7,42.0,0.0,3.2,153.0,1005.7,2060.0
2026-05-22 04:00:00,6.5,36.0,44.0,0.0,5.4,220.0,1005.0,1870.0
2026-05-22 05:00:00,0.0,34.7,51.0,0.1,7.5,290.0,1004.8,1370.0
2026-05-22 06:00:00,0.0,34.2,52.0,0.3,4.3,355.0,1003.8,1260.0
2026-05-22 07:00:00,0.0,35.8,48.0,0.6,6.0,327.0,1003.2,1900.0
2026-05-22 08:00:00,0.5,35.9,47.0,0.0,4.6,309.0,1002.8,1890.0
2026-05-22 09:00:00,1.9,33.9,53.0,0.1,4.9,303.0,1003.2,765.0
2026-05-22 10:00:00,8.1,32.9,59.0,1.4,5.8,286.0,1003.5,390.0
2026-05-22 11:00:00,32.9,33.4,56.0,0.0,4.8,241.0,1004.1,1190.0
2026-05-22 12:00:00,37.6,33.4,53.0,0.0,3.3,144.0,1004.7,1080.0
2026-05-22 13:00:00,23.8,32.2,61.0,0.0,3.6,18.0,1005.3,510.0
2026-05-22 14:00:00,14.6,31.0,70.0,0.0,4.3,17.0,1005.9,430.0
2026-05-22 15:00:00,12.1,30.4,74.0,0.0,0.7,360.0,1006.1,410.0
2026-05-22 16:00:00,9.9,29.8,75.0,0.0,2.7,247.0,1005.7,435.0
2026-05-22 17:00:00,4.0,29.3,77.0,0.0,3.8,281.0,1005.3,410.0
2026-05-22 18:00:00,6.7,29.5,74.0,0.0,2.0,175.0,1005.0,410.0
2026-05-22 19:00:00,4.2,29.1,75.0,0.0,3.0,123.0,1004.6,115.0
2026-05-22 20:00:00,4.9,28.7,77.0,0.0,3.4,108.0,1004.9,85.0
2026-05-22 21:00:00,5.5,28.1,81.0,0.0,4.0,90.0,1005.0,60.0
2026-05-22 22:00:00,17.2,28.0,84.0,0.0,2.9,90.0,1005.7,55.0
2026-05-22 23:00:00,8.5,29.5,73.0,0.0,0.3,135.0,1006.3,455.0
2026-05-23 00:00:00,5.3,31.7,60.0,0.0,1.2,153.0,1006.5,965.0
2026-05-23 01:00:00,4.6,33.0,54.0,0.0,1.7,167.0,1006.4,1255.0
2026-05-23 02:00:00,15.4,34.6,48.0,0.0,0.7,360.0,1006.0,1690.0
2026-05-23 03:00:00,13.7,35.8,44.0,0.0,1.7,328.0,1005.6,1855.0
2026-05-23 04:00:00,3.7,36.0,44.0,0.2,3.8,289.0,1004.9,1940.0
2026-05-23 05:00:00,1.4,35.9,47.0,0.1,8.1,264.0,1004.2,1970.0
2026-05-23 06:00:00,0.1,36.2,44.0,0.0,7.5,249.0,1003.5,2065.0
2026-05-23 07:00:00,0.1,35.8,45.0,0.1,6.8,252.0,1002.9,1945.0
2026-05-23 08:00:00,0.1,35.6,46.0,0.0,6.7,246.0,1002.7,1935.0
2026-05-23 09:00:00,0.8,34.3,49.0,0.5,6.6,233.0,1003.0,1160.0
2026-05-23 10:00:00,17.0,31.1,64.0,1.4,7.7,231.0,1004.5,355.0
2026-05-23 11:00:00,29.5,31.7,58.0,0.2,5.1,252.0,1005.0,430.0
2026-05-23 12:00:00,13.7,31.4,61.0,0.3,4.9,303.0,1006.0,605.0
2026-05-23 13:00:00,17.9,31.0,63.0,0.0,2.8,310.0,1006.3,500.0
2026-05-23 14:00:00,23.5,30.5,66.0,0.0,3.9,332.0,1006.5,480.0
2026-05-23 15:00:00,26.2,30.2,70.0,0.0,4.4,330.0,1006.4,470.0
2026-05-23 16:00:00,34.0,29.8,73.0,0.0,2.4,9.0,1006.1,415.0
2026-05-23 17:00:00,36.9,29.5,74.0,0.0,0.5,45.0,1005.5,35.0
2026-05-23 18:00:00,37.6,28.9,72.0,0.0,0.9,270.0,1005.3,130.0
2026-05-23 19:00:00,40.3,27.5,81.0,0.5,7.1,308.0,1005.3,280.0
2026-05-23 20:00:00,41.5,27.8,79.0,0.1,0.8,207.0,1005.2,245.0
2026-05-23 21:00:00,41.1,27.9,79.0,0.0,0.0,270.0,1005.4,320.0
2026-05-23 22:00:00,39.7,28.1,77.0,0.0,1.9,124.0,1005.8,345.0
2026-05-23 23:00:00,22.7,29.1,72.0,0.0,2.0,153.0,1006.2,435.0
2026-05-24 00:00:00,7.0,31.3,62.0,0.0,4.4,117.0,1006.6,890.0
2026-05-24 01:00:00,3.8,33.1,54.0,0.0,2.4,77.0,1006.5,1465.0
2026-05-24 02:00:00,3.9,34.8,47.0,0.0,1.5,36.0,1005.8,1715.0
2026-05-24 03:00:00,2.5,36.4,40.0,0.0,1.5,210.0,1005.2,1915.0
2026-05-24 04:00:00,0.2,37.5,35.0,0.0,4.0,243.0,1004.3,2230.0
2026-05-24 05:00:00,0.3,36.6,39.0,0.1,9.1,232.0,1004.0,1910.0
2026-05-24 06:00:00,0.1,36.8,38.0,0.5,5.2,221.0,1003.2,1900.0
2026-05-24 07:00:00,0.1,36.8,40.0,0.0,6.2,229.0,1002.9,1980.0
2026-05-24 08:00:00,0.0,36.1,42.0,0.0,6.2,237.0,1002.6,1900.0
2026-05-24 09:00:00,0.2,35.3,43.0,0.1,3.3,221.0,1003.0,1640.0
2026-05-24 10:00:00,4.8,34.2,46.0,0.1,6.2,120.0,1003.8,1205.0
2026-05-24 11:00:00,5.4,33.4,51.0,0.0,6.9,121.0,1004.5,950.0
2026-05-24 12:00:00,8.4,32.7,56.0,0.0,7.9,167.0,1005.3,725.0
2026-05-24 13:00:00,4.5,32.2,58.0,0.0,6.4,142.0,1005.8,680.0
2026-05-24 14:00:00,3.3,31.5,61.0,0.0,4.3,182.0,1006.1,595.0
2026-05-24 15:00:00,6.1,28.6,75.0,0.8,8.1,360.0,1006.5,205.0
2026-05-24 16:00:00,21.5,28.7,73.0,0.1,3.2,19.0,1006.0,145.0
2026-05-24 17:00:00,21.1,28.6,73.0,0.0,2.1,31.0,1005.6,140.0
2026-05-24 18:00:00,22.3,28.9,73.0,0.1,4.8,29.0,1005.0,165.0
2026-05-24 19:00:00,21.4,28.6,74.0,0.0,1.8,349.0,1004.7,135.0
2026-05-24 20:00:00,18.8,28.6,73.0,0.0,1.5,249.0,1004.6,155.0
2026-05-24 21:00:00,13.6,28.6,74.0,0.0,1.7,342.0,1004.6,155.0
2026-05-24 22:00:00,22.4,28.9,72.0,0.0,3.4,122.0,1004.8,230.0
2026-05-24 23:00:00,23.4,29.8,69.0,0.0,3.7,145.0,1005.1,415.0
2026-05-25 00:00:00,9.7,31.8,58.0,0.0,1.9,151.0,1005.4,1045.0
2026-05-25 01:00:00,3.1,33.1,54.0,0.0,2.0,180.0,1005.2,1220.0
2026-05-25 02:00:00,7.3,34.5,49.0,0.0,1.9,202.0,1004.6,1475.0
2026-05-25 03:00:00,18.2,35.8,44.0,0.0,1.4,203.0,1004.1,1695.0
2026-05-25 04:00:00,14.5,36.1,43.0,0.1,2.7,222.0,1003.5,1705.0
2026-05-25 05:00:00,6.8,35.9,45.0,0.2,5.0,240.0,1002.8,1545.0
2026-05-25 06:00:00,4.3,36.5,43.0,0.2,6.9,239.0,1002.2,1705.0
2026-05-25 07:00:00,1.4,35.4,45.0,0.1,2.9,274.0,1001.9,1525.0
2026-05-25 08:00:00,0.8,34.8,47.0,0.1,5.1,238.0,1001.7,1185.0
2026-05-25 09:00:00,13.3,34.0,53.0,0.0,8.0,230.0,1001.8,670.0
2026-05-25 10:00:00,16.4,32.9,59.0,0.0,10.3,216.0,1002.5,605.0
2026-05-25 11:00:00,26.1,31.9,60.0,0.0,10.8,212.0,1003.2,490.0
2026-05-25 12:00:00,25.0,32.0,60.0,0.0,7.4,194.0,1003.8,825.0
2026-05-25 13:00:00,5.9,29.9,69.0,0.2,6.5,275.0,1004.7,240.0
2026-05-25 14:00:00,9.7,28.1,78.0,1.1,4.9,36.0,1005.2,135.0
2026-05-25 15:00:00,33.6,28.2,78.0,0.1,3.9,77.0,1005.4,95.0
2026-05-25 16:00:00,36.9,28.3,80.0,0.1,2.8,105.0,1004.8,55.0
2026-05-25 17:00:00,37.6,28.3,82.0,0.0,5.3,118.0,1004.3,85.0
2026-05-25 18:00:00,24.5,27.9,83.0,0.1,2.6,25.0,1003.7,235.0
2026-05-25 19:00:00,15.4,27.2,84.0,0.6,6.4,196.0,1003.6,270.0
2026-05-25 20:00:00,5.8,27.3,81.0,0.0,6.4,130.0,1003.3,240.0
2026-05-25 21:00:00,3.9,27.3,83.0,0.0,4.4,122.0,1003.5,225.0
2026-05-25 22:00:00,7.6,27.6,83.0,0.0,4.7,106.0,1003.8,240.0
2026-05-25 23:00:00,9.2,28.9,77.0,0.0,6.4,117.0,1004.1,470.0
2026-05-26 00:00:00,17.7,31.3,64.0,0.0,5.5,136.0,1004.4,865.0
2026-05-26 01:00:00,27.8,32.2,59.0,0.0,4.2,155.0,1004.4,1140.0
2026-05-26 02:00:00,31.9,33.3,55.0,0.0,2.2,215.0,1004.1,1260.0
2026-05-26 03:00:00,34.5,34.1,51.0,0.0,1.8,264.0,1003.6,1380.0
2026-05-26 04:00:00,42.3,34.6,49.0,0.1,5.6,255.0,1003.3,1395.0
2026-05-26 05:00:00,42.2,34.6,50.0,0.3,7.2,257.0,1002.9,1445.0
2026-05-26 06:00:00,37.0,35.0,47.0,0.1,10.3,254.0,1002.3,1440.0
2026-05-26 07:00:00,32.9,34.3,51.0,0.0,11.4,232.0,1001.8,1220.0
2026-05-26 08:00:00,37.4,33.8,53.0,0.0,12.3,224.0,1001.3,965.0
2026-05-26 09:00:00,42.7,33.2,55.0,0.0,11.8,227.0,1001.7,585.0
2026-05-26 10:00:00,41.8,32.0,60.0,0.0,10.5,209.0,1002.6,535.0
2026-05-26 11:00:00,43.0,31.4,64.0,0.6,6.1,177.0,1003.2,470.0
2026-05-26 12:00:00,53.5,31.9,63.0,0.0,7.7,198.0,1003.7,550.0
2026-05-26 13:00:00,54.2,31.3,65.0,0.0,6.5,203.0,1004.4,430.0
2026-05-26 14:00:00,53.9,30.4,67.0,0.1,3.7,281.0,1005.2,315.0
2026-05-26 15:00:00,52.9,30.0,69.0,0.2,2.1,322.0,1005.3,215.0
2026-05-26 16:00:00,55.3,29.8,72.0,0.0,2.3,32.0,1004.8,95.0
2026-05-26 17:00:00,53.8,29.4,75.0,0.0,3.7,101.0,1004.3,90.0
2026-05-26 18:00:00,52.4,29.1,75.0,0.0,1.8,156.0,1004.0,125.0
2026-05-26 19:00:00,47.5,28.7,79.0,0.0,2.9,97.0,1003.6,85.0
2026-05-26 20:00:00,50.3,28.4,82.0,0.0,4.3,85.0,1003.5,100.0
2026-05-26 21:00:00,52.3,28.2,84.0,0.0,4.7,99.0,1003.9,120.0
2026-05-26 22:00:00,45.8,28.3,83.0,0.0,5.1,94.0,1004.2,120.0
2026-05-26 23:00:00,43.3,29.8,71.0,0.0,4.3,95.0,1004.8,510.0
2026-05-27 00:00:00,37.6,31.8,58.0,0.0,3.0,115.0,1005.4,980.0
2026-05-27 01:00:00,37.4,32.9,53.0,0.0,2.7,200.0,1005.5,1235.0
2026-05-27 02:00:00,41.0,33.8,50.0,0.0,4.4,232.0,1005.4,1375.0
2026-05-27 03:00:00,44.4,34.3,49.0,0.0,5.2,241.0,1004.9,1520.0
2026-05-27 04:00:00,47.7,35.0,47.0,0.0,6.7,251.0,1004.5,1485.0
2026-05-27 05:00:00,47.8,35.1,48.0,0.0,9.8,257.0,1003.7,1475.0
2026-05-27 06:00:00,45.7,35.4,45.0,0.0,11.7,261.0,1003.3,1535.0
2026-05-27 07:00:00,43.0,35.1,42.0,0.0,10.7,253.0,1002.5,1340.0
2026-05-27 08:00:00,36.7,34.9,43.0,0.0,9.3,252.0,1002.2,1255.0
2026-05-27 09:00:00,40.2,34.4,46.0,0.0,8.5,252.0,1002.2,1230.0
2026-05-27 10:00:00,36.6,33.6,50.0,0.0,8.3,236.0,1002.8,1030.0
2026-05-27 11:00:00,30.7,32.9,55.0,0.0,9.7,223.0,1003.4,480.0
2026-05-27 12:00:00,31.0,32.6,58.0,0.0,7.2,207.0,1004.0,490.0
2026-05-27 13:00:00,30.3,32.2,60.0,0.0,6.6,193.0,1004.5,540.0
2026-05-27 14:00:00,73.5,31.7,62.0,0.0,6.7,185.0,1005.1,535.0
2026-05-27 15:00:00,74.2,31.6,62.0,0.0,5.7,204.0,1005.4,660.0
2026-05-27 16:00:00,68.8,30.8,65.0,0.0,6.8,197.0,1005.3,575.0
2026-05-27 17:00:00,67.9,30.6,68.0,0.0,4.1,193.0,1005.1,440.0
2026-05-27 18:00:00,71.8,28.6,77.0,0.0,3.6,123.0,1004.9,140.0
2026-05-27 19:00:00,47.0,28.8,77.0,0.1,2.9,79.0,1004.9,90.0
2026-05-27 20:00:00,35.8,28.2,79.0,0.1,1.6,360.0,1004.8,105.0
2026-05-27 21:00:00,41.8,28.2,78.0,0.0,0.3,225.0,1005.0,225.0
2026-05-27 22:00:00,51.5,28.6,76.0,0.0,0.8,27.0,1005.0,300.0
2026-05-27 23:00:00,51.5,29.7,72.0,0.0,0.9,360.0,1005.4,540.0
2026-05-28 00:00:00,45.3,31.5,64.0,0.0,3.5,291.0,1005.7,900.0
2026-05-28 01:00:00,43.4,32.6,59.0,0.1,4.8,290.0,1005.8,1015.0
2026-05-28 02:00:00,55.5,33.7,55.0,0.2,5.2,286.0,1005.3,1155.0
2026-05-28 03:00:00,48.2,34.5,51.0,0.1,5.4,270.0,1004.6,1255.0
2026-05-28 04:00:00,49.5,35.1,49.0,0.3,6.4,260.0,1003.6,1360.0
2026-05-28 05:00:00,48.3,35.4,50.0,0.2,8.1,257.0,1002.9,1485.0
2026-05-28 06:00:00,58.2,36.2,44.0,0.0,9.6,249.0,1002.3,1565.0
2026-05-28 07:00:00,57.6,35.4,48.0,0.0,12.0,248.0,1001.6,1420.0
2026-05-28 08:00:00,56.9,34.8,50.0,0.1,10.0,240.0,1001.3,1260.0
2026-05-28 09:00:00,39.3,32.7,57.0,0.6,9.0,224.0,1002.2,570.0
2026-05-28 10:00:00,29.2,32.8,59.0,0.6,5.2,207.0,1002.7,685.0
2026-05-28 11:00:00,30.9,32.2,62.0,0.0,3.7,209.0,1003.4,640.0
2026-05-28 12:00:00,33.3,31.1,65.0,0.0,8.9,306.0,1004.5,405.0
2026-05-28 13:00:00,42.3,28.0,82.0,0.1,8.4,7.0,1005.0,230.0
2026-05-28 14:00:00,43.8,28.0,83.0,0.0,3.7,35.0,1005.1,115.0
2026-05-28 15:00:00,43.7,28.1,84.0,0.0,2.5,315.0,1004.9,95.0
2026-05-28 16:00:00,43.7,27.6,88.0,0.0,4.8,315.0,1004.7,155.0
2026-05-28 17:00:00,45.5,27.2,90.0,0.0,5.1,324.0,1004.3,155.0
2026-05-28 18:00:00,47.7,27.6,90.0,0.0,4.5,23.0,1003.9,185.0
2026-05-28 19:00:00,47.4,27.7,89.0,0.0,1.8,143.0,1003.7,75.0
2026-05-28 20:00:00,45.6,27.9,88.0,0.0,1.9,124.0,1003.5,115.0
2026-05-28 21:00:00,46.9,28.0,87.0,0.0,3.5,102.0,1003.7,170.0
2026-05-28 22:00:00,47.6,28.2,85.0,0.0,3.2,117.0,1003.9,190.0
2026-05-28 23:00:00,45.6,29.5,76.0,0.0,2.3,157.0,1004.3,470.0
2026-05-29 00:00:00,35.1,30.5,71.0,0.0,2.0,265.0,1004.2,530.0
2026-05-29 01:00:00,34.7,31.7,65.0,0.0,3.4,264.0,1003.9,795.0
2026-05-29 02:00:00,44.5,32.6,61.0,0.0,4.6,261.0,1003.3,925.0
2026-05-29 03:00:00,45.6,33.4,58.0,0.0,6.8,252.0,1002.6,985.0
2026-05-29 04:00:00,39.7,33.9,54.0,0.0,8.7,243.0,1002.0,975.0
2026-05-29 05:00:00,40.1,34.2,52.0,0.0,10.6,240.0,1001.6,1055.0
2026-05-29 06:00:00,41.2,34.7,50.0,0.0,15.4,238.0,1000.9,1025.0
2026-05-29 07:00:00,39.8,33.8,59.0,0.8,14.4,240.0,1000.4,1170.0
2026-05-29 08:00:00,37.8,33.1,59.0,0.2,10.5,267.0,1000.1,930.0
2026-05-29 09:00:00,36.7,32.9,59.0,0.0,11.4,275.0,1000.4,855.0
2026-05-29 10:00:00,37.3,32.1,60.0,0.0,10.6,298.0,1001.1,670.0
2026-05-29 11:00:00,40.6,27.8,81.0,1.9,2.9,11.0,1002.5,120.0
2026-05-29 12:00:00,40.3,27.8,85.0,0.3,2.1,121.0,1002.6,60.0
2026-05-29 13:00:00,47.8,28.4,81.0,0.1,4.0,87.0,1002.9,90.0
2026-05-29 14:00:00,47.3,28.6,81.0,0.0,3.9,74.0,1003.2,85.0
2026-05-29 15:00:00,34.5,28.8,80.0,0.0,1.8,79.0,1003.0,55.0
2026-05-29 16:00:00,22.2,28.9,81.0,0.0,1.4,40.0,1002.7,40.0
2026-05-29 17:00:00,20.0,28.9,82.0,0.0,2.3,299.0,1002.5,115.0
2026-05-29 18:00:00,17.3,28.7,78.0,0.1,10.8,357.0,1001.5,650.0
2026-05-29 19:00:00,21.0,28.4,78.0,0.0,7.6,359.0,1001.4,600.0
2026-05-29 20:00:00,21.6,28.3,79.0,0.0,5.9,346.0,1001.3,505.0
2026-05-29 21:00:00,23.7,28.2,80.0,0.0,3.1,324.0,1001.6,395.0
2026-05-29 22:00:00,22.2,28.4,77.0,0.0,3.6,357.0,1002.0,405.0
2026-05-29 23:00:00,23.4,29.3,72.0,0.0,2.9,356.0,1002.9,575.0
2026-05-30 00:00:00,26.8,30.2,72.0,0.0,7.1,294.0,1003.2,845.0
2026-05-30 01:00:00,20.4,30.9,70.0,0.0,6.1,268.0,1003.8,995.0
2026-05-30 02:00:00,19.2,31.0,70.0,0.1,6.8,253.0,1003.8,945.0
2026-05-30 03:00:00,25.4,31.7,68.0,0.1,7.6,239.0,1002.9,1090.0
2026-05-30 04:00:00,13.1,31.9,65.0,0.1,9.0,223.0,1001.9,960.0
2026-05-30 05:00:00,15.1,32.4,62.0,0.0,8.0,222.0,1000.7,1010.0
2026-05-30 06:00:00,16.1,33.6,53.0,0.0,6.5,240.0,1000.0,1355.0
2026-05-30 07:00:00,12.8,33.6,54.0,0.0,9.9,224.0,999.3,1375.0
2026-05-30 08:00:00,10.9,32.8,58.0,0.1,13.9,228.0,999.2,940.0
2026-05-30 09:00:00,7.6,31.4,71.0,0.8,15.7,220.0,999.4,640.0
2026-05-30 10:00:00,8.5,30.5,72.0,0.1,13.0,250.0,1000.3,625.0
2026-05-30 11:00:00,8.6,30.5,72.0,0.2,12.1,243.0,1001.2,750.0
2026-05-30 12:00:00,6.9,25.3,94.0,1.4,5.5,189.0,1002.6,175.0
2026-05-30 13:00:00,4.6,26.3,91.0,1.0,3.3,45.0,1003.2,110.0
2026-05-30 14:00:00,1.0,26.3,89.0,1.1,5.4,56.0,1003.4,120.0
2026-05-30 15:00:00,3.6,26.4,90.0,0.4,6.5,48.0,1003.4,165.0
2026-05-30 16:00:00,10.0,26.7,89.0,0.0,3.6,18.0,1003.0,135.0
2026-05-30 17:00:00,14.1,27.0,88.0,0.0,1.3,106.0,1002.4,60.0
2026-05-30 18:00:00,20.9,26.9,88.0,0.0,3.5,208.0,1001.6,295.0
2026-05-30 19:00:00,23.3,26.8,88.0,0.3,7.4,236.0,1001.6,460.0
2026-05-30 20:00:00,25.4,27.0,86.0,0.3,3.6,200.0,1001.5,165.0
2026-05-30 21:00:00,24.8,26.9,87.0,0.1,2.5,249.0,1001.7,115.0
2026-05-30 22:00:00,25.8,27.1,87.0,0.5,2.7,212.0,1001.9,105.0
2026-05-30 23:00:00,25.7,28.2,82.0,0.1,1.5,216.0,1002.7,375.0
2026-05-31 00:00:00,22.1,29.8,75.0,0.1,5.5,289.0,1002.9,715.0
2026-05-31 01:00:00,25.2,30.7,70.0,0.2,8.2,278.0,1003.4,885.0
2026-05-31 02:00:00,8.0,31.1,66.0,0.0,9.0,269.0,1003.0,950.0
2026-05-31 03:00:00,6.4,31.8,61.0,0.0,10.7,243.0,1002.7,1070.0
2026-05-31 04:00:00,15.2,31.5,65.0,0.0,13.0,229.0,1002.4,900.0
2026-05-31 05:00:00,12.8,31.6,67.0,0.1,14.6,226.0,1001.9,840.0
2026-05-31 06:00:00,7.6,32.3,61.0,0.2,11.7,233.0,1001.1,920.0
2026-05-31 07:00:00,5.8,32.5,58.0,0.2,16.7,228.0,1001.2,935.0
2026-05-31 08:00:00,4.5,31.7,63.0,0.4,18.2,225.0,1001.0,775.0
2026-05-31 09:00:00,5.5,30.5,66.0,0.0,18.6,234.0,1001.8,790.0
2026-05-31 10:00:00,6.6,29.4,76.0,0.1,14.7,233.0,1002.3,585.0
2026-05-31 11:00:00,7.8,29.1,79.0,0.0,10.1,245.0,1002.9,535.0
2026-05-31 12:00:00,6.5,29.2,79.0,0.0,3.7,256.0,1003.3,225.0
2026-05-31 13:00:00,8.0,28.8,79.0,0.2,3.9,257.0,1004.3,260.0
2026-05-31 14:00:00,7.8,28.6,80.0,0.1,3.3,225.0,1004.8,140.0
2026-05-31 15:00:00,14.8,28.3,82.0,0.1,3.7,203.0,1004.6,125.0
2026-05-31 16:00:00,25.3,28.1,84.0,0.1,3.6,174.0,1003.8,60.0
2026-05-31 17:00:00,24.4,27.7,86.0,0.2,6.9,213.0,1003.4,405.0
2026-05-31 18:00:00,12.2,27.2,86.0,0.2,3.4,264.0,1003.5,100.0
2026-05-31 19:00:00,6.6,27.1,87.0,0.3,2.2,215.0,1003.2,125.0
2026-05-31 20:00:00,5.8,26.0,92.0,1.4,6.9,265.0,1003.2,300.0
2026-05-31 21:00:00,6.9,26.4,93.0,0.3,1.3,8.0,1002.9,20.0
2026-05-31 22:00:00,9.9,26.6,93.0,0.1,0.9,259.0,1003.2,15.0
2026-05-31 23:00:00,3.2,27.3,85.0,0.5,5.6,220.0,1004.1,500.0
2026-06-01 00:00:00,4.3,29.3,74.0,0.4,7.3,234.0,1004.3,725.0
2026-06-01 01:00:00,7.8,30.1,70.0,0.5,7.7,249.0,1004.6,795.0
2026-06-01 02:00:00,7.8,31.2,66.0,0.4,7.9,253.0,1004.6,1025.0
2026-06-01 03:00:00,5.2,30.8,65.0,0.4,13.3,242.0,1004.2,905.0
2026-06-01 04:00:00,8.4,28.6,79.0,2.4,21.2,236.0,1004.6,695.0
2026-06-01 05:00:00,14.3,29.0,76.0,0.3,11.8,226.0,1003.6,710.0
2026-06-01 06:00:00,9.9,29.8,74.0,0.1,10.7,240.0,1003.4,775.0
2026-06-01 07:00:00,3.5,28.4,78.0,1.3,17.4,232.0,1003.4,735.0
2026-06-01 08:00:00,0.6,27.4,83.0,0.5,11.8,224.0,1003.3,530.0
2026-06-01 09:00:00,1.9,26.7,89.0,1.8,10.8,222.0,1003.5,475.0
2026-06-01 10:00:00,3.5,27.0,91.0,1.5,7.1,210.0,1003.8,530.0
2026-06-01 11:00:00,18.5,26.4,93.0,2.0,8.6,221.0,1004.4,425.0
2026-06-01 12:00:00,17.9,26.6,97.0,3.9,5.8,184.0,1005.0,320.0
2026-06-01 13:00:00,4.9,26.5,97.0,0.8,6.8,158.0,1005.4,140.0
2026-06-01 14:00:00,17.4,26.5,98.0,0.3,6.1,178.0,1005.5,190.0
2026-06-01 15:00:00,20.5,26.5,96.0,0.8,6.3,173.0,1005.1,175.0
2026-06-01 16:00:00,18.5,26.2,93.0,1.1,8.9,204.0,1004.7,325.0
2026-06-01 17:00:00,21.7,25.7,94.0,1.7,9.8,206.0,1004.4,355.0
2026-06-01 18:00:00,14.1,25.7,92.0,2.6,6.8,198.0,1004.3,340.0
2026-06-01 19:00:00,6.8,26.1,95.0,0.9,5.2,202.0,1003.8,260.0
2026-06-01 20:00:00,16.8,25.8,97.0,0.2,5.2,184.0,1003.5,115.0
2026-06-01 21:00:00,22.6,25.3,94.0,0.5,4.4,201.0,1003.9,90.0
2026-06-01 22:00:00,18.2,24.0,96.0,2.1,4.5,92.0,1004.5,85.0
2026-06-01 23:00:00,19.0,24.8,94.0,2.4,3.1,156.0,1004.8,130.0
2026-06-02 00:00:00,25.4,27.6,86.0,0.8,1.8,270.0,1005.0,210.0
2026-06-02 01:00:00,16.4,28.4,79.0,0.1,3.3,209.0,1004.8,730.0
2026-06-02 02:00:00,9.9,29.5,71.0,0.0,7.3,205.0,1004.2,915.0
2026-06-02 03:00:00,27.2,30.3,68.0,0.1,9.5,202.0,1003.9,895.0
2026-06-02 04:00:00,37.2,30.6,66.0,0.1,7.6,207.0,1003.2,1055.0
2026-06-02 05:00:00,25.0,29.8,71.0,0.2,9.8,215.0,1002.6,745.0
2026-06-02 06:00:00,1.5,29.8,73.0,0.9,9.5,241.0,1002.0,665.0
2026-06-02 07:00:00,0.2,29.3,74.0,0.5,9.2,230.0,1002.0,670.0
2026-06-02 08:00:00,0.0,29.1,72.0,0.2,9.5,226.0,1001.7,800.0
2026-06-02 09:00:00,0.1,29.0,74.0,0.1,8.4,225.0,1002.0,725.0
2026-06-02 10:00:00,1.6,28.8,75.0,0.0,9.3,230.0,1003.1,740.0
2026-06-02 11:00:00,5.1,28.1,78.0,0.0,7.6,218.0,1003.4,545.0
2026-06-02 12:00:00,4.3,26.0,90.0,0.7,2.0,80.0,1004.2,55.0
2026-06-02 13:00:00,4.3,26.4,91.0,0.0,1.2,39.0,1004.5,35.0
2026-06-02 14:00:00,22.6,26.5,94.0,0.0,0.4,180.0,1004.8,30.0
2026-06-02 15:00:00,23.6,26.4,95.0,0.3,1.4,157.0,1004.6,40.0
2026-06-02 16:00:00,21.0,26.4,97.0,0.2,1.3,164.0,1004.3,30.0
2026-06-02 17:00:00,15.9,26.5,98.0,0.3,3.7,219.0,1003.7,50.0
2026-06-02 18:00:00,4.7,26.0,93.0,2.8,8.4,228.0,1003.8,365.0
2026-06-02 19:00:00,10.2,25.2,94.0,3.3,6.6,197.0,1004.2,265.0
2026-06-02 20:00:00,12.7,25.2,96.0,3.0,6.9,123.0,1003.9,165.0
2026-06-02 21:00:00,20.1,24.9,96.0,2.3,7.8,86.0,1003.4,125.0
2026-06-02 22:00:00,25.6,25.0,95.0,0.6,5.0,92.0,1003.5,65.0
2026-06-02 23:00:00,25.4,25.8,95.0,0.6,1.6,207.0,1004.1,25.0
2026-06-03 00:00:00,29.7,27.0,90.0,0.5,3.4,108.0,1003.5,150.0
2026-06-03 01:00:00,25.1,28.8,80.0,0.2,3.6,186.0,1003.3,725.0
2026-06-03 02:00:00,5.8,29.8,73.0,0.1,6.2,216.0,1003.8,910.0
2026-06-03 03:00:00,4.0,30.3,69.0,0.1,12.7,232.0,1004.0,1215.0
2026-06-03 04:00:00,0.9,29.3,73.0,1.6,14.1,223.0,1003.7,815.0
2026-06-03 05:00:00,0.7,27.2,85.0,2.8,16.9,225.0,1003.7,610.0
2026-06-03 06:00:00,0.6,27.7,86.0,1.5,15.1,225.0,1003.9,705.0
2026-06-03 07:00:00,1.5,27.4,87.0,3.0,12.6,213.0,1003.4,640.0
2026-06-03 08:00:00,2.7,27.4,85.0,0.8,8.2,202.0,1002.5,455.0
2026-06-03 09:00:00,4.6,27.9,82.0,0.0,7.3,197.0,1002.4,505.0
2026-06-03 10:00:00,8.5,27.6,86.0,0.0,7.0,180.0,1002.8,470.0
2026-06-03 11:00:00,12.2,27.1,90.0,0.1,6.7,142.0,1003.1,245.0
2026-06-03 12:00:00,12.3,27.6,86.0,0.0,4.3,178.0,1003.6,75.0
2026-06-03 13:00:00,30.3,27.3,90.0,0.1,4.3,165.0,1003.9,40.0
2026-06-03 14:00:00,32.0,27.4,91.0,0.0,2.0,180.0,1004.6,15.0
2026-06-03 15:00:00,27.3,27.1,90.0,0.2,2.7,217.0,1005.0,20.0
2026-06-03 16:00:00,22.1,27.0,93.0,0.1,1.5,173.0,1004.5,15.0
2026-06-03 17:00:00,13.1,26.3,92.0,1.2,6.9,242.0,1004.7,230.0
2026-06-03 18:00:00,13.0,27.2,89.0,0.2,4.1,225.0,1003.9,155.0
2026-06-03 19:00:00,12.7,27.1,88.0,0.2,8.6,217.0,1003.7,450.0
2026-06-03 20:00:00,17.8,26.9,90.0,0.1,7.4,187.0,1003.2,410.0
2026-06-03 21:00:00,22.6,26.7,92.0,0.0,6.5,185.0,1002.9,125.0
2026-06-03 22:00:00,25.4,26.7,93.0,0.0,4.7,187.0,1003.5,50.0
2026-06-03 23:00:00,31.8,27.5,88.0,0.0,6.1,166.0,1004.5,755.0
2026-06-04 00:00:00,13.3,28.7,74.0,0.0,5.3,192.0,1004.3,745.0
2026-06-04 01:00:00,16.9,29.3,70.0,0.0,6.6,196.0,1004.6,765.0
2026-06-04 02:00:00,3.1,30.1,68.0,0.0,8.5,215.0,1004.7,1020.0
2026-06-04 03:00:00,2.1,30.6,67.0,0.0,8.6,239.0,1004.8,1200.0
2026-06-04 04:00:00,2.2,29.6,71.0,0.0,12.3,232.0,1004.6,1010.0
2026-06-04 05:00:00,0.3,28.5,78.0,0.1,11.5,226.0,1004.2,860.0
2026-06-04 06:00:00,0.6,28.6,79.0,0.4,10.3,255.0,1003.5,730.0
2026-06-04 07:00:00,0.4,28.7,78.0,0.4,13.2,235.0,1003.2,710.0
2026-06-04 08:00:00,1.0,28.4,79.0,0.1,13.8,227.0,1002.8,690.0
2026-06-04 09:00:00,2.3,28.7,79.0,0.0,12.9,224.0,1002.6,805.0
2026-06-04 10:00:00,5.7,28.6,79.0,0.0,13.2,226.0,1003.5,775.0
2026-06-04 11:00:00,6.4,28.5,80.0,0.0,10.5,215.0,1003.5,770.0
2026-06-04 12:00:00,21.7,28.3,82.0,0.0,8.9,249.0,1004.3,730.0
2026-06-04 13:00:00,38.0,28.1,82.0,0.0,8.3,246.0,1004.9,590.0
2026-06-04 14:00:00,6.5,28.0,83.0,0.1,9.7,242.0,1005.5,590.0
2026-06-04 15:00:00,1.3,27.7,85.0,0.2,9.8,238.0,1005.5,535.0
2026-06-04 16:00:00,4.4,27.5,86.0,0.2,9.1,238.0,1004.9,500.0
2026-06-04 17:00:00,0.0,27.6,86.0,0.1,6.7,234.0,1004.1,480.0
2026-06-04 18:00:00,0.0,27.0,90.0,0.4,3.3,279.0,1004.6,275.0
2026-06-04 19:00:00,0.1,26.7,92.0,0.1,3.7,209.0,1003.8,110.0
2026-06-04 20:00:00,0.1,27.1,90.0,0.1,5.8,236.0,1003.6,545.0
2026-06-04 21:00:00,0.0,27.2,88.0,0.2,5.7,246.0,1003.7,530.0
2026-06-04 22:00:00,8.2,27.1,90.0,1.1,6.1,210.0,1004.0,435.0
2026-06-04 23:00:00,13.6,26.8,90.0,2.1,11.4,237.0,1005.0,500.0
2026-06-05 00:00:00,23.3,27.7,88.0,2.1,3.0,14.0,1005.2,330.0
2026-06-05 01:00:00,15.4,28.0,86.0,0.5,2.2,336.0,1005.6,455.0
2026-06-05 02:00:00,22.9,28.0,86.0,0.3,2.9,277.0,1005.9,545.0
2026-06-05 03:00:00,31.0,27.9,82.0,0.6,9.0,258.0,1006.2,425.0
2026-06-05 04:00:00,8.1,28.5,79.0,0.6,10.4,252.0,1005.9,650.0
2026-06-05 05:00:00,3.5,28.6,78.0,0.7,11.5,236.0,1005.2,695.0
2026-06-05 06:00:00,11.5,27.9,84.0,0.4,9.8,240.0,1004.8,610.0
2026-06-05 07:00:00,5.9,27.5,88.0,1.7,8.4,247.0,1004.7,565.0
2026-06-05 08:00:00,1.7,27.2,91.0,2.1,6.1,199.0,1004.5,330.0
2026-06-05 09:00:00,5.3,27.4,92.0,1.1,1.1,18.0,1004.4,15.0
2026-06-05 10:00:00,14.0,27.2,95.0,0.5,1.8,127.0,1004.9,35.0
2026-06-05 11:00:00,32.6,26.8,97.0,0.4,4.5,140.0,1005.1,70.0
2026-06-05 12:00:00,26.3,27.1,89.0,0.1,7.6,153.0,1005.5,355.0
2026-06-05 13:00:00,37.1,26.9,92.0,0.8,2.3,148.0,1006.3,80.0
2026-06-05 14:00:00,42.5,26.8,93.0,1.3,2.1,329.0,1006.1,20.0
2026-06-05 15:00:00,31.4,26.7,95.0,0.3,2.1,290.0,1006.1,15.0
2026-06-05 16:00:00,24.6,26.4,94.0,0.6,1.9,236.0,1006.3,20.0
2026-06-05 17:00:00,21.0,26.3,94.0,0.5,8.1,215.0,1005.9,300.0
2026-06-05 18:00:00,18.9,26.0,98.0,0.6,4.1,52.0,1005.2,65.0
2026-06-05 19:00:00,21.4,25.7,98.0,0.0,2.8,105.0,1004.3,40.0
2026-06-05 20:00:00,17.8,25.8,97.0,0.0,1.3,180.0,1004.7,25.0
2026-06-05 21:00:00,25.6,26.4,95.0,0.1,1.0,239.0,1005.1,20.0
2026-06-05 22:00:00,35.5,26.6,95.0,0.4,5.6,207.0,1005.4,95.0
2026-06-05 23:00:00,41.5,27.0,95.0,0.5,8.6,181.0,1005.5,315.0
2026-06-06 00:00:00,42.6,27.5,89.0,0.6,3.8,239.0,1006.1,465.0
2026-06-06 01:00:00,43.0,27.9,87.0,0.9,6.4,254.0,1006.4,460.0
2026-06-06 02:00:00,11.9,28.0,87.0,1.5,8.1,242.0,1006.6,610.0
2026-06-06 03:00:00,2.8,27.9,87.0,0.9,9.4,227.0,1006.6,700.0
2026-06-06 04:00:00,3.3,28.2,83.0,1.0,10.7,220.0,1006.5,770.0
2026-06-06 05:00:00,1.4,28.4,79.0,0.5,6.1,225.0,1006.3,715.0
2026-06-06 06:00:00,0.2,30.4,67.0,0.0,10.3,248.0,1005.5,1020.0
2026-06-06 07:00:00,0.3,29.7,72.0,0.3,10.3,247.0,1004.8,735.0
2026-06-06 08:00:00,2.7,29.5,74.0,0.1,8.3,250.0,1004.6,680.0
2026-06-06 09:00:00,4.5,29.3,75.0,0.0,5.1,243.0,1005.1,565.0
2026-06-06 10:00:00,6.6,28.8,80.0,0.0,4.5,217.0,1005.6,380.0
2026-06-06 11:00:00,8.9,28.5,83.0,0.0,5.1,207.0,1006.0,195.0
2026-06-06 12:00:00,6.3,27.5,93.0,0.1,5.6,84.0,1006.5,85.0
2026-06-06 13:00:00,7.5,27.2,92.0,0.0,5.7,101.0,1006.8,85.0
2026-06-06 14:00:00,15.0,27.1,92.0,0.0,5.1,100.0,1007.1,70.0
2026-06-06 15:00:00,24.5,27.0,92.0,0.0,5.5,101.0,1006.9,60.0
2026-06-06 16:00:00,31.9,26.7,92.0,0.1,4.7,94.0,1006.5,45.0
2026-06-06 17:00:00,31.2,26.7,92.0,0.2,3.9,112.0,1006.0,35.0
2026-06-06 18:00:00,27.4,26.7,90.0,0.0,4.0,82.0,1005.4,45.0
2026-06-06 19:00:00,23.1,26.4,92.0,0.1,2.9,112.0,1005.1,25.0
2026-06-06 20:00:00,24.6,26.5,92.0,0.0,4.3,118.0,1004.9,40.0
2026-06-06 21:00:00,26.2,26.0,94.0,0.0,3.2,133.0,1004.9,30.0
2026-06-06 22:00:00,28.5,26.5,93.0,0.2,2.0,243.0,1005.5,15.0
2026-06-06 23:00:00,34.6,27.7,86.0,0.1,2.7,242.0,1006.1,365.0
2026-06-07 00:00:00,27.0,29.2,78.0,0.2,4.1,232.0,1006.3,715.0
2026-06-07 01:00:00,13.3,30.2,72.0,0.1,8.9,232.0,1006.4,865.0
2026-06-07 02:00:00,3.5,31.0,66.0,0.0,9.3,234.0,1006.0,885.0
2026-06-07 03:00:00,2.7,31.5,64.0,0.0,8.4,236.0,1005.5,945.0
2026-06-07 04:00:00,1.5,31.7,62.0,0.0,10.1,239.0,1005.0,960.0
2026-06-07 05:00:00,1.7,31.8,61.0,0.0,12.8,241.0,1004.6,1015.0
2026-06-07 06:00:00,1.0,31.9,60.0,0.0,13.3,240.0,1004.3,1025.0
2026-06-07 07:00:00,2.7,31.9,56.0,0.2,12.4,262.0,1004.1,970.0
2026-06-07 08:00:00,5.0,30.5,67.0,1.1,9.3,262.0,1004.1,860.0
2026-06-07 09:00:00,6.4,30.6,65.0,0.1,7.4,269.0,1004.2,880.0
2026-06-07 10:00:00,15.1,29.6,74.0,0.1,4.6,288.0,1004.4,225.0
2026-06-07 11:00:00,23.5,28.9,81.0,0.0,3.1,339.0,1004.9,55.0
2026-06-07 12:00:00,32.2,28.6,89.0,0.0,3.9,28.0,1005.1,80.0
2026-06-07 13:00:00,40.7,28.2,91.0,0.1,4.4,58.0,1005.3,65.0
2026-06-07 14:00:00,41.3,28.0,91.0,0.1,3.8,31.0,1005.9,70.0
2026-06-07 15:00:00,47.3,27.7,90.0,0.1,5.7,37.0,1005.7,110.0
2026-06-07 16:00:00,43.0,27.4,88.0,0.0,5.9,59.0,1005.3,95.0
2026-06-07 17:00:00,40.2,27.2,88.0,0.0,5.2,63.0,1005.1,65.0
2026-06-07 18:00:00,38.9,26.6,92.0,0.1,4.5,50.0,1004.6,80.0
2026-06-07 19:00:00,30.8,26.4,93.0,0.1,3.2,47.0,1004.3,40.0
2026-06-07 20:00:00,28.2,26.5,93.0,0.0,3.1,45.0,1004.1,45.0
2026-06-07 21:00:00,31.2,26.6,93.0,0.1,3.0,73.0,1004.4,40.0
2026-06-07 22:00:00,34.9,26.9,93.0,0.1,2.2,125.0,1004.9,35.0
2026-06-07 23:00:00,40.5,27.9,88.0,0.0,1.7,193.0,1005.4,155.0
2026-06-08 00:00:00,44.0,29.0,76.0,0.2,2.3,252.0,1005.5,535.0
2026-06-08 01:00:00,31.3,30.5,70.0,0.1,7.6,258.0,1006.1,920.0
2026-06-08 02:00:00,19.0,30.0,70.0,0.0,8.8,259.0,1005.7,860.0
2026-06-08 03:00:00,12.8,29.5,73.0,0.9,11.5,236.0,1005.7,720.0
2026-06-08 04:00:00,9.9,29.7,74.0,0.9,11.4,246.0,1005.1,655.0
2026-06-08 05:00:00,9.0,30.1,73.0,0.2,8.3,236.0,1004.7,685.0
2026-06-08 06:00:00,9.6,30.8,64.0,0.1,7.8,251.0,1003.8,555.0
2026-06-08 07:00:00,8.3,31.4,65.0,0.0,6.0,299.0,1003.5,1000.0
2026-06-08 08:00:00,7.6,30.1,72.0,1.6,4.2,288.0,1003.3,545.0
2026-06-08 09:00:00,9.1,29.7,74.0,0.1,4.2,102.0,1003.3,165.0
2026-06-08 10:00:00,11.2,29.2,79.0,0.0,6.0,106.0,1003.7,155.0
2026-06-08 11:00:00,15.5,28.6,84.0,0.0,6.2,98.0,1003.8,110.0
2026-06-08 12:00:00,8.3,29.4,81.0,0.0,5.5,139.0,1003.9,115.0
2026-06-08 13:00:00,11.0,29.2,82.0,0.0,6.3,173.0,1004.4,155.0
2026-06-08 14:00:00,16.6,29.1,80.0,0.0,6.7,182.0,1004.4,155.0
2026-06-08 15:00:00,33.1,28.8,80.0,0.0,4.8,193.0,1004.3,105.0
2026-06-08 16:00:00,31.0,28.9,79.0,0.0,5.3,192.0,1004.1,150.0
2026-06-08 17:00:00,34.8,28.7,81.0,0.0,5.1,186.0,1003.9,165.0
2026-06-08 18:00:00,39.3,28.3,85.0,0.0,2.9,191.0,1003.5,55.0
2026-06-08 19:00:00,41.7,27.9,86.0,0.0,5.2,182.0,1003.2,70.0
2026-06-08 20:00:00,40.9,27.8,87.0,0.0,6.1,177.0,1003.0,95.0
2026-06-08 21:00:00,40.3,27.6,89.0,0.0,4.6,189.0,1003.2,55.0
2026-06-08 22:00:00,40.4,27.6,90.0,0.0,3.1,180.0,1003.8,20.0
2026-06-08 23:00:00,34.3,29.1,81.0,0.0,2.5,176.0,1004.4,600.0
2026-06-09 00:00:00,5.1,30.5,69.0,0.0,10.6,238.0,1004.9,1015.0
2026-06-09 01:00:00,2.9,30.7,68.0,0.2,12.8,241.0,1005.1,975.0
2026-06-09 02:00:00,2.9,31.5,64.0,0.1,15.4,236.0,1005.0,1075.0
2026-06-09 03:00:00,2.4,31.7,64.0,0.0,16.2,235.0,1004.6,1060.0
2026-06-09 04:00:00,1.9,31.9,62.0,0.0,15.2,237.0,1004.1,1040.0
2026-06-09 05:00:00,1.7,32.0,62.0,0.0,14.6,232.0,1003.5,1050.0
2026-06-09 06:00:00,2.2,32.4,57.0,0.0,14.2,241.0,1003.4,1170.0
2026-06-09 07:00:00,2.2,32.1,58.0,0.0,13.9,237.0,1003.2,1150.0
2026-06-09 08:00:00,3.4,31.7,60.0,0.0,12.5,242.0,1003.1,1090.0
2026-06-09 09:00:00,3.2,31.3,62.0,0.0,9.8,235.0,1003.1,1025.0
2026-06-09 10:00:00,4.5,30.6,67.0,0.0,7.5,230.0,1003.8,850.0
2026-06-09 11:00:00,4.9,30.0,72.0,0.0,7.3,213.0,1004.2,335.0
2026-06-09 12:00:00,4.9,30.1,70.0,0.0,5.4,220.0,1004.7,205.0
2026-06-09 13:00:00,4.9,29.9,70.0,0.0,6.8,220.0,1005.1,220.0
2026-06-09 14:00:00,5.4,29.7,70.0,0.0,6.2,224.0,1005.0,235.0
2026-06-09 15:00:00,4.0,29.6,71.0,0.0,6.7,224.0,1005.1,255.0
2026-06-09 16:00:00,28.2,29.4,73.0,0.0,7.1,227.0,1004.7,330.0
2026-06-09 17:00:00,26.2,29.1,75.0,0.0,7.1,210.0,1004.2,295.0
2026-06-09 18:00:00,24.3,28.2,79.0,0.0,4.2,250.0,1004.4,105.0
2026-06-09 19:00:00,29.4,27.7,84.0,0.0,3.3,264.0,1004.5,25.0
2026-06-09 20:00:00,26.3,27.5,86.0,0.0,3.1,270.0,1004.4,25.0
2026-06-09 21:00:00,22.1,27.3,88.0,0.0,1.4,230.0,1004.9,10.0
2026-06-09 22:00:00,31.6,27.7,86.0,0.0,4.7,176.0,1004.7,50.0
2026-06-09 23:00:00,36.6,29.4,77.0,0.0,6.3,183.0,1005.4,765.0
2026-06-10 00:00:00,6.8,31.0,65.0,0.0,10.7,237.0,1006.2,1145.0
2026-06-10 01:00:00,1.3,31.5,63.0,0.0,10.8,244.0,1006.5,1010.0
2026-06-10 02:00:00,1.8,32.1,60.0,0.1,10.4,242.0,1006.2,1035.0
2026-06-10 03:00:00,1.5,32.5,60.0,0.0,11.4,239.0,1005.7,995.0
2026-06-10 04:00:00,2.5,32.8,58.0,0.0,13.8,241.0,1005.4,990.0
2026-06-10 05:00:00,1.9,32.7,60.0,0.2,16.1,241.0,1005.1,995.0
2026-06-10 06:00:00,3.1,33.3,54.0,0.0,13.4,246.0,1004.6,1070.0
2026-06-10 07:00:00,4.4,33.3,54.0,0.3,13.7,252.0,1004.2,1150.0
2026-06-10 08:00:00,6.1,32.8,54.0,0.8,13.4,255.0,1004.2,1080.0
2026-06-10 09:00:00,8.0,31.7,61.0,0.7,12.5,264.0,1004.2,875.0
2026-06-10 10:00:00,9.2,31.0,64.0,0.0,8.4,285.0,1004.9,845.0
2026-06-10 11:00:00,8.2,30.7,65.0,0.0,7.0,274.0,1005.6,825.0
2026-06-10 12:00:00,9.4,29.8,71.0,0.0,7.1,317.0,1006.6,535.0
2026-06-10 13:00:00,10.0,29.2,78.0,0.1,7.9,330.0,1007.2,500.0
2026-06-10 14:00:00,22.4,28.9,79.0,0.0,6.5,314.0,1007.7,455.0
2026-06-10 15:00:00,33.7,28.7,79.0,0.0,6.4,322.0,1008.0,440.0
2026-06-10 16:00:00,45.5,28.2,79.0,0.0,3.3,45.0,1007.6,185.0
2026-06-10 17:00:00,45.1,28.0,79.0,0.0,2.2,14.0,1006.9,45.0
2026-06-10 18:00:00,38.3,27.6,81.0,0.0,2.8,79.0,1006.4,40.0
2026-06-10 19:00:00,29.5,27.4,82.0,0.0,2.8,45.0,1006.0,40.0
2026-06-10 20:00:00,26.4,27.0,84.0,0.0,2.4,54.0,1005.9,25.0
2026-06-10 21:00:00,32.4,26.9,85.0,0.0,3.2,63.0,1006.0,30.0
2026-06-10 22:00:00,32.8,27.0,85.0,0.0,3.6,41.0,1006.2,35.0
2026-06-10 23:00:00,20.0,28.8,71.0,0.0,2.2,351.0,1006.9,280.0
2026-06-11 00:00:00,24.8,30.7,63.0,0.0,3.8,343.0,1007.5,715.0
2026-06-11 01:00:00,33.3,31.9,58.0,0.0,3.9,313.0,1007.8,855.0
2026-06-11 02:00:00,43.1,33.1,53.0,0.0,4.2,288.0,1007.6,955.0
2026-06-11 03:00:00,27.6,33.9,50.0,0.0,6.7,272.0,1007.5,1050.0
2026-06-11 04:00:00,24.1,34.3,48.0,0.0,9.4,270.0,1007.1,1145.0
2026-06-11 05:00:00,26.1,34.6,46.0,0.0,9.7,266.0,1006.4,1135.0
2026-06-11 06:00:00,21.9,35.1,44.0,0.0,10.4,255.0,1005.9,1300.0
2026-06-11 07:00:00,21.1,34.5,49.0,0.2,11.7,250.0,1005.5,1340.0
2026-06-11 08:00:00,5.7,31.7,61.0,2.3,9.9,260.0,1005.4,555.0
2026-06-11 09:00:00,5.9,31.7,62.0,0.6,3.7,247.0,1006.2,790.0
2026-06-11 10:00:00,9.4,31.1,65.0,0.0,4.3,225.0,1006.9,620.0
2026-06-11 11:00:00,15.2,27.5,80.0,0.8,13.9,340.0,1008.6,430.0
2026-06-11 12:00:00,22.9,27.5,90.0,0.3,5.9,50.0,1008.5,165.0
2026-06-11 13:00:00,26.9,28.2,81.0,0.1,6.2,30.0,1008.9,230.0
2026-06-11 14:00:00,31.5,28.4,78.0,0.0,4.1,38.0,1008.8,165.0
2026-06-11 15:00:00,33.6,28.4,78.0,0.0,3.3,45.0,1009.1,100.0
2026-06-11 16:00:00,33.6,28.5,77.0,0.0,1.4,320.0,1008.8,60.0
2026-06-11 17:00:00,31.2,28.3,78.0,0.0,2.4,279.0,1008.0,80.0
2026-06-11 18:00:00,30.4,28.0,78.0,0.0,1.2,309.0,1007.5,45.0
2026-06-11 19:00:00,28.0,27.5,83.0,0.0,4.0,357.0,1007.2,75.0
2026-06-11 20:00:00,24.6,26.9,89.0,0.0,5.1,8.0,1007.1,115.0
2026-06-11 21:00:00,25.0,26.5,91.0,0.0,4.9,360.0,1007.6,125.0
2026-06-11 22:00:00,28.6,26.6,90.0,0.0,3.1,332.0,1008.2,115.0
2026-06-11 23:00:00,33.9,28.1,82.0,0.0,2.9,330.0,1008.6,210.0
2026-06-12 00:00:00,28.3,31.0,68.0,0.0,4.8,340.0,1008.9,535.0
2026-06-12 01:00:00,22.7,32.5,59.0,0.0,3.2,333.0,1009.1,925.0
2026-06-12 02:00:00,18.2,33.7,53.0,0.1,1.0,338.0,1008.9,1165.0
2026-06-12 03:00:00,31.0,34.5,51.0,0.1,2.2,256.0,1008.0,1235.0
2026-06-12 04:00:00,38.1,34.9,50.0,0.0,4.4,263.0,1007.0,1395.0
2026-06-12 05:00:00,37.2,35.1,50.0,0.2,6.7,254.0,1006.2,1515.0
2026-06-12 06:00:00,33.7,33.9,52.0,0.1,8.0,304.0,1005.8,1035.0
2026-06-12 07:00:00,36.3,34.0,51.0,0.0,3.2,326.0,1005.3,1160.0
2026-06-12 08:00:00,40.2,33.6,52.0,0.1,4.2,280.0,1005.0,1265.0
2026-06-12 09:00:00,38.7,32.8,55.0,0.1,4.6,291.0,1005.0,1005.0
2026-06-12 10:00:00,43.5,31.8,58.0,0.0,4.1,270.0,1006.2,660.0
2026-06-12 11:00:00,43.0,31.2,62.0,0.1,1.9,253.0,1006.9,645.0
2026-06-12 12:00:00,54.2,26.5,93.0,0.4,9.6,8.0,1008.1,215.0
2026-06-12 13:00:00,46.2,27.3,87.0,0.1,5.6,4.0,1008.1,240.0
2026-06-12 14:00:00,30.0,27.3,87.0,0.0,6.2,316.0,1008.5,240.0
2026-06-12 15:00:00,30.5,27.2,86.0,0.0,5.0,291.0,1008.6,220.0
2026-06-12 16:00:00,33.0,27.1,86.0,0.0,3.1,347.0,1007.7,195.0
2026-06-12 17:00:00,34.9,27.0,87.0,0.0,2.6,16.0,1007.2,235.0
2026-06-12 18:00:00,40.3,27.2,87.0,0.0,2.1,345.0,1006.6,190.0
2026-06-12 19:00:00,52.5,26.9,89.0,0.0,3.9,336.0,1006.3,195.0
2026-06-12 20:00:00,50.0,26.6,90.0,0.0,4.5,355.0,1006.3,175.0
2026-06-12 21:00:00,48.7,26.4,89.0,0.0,4.0,355.0,1006.2,155.0
2026-06-12 22:00:00,49.7,26.7,87.0,0.0,2.5,339.0,1006.6,125.0
2026-06-12 23:00:00,56.1,28.0,81.0,0.0,0.2,180.0,1007.0,205.0
2026-06-13 00:00:00,45.5,30.4,68.0,0.0,7.2,348.0,1007.5,560.0
2026-06-13 01:00:00,35.7,31.9,60.0,0.1,7.6,348.0,1007.8,940.0
2026-06-13 02:00:00,34.5,32.8,55.0,0.3,6.2,353.0,1007.2,1205.0
2026-06-13 03:00:00,38.3,33.5,55.0,0.1,4.8,312.0,1006.8,1460.0
2026-06-13 04:00:00,44.8,34.2,53.0,0.0,4.9,266.0,1005.8,1545.0
2026-06-13 05:00:00,33.9,34.3,53.0,0.1,7.5,253.0,1004.5,1430.0
2026-06-13 06:00:00,41.6,34.1,52.0,0.1,10.3,257.0,1004.2,1425.0
2026-06-13 07:00:00,45.0,32.0,58.0,1.1,11.3,309.0,1004.0,590.0
2026-06-13 08:00:00,43.9,31.3,63.0,0.2,8.3,354.0,1003.6,515.0
2026-06-13 09:00:00,51.1,30.8,67.0,0.1,3.1,339.0,1003.7,610.0
2026-06-13 10:00:00,64.3,30.6,67.0,0.1,1.4,40.0,1004.4,615.0
2026-06-13 11:00:00,72.0,30.3,68.0,0.1,1.8,127.0,1005.1,430.0
2026-06-13 12:00:00,79.5,27.6,83.0,1.2,8.0,295.0,1006.2,295.0
2026-06-13 13:00:00,44.6,26.5,93.0,2.4,7.5,24.0,1006.6,210.0
2026-06-13 14:00:00,32.8,27.0,89.0,0.7,3.0,155.0,1007.4,150.0
2026-06-13 15:00:00,28.6,27.1,88.0,0.2,5.0,142.0,1007.6,355.0
2026-06-13 16:00:00,12.1,26.9,86.0,0.1,4.6,138.0,1006.7,280.0
2026-06-13 17:00:00,11.5,26.7,87.0,0.0,5.3,118.0,1005.8,225.0
2026-06-13 18:00:00,23.5,25.7,87.0,0.0,3.5,12.0,1005.5,220.0
2026-06-13 19:00:00,26.5,25.8,86.0,0.0,0.8,117.0,1005.5,165.0
2026-06-13 20:00:00,29.9,25.9,86.0,0.0,3.4,122.0,1004.8,160.0
2026-06-13 21:00:00,32.1,26.0,86.0,0.0,4.5,140.0,1004.4,175.0
2026-06-13 22:00:00,35.2,26.0,85.0,0.0,5.3,142.0,1004.6,190.0
2026-06-13 23:00:00,38.2,26.5,82.0,0.0,3.1,77.0,1005.1,180.0
2026-06-14 00:00:00,39.6,28.1,80.0,0.0,3.8,343.0,1005.4,215.0
2026-06-14 01:00:00,29.2,29.5,76.0,0.0,0.3,45.0,1005.9,410.0
2026-06-14 02:00:00,28.7,30.8,68.0,0.0,1.8,180.0,1006.1,815.0
2026-06-14 03:00:00,36.7,31.8,61.0,0.0,4.8,225.0,1005.7,1055.0
2026-06-14 04:00:00,39.8,32.1,59.0,0.0,7.2,243.0,1005.1,1060.0
2026-06-14 05:00:00,47.5,32.2,60.0,0.1,8.8,251.0,1004.4,985.0
2026-06-14 06:00:00,46.3,31.9,60.0,0.0,10.0,252.0,1003.9,930.0
2026-06-14 07:00:00,35.9,31.9,59.0,0.0,11.1,230.0,1003.7,940.0
2026-06-14 08:00:00,25.3,31.6,61.0,0.0,10.9,225.0,1003.7,985.0
2026-06-14 09:00:00,19.5,30.1,68.0,0.9,10.6,222.0,1003.9,680.0
2026-06-14 10:00:00,28.8,30.1,73.0,0.2,7.6,227.0,1004.2,670.0
2026-06-14 11:00:00,34.5,29.6,76.0,0.1,6.9,200.0,1004.7,525.0
2026-06-14 12:00:00,41.7,29.3,77.0,0.0,4.5,178.0,1004.9,190.0
2026-06-14 13:00:00,53.1,29.0,80.0,0.0,6.1,168.0,1005.7,130.0
2026-06-14 14:00:00,65.0,28.9,81.0,0.0,5.1,172.0,1006.1,100.0
2026-06-14 15:00:00,60.9,28.7,83.0,0.0,4.6,171.0,1006.1,70.0
2026-06-14 16:00:00,53.7,28.3,85.0,0.0,5.3,156.0,1005.7,90.0
2026-06-14 17:00:00,52.6,27.9,87.0,0.0,4.7,137.0,1005.0,70.0
2026-06-14 18:00:00,49.9,27.7,87.0,0.0,3.6,139.0,1004.7,55.0
2026-06-14 19:00:00,48.5,27.2,90.0,0.0,3.2,109.0,1004.3,35.0
2026-06-14 20:00:00,49.1,27.0,90.0,0.0,4.5,95.0,1004.4,35.0
2026-06-14 21:00:00,48.0,26.8,90.0,0.0,4.0,126.0,1004.9,40.0
2026-06-14 22:00:00,49.2,27.2,87.0,0.0,3.3,171.0,1005.1,40.0
2026-06-14 23:00:00,49.0,28.8,78.0,0.0,3.1,156.0,1005.5,585.0
2026-06-15 00:00:00,41.6,29.6,71.0,0.2,5.6,230.0,1006.0,625.0
2026-06-15 01:00:00,31.1,30.5,68.0,0.6,1.9,253.0,1006.2,775.0
2026-06-15 02:00:00,31.4,31.7,63.0,0.5,4.4,235.0,1006.2,1140.0
2026-06-15 03:00:00,28.0,32.4,60.0,0.1,5.6,245.0,1006.0,1325.0
2026-06-15 04:00:00,29.0,32.6,59.0,0.1,8.8,251.0,1005.5,1420.0
2026-06-15 05:00:00,25.1,31.4,64.0,1.3,10.9,257.0,1005.2,840.0
2026-06-15 06:00:00,30.4,30.0,67.0,0.9,6.8,217.0,1005.1,800.0
2026-06-15 07:00:00,27.3,28.8,74.0,2.2,5.4,96.0,1004.9,305.0
2026-06-15 08:00:00,29.9,27.4,79.0,3.1,6.8,182.0,1005.8,480.0
2026-06-15 09:00:00,32.7,27.1,81.0,1.2,1.8,84.0,1004.8,275.0
2026-06-15 10:00:00,38.5,27.3,81.0,0.2,3.8,98.0,1005.5,220.0
2026-06-15 11:00:00,41.7,27.1,83.0,0.0,3.8,87.0,1005.7,140.0
2026-06-15 12:00:00,46.6,29.6,72.0,0.0,1.2,117.0,1006.3,55.0
2026-06-15 13:00:00,43.4,29.0,79.0,0.0,2.1,149.0,1006.6,40.0
2026-06-15 14:00:00,42.2,28.4,85.0,0.0,4.0,58.0,1007.3,55.0
2026-06-15 15:00:00,38.6,27.9,88.0,0.0,4.2,54.0,1007.5,45.0
2026-06-15 16:00:00,37.6,27.6,90.0,0.0,4.4,60.0,1006.9,45.0
2026-06-15 17:00:00,35.3,27.3,91.0,0.0,4.1,38.0,1006.4,40.0
2026-06-15 18:00:00,36.2,26.6,94.0,0.0,3.2,360.0,1006.3,45.0
2026-06-15 19:00:00,37.5,26.3,97.0,0.0,2.4,36.0,1006.0,20.0
2026-06-15 20:00:00,38.6,25.9,99.0,0.0,3.3,45.0,1005.7,25.0
2026-06-15 21:00:00,43.0,25.7,97.0,0.0,4.3,95.0,1005.9,45.0
2026-06-15 22:00:00,42.8,25.7,94.0,0.0,4.1,92.0,1006.1,50.0
2026-06-15 23:00:00,48.6,27.3,84.0,0.0,4.2,85.0,1006.8,160.0
2026-06-16 00:00:00,44.0,30.2,69.0,0.0,2.7,122.0,1007.0,725.0
2026-06-16 01:00:00,31.2,31.5,63.0,0.1,2.4,144.0,1006.9,1060.0
2026-06-16 02:00:00,29.4,32.7,57.0,0.1,3.1,140.0,1006.6,1245.0
2026-06-16 03:00:00,26.8,33.9,52.0,0.0,4.0,148.0,1006.1,1455.0
2026-06-16 04:00:00,26.9,34.7,47.0,0.0,3.8,183.0,1005.5,1590.0
2026-06-16 05:00:00,24.2,35.3,44.0,0.0,5.5,212.0,1004.9,1665.0
2026-06-16 06:00:00,26.2,35.3,43.0,0.0,6.3,198.0,1004.6,1745.0
2026-06-16 07:00:00,26.6,35.0,42.0,0.1,4.3,222.0,1004.1,1815.0
2026-06-16 08:00:00,33.5,34.3,45.0,0.2,5.1,253.0,1004.2,1565.0
2026-06-16 09:00:00,36.4,33.2,49.0,0.6,5.1,264.0,1004.1,1285.0
2026-06-16 10:00:00,37.9,32.1,54.0,0.4,4.9,276.0,1004.8,705.0
2026-06-16 11:00:00,39.5,31.3,60.0,0.0,3.7,299.0,1005.7,140.0
2026-06-16 12:00:00,49.8,31.9,54.0,0.0,3.1,144.0,1006.3,580.0
2026-06-16 13:00:00,63.4,31.0,61.0,0.0,4.9,88.0,1006.7,285.0
2026-06-16 14:00:00,57.1,29.6,73.0,0.0,6.2,52.0,1007.2,220.0
2026-06-16 15:00:00,46.9,28.5,79.0,0.0,7.0,10.0,1007.7,200.0
2026-06-16 16:00:00,43.8,27.7,83.0,0.0,6.7,354.0,1007.4,185.0
2026-06-16 17:00:00,40.3,27.2,85.0,0.0,5.2,348.0,1007.1,165.0
2026-06-16 18:00:00,40.2,27.0,86.0,0.0,2.5,339.0,1006.6,110.0
2026-06-16 19:00:00,35.8,26.4,91.0,0.0,2.4,13.0,1006.5,95.0
2026-06-16 20:00:00,31.8,26.2,92.0,0.0,1.3,45.0,1006.6,130.0
2026-06-16 21:00:00,26.8,26.1,91.0,0.0,2.4,42.0,1006.6,120.0
2026-06-16 22:00:00,24.0,26.1,91.0,0.0,1.5,30.0,1007.0,85.0
2026-06-16 23:00:00,28.0,27.2,83.0,0.0,1.9,343.0,1007.6,165.0
2026-06-17 00:00:00,29.0,30.0,69.0,0.0,1.9,146.0,1007.9,610.0
2026-06-17 01:00:00,28.2,31.8,58.0,0.1,1.5,104.0,1007.9,1085.0
2026-06-17 02:00:00,10.4,33.2,51.0,0.1,3.8,71.0,1007.4,1340.0
2026-06-17 03:00:00,1.9,34.5,46.0,0.1,4.9,86.0,1007.1,1525.0
2026-06-17 04:00:00,7.0,35.7,42.0,0.1,4.3,138.0,1006.5,1745.0
2026-06-17 05:00:00,6.6,36.3,40.0,0.0,6.0,173.0,1005.9,1910.0
2026-06-17 06:00:00,5.8,36.2,39.0,0.0,6.0,163.0,1005.0,2005.0
2026-06-17 07:00:00,3.8,35.9,39.0,0.0,4.9,190.0,1004.6,1945.0
2026-06-17 08:00:00,4.9,35.6,40.0,0.0,3.8,205.0,1004.1,1980.0
2026-06-17 09:00:00,5.6,34.9,40.0,0.0,4.2,187.0,1004.3,1900.0
2026-06-17 10:00:00,5.8,33.8,43.0,0.0,4.3,182.0,1005.1,1540.0
2026-06-17 11:00:00,15.6,32.7,49.0,0.0,5.3,135.0,1005.8,1065.0
2026-06-17 12:00:00,11.3,32.2,54.0,0.0,10.3,117.0,1006.6,820.0
2026-06-17 13:00:00,6.4,31.3,59.0,0.0,7.9,123.0,1007.2,795.0
2026-06-17 14:00:00,9.6,30.5,61.0,0.0,5.4,98.0,1007.4,655.0
2026-06-17 15:00:00,22.4,30.0,65.0,0.0,4.7,2.0,1007.9,285.0
2026-06-17 16:00:00,25.2,28.3,77.0,0.0,7.6,341.0,1007.6,265.0
2026-06-17 17:00:00,28.6,26.9,82.0,0.0,8.9,346.0,1007.3,280.0
2026-06-17 18:00:00,27.7,26.8,82.0,0.0,6.1,360.0,1007.2,255.0
2026-06-17 19:00:00,21.1,26.6,83.0,0.0,6.2,15.0,1006.8,220.0
2026-06-17 20:00:00,15.0,26.6,83.0,0.0,5.3,8.0,1006.3,145.0
2026-06-17 21:00:00,11.5,26.6,84.0,0.0,2.5,8.0,1006.6,35.0
2026-06-17 22:00:00,13.7,26.8,83.0,0.0,0.7,346.0,1006.9,55.0
2026-06-17 23:00:00,13.1,28.4,75.0,0.0,2.2,275.0,1007.2,195.0
2026-06-18 00:00:00,14.2,31.2,62.0,0.0,1.3,278.0,1007.1,890.0
2026-06-18 01:00:00,9.4,33.1,52.0,0.0,1.7,288.0,1006.6,1165.0
2026-06-18 02:00:00,15.5,34.6,46.0,0.0,0.0,270.0,1006.5,1605.0
2026-06-18 03:00:00,8.8,35.8,42.0,0.1,0.6,288.0,1005.9,1830.0
2026-06-18 04:00:00,0.7,36.7,40.0,0.0,1.4,293.0,1005.2,2025.0
2026-06-18 05:00:00,8.1,36.9,38.0,0.2,0.8,297.0,1004.6,2125.0
2026-06-18 06:00:00,18.9,33.8,46.0,0.3,5.0,142.0,1004.1,460.0
2026-06-18 07:00:00,23.8,34.8,45.0,0.9,4.4,148.0,1004.5,1560.0
2026-06-18 08:00:00,6.2,34.0,49.0,0.5,5.2,88.0,1004.2,1420.0
2026-06-18 09:00:00,26.6,32.8,54.0,0.5,5.7,81.0,1004.4,1155.0
2026-06-18 10:00:00,26.7,32.1,59.0,0.4,2.7,86.0,1005.0,550.0
2026-06-18 11:00:00,35.7,31.6,60.0,0.2,4.8,115.0,1005.6,865.0
2026-06-18 12:00:00,41.3,32.1,54.0,0.0,3.0,73.0,1006.1,645.0
2026-06-18 13:00:00,40.0,31.6,57.0,0.0,2.0,355.0,1006.3,280.0
2026-06-18 14:00:00,16.1,30.8,64.0,0.0,2.9,30.0,1006.9,115.0
2026-06-18 15:00:00,9.5,30.3,68.0,0.0,0.3,45.0,1006.7,10.0
2026-06-18 16:00:00,13.5,29.3,75.0,0.0,5.2,338.0,1006.5,215.0
2026-06-18 17:00:00,23.5,28.3,77.0,0.0,4.7,344.0,1006.1,250.0
2026-06-18 18:00:00,20.7,27.6,78.0,0.2,8.5,354.0,1006.2,335.0
2026-06-18 19:00:00,11.7,27.3,79.0,0.0,7.3,349.0,1005.7,270.0
2026-06-18 20:00:00,14.1,27.3,80.0,0.0,4.3,15.0,1005.2,150.0
2026-06-18 21:00:00,12.3,27.2,80.0,0.0,2.2,42.0,1005.0,75.0
2026-06-18 22:00:00,16.1,27.8,77.0,0.0,4.4,173.0,1005.2,290.0
2026-06-18 23:00:00,19.5,28.9,71.0,0.0,4.9,141.0,1005.5,370.0
2026-06-19 00:00:00,15.5,29.5,77.0,0.0,1.7,212.0,1006.0,330.0
2026-06-19 01:00:00,6.9,30.8,71.0,0.0,1.4,203.0,1006.0,590.0
2026-06-19 02:00:00,3.4,31.7,65.0,0.2,0.7,346.0,1006.1,975.0
2026-06-19 03:00:00,21.4,32.4,62.0,0.2,2.3,309.0,1005.5,1100.0
2026-06-19 04:00:00,32.2,32.3,63.0,0.1,5.6,299.0,1005.3,925.0
2026-06-19 05:00:00,25.7,31.1,69.0,0.1,6.8,302.0,1005.1,490.0
2026-06-19 06:00:00,27.0,32.1,66.0,0.1,2.1,232.0,1004.2,645.0
2026-06-19 07:00:00,28.8,32.6,62.0,0.2,3.2,326.0,1003.9,990.0
2026-06-19 08:00:00,25.6,32.3,63.0,0.2,3.6,357.0,1003.4,760.0
2026-06-19 09:00:00,31.5,32.0,65.0,0.0,3.6,9.0,1004.1,715.0
2026-06-19 10:00:00,39.3,31.6,68.0,0.0,2.6,344.0,1004.7,435.0
2026-06-19 11:00:00,47.4,29.3,77.0,0.2,9.9,52.0,1005.2,265.0
2026-06-19 12:00:00,51.4,28.2,81.0,0.1,3.6,290.0,1006.0,210.0
2026-06-19 13:00:00,43.3,27.9,84.0,1.0,3.6,183.0,1006.3,110.0
2026-06-19 14:00:00,49.1,26.8,89.0,1.6,7.4,209.0,1007.2,190.0
2026-06-19 15:00:00,45.8,26.1,91.0,0.1,2.9,158.0,1006.7,100.0
2026-06-19 16:00:00,40.5,26.1,91.0,0.0,2.2,104.0,1006.1,85.0
2026-06-19 17:00:00,27.2,26.2,90.0,0.0,3.6,120.0,1005.8,70.0
2026-06-19 18:00:00,21.8,27.4,90.0,0.0,1.7,72.0,1005.2,45.0
2026-06-19 19:00:00,24.1,27.5,89.0,0.0,1.6,174.0,1004.9,55.0
2026-06-19 20:00:00,30.1,27.4,86.0,0.0,3.1,130.0,1005.0,90.0
2026-06-19 21:00:00,30.7,27.4,84.0,0.0,2.5,111.0,1005.1,85.0
2026-06-19 22:00:00,24.2,27.6,82.0,0.0,1.8,127.0,1005.2,25.0
2026-06-19 23:00:00,16.0,28.9,72.0,0.0,2.0,90.0,1005.5,295.0
2026-06-20 00:00:00,7.6,30.4,66.0,0.0,3.6,330.0,1005.6,425.0
2026-06-20 01:00:00,3.8,32.3,56.0,0.0,3.4,302.0,1005.8,1085.0
2026-06-20 02:00:00,3.0,33.8,50.0,0.0,0.2,270.0,1005.7,1545.0
2026-06-20 03:00:00,5.7,34.1,50.0,0.0,2.0,270.0,1005.1,1590.0
2026-06-20 04:00:00,37.8,35.5,47.0,0.1,5.8,261.0,1004.5,1635.0
2026-06-20 05:00:00,32.9,35.7,48.0,0.0,7.7,267.0,1003.9,1690.0
2026-06-20 06:00:00,30.4,35.2,49.0,0.0,10.3,281.0,1003.6,1415.0
2026-06-20 07:00:00,26.2,35.0,50.0,0.0,9.0,290.0,1003.0,1245.0
2026-06-20 08:00:00,8.1,34.8,51.0,0.0,6.9,285.0,1002.5,1125.0
2026-06-20 09:00:00,0.4,34.7,51.0,0.0,4.8,283.0,1002.7,1245.0
2026-06-20 10:00:00,1.0,34.0,54.0,0.0,4.7,270.0,1003.3,1140.0
2026-06-20 11:00:00,10.6,32.9,59.0,0.0,5.7,235.0,1003.7,395.0
2026-06-20 12:00:00,4.8,32.2,61.0,0.3,10.1,260.0,1004.9,485.0
2026-06-20 13:00:00,9.8,31.5,63.0,0.0,7.4,238.0,1005.1,310.0
2026-06-20 14:00:00,24.7,31.3,63.0,0.0,5.9,290.0,1005.5,315.0
2026-06-20 15:00:00,26.6,30.4,67.0,0.1,7.6,324.0,1005.9,360.0
2026-06-20 16:00:00,33.1,30.0,69.0,0.0,6.3,325.0,1005.3,290.0
2026-06-20 17:00:00,32.8,29.7,70.0,0.0,5.6,343.0,1005.0,295.0
2026-06-20 18:00:00,21.7,29.5,72.0,0.0,5.3,8.0,1004.5,300.0
2026-06-20 19:00:00,18.9,29.0,75.0,0.0,5.8,355.0,1004.4,230.0
2026-06-20 20:00:00,10.9,28.7,77.0,0.0,3.8,360.0,1004.4,195.0
2026-06-20 21:00:00,6.1,28.3,81.0,0.0,3.9,336.0,1004.5,215.0
2026-06-20 22:00:00,5.1,27.9,85.0,0.0,5.6,327.0,1004.7,220.0
2026-06-20 23:00:00,14.1,28.5,81.0,0.0,4.0,339.0,1005.2,255.0
2026-06-21 00:00:00,21.3,31.8,62.0,0.0,2.2,5.0,1004.8,850.0
2026-06-21 01:00:00,26.9,33.7,52.0,0.0,1.9,163.0,1004.9,1210.0
2026-06-21 02:00:00,34.7,34.9,47.0,0.0,2.4,189.0,1004.3,1465.0
2026-06-21 03:00:00,32.8,35.8,44.0,0.0,3.6,250.0,1003.8,1570.0
2026-06-21 04:00:00,28.2,36.0,45.0,0.1,6.1,275.0,1003.2,1670.0
2026-06-21 05:00:00,24.1,36.5,44.0,0.1,6.5,284.0,1002.7,1815.0
2026-06-21 06:00:00,8.3,36.7,43.0,0.0,4.2,265.0,1001.8,1850.0
2026-06-21 07:00:00,4.1,36.8,43.0,0.1,5.3,258.0,1001.0,1800.0
2026-06-21 08:00:00,19.6,36.3,44.0,0.0,7.2,266.0,1000.9,1835.0
2026-06-21 09:00:00,24.6,33.5,52.0,0.2,8.0,222.0,1001.5,650.0
2026-06-21 10:00:00,19.4,32.8,55.0,1.2,8.7,201.0,1002.2,715.0
2026-06-21 11:00:00,2.8,28.2,73.0,0.6,11.6,13.0,1004.2,370.0
2026-06-21 12:00:00,8.8,31.2,59.0,0.2,6.3,70.0,1003.9,365.0
2026-06-21 13:00:00,21.1,30.6,61.0,0.0,6.2,75.0,1004.2,290.0
2026-06-21 14:00:00,27.4,30.2,63.0,0.0,4.8,77.0,1004.3,175.0
2026-06-21 15:00:00,30.0,29.9,66.0,0.0,2.5,352.0,1003.7,90.0
2026-06-21 16:00:00,31.1,29.3,70.0,0.0,4.3,355.0,1002.9,150.0
2026-06-21 17:00:00,34.7,28.4,76.0,0.0,4.7,270.0,1002.6,220.0
2026-06-21 18:00:00,34.4,28.6,77.0,0.1,5.2,292.0,1002.3,380.0
2026-06-21 19:00:00,40.6,27.8,84.0,0.0,4.6,351.0,1001.9,205.0
2026-06-21 20:00:00,36.6,27.6,86.0,0.0,3.4,6.0,1001.5,165.0
2026-06-21 21:00:00,36.8,27.2,88.0,0.0,3.1,353.0,1001.3,140.0
2026-06-21 22:00:00,33.7,27.2,87.0,0.0,3.2,344.0,1001.8,160.0
2026-06-21 23:00:00,29.7,28.0,81.0,0.0,4.3,338.0,1002.0,265.0
2026-06-22 00:00:00,29.1,30.1,69.0,0.0,5.7,342.0,1002.8,710.0
2026-06-22 01:00:00,27.0,30.9,66.0,0.0,5.9,329.0,1002.6,805.0
2026-06-22 02:00:00,34.8,31.9,61.0,0.0,6.8,297.0,1001.9,980.0
2026-06-22 03:00:00,37.3,33.0,57.0,0.1,7.6,270.0,1001.6,1105.0
2026-06-22 04:00:00,30.8,33.6,55.0,0.1,8.6,241.0,1001.6,1125.0
2026-06-22 05:00:00,38.3,33.9,54.0,0.0,10.3,239.0,1000.8,1145.0
2026-06-22 06:00:00,29.0,34.0,52.0,0.1,9.3,241.0,1000.2,1190.0
2026-06-22 07:00:00,15.5,33.6,54.0,0.0,11.2,238.0,999.5,1165.0
2026-06-22 08:00:00,18.8,33.3,52.0,0.7,12.9,252.0,998.9,1185.0
2026-06-22 09:00:00,21.7,32.4,58.0,0.6,12.1,264.0,999.2,1000.0
2026-06-22 10:00:00,22.2,31.8,63.0,0.0,11.2,264.0,999.8,855.0
2026-06-22 11:00:00,30.7,31.1,67.0,0.0,9.9,255.0,1000.1,720.0
2026-06-22 12:00:00,48.1,30.9,67.0,0.0,9.2,281.0,1000.5,705.0
2026-06-22 13:00:00,51.5,30.6,69.0,0.0,8.0,284.0,1000.7,800.0
2026-06-22 14:00:00,43.7,30.4,69.0,0.0,6.2,292.0,1001.2,865.0
2026-06-22 15:00:00,37.2,30.0,71.0,0.1,4.3,303.0,1001.3,405.0
2026-06-22 16:00:00,32.6,29.5,74.0,0.1,3.8,311.0,1001.1,195.0
2026-06-22 17:00:00,29.0,29.0,76.0,0.0,3.8,273.0,1000.4,180.0
2026-06-22 18:00:00,28.3,28.9,78.0,0.0,6.4,299.0,999.7,475.0
2026-06-22 19:00:00,32.5,28.7,76.0,0.0,10.0,291.0,999.6,920.0
2026-06-22 20:00:00,33.3,28.9,72.0,0.0,14.1,286.0,999.5,975.0
2026-06-22 21:00:00,35.2,28.6,75.0,0.0,14.5,285.0,999.6,935.0
2026-06-22 22:00:00,34.9,28.8,74.0,0.0,15.6,284.0,999.9,965.0
2026-06-22 23:00:00,33.4,29.3,71.0,0.0,14.7,287.0,1000.8,995.0
2026-06-23 00:00:00,19.9,30.5,64.0,0.0,13.2,290.0,1001.1,1170.0
2026-06-23 01:00:00,13.4,31.2,62.0,0.0,15.9,283.0,1001.5,1180.0
2026-06-23 02:00:00,11.7,32.0,60.0,0.0,15.3,278.0,1001.7,1220.0
2026-06-23 03:00:00,12.6,32.3,57.0,0.0,15.7,273.0,1001.4,1165.0
2026-06-23 04:00:00,10.8,32.7,55.0,0.4,16.4,261.0,1001.0,1215.0
2026-06-23 05:00:00,10.3,31.9,61.0,0.4,19.2,245.0,1000.5,1015.0
2026-06-23 06:00:00,8.4,32.4,60.0,0.4,18.7,257.0,1000.1,1160.0
2026-06-23 07:00:00,9.3,31.9,63.0,0.0,18.6,264.0,999.8,1085.0
2026-06-23 08:00:00,16.2,31.4,65.0,0.0,17.6,264.0,999.4,985.0
2026-06-23 09:00:00,17.7,30.8,68.0,0.0,17.5,268.0,999.6,930.0
2026-06-23 10:00:00,17.6,30.4,69.0,0.0,17.1,272.0,1000.3,875.0
2026-06-23 11:00:00,16.2,30.2,70.0,0.0,16.6,271.0,1001.1,890.0
2026-06-23 12:00:00,16.4,30.7,68.0,0.0,18.7,278.0,1001.1,970.0
2026-06-23 13:00:00,15.2,30.5,67.0,0.0,16.2,282.0,1001.8,950.0
2026-06-23 14:00:00,13.1,29.6,70.0,0.1,14.2,267.0,1002.5,795.0
2026-06-23 15:00:00,16.4,29.0,75.0,0.7,9.8,244.0,1003.0,595.0
2026-06-23 16:00:00,8.2,27.7,81.0,0.6,9.0,269.0,1002.9,480.0
2026-06-23 17:00:00,6.8,28.5,79.0,0.0,8.5,263.0,1001.8,700.0
2026-06-23 18:00:00,20.9,28.8,76.0,0.0,12.0,283.0,1001.3,660.0
2026-06-23 19:00:00,17.8,28.8,77.0,0.0,11.0,252.0,1001.3,630.0
2026-06-23 20:00:00,4.2,28.6,77.0,0.0,8.3,236.0,1001.2,630.0
2026-06-23 21:00:00,3.7,28.1,79.0,0.2,8.9,230.0,1001.3,535.0
2026-06-23 22:00:00,6.8,27.3,83.0,0.4,8.9,222.0,1002.3,400.0
2026-06-23 23:00:00,9.6,27.7,81.0,0.5,10.5,219.0,1003.0,490.0
2026-06-24 00:00:00,3.7,28.5,78.0,0.5,11.6,223.0,1003.5,715.0
2026-06-24 01:00:00,1.1,29.2,77.0,0.5,16.9,227.0,1003.8,815.0
2026-06-24 02:00:00,0.9,29.9,73.0,0.4,16.7,245.0,1004.0,980.0
2026-06-24 03:00:00,8.7,30.4,69.0,0.6,17.3,240.0,1003.0,940.0
2026-06-24 04:00:00,6.5,31.1,64.0,0.0,16.3,248.0,1002.5,1150.0
2026-06-24 05:00:00,2.0,30.1,68.0,0.2,16.8,251.0,1002.5,775.0
2026-06-24 06:00:00,1.8,29.5,72.0,1.0,14.0,271.0,1002.9,780.0
2026-06-24 07:00:00,0.2,28.7,77.0,0.6,12.8,248.0,1002.5,665.0
2026-06-24 08:00:00,0.6,28.7,78.0,0.7,15.8,238.0,1001.4,770.0
2026-06-24 09:00:00,0.8,29.2,75.0,0.2,16.6,238.0,1001.6,940.0
2026-06-24 10:00:00,1.9,28.9,78.0,0.0,14.4,241.0,1002.3,870.0
2026-06-24 11:00:00,3.6,28.5,80.0,0.1,12.3,243.0,1003.3,725.0
2026-06-24 12:00:00,4.2,27.8,83.0,0.2,8.0,247.0,1003.2,590.0
2026-06-24 13:00:00,2.3,28.3,78.0,0.2,12.0,237.0,1003.7,665.0
2026-06-24 14:00:00,0.2,28.4,79.0,0.1,11.9,235.0,1004.0,655.0
2026-06-24 15:00:00,7.3,28.4,79.0,0.1,11.4,231.0,1004.1,645.0
2026-06-24 16:00:00,14.0,28.3,79.0,0.1,10.2,226.0,1003.7,685.0
2026-06-24 17:00:00,4.2,28.0,82.0,0.2,9.8,224.0,1003.2,565.0
2026-06-24 18:00:00,10.4,27.7,84.0,0.2,6.8,235.0,1003.0,620.0
2026-06-24 19:00:00,15.1,27.4,85.0,0.2,6.9,227.0,1002.8,445.0
2026-06-24 20:00:00,9.3,27.5,85.0,0.1,5.5,224.0,1002.6,385.0
2026-06-24 21:00:00,14.1,27.4,86.0,0.1,4.4,187.0,1002.6,65.0
2026-06-24 22:00:00,27.1,27.2,89.0,0.2,6.9,186.0,1003.2,235.0
2026-06-24 23:00:00,32.8,26.6,86.0,0.7,10.6,220.0,1004.4,490.0
2026-06-25 00:00:00,19.1,28.7,77.0,1.8,12.5,227.0,1004.7,795.0
2026-06-25 01:00:00,0.6,30.1,69.0,0.4,15.8,234.0,1004.4,885.0
2026-06-25 02:00:00,0.0,30.4,71.0,0.2,14.0,237.0,1004.0,850.0
2026-06-25 03:00:00,0.0,30.8,68.0,0.1,17.3,235.0,1003.9,965.0
2026-06-25 04:00:00,0.0,31.1,67.0,0.0,16.8,239.0,1003.3,975.0
2026-06-25 05:00:00,0.0,31.1,66.0,0.0,18.9,243.0,1002.7,890.0
2026-06-25 06:00:00,0.0,30.6,64.0,0.4,21.8,243.0,1002.8,975.0
2026-06-25 07:00:00,0.1,29.0,77.0,1.5,17.7,242.0,1002.8,745.0
2026-06-25 08:00:00,0.2,28.2,82.0,1.7,15.0,246.0,1002.5,620.0
2026-06-25 09:00:00,0.5,28.5,80.0,1.1,10.2,247.0,1002.6,530.0
2026-06-25 10:00:00,1.9,28.2,81.0,0.5,9.4,262.0,1003.0,560.0
2026-06-25 11:00:00,3.3,27.9,84.0,0.2,5.9,256.0,1003.4,420.0
2026-06-25 12:00:00,4.3,28.7,79.0,0.2,6.5,275.0,1003.9,625.0
2026-06-25 13:00:00,5.1,28.3,81.0,0.1,7.4,248.0,1004.3,615.0
2026-06-25 14:00:00,4.1,28.0,83.0,0.1,7.1,243.0,1004.6,600.0
2026-06-25 15:00:00,5.6,27.6,84.0,0.3,7.7,240.0,1004.7,510.0
2026-06-25 16:00:00,0.8,27.5,86.0,0.3,6.3,257.0,1004.2,435.0
2026-06-25 17:00:00,1.3,27.3,88.0,0.2,3.1,267.0,1003.6,165.0
2026-06-25 18:00:00,4.9,27.0,88.0,0.1,5.5,224.0,1003.6,230.0
2026-06-25 19:00:00,4.5,26.4,90.0,0.3,5.0,240.0,1003.5,170.0
2026-06-25 20:00:00,17.5,26.6,91.0,0.1,1.2,129.0,1003.1,15.0
2026-06-25 21:00:00,15.4,26.7,91.0,0.1,0.9,217.0,1003.1,10.0
2026-06-25 22:00:00,27.8,26.8,90.0,0.1,4.5,230.0,1003.6,305.0
2026-06-25 23:00:00,31.5,27.7,83.0,0.2,3.7,256.0,1004.1,580.0
2026-06-26 00:00:00,13.3,28.5,78.0,0.1,9.3,262.0,1004.4,725.0
2026-06-26 01:00:00,1.9,29.2,74.0,0.2,12.2,243.0,1004.5,790.0
2026-06-26 02:00:00,0.3,29.7,70.0,0.2,13.1,229.0,1004.2,795.0
2026-06-26 03:00:00,1.5,29.2,76.0,1.2,14.6,235.0,1004.5,750.0
2026-06-26 04:00:00,6.2,27.7,83.0,1.7,16.2,228.0,1004.4,630.0
2026-06-26 05:00:00,0.5,27.9,82.0,4.6,16.6,236.0,1004.5,780.0
2026-06-26 06:00:00,0.0,28.1,81.0,1.2,12.9,235.0,1003.0,665.0
2026-06-26 07:00:00,0.4,29.2,75.0,0.4,15.6,234.0,1002.7,720.0
2026-06-26 08:00:00,0.2,28.8,79.0,0.3,13.3,229.0,1002.6,775.0
2026-06-26 09:00:00,1.1,26.9,88.0,3.7,12.5,225.0,1003.4,505.0
2026-06-26 10:00:00,1.9,27.1,87.0,1.1,12.9,220.0,1004.0,565.0
2026-06-26 11:00:00,1.1,27.0,87.0,2.1,12.1,210.0,1004.3,515.0
2026-06-26 12:00:00,4.8,26.9,87.0,0.4,12.1,229.0,1005.3,485.0
2026-06-26 13:00:00,3.9,27.0,88.0,0.5,11.6,224.0,1005.2,510.0
2026-06-26 14:00:00,2.8,27.2,86.0,0.2,13.1,228.0,1005.2,555.0
2026-06-26 15:00:00,3.9,27.3,85.0,0.1,11.5,235.0,1005.4,560.0
2026-06-26 16:00:00,5.5,27.2,85.0,0.1,9.1,238.0,1004.8,575.0
2026-06-26 17:00:00,17.1,27.1,86.0,0.1,8.9,249.0,1004.0,575.0
2026-06-26 18:00:00,18.0,25.7,91.0,0.2,3.0,346.0,1004.0,85.0
2026-06-26 19:00:00,17.7,25.7,93.0,0.8,1.6,174.0,1003.4,40.0
2026-06-26 20:00:00,17.7,26.0,94.0,0.1,1.5,111.0,1002.9,35.0
2026-06-26 21:00:00,10.3,26.0,96.0,0.1,1.8,114.0,1003.1,30.0
2026-06-26 22:00:00,11.2,26.4,94.0,0.0,2.3,148.0,1003.4,40.0
2026-06-26 23:00:00,16.6,27.4,85.0,0.2,6.2,234.0,1004.0,585.0
2026-06-27 00:00:00,4.2,28.3,76.0,0.2,8.7,265.0,1004.6,805.0
2026-06-27 01:00:00,1.7,28.9,72.0,0.1,9.6,244.0,1004.8,760.0
2026-06-27 02:00:00,4.3,29.3,72.0,0.0,9.0,247.0,1004.4,890.0
2026-06-27 03:00:00,11.9,29.8,72.0,0.0,5.9,232.0,1003.8,810.0
2026-06-27 04:00:00,4.9,30.5,70.0,0.0,7.3,242.0,1003.0,895.0
2026-06-27 05:00:00,10.1,30.6,69.0,0.0,9.3,241.0,1002.6,940.0
2026-06-27 06:00:00,2.8,31.1,64.0,0.0,5.0,226.0,1001.9,855.0
2026-06-27 07:00:00,0.0,30.8,67.0,0.0,5.4,228.0,1001.5,745.0
2026-06-27 08:00:00,1.2,30.2,71.0,0.0,6.1,223.0,1001.1,595.0
2026-06-27 09:00:00,0.7,29.9,72.0,0.0,8.1,219.0,1001.1,550.0
2026-06-27 10:00:00,2.6,29.4,75.0,0.0,10.0,234.0,1001.9,520.0
2026-06-27 11:00:00,3.2,28.7,78.0,0.1,14.2,243.0,1002.8,545.0
2026-06-27 12:00:00,1.9,28.9,74.0,0.0,8.3,229.0,1003.4,450.0
2026-06-27 13:00:00,14.2,28.6,79.0,0.0,5.0,210.0,1003.7,225.0
2026-06-27 14:00:00,24.5,28.1,84.0,0.0,4.4,189.0,1004.1,70.0
2026-06-27 15:00:00,27.7,27.6,88.0,0.0,4.1,203.0,1004.4,25.0
2026-06-27 16:00:00,26.0,27.3,90.0,0.1,4.6,193.0,1004.1,25.0
2026-06-27 17:00:00,30.6,27.3,88.0,0.3,8.4,223.0,1003.9,150.0
2026-06-27 18:00:00,29.8,27.1,88.0,0.3,8.6,216.0,1003.5,500.0
2026-06-27 19:00:00,27.6,27.4,82.0,0.0,9.9,202.0,1003.2,555.0
2026-06-27 20:00:00,22.5,27.1,84.0,0.0,8.5,207.0,1003.3,520.0
2026-06-27 21:00:00,16.1,26.9,85.0,0.0,7.5,201.0,1003.3,440.0
2026-06-27 22:00:00,13.3,26.7,87.0,0.1,5.3,218.0,1003.5,100.0
2026-06-27 23:00:00,2.6,26.0,88.0,1.4,13.8,233.0,1004.5,370.0
2026-06-28 00:00:00,1.4,29.0,72.0,0.2,9.4,258.0,1004.2,735.0
2026-06-28 01:00:00,0.0,29.5,72.0,0.0,8.4,251.0,1004.8,815.0
2026-06-28 02:00:00,0.0,30.1,70.0,0.0,5.0,240.0,1004.3,790.0
2026-06-28 03:00:00,0.0,30.6,68.0,0.0,4.6,259.0,1003.9,830.0
2026-06-28 04:00:00,0.0,31.1,66.0,0.0,4.6,234.0,1003.5,830.0
2026-06-28 05:00:00,0.0,31.1,65.0,0.0,6.9,240.0,1003.0,730.0
2026-06-28 06:00:00,0.0,30.8,65.0,0.0,6.7,226.0,1002.5,595.0
2026-06-28 07:00:00,0.0,30.8,67.0,0.0,7.9,225.0,1002.0,580.0
2026-06-28 08:00:00,0.0,30.5,69.0,0.0,10.1,221.0,1001.8,650.0
2026-06-28 09:00:00,0.6,30.0,72.0,0.0,10.3,234.0,1001.9,540.0
2026-06-28 10:00:00,4.2,29.3,77.0,0.0,9.7,231.0,1002.4,450.0
2026-06-28 11:00:00,2.9,28.6,82.0,0.0,12.2,225.0,1003.1,450.0
2026-06-28 12:00:00,2.0,28.3,83.0,0.0,9.8,212.0,1003.8,425.0
2026-06-28 13:00:00,1.4,28.0,86.0,0.0,3.2,164.0,1004.0,95.0
2026-06-28 14:00:00,1.3,27.8,86.0,0.2,5.1,228.0,1004.6,250.0
2026-06-28 15:00:00,18.3,27.7,87.0,0.0,2.2,194.0,1004.7,20.0
2026-06-28 16:00:00,26.4,27.3,89.0,0.1,2.4,167.0,1003.9,25.0
2026-06-28 17:00:00,21.3,27.2,90.0,0.1,0.9,90.0,1003.2,15.0
2026-06-28 18:00:00,19.1,27.0,91.0,0.0,3.8,82.0,1002.6,55.0
2026-06-28 19:00:00,18.5,26.5,93.0,0.0,1.5,144.0,1002.4,20.0
2026-06-28 20:00:00,24.6,26.3,94.0,0.0,2.6,115.0,1002.5,25.0
2026-06-28 21:00:00,21.0,26.0,92.0,0.1,4.6,101.0,1002.6,55.0
2026-06-28 22:00:00,19.4,26.1,89.0,0.3,4.4,125.0,1003.3,45.0
2026-06-28 23:00:00,23.8,27.7,85.0,0.0,1.9,151.0,1004.1,125.0
2026-06-29 00:00:00,14.2,29.5,74.0,0.0,1.5,104.0,1004.4,585.0
2026-06-29 01:00:00,11.2,30.5,71.0,0.1,0.7,346.0,1004.7,720.0
2026-06-29 02:00:00,31.1,31.1,70.0,0.0,4.9,274.0,1004.7,990.0
2026-06-29 03:00:00,25.5,31.1,72.0,0.1,7.4,266.0,1004.4,765.0
2026-06-29 04:00:00,22.8,31.5,71.0,0.1,4.7,298.0,1003.5,840.0
2026-06-29 05:00:00,10.9,30.0,79.0,0.6,2.3,302.0,1003.3,630.0
2026-06-29 06:00:00,9.0,29.9,79.0,0.6,0.9,90.0,1003.0,480.0
2026-06-29 07:00:00,5.4,31.1,72.0,0.1,3.1,270.0,1002.5,580.0
2026-06-29 08:00:00,3.4,30.6,69.0,0.2,3.0,256.0,1002.0,610.0
2026-06-29 09:00:00,1.9,29.3,77.0,0.7,3.4,302.0,1002.6,400.0
2026-06-29 10:00:00,24.8,28.9,78.0,0.4,1.6,117.0,1003.2,205.0
2026-06-29 11:00:00,27.3,25.5,95.0,5.9,7.6,104.0,1004.3,145.0
2026-06-29 12:00:00,32.4,26.7,94.0,0.6,1.4,230.0,1003.8,65.0
2026-06-29 13:00:00,36.5,27.0,92.0,0.0,2.8,105.0,1003.8,70.0
2026-06-29 14:00:00,40.0,27.1,93.0,0.0,5.8,94.0,1004.5,110.0
2026-06-29 15:00:00,40.9,26.8,93.0,0.2,7.2,76.0,1004.7,110.0
2026-06-29 16:00:00,37.0,26.4,93.0,0.6,6.4,65.0,1004.0,70.0
2026-06-29 17:00:00,29.5,26.2,93.0,0.1,2.9,79.0,1003.5,40.0
2026-06-29 18:00:00,25.0,26.0,90.0,0.0,6.0,10.0,1003.1,80.0
2026-06-29 19:00:00,21.2,25.9,91.0,0.0,6.0,335.0,1002.6,115.0
2026-06-29 20:00:00,16.7,26.1,91.0,0.0,7.3,340.0,1002.1,230.0
2026-06-29 21:00:00,22.0,25.8,93.0,0.1,8.8,355.0,1001.9,235.0
2026-06-29 22:00:00,27.9,25.6,95.0,0.2,7.4,342.0,1001.8,175.0
2026-06-29 23:00:00,22.0,26.7,91.0,0.2,4.6,342.0,1002.6,215.0
2026-06-30 00:00:00,4.4,26.0,92.0,0.2,9.8,6.0,1003.2,350.0
2026-06-30 01:00:00,7.1,26.3,90.0,1.9,8.4,353.0,1003.8,520.0
2026-06-30 02:00:00,8.9,26.1,91.0,2.3,12.0,315.0,1003.4,385.0
2026-06-30 03:00:00,14.2,26.8,90.0,2.0,11.0,326.0,1003.0,385.0
2026-06-30 04:00:00,5.8,27.6,87.0,1.7,8.7,347.0,1002.3,485.0
2026-06-30 05:00:00,4.5,27.3,89.0,1.4,8.1,339.0,1001.8,385.0
2026-06-30 06:00:00,13.2,28.5,82.0,0.9,8.6,360.0,1001.4,540.0
2026-06-30 07:00:00,23.0,28.1,84.0,0.8,7.1,344.0,1000.6,355.0
2026-06-30 08:00:00,21.3,27.6,85.0,1.1,6.7,9.0,1000.7,375.0
2026-06-30 09:00:00,23.1,27.0,90.0,0.8,6.3,355.0,1000.5,245.0
2026-06-30 10:00:00,19.6,27.0,92.0,0.5,3.4,360.0,1001.2,160.0
2026-06-30 11:00:00,8.6,26.2,96.0,0.7,8.9,339.0,1001.3,295.0
2026-06-30 12:00:00,5.4,26.1,93.0,0.1,4.4,218.0,1001.8,130.0
2026-06-30 13:00:00,15.7,26.0,95.0,0.0,1.5,284.0,1002.1,40.0
2026-06-30 14:00:00,36.7,26.1,95.0,0.0,0.6,288.0,1002.5,20.0
2026-06-30 15:00:00,23.9,26.2,93.0,0.0,2.6,102.0,1002.5,75.0
2026-06-30 16:00:00,6.3,26.2,85.0,0.0,9.0,90.0,1002.3,525.0
2026-06-30 17:00:00,2.9,26.2,84.0,0.0,10.7,107.0,1001.7,500.0
2026-06-30 18:00:00,2.4,26.3,85.0,0.0,10.7,134.0,1001.4,500.0
2026-06-30 19:00:00,2.5,26.1,85.0,0.0,10.0,105.0,1000.9,465.0
2026-06-30 20:00:00,3.0,26.2,84.0,0.0,8.5,107.0,1000.6,440.0
2026-06-30 21:00:00,5.2,26.2,84.0,0.0,7.7,126.0,1000.9,375.0
2026-06-30 22:00:00,4.4,26.4,82.0,0.0,11.8,130.0,1001.7,405.0
2026-06-30 23:00:00,1.7,27.4,80.0,0.0,12.9,118.0,1002.5,455.0
2026-07-01 00:00:00,0.1,29.2,73.0,0.0,11.2,131.0,1003.1,590.0
2026-07-01 01:00:00,0.6,29.8,73.0,0.1,10.2,163.0,1003.5,845.0
2026-07-01 02:00:00,0.6,30.4,69.0,0.2,9.2,135.0,1003.8,940.0
2026-07-01 03:00:00,0.5,31.4,65.0,0.0,8.7,143.0,1003.2,990.0
2026-07-01 04:00:00,0.8,32.0,64.0,0.0,10.1,141.0,1003.0,1085.0
2026-07-01 05:00:00,0.1,32.3,63.0,0.1,9.5,155.0,1002.4,1215.0
2026-07-01 06:00:00,2.1,29.3,80.0,0.1,4.7,198.0,1002.9,560.0
2026-07-01 07:00:00,4.9,28.8,80.0,0.9,3.8,175.0,1002.2,550.0
2026-07-01 08:00:00,3.8,29.1,79.0,0.3,3.6,200.0,1002.0,660.0
2026-07-01 09:00:00,1.7,28.4,81.0,0.4,2.2,215.0,1001.9,420.0
2026-07-01 10:00:00,5.2,26.7,88.0,2.0,6.0,117.0,1002.7,200.0
2026-07-01 11:00:00,11.7,26.1,93.0,4.1,2.0,207.0,1003.6,25.0
2026-07-01 12:00:00,5.9,28.0,89.0,0.3,4.0,95.0,1003.6,100.0
2026-07-01 13:00:00,18.5,27.6,93.0,0.3,3.9,133.0,1004.1,95.0
2026-07-01 14:00:00,11.8,27.4,93.0,0.0,2.7,122.0,1004.5,65.0
2026-07-01 15:00:00,6.0,27.4,92.0,0.0,4.1,113.0,1004.9,110.0
2026-07-01 16:00:00,5.4,26.9,91.0,0.1,7.3,136.0,1004.4,205.0
2026-07-01 17:00:00,0.8,24.9,96.0,3.6,9.0,168.0,1005.1,320.0
2026-07-01 18:00:00,1.2,27.3,88.0,1.8,6.0,111.0,1004.6,195.0
2026-07-01 19:00:00,2.4,26.9,89.0,0.0,5.3,114.0,1004.0,100.0
2026-07-01 20:00:00,3.1,26.6,89.0,0.0,4.7,94.0,1003.9,85.0
2026-07-01 21:00:00,4.4,26.5,88.0,0.0,5.0,136.0,1004.4,105.0
2026-07-01 22:00:00,15.6,26.7,89.0,0.2,6.0,131.0,1005.1,200.0
2026-07-01 23:00:00,16.5,26.9,88.0,0.3,7.2,148.0,1005.2,325.0
2026-07-02 00:00:00,3.1,29.3,73.0,0.0,1.6,63.0,1005.7,300.0
2026-07-02 01:00:00,3.2,29.7,73.0,0.1,4.6,149.0,1005.8,595.0
2026-07-02 02:00:00,1.1,30.6,67.0,0.0,5.1,138.0,1005.6,890.0
2026-07-02 03:00:00,1.6,31.5,62.0,0.0,8.0,146.0,1005.5,1010.0
2026-07-02 04:00:00,2.0,32.0,60.0,0.0,9.4,151.0,1005.1,1080.0
2026-07-02 05:00:00,5.4,31.9,62.0,0.1,10.3,139.0,1005.1,1260.0
2026-07-02 06:00:00,14.2,29.2,73.0,1.4,9.0,116.0,1004.8,345.0
2026-07-02 07:00:00,9.3,29.8,73.0,0.9,9.4,103.0,1004.7,575.0
2026-07-02 08:00:00,17.9,29.7,74.0,0.0,7.0,108.0,1004.2,580.0
2026-07-02 09:00:00,27.3,29.5,75.0,0.0,7.5,114.0,1004.1,620.0
2026-07-02 10:00:00,30.4,29.1,77.0,0.0,5.7,118.0,1004.8,475.0
2026-07-02 11:00:00,35.7,28.6,80.0,0.0,6.0,153.0,1005.6,340.0
2026-07-02 12:00:00,38.4,28.5,79.0,0.0,5.8,106.0,1006.2,240.0
2026-07-02 13:00:00,39.0,28.0,83.0,0.0,3.2,90.0,1006.4,85.0
2026-07-02 14:00:00,38.8,27.8,84.0,0.0,0.4,270.0,1006.8,15.0
2026-07-02 15:00:00,35.2,27.6,86.0,0.0,0.8,225.0,1007.2,30.0
2026-07-02 16:00:00,34.0,27.3,86.0,0.0,3.4,96.0,1006.9,100.0
2026-07-02 17:00:00,34.3,27.0,86.0,0.0,4.2,100.0,1006.7,95.0
2026-07-02 18:00:00,40.9,27.1,82.0,0.0,4.5,113.0,1006.7,120.0
2026-07-02 19:00:00,35.3,26.8,83.0,0.0,5.0,92.0,1006.2,120.0
2026-07-02 20:00:00,33.2,26.4,85.0,0.0,4.2,78.0,1005.8,65.0
2026-07-02 21:00:00,32.4,26.2,88.0,0.0,2.3,51.0,1006.0,35.0
2026-07-02 22:00:00,34.6,26.0,90.0,0.0,2.3,45.0,1006.0,35.0
2026-07-02 23:00:00,28.1,27.0,87.0,0.0,0.8,333.0,1006.7,100.0
2026-07-03 00:00:00,20.9,29.4,76.0,0.0,0.4,297.0,1006.9,295.0
2026-07-03 01:00:00,18.4,30.6,69.0,0.2,1.6,186.0,1007.0,820.0
2026-07-03 02:00:00,8.2,31.6,62.0,0.4,3.3,131.0,1007.0,1075.0
2026-07-03 03:00:00,8.0,32.4,58.0,0.1,4.4,122.0,1006.9,1185.0
2026-07-03 04:00:00,12.7,33.3,54.0,0.1,5.9,130.0,1006.3,1325.0
2026-07-03 05:00:00,2.4,33.8,51.0,0.2,6.9,141.0,1005.7,1430.0
2026-07-03 06:00:00,0.0,33.9,50.0,0.5,7.4,174.0,1005.3,1495.0
2026-07-03 07:00:00,7.0,33.3,52.0,0.4,7.4,186.0,1004.7,1275.0
2026-07-03 08:00:00,3.0,33.1,53.0,0.5,6.8,177.0,1004.3,1305.0
2026-07-03 09:00:00,23.3,32.4,55.0,0.5,6.5,174.0,1004.5,1180.0
2026-07-03 10:00:00,34.3,31.1,65.0,0.2,5.4,188.0,1005.2,415.0
2026-07-03 11:00:00,24.5,30.0,72.0,0.1,5.9,166.0,1005.7,250.0
2026-07-03 12:00:00,21.0,29.1,80.0,0.0,8.4,236.0,1006.5,225.0
2026-07-03 13:00:00,33.1,28.8,82.0,0.0,4.6,257.0,1006.8,145.0
2026-07-03 14:00:00,41.8,28.6,84.0,0.0,2.5,4.0,1007.4,85.0
2026-07-03 15:00:00,41.6,27.7,83.0,1.3,3.2,27.0,1007.9,105.0
2026-07-03 16:00:00,42.9,26.7,90.0,0.2,5.8,358.0,1007.3,100.0
2026-07-03 17:00:00,42.2,25.7,92.0,0.3,7.6,355.0,1007.5,165.0
2026-07-03 18:00:00,34.5,25.4,93.0,2.1,7.9,336.0,1007.2,170.0
2026-07-03 19:00:00,29.5,24.8,92.0,0.0,8.3,359.0,1007.0,180.0
2026-07-03 20:00:00,28.3,24.8,94.0,0.0,5.5,13.0,1006.9,150.0
2026-07-03 21:00:00,27.0,24.9,94.0,0.0,5.9,2.0,1006.9,135.0
2026-07-03 22:00:00,26.8,25.3,92.0,0.0,6.4,352.0,1006.9,160.0
2026-07-03 23:00:00,25.3,26.5,86.0,0.0,5.4,352.0,1007.5,215.0
2026-07-04 00:00:00,14.3,29.4,78.0,0.0,4.7,351.0,1007.4,455.0
2026-07-04 01:00:00,1.9,30.8,69.0,0.0,4.1,345.0,1007.3,900.0
2026-07-04 02:00:00,9.2,31.7,66.0,0.1,1.6,360.0,1007.1,1095.0
2026-07-04 03:00:00,11.8,32.4,64.0,0.0,1.0,211.0,1006.7,1280.0
2026-07-04 04:00:00,6.7,32.4,63.0,0.0,4.0,207.0,1006.2,1155.0
2026-07-04 05:00:00,5.7,31.8,67.0,0.5,4.9,178.0,1005.7,835.0
2026-07-04 06:00:00,5.8,32.6,61.0,0.3,4.0,117.0,1005.0,980.0
2026-07-04 07:00:00,5.9,32.8,60.0,0.2,3.0,142.0,1004.5,1050.0
2026-07-04 08:00:00,0.9,32.5,62.0,0.1,4.6,201.0,1004.2,880.0
2026-07-04 09:00:00,0.0,32.3,62.0,0.0,5.4,220.0,1004.1,705.0
2026-07-04 10:00:00,1.8,31.7,66.0,0.0,3.5,258.0,1004.7,110.0
2026-07-04 11:00:00,3.5,30.8,75.0,0.0,1.2,231.0,1005.2,20.0
2026-07-04 12:00:00,9.2,30.0,81.0,0.0,3.5,105.0,1005.7,85.0
2026-07-04 13:00:00,13.7,29.1,83.0,0.0,6.4,108.0,1006.2,125.0
2026-07-04 14:00:00,18.4,28.6,81.0,0.0,6.1,120.0,1006.5,90.0
2026-07-04 15:00:00,27.6,28.0,82.0,0.0,4.8,117.0,1006.6,70.0
2026-07-04 16:00:00,37.4,27.3,86.0,0.0,3.8,49.0,1006.2,50.0
2026-07-04 17:00:00,31.8,26.7,91.0,0.0,4.2,353.0,1005.6,65.0
2026-07-04 18:00:00,28.3,26.5,93.0,0.0,6.1,346.0,1005.4,150.0
2026-07-04 19:00:00,29.1,26.2,94.0,0.0,5.2,4.0,1005.2,105.0
2026-07-04 20:00:00,40.5,26.0,93.0,0.0,4.8,15.0,1005.4,80.0
2026-07-04 21:00:00,35.5,25.9,93.0,0.0,3.7,23.0,1005.7,55.0
2026-07-04 22:00:00,23.9,26.0,93.0,0.0,1.7,18.0,1006.3,35.0
2026-07-04 23:00:00,27.2,27.4,84.0,0.0,1.4,140.0,1006.9,270.0
2026-07-05 00:00:00,22.2,29.7,75.0,0.0,3.7,191.0,1006.9,545.0
2026-07-05 01:00:00,11.7,31.2,66.0,0.0,3.4,196.0,1006.7,810.0
2026-07-05 02:00:00,11.4,32.5,60.0,0.1,0.7,360.0,1006.6,1105.0
2026-07-05 03:00:00,10.0,33.4,55.0,0.1,1.7,319.0,1005.8,1345.0
2026-07-05 04:00:00,35.7,33.6,56.0,0.1,4.6,283.0,1005.2,1515.0
2026-07-05 05:00:00,31.3,33.8,58.0,0.0,7.9,274.0,1004.7,1545.0
2026-07-05 06:00:00,6.5,30.8,69.0,0.2,3.2,177.0,1004.8,540.0
2026-07-05 07:00:00,23.2,31.3,66.0,0.9,8.2,209.0,1004.4,505.0
2026-07-05 08:00:00,27.6,30.9,68.0,0.4,4.6,126.0,1003.9,645.0
2026-07-05 09:00:00,25.0,31.0,67.0,0.3,1.3,124.0,1004.0,695.0
2026-07-05 10:00:00,24.8,30.4,68.0,0.1,1.6,270.0,1004.5,725.0
2026-07-05 11:00:00,29.9,30.2,70.0,0.0,0.2,360.0,1004.8,500.0
2026-07-05 12:00:00,41.9,30.0,75.0,0.0,2.8,75.0,1005.3,290.0
2026-07-05 13:00:00,59.8,27.5,83.0,0.9,7.7,329.0,1005.7,110.0
2026-07-05 14:00:00,50.8,27.5,83.0,0.1,3.5,24.0,1005.8,70.0
2026-07-05 15:00:00,43.5,27.2,87.0,0.0,4.9,10.0,1005.9,95.0
2026-07-05 16:00:00,36.4,26.9,89.0,0.0,4.9,356.0,1005.7,100.0
2026-07-05 17:00:00,29.1,26.8,89.0,0.0,4.4,19.0,1005.3,90.0
2026-07-05 18:00:00,19.6,26.8,85.0,0.0,2.3,288.0,1005.1,140.0
2026-07-05 19:00:00,13.1,26.6,88.0,0.0,2.8,50.0,1005.1,100.0
2026-07-05 20:00:00,7.9,26.4,91.0,0.0,2.8,45.0,1005.2,50.0
2026-07-05 21:00:00,6.5,26.0,95.0,0.0,3.8,73.0,1005.4,45.0
2026-07-05 22:00:00,9.3,25.7,96.0,0.0,3.9,62.0,1005.5,50.0
2026-07-05 23:00:00,15.5,26.5,93.0,0.0,2.8,40.0,1006.0,100.0
2026-07-06 00:00:00,20.0,29.6,76.0,0.0,1.5,54.0,1006.0,450.0
2026-07-06 01:00:00,19.4,31.2,64.0,0.0,0.7,76.0,1005.9,895.0
2026-07-06 02:00:00,20.7,32.4,57.0,0.0,1.0,225.0,1005.5,1080.0
2026-07-06 03:00:00,33.5,33.4,52.0,0.0,3.0,245.0,1005.0,1320.0
2026-07-06 04:00:00,37.2,34.0,52.0,0.0,5.4,255.0,1004.3,1440.0
2026-07-06 05:00:00,37.9,34.5,51.0,0.0,8.0,262.0,1003.8,1500.0
2026-07-06 06:00:00,36.4,34.8,46.0,0.0,9.9,265.0,1003.1,1605.0
2026-07-06 07:00:00,37.7,34.2,47.0,0.0,5.8,256.0,1002.9,1480.0
2026-07-06 08:00:00,34.7,33.1,51.0,0.1,3.2,232.0,1003.0,1175.0
2026-07-06 09:00:00,32.6,31.8,57.0,0.7,6.7,207.0,1003.1,760.0
2026-07-06 10:00:00,34.3,30.6,63.0,0.3,0.7,180.0,1003.9,545.0
2026-07-06 11:00:00,31.5,29.2,71.0,0.9,6.5,167.0,1004.6,270.0
2026-07-06 12:00:00,45.7,27.9,78.0,0.1,11.0,71.0,1005.2,200.0
2026-07-06 13:00:00,41.9,27.6,75.0,0.3,6.2,78.0,1005.1,95.0
2026-07-06 14:00:00,47.7,27.7,76.0,0.0,5.6,356.0,1005.4,110.0
2026-07-06 15:00:00,47.3,27.5,79.0,0.0,4.7,2.0,1005.0,150.0
2026-07-06 16:00:00,40.2,27.3,80.0,0.0,1.9,41.0,1004.7,35.0
2026-07-06 17:00:00,41.7,27.1,82.0,0.0,1.5,7.0,1004.6,15.0
2026-07-06 18:00:00,38.2,27.5,79.0,0.0,1.8,191.0,1004.5,20.0
2026-07-06 19:00:00,37.0,27.2,80.0,0.0,1.9,73.0,1004.6,20.0
2026-07-06 20:00:00,33.2,26.6,84.0,0.0,0.3,225.0,1004.5,20.0
2026-07-06 21:00:00,33.4,26.2,86.0,0.0,3.2,3.0,1004.4,60.0
2026-07-06 22:00:00,34.9,25.9,88.0,0.0,3.4,47.0,1004.6,60.0
2026-07-06 23:00:00,33.7,27.4,80.0,0.0,1.8,66.0,1005.0,145.0
2026-07-07 00:00:00,34.4,29.4,70.0,0.0,1.2,297.0,1004.9,315.0
2026-07-07 01:00:00,34.0,31.5,61.0,0.0,3.3,306.0,1004.9,795.0
2026-07-07 02:00:00,38.0,33.0,54.0,0.0,3.5,294.0,1004.7,1180.0
2026-07-07 03:00:00,38.5,33.7,53.0,0.0,6.8,268.0,1004.5,1480.0
2026-07-07 04:00:00,41.3,33.7,55.0,0.0,10.5,266.0,1003.8,1595.0
2026-07-07 05:00:00,34.1,33.2,56.0,0.0,11.2,252.0,1002.9,1035.0
2026-07-07 06:00:00,30.9,33.8,54.0,0.1,10.8,269.0,1002.2,1240.0
2026-07-07 07:00:00,40.0,33.9,52.0,0.0,11.1,261.0,1001.8,1330.0
2026-07-07 08:00:00,46.8,33.7,52.0,0.1,9.1,260.0,1001.3,1230.0
2026-07-07 09:00:00,35.3,33.5,51.0,0.1,8.6,259.0,1001.1,1295.0
2026-07-07 10:00:00,30.1,28.6,72.0,1.8,4.6,21.0,1002.1,220.0
2026-07-07 11:00:00,30.0,27.8,77.0,1.8,1.5,346.0,1003.0,170.0
2026-07-07 12:00:00,10.6,27.5,81.0,0.6,4.1,29.0,1003.5,160.0
2026-07-07 13:00:00,19.6,28.0,80.0,0.1,3.1,69.0,1003.9,120.0
2026-07-07 14:00:00,25.3,27.7,83.0,0.0,5.2,63.0,1004.2,175.0
2026-07-07 15:00:00,23.6,27.9,79.0,0.0,1.3,180.0,1004.2,75.0
2026-07-07 16:00:00,29.2,27.7,82.0,0.0,2.1,211.0,1003.9,95.0
2026-07-07 17:00:00,30.6,27.5,85.0,0.1,4.5,313.0,1003.5,170.0
2026-07-07 18:00:00,29.9,27.7,85.0,0.1,3.0,335.0,1003.2,150.0
2026-07-07 19:00:00,37.6,26.6,89.0,0.1,9.4,2.0,1003.4,330.0
2026-07-07 20:00:00,22.3,26.1,86.0,0.2,6.9,14.0,1003.3,160.0
2026-07-07 21:00:00,8.8,26.0,87.0,0.1,4.9,4.0,1003.3,155.0
2026-07-07 22:00:00,7.8,26.3,87.0,0.0,4.0,3.0,1003.6,155.0
2026-07-07 23:00:00,21.9,27.5,80.0,0.0,4.2,335.0,1003.9,310.0
2026-07-08 00:00:00,29.1,29.3,73.0,0.0,8.1,287.0,1003.7,810.0
2026-07-08 01:00:00,23.6,30.1,69.0,0.2,8.9,298.0,1004.1,845.0
2026-07-08 02:00:00,22.1,30.8,67.0,0.0,8.9,289.0,1003.6,960.0
2026-07-08 03:00:00,27.3,31.3,66.0,0.1,9.6,274.0,1003.0,1045.0
2026-07-08 04:00:00,28.1,32.1,62.0,0.0,10.8,271.0,1002.5,1190.0
2026-07-08 05:00:00,25.8,32.4,59.0,0.0,13.7,271.0,1001.7,1280.0
2026-07-08 06:00:00,18.8,30.4,71.0,0.3,9.1,249.0,1001.7,755.0
2026-07-08 07:00:00,9.6,31.2,68.0,1.8,12.0,277.0,1001.2,925.0
2026-07-08 08:00:00,10.0,30.6,70.0,0.7,12.8,280.0,1000.7,865.0
2026-07-08 09:00:00,7.7,30.7,70.0,0.4,9.3,292.0,1000.8,1020.0
2026-07-08 10:00:00,16.6,29.4,73.0,0.6,11.1,302.0,1001.5,660.0
2026-07-08 11:00:00,29.3,28.5,78.0,0.2,7.0,347.0,1001.6,420.0
2026-07-08 12:00:00,35.7,29.4,77.0,1.2,5.2,340.0,1001.7,255.0
2026-07-08 13:00:00,43.7,28.7,82.0,0.0,3.4,354.0,1001.6,115.0
2026-07-08 14:00:00,39.1,28.4,84.0,0.0,2.4,343.0,1002.0,45.0
2026-07-08 15:00:00,31.9,28.0,86.0,0.0,4.8,345.0,1002.1,120.0
2026-07-08 16:00:00,28.9,27.8,87.0,0.0,5.1,333.0,1001.6,105.0
2026-07-08 17:00:00,25.9,27.6,87.0,0.0,5.6,343.0,1001.1,115.0
2026-07-08 18:00:00,22.0,27.6,87.0,0.0,4.5,317.0,1000.9,160.0
2026-07-08 19:00:00,23.1,27.0,87.0,0.0,6.7,304.0,1000.4,185.0
2026-07-08 20:00:00,29.1,27.4,84.0,0.4,9.1,304.0,1000.4,675.0
2026-07-08 21:00:00,32.4,27.7,82.0,0.0,12.6,294.0,1000.4,740.0
2026-07-08 22:00:00,36.9,28.0,80.0,0.0,13.4,294.0,1000.2,715.0
2026-07-08 23:00:00,23.0,28.7,76.0,0.0,13.9,295.0,1000.9,875.0
2026-07-09 00:00:00,16.8,29.8,71.0,0.0,15.4,300.0,1001.1,990.0
2026-07-09 01:00:00,14.4,30.9,63.0,0.1,17.9,291.0,1001.5,1270.0
2026-07-09 02:00:00,5.5,31.5,60.0,0.0,19.4,289.0,1001.1,1285.0
2026-07-09 03:00:00,4.9,31.6,60.0,0.3,20.5,283.0,1000.8,1195.0
2026-07-09 04:00:00,4.6,31.2,65.0,0.4,21.3,275.0,1000.4,1080.0
2026-07-09 05:00:00,3.3,32.2,63.0,0.0,20.8,264.0,999.6,1355.0
2026-07-09 06:00:00,3.1,31.7,59.0,0.1,23.4,271.0,999.1,1270.0
2026-07-09 07:00:00,3.0,31.3,62.0,0.0,23.0,269.0,998.3,1120.0
2026-07-09 08:00:00,2.6,31.0,67.0,0.0,21.1,270.0,997.8,1130.0
2026-07-09 09:00:00,4.0,30.7,68.0,0.0,19.9,276.0,997.9,1135.0
2026-07-09 10:00:00,4.2,30.1,69.0,0.0,19.7,275.0,998.7,1055.0
2026-07-09 11:00:00,4.0,29.5,73.0,0.0,19.7,276.0,999.7,955.0
2026-07-09 12:00:00,4.5,29.9,72.0,0.0,19.4,277.0,1000.2,935.0
2026-07-09 13:00:00,4.9,29.6,72.0,0.0,18.8,273.0,1000.3,865.0
2026-07-09 14:00:00,4.9,29.5,73.0,0.0,18.5,277.0,1000.4,905.0
2026-07-09 15:00:00,3.8,29.4,74.0,0.0,17.2,276.0,1000.6,980.0
2026-07-09 16:00:00,0.7,28.9,76.0,0.0,17.6,281.0,1000.0,930.0
2026-07-09 17:00:00,1.8,28.3,79.0,0.0,17.1,287.0,999.4,885.0
2026-07-09 18:00:00,3.2,28.1,80.0,0.0,20.2,267.0,998.8,720.0
2026-07-09 19:00:00,7.4,27.7,82.0,0.0,17.8,271.0,998.7,715.0
2026-07-09 20:00:00,1.5,27.2,84.0,0.0,11.7,272.0,998.1,625.0
2026-07-09 21:00:00,5.3,27.6,82.0,0.0,13.6,262.0,998.2,820.0
2026-07-09 22:00:00,9.8,27.7,80.0,0.0,12.5,282.0,998.3,740.0
2026-07-09 23:00:00,7.1,27.9,81.0,0.0,13.8,279.0,998.9,730.0
2026-07-10 00:00:00,4.6,28.8,77.0,0.0,17.7,257.0,998.9,935.0
2026-07-10 01:00:00,6.7,29.2,75.0,0.1,18.4,267.0,999.0,890.0
2026-07-10 02:00:00,5.3,29.8,74.0,0.0,18.8,260.0,998.5,1030.0
2026-07-10 03:00:00,6.5,30.2,72.0,0.1,21.0,260.0,997.9,1080.0
2026-07-10 04:00:00,7.9,30.9,64.0,0.2,21.1,259.0,997.8,1175.0
2026-07-10 05:00:00,7.5,30.3,69.0,0.2,21.1,262.0,997.9,1105.0
2026-07-10 06:00:00,6.6,28.9,74.0,0.4,19.3,250.0,997.3,880.0
2026-07-10 07:00:00,8.8,29.6,73.0,1.2,18.8,249.0,996.5,915.0
2026-07-10 08:00:00,11.5,27.3,83.0,3.4,20.8,248.0,997.1,735.0
2026-07-10 09:00:00,10.9,27.3,86.0,1.4,13.1,232.0,997.8,645.0
2026-07-10 10:00:00,5.9,27.4,85.0,0.5,13.4,244.0,998.0,665.0
2026-07-10 11:00:00,1.1,27.5,83.0,0.6,15.1,250.0,998.7,695.0
2026-07-10 12:00:00,7.6,27.5,85.0,1.9,14.0,248.0,998.7,695.0
2026-07-10 13:00:00,10.8,27.0,90.0,2.1,15.2,235.0,998.6,650.0
2026-07-10 14:00:00,14.4,27.1,89.0,0.9,15.7,243.0,999.3,630.0
2026-07-10 15:00:00,24.5,27.2,87.0,0.1,13.0,245.0,999.4,605.0
2026-07-10 16:00:00,23.7,25.4,92.0,1.3,14.1,253.0,999.5,540.0
2026-07-10 17:00:00,1.0,25.7,93.0,2.1,7.0,252.0,999.0,450.0
2026-07-10 18:00:00,0.1,26.5,89.0,1.1,14.4,241.0,998.3,695.0
2026-07-10 19:00:00,3.2,26.5,90.0,1.4,13.3,252.0,998.0,700.0
2026-07-10 20:00:00,3.2,26.5,90.0,1.4,11.4,252.0,997.9,725.0
2026-07-10 21:00:00,2.7,26.7,88.0,1.6,13.7,252.0,997.8,690.0
2026-07-10 22:00:00,1.0,26.9,88.0,0.8,14.5,247.0,997.8,700.0
2026-07-10 23:00:00,2.4,27.3,87.0,0.4,14.4,239.0,998.0,750.0
2026-07-11 00:00:00,10.5,27.3,84.0,0.3,18.8,224.0,999.1,730.0
2026-07-11 01:00:00,1.1,27.4,83.0,0.4,18.6,219.0,999.5,740.0
2026-07-11 02:00:00,3.0,27.9,79.0,1.0,20.8,227.0,999.3,720.0
2026-07-11 03:00:00,0.3,28.9,75.0,0.8,20.1,230.0,999.1,790.0
2026-07-11 04:00:00,0.5,28.2,81.0,0.6,21.3,226.0,998.9,720.0
2026-07-11 05:00:00,0.5,27.8,80.0,1.3,22.4,237.0,998.8,900.0
2026-07-11 06:00:00,1.2,27.6,82.0,1.5,16.3,232.0,998.7,850.0
2026-07-11 07:00:00,0.4,27.8,81.0,0.5,17.7,235.0,998.6,865.0
2026-07-11 08:00:00,1.3,26.4,85.0,0.8,19.6,229.0,998.6,655.0
2026-07-11 09:00:00,3.3,26.7,85.0,1.4,17.7,239.0,998.7,660.0
2026-07-11 10:00:00,4.8,27.0,85.0,0.4,12.5,238.0,999.4,660.0
2026-07-11 11:00:00,7.3,26.9,83.0,0.4,15.6,233.0,1000.4,615.0
2026-07-11 12:00:00,7.7,26.2,87.0,0.7,17.1,224.0,1000.6,585.0
2026-07-11 13:00:00,7.8,26.2,86.0,0.6,15.1,212.0,1001.4,690.0
2026-07-11 14:00:00,3.6,26.2,86.0,0.7,15.4,215.0,1002.2,770.0
2026-07-11 15:00:00,3.7,26.2,87.0,0.7,14.6,200.0,1002.3,745.0
2026-07-11 16:00:00,1.4,26.1,87.0,0.3,10.4,195.0,1001.7,660.0
2026-07-11 17:00:00,6.1,25.4,90.0,0.6,10.6,181.0,1001.1,540.0
2026-07-11 18:00:00,5.0,25.5,91.0,1.3,6.6,193.0,1000.8,210.0
2026-07-11 19:00:00,1.4,24.7,94.0,2.5,9.0,202.0,1001.0,465.0
2026-07-11 20:00:00,2.5,24.8,93.0,1.6,11.0,184.0,1000.6,575.0
2026-07-11 21:00:00,3.7,25.0,93.0,0.9,12.4,194.0,1000.6,570.0
2026-07-11 22:00:00,4.7,24.8,94.0,1.1,8.6,181.0,1001.3,500.0
2026-07-11 23:00:00,9.1,25.1,95.0,1.4,11.3,213.0,1002.1,550.0
2026-07-12 00:00:00,5.1,25.9,92.0,3.3,15.3,199.0,1002.8,645.0
2026-07-12 01:00:00,3.5,26.0,93.0,4.4,14.8,194.0,1003.1,625.0
2026-07-12 02:00:00,2.7,26.1,91.0,2.0,9.1,198.0,1003.1,545.0
2026-07-12 03:00:00,4.2,26.9,89.0,1.5,10.2,216.0,1003.3,700.0
2026-07-12 04:00:00,4.6,26.7,87.0,2.1,14.5,223.0,1002.9,630.0
2026-07-12 05:00:00,3.6,26.9,85.0,1.1,10.4,201.0,1002.3,585.0
2026-07-12 06:00:00,1.9,28.4,78.0,0.9,14.9,232.0,1001.7,815.0
2026-07-12 07:00:00,2.7,28.9,74.0,0.4,18.3,229.0,1001.5,1085.0
2026-07-12 08:00:00,6.7,28.1,78.0,0.4,17.4,224.0,1001.4,825.0
2026-07-12 09:00:00,12.4,27.4,81.0,0.5,16.0,220.0,1001.5,750.0
2026-07-12 10:00:00,19.8,27.2,86.0,0.4,10.2,216.0,1002.0,680.0
2026-07-12 11:00:00,13.0,26.6,89.0,0.7,9.4,218.0,1003.1,540.0
2026-07-12 12:00:00,20.6,26.2,99.0,3.0,3.7,203.0,1003.6,40.0
2026-07-12 13:00:00,27.6,26.0,97.0,2.9,9.1,170.0,1004.2,325.0
2026-07-12 14:00:00,14.3,25.7,92.0,9.0,13.4,186.0,1005.0,555.0
2026-07-12 15:00:00,0.0,25.3,93.0,6.8,11.0,162.0,1005.3,375.0
2026-07-12 16:00:00,1.0,25.5,94.0,2.3,8.0,128.0,1004.3,235.0
2026-07-12 17:00:00,3.5,25.5,95.0,1.0,7.7,123.0,1003.5,165.0
2026-07-12 18:00:00,3.7,25.3,95.0,0.3,7.0,184.0,1003.4,425.0
2026-07-12 19:00:00,3.2,25.4,94.0,0.1,8.3,181.0,1002.9,380.0
2026-07-12 20:00:00,4.0,25.4,94.0,0.1,7.4,177.0,1002.7,280.0
2026-07-12 21:00:00,5.2,25.5,94.0,0.2,7.6,172.0,1002.4,250.0
2026-07-12 22:00:00,28.6,25.6,94.0,0.0,7.2,177.0,1002.8,245.0
2026-07-12 23:00:00,28.8,26.6,88.0,0.1,7.1,196.0,1003.8,580.0
2026-07-13 00:00:00,18.7,27.8,80.0,0.1,9.6,208.0,1003.9,820.0
2026-07-13 01:00:00,14.1,28.4,77.0,0.1,12.2,209.0,1003.9,835.0
2026-07-13 02:00:00,10.1,29.5,72.0,0.2,13.8,216.0,1004.0,990.0
2026-07-13 03:00:00,5.5,30.0,72.0,0.0,12.1,226.0,1003.9,1150.0
2026-07-13 04:00:00,4.2,30.4,71.0,0.0,12.9,237.0,1003.5,1190.0
2026-07-13 05:00:00,2.4,29.3,76.0,0.7,15.9,239.0,1003.1,965.0
2026-07-13 06:00:00,3.5,28.3,78.0,0.9,19.8,241.0,1003.9,745.0
2026-07-13 07:00:00,0.9,27.4,85.0,2.6,15.4,237.0,1004.3,760.0
2026-07-13 08:00:00,0.6,26.9,87.0,2.8,16.6,234.0,1004.2,685.0
2026-07-13 09:00:00,2.9,27.5,81.0,0.3,14.0,246.0,1004.3,760.0
2026-07-13 10:00:00,8.7,27.6,78.0,0.0,9.4,250.0,1004.2,700.0
2026-07-13 11:00:00,13.4,27.1,80.0,0.0,4.2,252.0,1004.6,530.0
2026-07-13 12:00:00,18.7,25.9,90.0,0.0,5.4,75.0,1005.0,170.0
2026-07-13 13:00:00,25.2,25.5,92.0,0.0,5.2,88.0,1005.3,80.0
2026-07-13 14:00:00,29.1,25.3,93.0,0.0,4.0,85.0,1005.8,40.0
2026-07-13 15:00:00,27.6,25.4,93.0,0.0,4.3,90.0,1006.0,35.0
2026-07-13 16:00:00,14.9,25.4,91.0,0.0,5.0,103.0,1005.1,35.0
2026-07-13 17:00:00,7.6,25.5,88.0,0.0,5.8,116.0,1004.7,50.0
2026-07-13 18:00:00,10.7,25.3,91.0,0.0,6.1,104.0,1005.1,50.0
2026-07-13 19:00:00,25.6,25.4,87.0,0.0,6.4,122.0,1004.9,80.0
2026-07-13 20:00:00,22.9,25.2,87.0,0.0,5.7,139.0,1004.4,60.0
2026-07-13 21:00:00,23.7,24.9,87.0,0.0,7.4,124.0,1003.9,75.0
2026-07-13 22:00:00,21.0,25.0,87.0,0.0,5.6,119.0,1004.3,60.0
2026-07-13 23:00:00,28.9,26.5,83.0,0.0,2.7,113.0,1005.1,105.0
2026-07-14 00:00:00,27.6,28.7,75.0,0.0,3.0,107.0,1006.0,805.0
2026-07-14 01:00:00,33.2,29.7,70.0,0.0,2.0,180.0,1006.4,975.0
2026-07-14 02:00:00,20.3,30.3,67.0,0.0,3.3,225.0,1006.4,1000.0
2026-07-14 03:00:00,14.6,30.8,65.0,0.0,5.3,225.0,1006.2,1020.0
2026-07-14 04:00:00,19.0,31.4,62.0,0.0,6.3,231.0,1005.8,1060.0
2026-07-14 05:00:00,14.6,31.7,61.0,0.0,7.7,249.0,1005.2,1070.0
2026-07-14 06:00:00,24.1,32.0,57.0,0.0,8.5,249.0,1004.6,1190.0
2026-07-14 07:00:00,14.7,31.7,57.0,0.0,9.9,249.0,1004.2,980.0
2026-07-14 08:00:00,5.3,31.7,56.0,0.0,10.1,254.0,1004.1,895.0
2026-07-14 09:00:00,6.6,31.0,59.0,0.0,9.7,258.0,1004.4,680.0
2026-07-14 10:00:00,13.1,30.2,66.0,0.0,7.7,261.0,1004.9,540.0
2026-07-14 11:00:00,22.3,29.4,70.0,0.0,6.9,261.0,1005.7,325.0
2026-07-14 12:00:00,28.1,29.3,71.0,0.0,5.6,249.0,1006.3,255.0
2026-07-14 13:00:00,42.6,28.8,75.0,0.0,5.1,234.0,1006.7,165.0
2026-07-14 14:00:00,44.8,28.5,78.0,0.0,3.6,186.0,1007.1,55.0
2026-07-14 15:00:00,41.0,28.0,84.0,0.0,2.0,175.0,1007.4,20.0
2026-07-14 16:00:00,35.3,27.4,85.0,0.0,1.3,278.0,1006.8,10.0
2026-07-14 17:00:00,34.7,26.8,89.0,0.0,0.5,90.0,1006.3,10.0
2026-07-14 18:00:00,32.7,26.1,92.0,0.0,4.9,62.0,1005.9,35.0
2026-07-14 19:00:00,30.5,25.7,92.0,0.0,5.1,100.0,1005.8,30.0
2026-07-14 20:00:00,32.3,25.4,91.0,0.0,5.2,104.0,1005.8,30.0
2026-07-14 21:00:00,30.1,25.2,91.0,0.0,4.6,101.0,1005.9,25.0
2026-07-14 22:00:00,28.4,25.2,90.0,0.0,5.4,96.0,1006.0,25.0
2026-07-14 23:00:00,38.4,27.1,83.0,0.0,4.8,103.0,1006.6,75.0
2026-07-15 00:00:00,43.9,29.3,75.0,0.0,0.7,76.0,1007.0,695.0
2026-07-15 01:00:00,32.2,30.3,70.0,0.0,3.2,243.0,1007.2,890.0
2026-07-15 02:00:00,9.5,31.1,63.0,0.0,5.0,235.0,1007.2,1045.0
2026-07-15 03:00:00,6.0,31.7,58.0,0.0,6.9,237.0,1007.0,1145.0
2026-07-15 04:00:00,4.6,32.0,56.0,0.0,8.0,242.0,1006.6,1135.0
2026-07-15 05:00:00,5.1,31.9,56.0,0.0,8.3,246.0,1005.9,1065.0
2026-07-15 06:00:00,7.9,32.3,54.0,0.0,7.8,248.0,1005.5,1055.0
2026-07-15 07:00:00,6.9,31.9,57.0,0.0,8.6,239.0,1004.9,920.0
2026-07-15 08:00:00,5.9,31.5,60.0,0.0,8.7,236.0,1004.6,820.0
2026-07-15 09:00:00,5.0,31.1,64.0,0.0,8.1,238.0,1004.8,610.0
2026-07-15 10:00:00,9.7,30.2,70.0,0.0,7.4,229.0,1005.1,450.0
2026-07-15 11:00:00,15.7,29.5,73.0,0.0,8.8,224.0,1005.8,355.0
2026-07-15 12:00:00,23.4,29.7,75.0,0.0,3.1,267.0,1006.5,110.0
2026-07-15 13:00:00,24.9,29.0,77.0,0.0,6.2,324.0,1006.7,220.0
2026-07-15 14:00:00,41.4,28.4,80.0,0.0,6.7,333.0,1007.2,180.0
2026-07-15 15:00:00,42.0,27.9,83.0,0.0,5.5,328.0,1007.2,130.0
2026-07-15 16:00:00,35.7,27.4,85.0,0.0,3.9,344.0,1006.8,50.0
2026-07-15 17:00:00,32.9,27.1,86.0,0.0,5.4,8.0,1006.5,70.0
2026-07-15 18:00:00,36.6,26.7,86.0,0.0,4.5,43.0,1005.8,55.0
2026-07-15 19:00:00,35.0,26.0,90.0,0.0,2.5,69.0,1005.5,15.0
2026-07-15 20:00:00,31.8,25.7,92.0,0.0,2.1,105.0,1005.3,15.0
2026-07-15 21:00:00,30.4,25.6,92.0,0.0,1.5,120.0,1005.6,10.0
2026-07-15 22:00:00,33.7,25.5,93.0,0.0,1.7,77.0,1006.0,15.0
2026-07-15 23:00:00,37.8,27.4,83.0,0.0,2.4,99.0,1006.6,115.0
2026-07-16 00:00:00,43.3,29.3,75.0,0.0,2.4,222.0,1006.9,570.0
2026-07-16 01:00:00,25.1,30.5,68.0,0.1,4.1,247.0,1006.9,790.0
2026-07-16 02:00:00,17.1,31.3,62.0,0.0,3.6,243.0,1006.8,960.0
2026-07-16 03:00:00,11.2,32.1,57.0,0.0,5.3,246.0,1006.3,1035.0
2026-07-16 04:00:00,7.0,32.3,55.0,0.0,7.9,246.0,1005.6,1030.0
2026-07-16 05:00:00,5.0,32.4,54.0,0.0,9.7,242.0,1005.3,975.0
2026-07-16 06:00:00,4.5,32.6,55.0,0.0,11.0,246.0,1004.8,1135.0
2026-07-16 07:00:00,5.0,32.3,56.0,0.1,11.3,243.0,1004.4,1100.0
2026-07-16 08:00:00,7.1,32.1,57.0,0.1,10.2,246.0,1004.2,1070.0
2026-07-16 09:00:00,5.7,31.5,60.0,0.0,9.8,240.0,1004.2,985.0
2026-07-16 10:00:00,9.0,30.8,63.0,0.0,8.1,241.0,1004.7,940.0
2026-07-16 11:00:00,13.5,30.2,68.0,0.0,7.0,222.0,1005.1,675.0
2026-07-16 12:00:00,16.7,30.3,67.0,0.0,6.8,238.0,1006.0,790.0
2026-07-16 13:00:00,11.3,29.9,69.0,0.0,5.4,276.0,1006.6,470.0
2026-07-16 14:00:00,39.2,29.5,72.0,0.0,5.4,304.0,1007.3,215.0
2026-07-16 15:00:00,41.9,28.8,78.0,0.0,4.7,320.0,1007.3,125.0
2026-07-16 16:00:00,39.1,28.4,81.0,0.0,1.0,239.0,1006.6,15.0
2026-07-16 17:00:00,38.3,28.0,83.0,0.0,2.3,302.0,1006.1,30.0
2026-07-16 18:00:00,34.3,27.7,84.0,0.1,2.3,309.0,1005.7,40.0
2026-07-16 19:00:00,28.9,27.2,88.0,0.0,3.8,31.0,1005.6,50.0
2026-07-16 20:00:00,28.7,26.8,88.0,0.1,5.4,60.0,1005.6,70.0
2026-07-16 21:00:00,29.2,26.4,88.0,0.0,5.4,84.0,1005.5,60.0
2026-07-16 22:00:00,30.6,26.2,88.0,0.0,5.4,92.0,1005.4,45.0
2026-07-16 23:00:00,38.0,27.9,77.0,0.0,4.0,90.0,1005.7,175.0
2026-07-17 00:00:00,37.3,29.6,71.0,0.0,2.8,310.0,1005.8,735.0
2026-07-17 01:00:00,37.2,30.7,64.0,0.0,4.4,279.0,1005.9,980.0
2026-07-17 02:00:00,19.5,31.8,58.0,0.0,6.5,264.0,1005.8,1165.0
2026-07-17 03:00:00,10.6,32.3,55.0,0.0,7.9,257.0,1005.6,1220.0
2026-07-17 04:00:00,7.5,32.8,54.0,0.0,9.6,250.0,1005.1,1215.0
2026-07-17 05:00:00,2.7,33.0,52.0,0.0,11.3,248.0,1004.6,1175.0
2026-07-17 06:00:00,8.4,33.6,49.0,0.1,12.1,255.0,1004.0,1330.0
2026-07-17 07:00:00,4.1,33.2,51.0,0.0,12.7,252.0,1003.5,1290.0
2026-07-17 08:00:00,6.8,32.7,51.0,0.0,12.1,253.0,1003.0,1245.0
2026-07-17 09:00:00,6.0,31.9,56.0,0.0,11.2,255.0,1003.1,1155.0
2026-07-17 10:00:00,9.4,31.1,60.0,0.0,10.6,255.0,1003.5,1035.0
2026-07-17 11:00:00,9.2,30.5,63.0,0.0,7.2,258.0,1004.4,940.0
2026-07-17 12:00:00,8.6,30.8,61.0,0.0,7.7,259.0,1004.6,910.0
2026-07-17 13:00:00,10.1,30.4,62.0,0.0,6.9,275.0,1005.0,840.0
2026-07-17 14:00:00,7.6,30.0,63.0,0.0,6.4,278.0,1005.4,765.0
2026-07-17 15:00:00,31.2,29.7,66.0,0.0,4.7,293.0,1005.7,360.0
2026-07-17 16:00:00,35.8,29.2,69.0,0.0,3.0,303.0,1005.3,70.0
2026-07-17 17:00:00,35.4,28.6,73.0,0.0,3.4,18.0,1005.0,55.0
2026-07-17 18:00:00,33.7,28.3,75.0,0.0,2.1,322.0,1004.5,40.0
2026-07-17 19:00:00,34.0,27.8,78.0,0.0,2.8,79.0,1004.2,40.0
2026-07-17 20:00:00,31.2,27.6,80.0,0.0,3.6,108.0,1003.8,50.0
2026-07-17 21:00:00,33.6,27.2,81.0,0.0,4.8,115.0,1004.0,60.0
2026-07-17 22:00:00,38.0,27.1,81.0,0.0,5.6,111.0,1004.1,75.0
2026-07-17 23:00:00,41.1,28.3,75.0,0.0,3.4,84.0,1004.9,240.0
2026-07-18 00:00:00,33.1,30.2,65.0,0.0,2.1,165.0,1004.8,885.0
2026-07-18 01:00:00,7.3,31.5,59.0,0.0,4.0,231.0,1005.0,1015.0
2026-07-18 02:00:00,4.3,32.5,55.0,0.0,8.1,241.0,1004.8,1170.0
2026-07-18 03:00:00,4.2,33.0,53.0,0.0,10.6,242.0,1004.6,1200.0
2026-07-18 04:00:00,3.1,33.3,52.0,0.0,13.4,237.0,1004.1,1245.0
2026-07-18 05:00:00,1.4,33.1,54.0,0.0,15.9,242.0,1004.0,1270.0
2026-07-18 06:00:00,5.2,33.7,51.0,0.3,12.7,249.0,1003.2,1335.0
2026-07-18 07:00:00,3.3,33.3,52.0,0.0,11.5,247.0,1002.2,1275.0
2026-07-18 08:00:00,5.0,32.4,51.0,0.6,14.9,253.0,1002.0,1130.0
2026-07-18 09:00:00,5.7,31.4,59.0,1.1,12.0,258.0,1002.5,1000.0
2026-07-18 10:00:00,7.9,30.9,60.0,0.2,11.0,260.0,1003.2,995.0
2026-07-18 11:00:00,9.3,30.2,64.0,0.1,8.3,276.0,1004.1,795.0
2026-07-18 12:00:00,13.8,29.1,76.0,0.1,5.2,333.0,1004.5,345.0
2026-07-18 13:00:00,7.5,28.8,78.0,0.2,4.5,320.0,1004.7,380.0
2026-07-18 14:00:00,11.9,28.8,79.0,0.0,4.5,323.0,1005.2,400.0
2026-07-18 15:00:00,9.5,28.7,79.0,0.0,4.2,320.0,1005.1,410.0
2026-07-18 16:00:00,8.1,28.5,80.0,0.0,3.6,323.0,1004.6,205.0
2026-07-18 17:00:00,24.6,28.2,82.0,0.0,2.7,356.0,1004.4,105.0
2026-07-18 18:00:00,28.6,27.8,81.0,0.0,2.7,48.0,1004.4,85.0
2026-07-18 19:00:00,32.2,27.4,84.0,0.0,3.9,68.0,1004.3,90.0
2026-07-18 20:00:00,33.8,27.1,86.0,0.1,4.2,54.0,1004.2,110.0
2026-07-18 21:00:00,24.1,26.7,87.0,0.1,4.6,18.0,1004.4,115.0
2026-07-18 22:00:00,18.7,26.5,88.0,0.1,4.7,58.0,1004.4,110.0
2026-07-18 23:00:00,26.9,27.5,81.0,0.0,3.9,62.0,1005.0,220.0
2026-07-19 00:00:00,17.1,29.2,72.0,0.0,4.5,320.0,1005.2,570.0
2026-07-19 01:00:00,25.2,29.9,69.0,0.3,2.2,5.0,1005.3,740.0
2026-07-19 02:00:00,19.4,31.2,63.0,0.1,5.6,253.0,1005.0,1045.0
2026-07-19 03:00:00,14.1,32.0,60.0,0.0,7.5,255.0,1004.9,1070.0
2026-07-19 04:00:00,21.5,32.3,59.0,0.0,10.8,255.0,1004.7,1195.0
2026-07-19 05:00:00,20.3,32.3,59.0,0.0,13.2,242.0,1004.2,1175.0
2026-07-19 06:00:00,15.4,30.5,63.0,0.0,10.9,239.0,1003.4,535.0
2026-07-19 07:00:00,3.1,31.8,60.0,0.4,9.3,241.0,1003.1,1250.0
2026-07-19 08:00:00,3.6,30.5,61.0,0.6,10.4,238.0,1002.6,775.0
2026-07-19 09:00:00,1.8,29.4,70.0,1.6,9.8,253.0,1003.3,685.0
2026-07-19 10:00:00,3.7,28.3,76.0,1.7,5.6,277.0,1004.1,545.0
2026-07-19 11:00:00,5.6,27.7,85.0,1.5,2.5,330.0,1004.9,75.0
2026-07-19 12:00:00,2.6,26.8,87.0,0.2,3.1,31.0,1004.9,135.0
2026-07-19 13:00:00,1.2,26.8,88.0,0.1,3.1,13.0,1005.3,100.0
2026-07-19 14:00:00,0.5,26.8,90.0,0.0,4.9,10.0,1005.5,120.0
2026-07-19 15:00:00,9.3,26.9,89.0,0.0,5.0,291.0,1006.1,165.0
2026-07-19 16:00:00,20.3,26.9,87.0,0.1,1.9,68.0,1005.1,105.0
2026-07-19 17:00:00,27.0,26.9,86.0,0.0,2.0,27.0,1004.7,115.0
2026-07-19 18:00:00,24.1,26.6,85.0,0.0,1.5,126.0,1004.9,45.0
2026-07-19 19:00:00,23.2,26.6,86.0,0.0,3.2,236.0,1005.0,155.0
2026-07-19 20:00:00,23.9,26.4,88.0,0.0,3.5,102.0,1004.4,50.0
2026-07-19 21:00:00,22.4,25.9,91.0,0.6,1.2,231.0,1004.9,20.0
2026-07-19 22:00:00,22.5,25.9,94.0,0.9,3.1,93.0,1004.7,50.0
2026-07-19 23:00:00,20.3,26.7,88.0,0.1,1.0,135.0,1005.0,205.0
2026-07-20 00:00:00,30.3,28.5,75.0,0.0,4.9,343.0,1005.1,435.0
2026-07-20 01:00:00,30.1,29.6,69.0,0.6,8.8,279.0,1005.2,665.0
2026-07-20 02:00:00,20.5,30.8,65.0,0.2,7.8,274.0,1004.6,820.0
2026-07-20 03:00:00,21.0,31.5,64.0,0.1,7.4,267.0,1004.6,865.0
2026-07-20 04:00:00,12.4,32.0,62.0,0.0,7.8,248.0,1004.3,900.0
2026-07-20 05:00:00,9.6,32.6,57.0,0.0,8.6,241.0,1003.8,960.0
2026-07-20 06:00:00,17.3,33.0,53.0,0.0,9.3,246.0,1003.0,1090.0
2026-07-20 07:00:00,11.6,33.0,55.0,0.1,11.6,233.0,1002.8,1200.0
2026-07-20 08:00:00,13.8,32.2,58.0,0.2,9.4,244.0,1002.7,1120.0
2026-07-20 09:00:00,7.4,30.2,67.0,0.5,2.2,360.0,1003.7,570.0
2026-07-20 10:00:00,2.5,30.1,67.0,0.3,3.5,345.0,1004.0,770.0
2026-07-20 11:00:00,2.6,29.4,70.0,0.2,5.2,340.0,1004.3,680.0
2026-07-20 12:00:00,6.3,30.0,71.0,0.0,3.8,349.0,1005.0,255.0
2026-07-20 13:00:00,20.5,29.2,76.0,0.0,0.7,90.0,1005.5,25.0
2026-07-20 14:00:00,29.1,28.7,79.0,0.1,2.6,65.0,1005.6,45.0
2026-07-20 15:00:00,25.8,28.3,81.0,0.2,3.7,309.0,1005.8,205.0
2026-07-20 16:00:00,21.1,27.5,87.0,0.0,4.6,347.0,1005.0,195.0
2026-07-20 17:00:00,27.8,27.2,88.0,0.0,2.9,356.0,1004.7,150.0
2026-07-20 18:00:00,18.8,27.5,84.0,0.0,2.8,342.0,1004.3,145.0
2026-07-20 19:00:00,19.5,27.3,85.0,0.0,0.2,90.0,1004.7,20.0
2026-07-20 20:00:00,18.1,27.1,85.0,0.0,0.6,146.0,1004.4,15.0
2026-07-20 21:00:00,20.5,27.0,86.0,0.0,2.2,48.0,1004.6,40.0
2026-07-20 22:00:00,19.0,26.9,86.0,0.0,4.3,92.0,1004.9,70.0
2026-07-20 23:00:00,35.8,28.3,77.0,0.0,0.6,108.0,1005.1,375.0
2026-07-21 00:00:00,35.1,29.5,73.0,0.0,4.7,298.0,1005.5,625.0
2026-07-21 01:00:00,40.3,30.9,65.0,0.2,6.5,289.0,1005.7,940.0
2026-07-21 02:00:00,39.3,31.6,60.0,0.2,6.2,282.0,1005.3,985.0
2026-07-21 03:00:00,42.3,32.6,55.0,0.1,6.5,265.0,1005.0,1080.0
2026-07-21 04:00:00,42.5,32.8,56.0,0.4,7.4,263.0,1004.5,1055.0
2026-07-21 05:00:00,32.8,33.1,55.0,0.7,7.1,251.0,1003.7,1140.0
2026-07-21 06:00:00,26.8,33.5,54.0,0.2,5.4,236.0,1003.2,1275.0
2026-07-21 07:00:00,21.3,31.5,60.0,1.0,3.9,34.0,1002.9,675.0
2026-07-21 08:00:00,13.2,30.7,67.0,0.7,3.2,3.0,1002.7,820.0
2026-07-21 09:00:00,20.1,30.1,69.0,0.1,6.1,358.0,1002.9,735.0
2026-07-21 10:00:00,30.7,29.6,72.0,0.1,5.4,40.0,1003.3,410.0
2026-07-21 11:00:00,36.7,29.0,75.0,0.0,0.4,207.0,1004.1,325.0
2026-07-21 12:00:00,46.3,29.4,69.0,0.0,5.8,178.0,1004.7,345.0
2026-07-21 13:00:00,47.4,27.9,78.0,0.4,5.1,8.0,1005.5,180.0
2026-07-21 14:00:00,41.4,26.2,87.0,0.3,12.0,12.0,1006.3,265.0
2026-07-21 15:00:00,36.9,25.9,87.0,0.5,6.6,21.0,1006.0,150.0
2026-07-21 16:00:00,29.6,26.0,86.0,0.0,4.0,18.0,1005.1,95.0
2026-07-21 17:00:00,28.8,25.9,85.0,0.0,5.9,342.0,1005.1,170.0
2026-07-21 18:00:00,28.7,25.8,89.0,0.2,6.8,333.0,1004.7,180.0
2026-07-21 19:00:00,26.6,25.1,91.0,0.0,6.3,347.0,1004.7,175.0
2026-07-21 20:00:00,26.5,24.8,92.0,0.0,6.0,353.0,1004.4,170.0
2026-07-21 21:00:00,26.4,24.4,94.0,0.0,5.6,358.0,1004.4,165.0
2026-07-21 22:00:00,31.2,24.3,94.0,0.0,3.9,338.0,1004.6,145.0
2026-07-21 23:00:00,36.2,25.3,89.0,0.0,3.4,354.0,1005.4,155.0
2026-07-22 00:00:00,25.2,28.3,74.0,0.0,1.3,225.0,1005.0,205.0
2026-07-22 01:00:00,24.3,30.9,60.0,0.0,2.4,228.0,1005.0,980.0
2026-07-22 02:00:00,21.5,32.6,52.0,0.0,1.0,248.0,1004.5,1210.0
2026-07-22 03:00:00,13.9,33.9,48.0,0.0,2.3,288.0,1003.7,1470.0
2026-07-22 04:00:00,31.0,34.1,48.0,0.1,5.1,280.0,1002.9,1485.0
2026-07-22 05:00:00,29.1,34.2,49.0,0.1,6.7,273.0,1002.2,1485.0
2026-07-22 06:00:00,27.1,33.7,50.0,0.2,7.9,267.0,1002.0,1315.0
2026-07-22 07:00:00,26.9,33.6,50.0,0.0,7.8,262.0,1001.5,1240.0
2026-07-22 08:00:00,24.0,33.4,51.0,0.1,7.6,265.0,1001.3,1155.0
2026-07-22 09:00:00,24.3,33.0,52.0,0.0,7.5,260.0,1001.4,1110.0
2026-07-22 10:00:00,30.3,32.3,54.0,0.0,6.1,251.0,1002.1,905.0
2026-07-22 11:00:00,35.1,31.6,57.0,0.0,3.8,259.0,1002.7,790.0
2026-07-22 12:00:00,37.8,30.0,64.0,0.1,1.9,229.0,1002.9,410.0
2026-07-22 13:00:00,33.1,29.8,67.0,0.0,3.6,84.0,1003.1,360.0
2026-07-22 14:00:00,28.7,29.1,71.0,0.0,5.8,358.0,1003.8,355.0
2026-07-22 15:00:00,22.7,28.5,74.0,0.2,5.1,343.0,1004.1,345.0
2026-07-22 16:00:00,23.5,27.9,76.0,0.0,7.1,317.0,1003.6,370.0
2026-07-22 17:00:00,26.9,25.9,83.0,0.2,9.4,3.0,1003.6,205.0
2026-07-22 18:00:00,32.4,27.9,77.0,0.2,1.5,300.0,1002.0,220.0
2026-07-22 19:00:00,32.4,27.6,79.0,0.0,2.8,333.0,1002.2,220.0
2026-07-22 20:00:00,31.8,27.2,82.0,0.0,2.8,349.0,1002.0,110.0
2026-07-22 21:00:00,26.5,26.6,86.0,0.0,2.6,12.0,1002.1,55.0
2026-07-22 22:00:00,25.6,26.4,87.0,0.0,3.4,360.0,1002.2,70.0
2026-07-22 23:00:00,35.9,27.0,84.0,0.0,4.0,27.0,1002.6,145.0
2026-07-23 00:00:00,45.8,29.9,63.0,0.0,2.9,7.0,1002.9,705.0
2026-07-23 01:00:00,41.4,30.8,61.0,0.0,4.4,305.0,1002.9,915.0
2026-07-23 02:00:00,38.2,31.5,59.0,0.2,5.4,296.0,1002.6,985.0
2026-07-23 03:00:00,33.4,32.3,56.0,0.1,4.5,275.0,1002.0,1085.0
2026-07-23 04:00:00,36.7,32.2,58.0,0.3,6.9,263.0,1001.4,1040.0
2026-07-23 05:00:00,35.8,32.1,59.0,0.4,8.1,241.0,1000.6,895.0
2026-07-23 06:00:00,34.7,32.9,56.0,0.6,7.6,255.0,1000.1,1125.0
2026-07-23 07:00:00,35.6,32.6,57.0,0.0,7.0,244.0,999.6,1150.0
2026-07-23 08:00:00,32.9,32.3,58.0,0.0,7.9,266.0,999.4,1125.0
2026-07-23 09:00:00,26.3,31.7,60.0,0.1,8.8,290.0,999.3,990.0
2026-07-23 10:00:00,18.8,30.2,67.0,0.3,6.2,278.0,1000.0,650.0
2026-07-23 11:00:00,13.4,28.5,75.0,0.5,3.5,291.0,1000.8,280.0
2026-07-23 12:00:00,25.8,26.6,91.0,1.8,8.2,15.0,1001.5,265.0
2026-07-23 13:00:00,1.7,25.7,96.0,3.3,7.0,350.0,1002.4,225.0
2026-07-23 14:00:00,5.7,24.8,98.0,2.7,6.6,29.0,1002.8,220.0
2026-07-23 15:00:00,21.2,24.2,95.0,3.8,6.4,137.0,1002.7,160.0
2026-07-23 16:00:00,26.3,24.8,94.0,2.7,2.2,145.0,1001.4,160.0
2026-07-23 17:00:00,24.4,25.2,94.0,0.6,6.9,152.0,1000.9,265.0
2026-07-23 18:00:00,18.5,25.8,93.0,0.1,4.1,151.0,999.4,155.0
2026-07-23 19:00:00,20.9,26.1,93.0,0.0,3.8,169.0,999.3,230.0
2026-07-23 20:00:00,24.0,26.2,93.0,0.0,6.2,170.0,999.1,255.0
2026-07-23 21:00:00,24.6,25.5,91.0,0.3,7.6,188.0,999.5,405.0
2026-07-23 22:00:00,34.6,25.6,93.0,1.3,6.0,189.0,999.8,225.0
2026-07-23 23:00:00,22.9,26.8,90.0,0.5,7.3,234.0,1000.4,510.0
2026-07-24 00:00:00,10.6,28.0,82.0,0.2,10.2,234.0,1000.8,695.0
2026-07-24 01:00:00,6.3,28.5,79.0,0.3,14.4,221.0,1001.0,765.0
2026-07-24 02:00:00,22.0,27.9,77.0,0.5,16.0,229.0,1000.9,705.0
2026-07-24 03:00:00,4.6,27.7,78.0,0.9,16.3,233.0,1001.3,635.0
2026-07-24 04:00:00,1.5,28.7,75.0,0.5,17.2,225.0,1000.9,850.0
2026-07-24 05:00:00,1.1,29.0,75.0,0.3,15.8,238.0,1000.4,865.0
2026-07-24 06:00:00,1.9,29.3,71.0,0.1,15.5,252.0,999.4,825.0
2026-07-24 07:00:00,2.4,29.9,67.0,0.1,14.2,250.0,999.0,845.0
2026-07-24 08:00:00,2.4,29.7,69.0,0.0,14.2,244.0,999.1,855.0
2026-07-24 09:00:00,2.7,29.2,69.0,0.0,15.2,235.0,999.1,800.0
2026-07-24 10:00:00,2.1,28.2,74.0,0.4,18.1,233.0,1000.0,690.0
2026-07-24 11:00:00,6.7,27.9,78.0,0.1,15.5,234.0,1000.8,640.0
2026-07-24 12:00:00,7.3,27.1,79.0,0.0,15.2,226.0,1000.9,460.0
2026-07-24 13:00:00,7.2,28.0,78.0,0.5,12.2,221.0,1001.5,745.0
2026-07-24 14:00:00,6.1,27.8,79.0,0.1,11.9,231.0,1002.3,680.0
2026-07-24 15:00:00,15.1,27.3,81.0,0.3,12.1,230.0,1002.4,660.0
2026-07-24 16:00:00,6.2,26.9,85.0,0.6,9.6,242.0,1002.1,670.0
2026-07-24 17:00:00,4.1,26.1,89.0,1.9,10.9,226.0,1001.9,550.0
2026-07-24 18:00:00,4.3,27.1,79.0,1.3,12.4,222.0,1001.6,720.0
2026-07-24 19:00:00,5.2,25.6,87.0,1.6,8.8,223.0,1001.6,535.0
2026-07-24 20:00:00,6.8,25.7,89.0,0.8,6.4,207.0,1001.6,250.0
2026-07-24 21:00:00,8.7,25.1,94.0,1.2,7.8,202.0,1002.0,220.0
2026-07-24 22:00:00,11.8,25.6,94.0,0.4,6.1,140.0,1001.8,125.0
2026-07-24 23:00:00,27.1,26.2,91.0,0.0,5.9,121.0,1002.5,215.0
2026-07-25 00:00:00,25.0,27.4,83.0,0.0,3.6,96.0,1002.7,150.0
2026-07-25 01:00:00,23.8,28.7,75.0,0.0,4.8,149.0,1002.6,635.0
2026-07-25 02:00:00,11.0,30.2,69.0,0.1,8.9,174.0,1002.8,955.0
2026-07-25 03:00:00,16.3,31.0,67.0,0.1,8.6,190.0,1002.7,1015.0
2026-07-25 04:00:00,30.1,30.6,69.0,0.0,8.9,234.0,1002.6,910.0
2026-07-25 05:00:00,33.0,28.9,75.0,1.4,11.9,228.0,1002.5,565.0
2026-07-25 06:00:00,35.8,29.4,75.0,0.7,10.1,245.0,1002.0,655.0
2026-07-25 07:00:00,10.9,28.3,78.0,1.3,12.4,236.0,1002.1,740.0
2026-07-25 08:00:00,11.4,27.4,86.0,8.8,10.1,239.0,1002.3,580.0
2026-07-25 09:00:00,1.9,27.3,85.0,0.8,6.2,229.0,1002.7,415.0
2026-07-25 10:00:00,2.7,27.2,83.0,0.4,5.1,222.0,1003.2,415.0
2026-07-25 11:00:00,12.6,27.0,89.0,0.2,2.7,212.0,1003.5,50.0
2026-07-25 12:00:00,27.7,27.0,88.0,0.1,9.0,186.0,1004.1,650.0
2026-07-25 13:00:00,21.3,26.8,88.0,0.0,7.9,184.0,1004.8,560.0
2026-07-25 14:00:00,27.1,26.6,89.0,0.0,6.7,183.0,1005.3,255.0
2026-07-25 15:00:00,19.9,26.5,89.0,0.0,6.3,182.0,1005.0,350.0
2026-07-25 16:00:00,11.0,26.3,89.0,0.2,5.3,168.0,1004.4,245.0
2026-07-25 17:00:00,3.2,26.1,91.0,0.3,4.7,148.0,1003.9,65.0
2026-07-25 18:00:00,9.6,25.9,95.0,0.1,4.8,167.0,1003.6,65.0
2026-07-25 19:00:00,16.0,25.8,96.0,0.0,3.6,183.0,1003.5,40.0
2026-07-25 20:00:00,12.6,25.3,96.0,0.0,3.4,186.0,1003.6,35.0
2026-07-25 21:00:00,9.0,25.5,95.0,0.2,4.4,150.0,1003.9,55.0
2026-07-25 22:00:00,20.1,25.4,97.0,0.3,3.1,167.0,1004.0,40.0
2026-07-25 23:00:00,20.2,25.8,96.0,0.4,3.4,148.0,1004.1,70.0
2026-07-26 00:00:00,6.1,26.9,86.0,0.1,2.9,210.0,1004.6,325.0
2026-07-26 01:00:00,4.5,27.8,82.0,0.2,3.0,163.0,1004.5,585.0
2026-07-26 02:00:00,10.9,28.5,77.0,0.0,4.0,177.0,1004.0,715.0
2026-07-26 03:00:00,23.9,28.8,75.0,0.0,3.1,140.0,1003.5,710.0
2026-07-26 04:00:00,25.3,30.2,69.0,0.0,3.1,201.0,1003.2,960.0
2026-07-26 05:00:00,29.3,30.5,67.0,0.0,4.8,250.0,1002.9,995.0
2026-07-26 06:00:00,22.4,30.1,70.0,0.0,7.2,258.0,1002.8,815.0
2026-07-26 07:00:00,12.5,30.2,69.0,0.6,4.5,220.0,1002.4,880.0
2026-07-26 08:00:00,33.0,30.4,65.0,0.0,8.0,222.0,1002.5,995.0
2026-07-26 09:00:00,23.0,29.7,67.0,0.1,11.5,224.0,1002.4,880.0
2026-07-26 10:00:00,10.4,28.8,73.0,0.0,9.9,215.0,1003.0,755.0
2026-07-26 11:00:00,41.6,28.0,80.0,0.0,6.4,202.0,1003.4,485.0
2026-07-26 12:00:00,39.1,28.7,78.0,0.0,1.9,61.0,1003.1,25.0
2026-07-26 13:00:00,34.6,28.0,84.0,0.0,3.1,100.0,1003.6,35.0
2026-07-26 14:00:00,35.8,27.8,86.0,0.0,2.6,124.0,1004.4,25.0
2026-07-26 15:00:00,34.4,27.4,90.0,0.0,2.2,114.0,1004.6,15.0
2026-07-26 16:00:00,31.2,27.2,92.0,0.0,0.4,63.0,1004.1,10.0
2026-07-26 17:00:00,28.2,27.0,94.0,0.0,0.8,27.0,1003.8,10.0
2026-07-26 18:00:00,23.3,27.2,89.0,0.0,2.8,342.0,1003.7,55.0
2026-07-26 19:00:00,24.2,26.8,92.0,0.2,3.1,347.0,1003.7,40.0
2026-07-26 20:00:00,17.3,26.7,91.0,0.2,1.8,135.0,1003.5,25.0
2026-07-26 21:00:00,25.5,26.4,91.0,0.5,2.3,162.0,1003.3,40.0
2026-07-26 22:00:00,27.3,26.3,94.0,0.1,3.4,183.0,1003.6,40.0
2026-07-26 23:00:00,31.9,27.1,88.0,0.4,3.4,196.0,1004.5,365.0
2026-07-27 00:00:00,32.4,28.7,72.0,0.2,7.9,221.0,1004.6,705.0
2026-07-27 01:00:00,20.2,29.0,70.0,0.0,7.4,229.0,1005.0,765.0
2026-07-27 02:00:00,24.2,29.6,67.0,0.0,7.0,241.0,1004.9,810.0
2026-07-27 03:00:00,26.6,30.3,66.0,0.1,4.4,243.0,1004.9,830.0
2026-07-27 04:00:00,29.5,30.9,64.0,0.1,3.2,227.0,1004.3,860.0
2026-07-27 05:00:00,27.8,31.1,65.0,0.0,5.2,241.0,1003.4,885.0
2026-07-27 06:00:00,26.8,31.1,64.0,0.0,9.4,253.0,1002.8,575.0
2026-07-27 07:00:00,26.7,29.6,75.0,2.0,10.2,246.0,1002.4,510.0
2026-07-27 08:00:00,7.4,29.7,76.0,0.2,8.0,242.0,1002.5,485.0
2026-07-27 09:00:00,2.5,29.4,74.0,0.0,8.3,246.0,1002.4,550.0
2026-07-27 10:00:00,3.3,29.0,75.0,0.0,6.1,236.0,1003.3,390.0
2026-07-27 11:00:00,3.8,28.6,80.0,0.0,3.8,225.0,1004.3,235.0
2026-07-27 12:00:00,6.6,25.8,95.0,0.1,7.8,161.0,1005.5,195.0
2026-07-27 13:00:00,4.2,25.7,96.0,2.4,5.9,125.0,1005.6,120.0
2026-07-27 14:00:00,6.6,25.8,97.0,0.6,7.3,100.0,1006.3,160.0
2026-07-27 15:00:00,4.0,24.9,98.0,2.8,4.7,86.0,1006.9,125.0
2026-07-27 16:00:00,5.5,24.5,100.0,5.8,7.9,91.0,1006.6,180.0
2026-07-27 17:00:00,4.9,24.6,97.0,1.8,5.2,76.0,1005.4,100.0
2026-07-27 18:00:00,9.1,24.8,96.0,0.6,5.0,88.0,1004.8,60.0
2026-07-27 19:00:00,23.8,24.8,97.0,0.0,2.8,79.0,1004.6,35.0
2026-07-27 20:00:00,21.0,24.9,97.0,0.0,2.4,36.0,1004.1,35.0
2026-07-27 21:00:00,16.6,25.0,97.0,0.0,1.8,37.0,1004.4,30.0
2026-07-27 22:00:00,20.9,25.1,98.0,0.0,1.6,6.0,1004.4,35.0
2026-07-27 23:00:00,20.7,25.7,94.0,0.0,2.9,43.0,1005.3,125.0
2026-07-28 00:00:00,7.5,28.2,81.0,0.0,3.3,9.0,1005.5,310.0
2026-07-28 01:00:00,4.1,29.6,72.0,0.0,2.7,352.0,1005.3,640.0
2026-07-28 02:00:00,17.1,30.7,67.0,0.0,2.2,318.0,1005.6,925.0
2026-07-28 03:00:00,41.9,31.6,65.0,0.0,1.3,278.0,1005.3,1100.0
2026-07-28 04:00:00,43.1,31.9,65.0,0.0,2.7,270.0,1005.0,1180.0
2026-07-28 05:00:00,41.0,32.0,66.0,0.0,6.7,246.0,1004.0,1125.0
2026-07-28 06:00:00,9.3,31.3,65.0,0.7,4.6,296.0,1003.8,695.0
2026-07-28 07:00:00,11.0,28.4,79.0,1.4,8.2,41.0,1003.7,260.0
2026-07-28 08:00:00,8.1,28.8,80.0,1.2,2.7,48.0,1003.4,190.0
2026-07-28 09:00:00,24.1,27.4,81.0,1.7,3.5,39.0,1003.8,160.0
2026-07-28 10:00:00,33.1,26.4,90.0,3.4,4.5,360.0,1004.9,145.0
2026-07-28 11:00:00,6.4,26.1,91.0,1.1,1.3,286.0,1004.7,30.0
2026-07-28 12:00:00,11.4,25.1,94.0,2.7,3.0,76.0,1005.9,125.0
2026-07-28 13:00:00,20.4,24.6,96.0,0.1,5.7,351.0,1006.7,165.0
2026-07-28 14:00:00,23.9,24.6,94.0,0.0,4.0,352.0,1007.2,145.0
2026-07-28 15:00:00,28.1,24.6,93.0,0.0,6.6,351.0,1006.9,205.0
2026-07-28 16:00:00,37.3,24.0,94.0,0.0,9.6,12.0,1006.4,220.0
2026-07-28 17:00:00,28.5,24.0,94.0,0.0,8.1,356.0,1005.4,255.0
2026-07-28 18:00:00,27.9,24.4,95.0,0.0,6.0,351.0,1004.7,250.0
2026-07-28 19:00:00,26.7,24.5,95.0,0.2,7.7,344.0,1004.6,220.0
2026-07-28 20:00:00,13.7,24.7,93.0,0.1,7.0,342.0,1004.5,205.0
2026-07-28 21:00:00,3.6,24.6,94.0,0.2,6.5,354.0,1004.3,180.0
2026-07-28 22:00:00,2.8,24.6,96.0,0.7,7.5,345.0,1003.9,185.0
2026-07-28 23:00:00,3.4,24.9,96.0,0.8,6.5,347.0,1004.2,200.0
2026-07-29 00:00:00,9.4,25.4,95.0,0.7,6.8,2.0,1004.7,230.0
2026-07-29 01:00:00,23.0,26.8,86.0,0.0,6.2,343.0,1004.9,335.0
2026-07-29 02:00:00,22.3,26.6,87.0,0.9,5.6,45.0,1005.2,490.0
2026-07-29 03:00:00,24.2,25.5,95.0,3.6,2.2,355.0,1005.2,195.0
2026-07-29 04:00:00,19.6,25.3,95.0,5.8,3.6,288.0,1004.8,200.0
2026-07-29 05:00:00,18.9,25.1,95.0,8.7,6.8,272.0,1004.5,235.0
2026-07-29 06:00:00,26.3,25.2,98.0,20.7,3.7,313.0,1004.1,285.0
2026-07-29 07:00:00,32.0,26.4,90.0,0.7,4.1,308.0,1003.5,450.0
2026-07-29 08:00:00,30.3,26.0,92.0,1.0,2.9,292.0,1003.4,295.0
2026-07-29 09:00:00,30.3,25.7,93.0,1.4,0.6,214.0,1003.4,20.0
2026-07-29 10:00:00,31.9,25.4,93.0,0.3,3.4,360.0,1004.0,150.0
2026-07-29 11:00:00,31.4,24.9,94.0,0.2,4.7,16.0,1004.4,160.0
2026-07-29 12:00:00,22.5,25.2,94.0,0.1,4.8,53.0,1004.3,85.0
2026-07-29 13:00:00,25.2,24.8,96.0,0.0,4.5,67.0,1004.8,85.0
2026-07-29 14:00:00,27.9,24.8,97.0,0.0,3.5,62.0,1005.6,70.0
2026-07-29 15:00:00,34.8,24.8,98.0,0.0,2.7,98.0,1005.6,55.0
2026-07-29 16:00:00,39.7,24.9,97.0,0.0,1.6,96.0,1005.0,40.0
2026-07-29 17:00:00,34.9,24.7,99.0,0.0,3.3,36.0,1004.5,45.0
2026-07-29 18:00:00,39.0,24.6,96.0,0.0,3.7,39.0,1003.9,65.0
2026-07-29 19:00:00,36.3,24.2,98.0,0.0,2.3,32.0,1003.9,50.0
2026-07-29 20:00:00,25.0,24.0,99.0,0.0,3.1,36.0,1003.8,45.0
2026-07-29 21:00:00,7.3,23.8,99.0,0.0,4.0,27.0,1003.7,45.0
2026-07-29 22:00:00,4.8,23.9,98.0,0.0,3.6,33.0,1003.8,45.0
2026-07-29 23:00:00,6.3,24.6,94.0,0.0,1.5,353.0,1004.4,85.0
2026-07-30 00:00:00,19.8,26.5,85.0,0.0,2.1,52.0,1005.0,245.0
2026-07-30 01:00:00,27.5,28.0,79.0,0.0,1.9,139.0,1005.4,475.0
2026-07-30 02:00:00,24.9,29.3,71.0,0.0,3.6,162.0,1005.2,705.0
2026-07-30 03:00:00,11.7,30.1,66.0,0.0,3.6,183.0,1005.0,800.0
2026-07-30 04:00:00,12.8,31.0,63.0,0.0,4.4,187.0,1004.4,860.0
2026-07-30 05:00:00,1.8,31.3,63.0,0.0,5.4,200.0,1003.6,815.0
2026-07-30 06:00:00,1.8,32.0,60.0,0.0,6.4,232.0,1003.1,1020.0
2026-07-30 07:00:00,23.7,31.7,60.0,0.0,5.9,256.0,1002.7,1045.0
2026-07-30 08:00:00,27.4,31.1,62.0,0.0,8.2,261.0,1002.7,515.0
2026-07-30 09:00:00,22.2,30.3,64.0,0.0,7.4,248.0,1003.2,380.0
2026-07-30 10:00:00,15.7,29.4,71.0,0.0,8.2,229.0,1003.9,330.0
2026-07-30 11:00:00,15.2,28.8,75.0,0.0,7.3,242.0,1004.7,285.0
2026-07-30 12:00:00,25.1,28.8,81.0,0.0,2.4,283.0,1005.3,150.0
2026-07-30 13:00:00,37.4,28.3,83.0,0.0,2.4,347.0,1005.4,30.0
2026-07-30 14:00:00,42.3,27.7,87.0,0.0,4.2,50.0,1005.7,50.0
2026-07-30 15:00:00,38.9,27.4,89.0,0.0,4.6,72.0,1005.7,60.0
2026-07-30 16:00:00,38.6,27.0,92.0,0.0,4.6,59.0,1005.2,50.0
2026-07-30 17:00:00,43.7,26.6,93.0,0.0,5.1,58.0,1004.6,45.0
2026-07-30 18:00:00,50.5,26.1,94.0,0.0,4.4,55.0,1004.2,35.0
2026-07-30 19:00:00,48.2,25.8,94.0,0.0,4.2,43.0,1004.0,30.0
2026-07-30 20:00:00,44.0,25.7,95.0,0.0,4.6,13.0,1003.8,30.0
2026-07-30 21:00:00,42.2,25.7,93.0,0.0,5.0,2.0,1003.8,50.0
2026-07-30 22:00:00,45.2,25.5,93.0,0.0,4.9,4.0,1004.2,55.0
2026-07-30 23:00:00,43.2,26.5,87.0,0.0,4.7,344.0,1004.9,190.0
2026-07-31 00:00:00,40.1,28.3,83.0,0.0,5.1,333.0,1005.0,295.0
2026-07-31 01:00:00,36.9,29.6,74.0,0.0,5.3,325.0,1005.1,630.0
2026-07-31 02:00:00,43.1,30.5,67.0,0.0,5.0,296.0,1005.1,770.0
2026-07-31 03:00:00,43.2,31.1,65.0,0.1,5.8,279.0,1004.7,940.0
2026-07-31 04:00:00,40.5,31.5,66.0,0.1,5.4,256.0,1004.4,1095.0
2026-07-31 05:00:00,37.0,31.9,65.0,0.1,5.8,254.0,1003.8,1235.0
2026-07-31 06:00:00,57.4,30.3,69.0,0.8,4.0,243.0,1003.3,545.0
2026-07-31 07:00:00,44.0,27.3,86.0,5.0,5.3,52.0,1004.0,290.0
2026-07-31 08:00:00,32.1,27.2,85.0,0.9,4.9,17.0,1003.7,205.0
2026-07-31 09:00:00,41.6,27.5,84.0,0.3,3.9,338.0,1003.4,225.0
2026-07-31 10:00:00,46.4,27.4,84.0,0.2,4.0,306.0,1004.1,220.0
2026-07-31 11:00:00,30.1,27.1,86.0,0.1,4.7,328.0,1004.5,260.0
2026-07-31 12:00:00,11.1,27.1,86.0,0.0,5.8,340.0,1005.2,415.0
2026-07-31 13:00:00,21.7,26.7,90.0,0.2,7.3,9.0,1005.5,275.0
2026-07-31 14:00:00,27.3,26.2,92.0,0.0,4.3,355.0,1005.3,190.0
2026-07-31 15:00:00,30.7,25.9,95.0,0.0,4.9,8.0,1005.4,155.0
2026-07-31 16:00:00,30.6,25.7,96.0,0.0,4.1,358.0,1004.7,130.0
2026-07-31 17:00:00,34.0,25.5,96.0,0.0,4.2,340.0,1004.1,100.0
2026-07-31 18:00:00,27.3,25.4,93.0,0.0,6.2,353.0,1003.8,255.0
2026-07-31 19:00:00,22.2,25.4,91.0,0.0,8.3,359.0,1003.5,340.0
2026-07-31 20:00:00,20.9,25.4,91.0,0.0,8.5,354.0,1003.1,350.0
2026-07-31 21:00:00,18.6,25.2,91.0,0.0,7.8,347.0,1003.0,350.0
2026-07-31 22:00:00,32.1,25.2,91.0,0.0,7.3,350.0,1003.1,315.0
2026-07-31 23:00:00,15.9,25.8,88.0,0.0,7.3,349.0,1003.6,385.0
2026-08-01 00:00:00,2.9,27.9,82.0,0.0,7.3,349.0,1004.0,595.0
2026-08-01 01:00:00,2.0,29.3,75.0,0.0,7.9,344.0,1004.0,725.0
2026-08-01 02:00:00,2.7,30.4,71.0,0.0,7.6,342.0,1003.8,845.0
2026-08-01 03:00:00,3.1,31.3,67.0,0.0,8.9,335.0,1003.5,980.0
2026-08-01 04:00:00,3.1,32.0,65.0,0.0,7.8,310.0,1002.8,1045.0
2026-08-01 05:00:00,17.6,31.7,69.0,0.0,8.1,282.0,1002.2,1025.0
2026-08-01 06:00:00,5.4,31.4,69.0,0.1,5.1,243.0,1002.0,600.0
2026-08-01 07:00:00,4.2,27.9,83.0,1.4,10.1,151.0,1002.0,235.0
2026-08-01 08:00:00,22.3,29.4,77.0,0.2,4.8,153.0,1001.8,240.0
2026-08-01 09:00:00,23.9,27.9,80.0,3.5,3.6,300.0,1002.3,170.0
2026-08-01 10:00:00,34.8,27.7,84.0,1.4,1.9,241.0,1002.9,525.0
2026-08-01 11:00:00,39.8,27.1,87.0,0.1,2.4,48.0,1003.5,85.0
2026-08-01 12:00:00,44.9,26.9,90.0,0.1,8.4,20.0,1003.3,205.0
2026-08-01 13:00:00,50.8,26.4,89.0,0.0,6.9,23.0,1003.8,180.0
2026-08-01 14:00:00,51.7,26.3,87.0,0.0,6.5,14.0,1004.0,125.0
2026-08-01 15:00:00,51.0,26.2,87.0,0.0,5.8,9.0,1003.7,90.0
2026-08-01 16:00:00,50.4,26.0,90.0,0.0,4.7,344.0,1003.1,75.0
2026-08-01 17:00:00,50.4,26.0,90.0,0.0,5.1,343.0,1002.4,145.0
2026-08-01 18:00:00,49.2,25.5,90.0,0.0,8.0,354.0,1002.0,295.0
2026-08-01 19:00:00,56.4,25.5,89.0,0.0,7.9,349.0,1001.6,325.0
2026-08-01 20:00:00,57.8,25.2,90.0,0.0,8.5,356.0,1001.4,330.0
2026-08-01 21:00:00,53.0,25.2,90.0,0.0,7.4,1.0,1001.4,300.0
2026-08-01 22:00:00,42.3,25.4,90.0,0.0,6.9,353.0,1001.6,290.0
2026-08-01 23:00:00,22.7,26.3,88.0,0.0,7.6,4.0,1002.5,395.0
2026-08-02 00:00:00,20.9,27.2,84.0,0.0,5.6,343.0,1002.7,425.0
2026-08-02 01:00:00,19.1,28.1,81.0,0.0,6.5,326.0,1003.0,775.0
2026-08-02 02:00:00,21.6,27.8,82.0,0.1,6.3,358.0,1003.2,540.0
2026-08-02 03:00:00,30.7,26.7,88.0,1.6,7.9,321.0,1003.1,370.0
2026-08-02 04:00:00,45.2,27.4,84.0,0.3,5.0,272.0,1002.6,445.0
2026-08-02 05:00:00,44.4,27.9,82.0,0.4,8.1,273.0,1002.4,550.0
2026-08-02 06:00:00,29.6,26.5,91.0,1.2,10.1,271.0,1002.2,405.0
2026-08-02 07:00:00,35.8,26.4,94.0,2.5,8.5,314.0,1001.7,385.0
2026-08-02 08:00:00,41.3,26.1,96.0,2.2,6.0,351.0,1001.3,280.0
2026-08-02 09:00:00,41.8,26.1,95.0,1.3,4.5,7.0,1001.1,195.0
2026-08-02 10:00:00,39.8,26.1,96.0,1.7,3.9,34.0,1001.3,125.0
2026-08-02 11:00:00,48.5,26.2,96.0,0.7,2.4,27.0,1001.7,75.0
2026-08-02 12:00:00,46.8,26.3,94.0,0.7,3.4,32.0,1001.5,90.0
2026-08-02 13:00:00,32.0,26.2,95.0,0.9,3.3,22.0,1001.6,65.0
2026-08-02 14:00:00,10.5,26.1,96.0,1.3,4.9,17.0,1001.5,85.0
2026-08-02 15:00:00,3.8,26.0,96.0,2.5,6.6,11.0,1001.9,100.0
2026-08-02 16:00:00,3.2,25.9,95.0,2.6,5.8,30.0,1001.3,95.0
2026-08-02 17:00:00,2.1,25.8,95.0,3.8,5.1,23.0,1000.8,95.0
2026-08-02 18:00:00,1.5,25.3,96.0,5.5,7.6,352.0,1000.4,195.0
2026-08-02 19:00:00,2.5,25.5,96.0,3.7,5.9,340.0,1000.4,205.0
2026-08-02 20:00:00,7.1,25.3,96.0,3.5,10.0,345.0,1000.5,315.0
2026-08-02 21:00:00,16.8,24.7,96.0,1.6,9.4,11.0,1000.5,255.0
2026-08-02 22:00:00,13.2,23.9,93.0,2.3,9.8,26.0,1000.9,195.0
2026-08-02 23:00:00,9.5,23.6,93.0,3.9,4.8,45.0,1001.1,110.0
2026-08-03 00:00:00,16.4,26.0,94.0,3.7,8.6,321.0,1001.7,490.0
2026-08-03 01:00:00,7.7,26.1,93.0,2.9,8.0,320.0,1001.9,480.0
2026-08-03 02:00:00,3.3,27.2,85.0,1.8,8.2,306.0,1002.0,680.0
2026-08-03 03:00:00,0.1,27.3,84.0,0.8,9.7,288.0,1002.0,545.0
2026-08-03 04:00:00,0.1,28.3,77.0,0.4,16.4,271.0,1001.5,1045.0
2026-08-03 05:00:00,0.0,28.2,78.0,0.3,16.6,276.0,1001.2,1010.0
2026-08-03 06:00:00,4.0,28.1,75.0,0.7,16.9,282.0,1001.2,935.0
2026-08-03 07:00:00,0.5,28.1,76.0,0.2,18.5,291.0,1000.7,1115.0
2026-08-03 08:00:00,0.4,28.2,75.0,0.0,18.2,282.0,1000.6,1105.0
2026-08-03 09:00:00,1.8,28.0,73.0,0.1,16.6,279.0,1000.5,1005.0
2026-08-03 10:00:00,2.5,27.7,77.0,0.0,12.5,285.0,1001.1,915.0
2026-08-03 11:00:00,4.4,27.4,78.0,0.0,13.0,276.0,1001.5,865.0
2026-08-03 12:00:00,3.3,27.3,80.0,0.1,17.3,283.0,1001.8,870.0
2026-08-03 13:00:00,1.7,27.4,78.0,0.0,14.0,271.0,1002.4,800.0
2026-08-03 14:00:00,2.1,25.5,91.0,3.4,6.5,246.0,1002.7,320.0
2026-08-03 15:00:00,2.9,26.4,87.0,0.1,10.7,240.0,1002.5,600.0
2026-08-03 16:00:00,2.7,26.4,84.0,0.5,14.8,246.0,1002.1,595.0
2026-08-03 17:00:00,7.8,26.3,86.0,0.2,13.8,238.0,1001.0,570.0
2026-08-03 18:00:00,12.1,26.8,84.0,0.1,13.6,247.0,1000.6,705.0
2026-08-03 19:00:00,13.9,26.9,81.0,0.0,12.0,254.0,1000.3,710.0
2026-08-03 20:00:00,17.4,27.0,81.0,0.0,12.2,244.0,1000.0,745.0
2026-08-03 21:00:00,27.4,27.1,78.0,0.1,14.4,233.0,1000.1,715.0
2026-08-03 22:00:00,20.8,27.0,80.0,0.1,13.3,229.0,1000.3,695.0
2026-08-03 23:00:00,7.0,27.4,79.0,0.4,14.3,228.0,1000.8,735.0
2026-08-04 00:00:00,2.8,28.4,75.0,0.2,14.2,255.0,1001.0,900.0
2026-08-04 01:00:00,0.9,29.1,75.0,0.1,12.6,253.0,1001.4,990.0
2026-08-04 02:00:00,2.8,29.0,76.0,0.5,12.0,251.0,1001.5,835.0
2026-08-04 03:00:00,5.2,27.8,78.0,0.5,12.8,251.0,1001.3,510.0
2026-08-04 04:00:00,3.4,28.1,78.0,1.9,19.3,242.0,1001.7,835.0
2026-08-04 05:00:00,2.0,28.3,78.0,0.4,15.2,241.0,1001.2,855.0
2026-08-04 06:00:00,5.6,29.1,77.0,0.3,13.7,248.0,1000.5,865.0
2026-08-04 07:00:00,3.7,27.3,81.0,1.0,18.8,242.0,1000.4,665.0
2026-08-04 08:00:00,0.8,27.4,79.0,1.1,17.1,236.0,1000.2,755.0
2026-08-04 09:00:00,1.2,27.0,85.0,1.3,16.8,240.0,1000.2,680.0
2026-08-04 10:00:00,1.3,26.8,88.0,0.8,14.8,244.0,1000.4,650.0
2026-08-04 11:00:00,1.6,26.6,88.0,1.2,12.1,243.0,1000.8,635.0
2026-08-04 12:00:00,1.2,27.0,82.0,0.5,12.8,248.0,1001.5,830.0
2026-08-04 13:00:00,2.9,27.0,82.0,0.4,12.1,263.0,1001.3,690.0
2026-08-04 14:00:00,1.8,26.8,84.0,0.1,9.5,248.0,1001.2,665.0
2026-08-04 15:00:00,1.7,27.0,83.0,0.0,8.6,259.0,1001.2,655.0
2026-08-04 16:00:00,0.9,26.7,83.0,0.1,11.9,250.0,1000.9,600.0
2026-08-04 17:00:00,1.6,26.2,86.0,0.3,15.0,225.0,1000.5,580.0
2026-08-04 18:00:00,1.7,26.6,83.0,0.6,17.5,233.0,1000.0,780.0
2026-08-04 19:00:00,0.2,26.8,82.0,0.2,13.8,233.0,1000.0,725.0
2026-08-04 20:00:00,1.3,26.7,83.0,0.4,15.0,232.0,999.4,660.0
2026-08-04 21:00:00,3.0,26.9,83.0,0.1,15.4,232.0,999.2,775.0
2026-08-04 22:00:00,2.4,26.2,85.0,0.3,14.4,232.0,999.7,625.0
2026-08-04 23:00:00,1.8,25.7,89.0,1.2,13.6,215.0,1000.5,640.0
2026-08-05 00:00:00,4.4,27.2,85.0,1.2,10.6,240.0,1000.9,730.0
2026-08-05 01:00:00,5.2,28.4,76.0,0.2,11.1,250.0,1000.9,805.0
2026-08-05 02:00:00,9.7,28.6,75.0,0.1,14.2,244.0,1001.1,860.0
2026-08-05 03:00:00,3.5,29.1,75.0,0.2,14.0,246.0,1001.0,930.0
2026-08-05 04:00:00,2.9,28.9,75.0,0.6,16.9,248.0,1000.8,935.0
2026-08-05 05:00:00,1.3,28.6,77.0,0.2,14.3,242.0,1000.2,870.0
2026-08-05 06:00:00,3.1,26.6,81.0,0.9,15.9,248.0,999.9,645.0
2026-08-05 07:00:00,2.4,27.8,79.0,0.7,15.3,258.0,1000.0,940.0
2026-08-05 08:00:00,1.9,26.7,86.0,1.8,11.8,246.0,999.6,790.0
2026-08-05 09:00:00,6.0,27.4,84.0,0.8,12.1,258.0,999.6,890.0
2026-08-05 10:00:00,9.7,27.0,84.0,0.4,10.0,252.0,1000.0,690.0
2026-08-05 11:00:00,17.5,26.8,86.0,0.2,7.4,238.0,1000.1,580.0
2026-08-05 12:00:00,7.5,26.5,88.0,0.3,8.5,266.0,1000.5,610.0
2026-08-05 13:00:00,21.0,26.5,88.0,0.0,5.5,261.0,1001.3,735.0
2026-08-05 14:00:00,34.2,26.5,86.0,0.4,6.4,280.0,1001.5,765.0
2026-08-05 15:00:00,32.9,26.2,89.0,0.6,4.0,260.0,1001.0,215.0
2026-08-05 16:00:00,32.2,26.1,90.0,0.2,1.9,236.0,1000.8,70.0
2026-08-05 17:00:00,27.9,25.9,92.0,0.8,3.2,164.0,1000.3,65.0
2026-08-05 18:00:00,11.9,25.8,90.0,0.5,11.7,255.0,1000.2,650.0
2026-08-05 19:00:00,1.3,26.0,91.0,1.2,9.7,246.0,999.9,645.0
2026-08-05 20:00:00,2.0,25.8,92.0,2.2,9.0,255.0,999.3,610.0
2026-08-05 21:00:00,5.8,25.9,91.0,1.0,9.8,250.0,999.3,490.0
2026-08-05 22:00:00,18.0,26.1,89.0,0.9,13.6,247.0,999.3,630.0
2026-08-05 23:00:00,17.8,26.8,89.0,0.1,13.4,243.0,999.0,790.0
2026-08-06 00:00:00,9.1,27.8,78.0,0.2,15.7,268.0,1000.0,850.0
2026-08-06 01:00:00,12.2,28.4,79.0,0.2,13.4,255.0,1000.4,1085.0
2026-08-06 02:00:00,6.1,27.5,81.0,1.5,16.2,257.0,1000.4,950.0
2026-08-06 03:00:00,6.1,28.6,78.0,0.3,16.2,251.0,1000.4,1105.0
2026-08-06 04:00:00,4.3,28.4,78.0,0.4,18.0,248.0,999.8,1170.0
2026-08-06 05:00:00,12.7,28.5,79.0,0.6,19.9,258.0,999.2,1055.0
2026-08-06 06:00:00,9.5,28.4,75.0,1.6,18.4,260.0,998.4,1040.0
2026-08-06 07:00:00,5.0,28.1,80.0,0.6,20.8,252.0,998.7,1120.0
2026-08-06 08:00:00,2.0,27.7,84.0,2.2,17.7,261.0,998.6,1005.0
2026-08-06 09:00:00,5.7,26.9,85.0,1.4,15.7,268.0,998.7,785.0
2026-08-06 10:00:00,9.3,27.0,84.0,0.5,15.5,279.0,999.4,760.0
2026-08-06 11:00:00,19.4,27.3,82.0,0.1,14.4,278.0,1000.1,755.0
2026-08-06 12:00:00,11.6,26.2,90.0,0.1,11.2,274.0,1000.3,545.0
2026-08-06 13:00:00,10.8,26.2,89.0,0.9,13.0,276.0,1000.8,640.0
2026-08-06 14:00:00,7.9,25.6,92.0,1.3,8.0,262.0,1001.0,480.0
2026-08-06 15:00:00,0.6,25.6,93.0,1.1,7.0,257.0,1001.0,335.0
2026-08-06 16:00:00,1.0,26.0,93.0,2.4,7.8,255.0,1000.1,550.0
2026-08-06 17:00:00,4.7,26.2,92.0,2.1,11.2,264.0,999.7,530.0
2026-08-06 18:00:00,10.7,26.3,89.0,1.4,14.4,266.0,998.5,665.0
2026-08-06 19:00:00,10.5,25.8,91.0,1.3,13.0,274.0,998.9,480.0
2026-08-06 20:00:00,15.9,25.3,93.0,1.1,12.1,229.0,998.9,380.0
2026-08-06 21:00:00,16.3,24.9,94.0,0.5,8.7,197.0,999.0,305.0
2026-08-06 22:00:00,5.9,25.0,96.0,0.5,6.9,217.0,999.3,275.0
2026-08-06 23:00:00,2.9,25.9,92.0,0.3,7.5,222.0,999.6,380.0
2026-08-07 00:00:00,6.3,26.7,90.0,0.3,9.9,266.0,999.9,770.0
2026-08-07 01:00:00,4.6,26.6,92.0,6.3,6.7,211.0,1000.8,515.0
2026-08-07 02:00:00,3.2,26.7,92.0,3.5,10.5,251.0,1000.7,650.0
2026-08-07 03:00:00,2.8,27.7,85.0,0.7,11.0,270.0,1000.2,775.0
2026-08-07 04:00:00,2.4,28.0,82.0,0.7,11.3,260.0,1000.0,775.0
2026-08-07 05:00:00,5.6,28.4,80.0,0.6,10.5,258.0,999.3,865.0
2026-08-07 06:00:00,1.9,26.7,91.0,0.8,16.0,267.0,998.8,700.0
2026-08-07 07:00:00,4.0,27.4,87.0,1.1,14.2,269.0,998.5,830.0
2026-08-07 08:00:00,7.9,27.8,80.0,0.6,14.9,258.0,998.3,805.0
2026-08-07 09:00:00,10.6,26.8,86.0,1.9,13.0,253.0,998.5,650.0
2026-08-07 10:00:00,6.1,26.8,86.0,1.0,10.7,248.0,999.4,580.0
2026-08-07 11:00:00,7.1,26.4,92.0,1.4,9.0,255.0,999.5,425.0
2026-08-07 12:00:00,9.5,26.0,93.0,1.9,11.4,232.0,1000.4,625.0
2026-08-07 13:00:00,17.5,25.9,91.0,2.3,9.6,256.0,1000.7,535.0
2026-08-07 14:00:00,11.1,25.9,92.0,1.6,7.7,249.0,1001.1,490.0
2026-08-07 15:00:00,4.4,26.1,93.0,0.6,7.6,251.0,1000.9,505.0
2026-08-07 16:00:00,0.3,26.2,92.0,0.9,8.6,250.0,1000.2,550.0
2026-08-07 17:00:00,0.1,26.0,93.0,2.5,9.0,275.0,999.9,515.0
2026-08-07 18:00:00,0.1,25.8,93.0,4.0,9.8,277.0,999.5,710.0
2026-08-07 19:00:00,3.7,26.0,93.0,2.7,7.2,256.0,998.5,760.0
2026-08-07 20:00:00,10.1,26.1,93.0,0.9,12.3,236.0,997.9,535.0
2026-08-07 21:00:00,14.0,26.2,91.0,0.2,11.3,243.0,998.2,645.0
2026-08-07 22:00:00,7.2,26.2,90.0,0.1,9.0,239.0,998.2,620.0
2026-08-07 23:00:00,7.1,26.7,87.0,0.7,11.9,247.0,999.6,670.0
2026-08-08 00:00:00,5.0,27.5,81.0,4.8,14.8,257.0,999.4,880.0
2026-08-08 01:00:00,8.4,27.4,82.0,1.0,14.9,251.0,999.9,855.0
2026-08-08 02:00:00,5.6,27.7,83.0,1.5,15.1,255.0,999.7,935.0
2026-08-08 03:00:00,9.3,27.6,85.0,1.9,13.7,240.0,999.8,1085.0
2026-08-08 04:00:00,1.7,27.7,85.0,2.2,13.0,239.0,999.1,1115.0
2026-08-08 05:00:00,3.3,27.5,84.0,1.8,16.9,248.0,998.6,1130.0
2026-08-08 06:00:00,0.8,27.3,87.0,2.8,18.6,273.0,998.4,880.0
2026-08-08 07:00:00,1.5,26.9,88.0,2.3,15.7,267.0,997.8,995.0
2026-08-08 08:00:00,4.9,27.3,82.0,0.9,10.8,260.0,997.6,935.0
2026-08-08 09:00:00,5.3,26.6,86.0,2.4,5.8,250.0,997.6,505.0
2026-08-08 10:00:00,16.7,25.9,91.0,1.7,8.7,232.0,998.1,415.0
2026-08-08 11:00:00,13.7,26.1,90.0,1.3,15.7,225.0,998.6,660.0
2026-08-08 12:00:00,3.3,26.8,90.0,1.3,18.0,252.0,998.6,1090.0
2026-08-08 13:00:00,3.3,26.7,90.0,0.6,13.9,253.0,999.2,915.0
2026-08-08 14:00:00,1.5,27.1,85.0,0.3,13.9,259.0,999.5,930.0
2026-08-08 15:00:00,5.7,27.2,84.0,0.0,14.7,250.0,999.8,940.0
2026-08-08 16:00:00,20.4,26.8,84.0,0.4,14.5,242.0,999.6,740.0
2026-08-08 17:00:00,14.3,26.0,91.0,1.4,11.7,238.0,998.9,505.0
2026-08-08 18:00:00,1.9,25.7,93.0,2.7,11.1,230.0,999.0,560.0
2026-08-08 19:00:00,3.9,26.1,90.0,1.5,14.0,233.0,998.4,680.0
2026-08-08 20:00:00,4.2,26.0,90.0,1.7,16.2,239.0,998.2,755.0
2026-08-08 21:00:00,6.0,25.5,91.0,2.9,19.5,230.0,998.3,740.0
2026-08-08 22:00:00,13.2,26.2,91.0,1.3,22.6,233.0,998.4,1035.0
2026-08-08 23:00:00,25.4,26.6,87.0,0.9,21.3,227.0,998.4,970.0
2026-08-09 00:00:00,23.6,27.1,88.0,1.0,19.8,241.0,998.7,1110.0
2026-08-09 01:00:00,25.5,27.5,88.0,5.0,16.3,247.0,998.7,1170.0
2026-08-09 02:00:00,3.8,27.7,86.0,1.8,19.9,235.0,998.6,1145.0
2026-08-09 03:00:00,21.5,27.5,82.0,2.4,28.3,233.0,998.2,995.0
2026-08-09 04:00:00,23.0,28.6,80.0,1.3,24.8,233.0,997.5,1245.0
2026-08-09 05:00:00,27.7,28.8,80.0,1.4,26.3,234.0,996.9,1255.0
2026-08-09 06:00:00,21.3,27.7,84.0,1.6,22.8,235.0,996.3,1160.0
2026-08-09 07:00:00,23.3,28.2,84.0,1.3,17.2,227.0,996.0,1335.0
2026-08-09 08:00:00,23.2,28.6,80.0,0.2,21.4,235.0,995.8,1285.0
2026-08-09 09:00:00,23.4,28.5,80.0,0.6,27.5,236.0,995.8,1280.0
2026-08-09 10:00:00,19.0,27.7,84.0,0.6,20.8,235.0,996.5,1155.0
2026-08-09 11:00:00,0.7,27.3,81.0,0.9,24.2,237.0,997.5,1060.0
2026-08-09 12:00:00,2.5,27.4,80.0,2.6,19.8,254.0,998.1,1235.0
2026-08-09 13:00:00,2.7,27.3,80.0,0.0,15.5,255.0,998.7,1080.0
2026-08-09 14:00:00,11.9,27.1,80.0,0.1,12.9,234.0,999.3,785.0
2026-08-09 15:00:00,14.2,26.7,86.0,0.5,21.5,227.0,999.2,695.0
2026-08-09 16:00:00,11.4,26.8,86.0,0.6,22.9,227.0,998.5,820.0
2026-08-09 17:00:00,11.5,26.3,88.0,0.4,20.9,226.0,998.0,780.0
2026-08-09 18:00:00,4.0,26.6,87.0,0.7,20.8,227.0,997.3,800.0
2026-08-09 19:00:00,2.4,26.3,91.0,1.2,19.8,231.0,997.0,875.0
2026-08-09 20:00:00,4.9,26.0,90.0,0.8,16.0,235.0,996.7,805.0
2026-08-09 21:00:00,0.3,26.5,87.0,0.3,16.0,237.0,997.1,775.0
2026-08-09 22:00:00,4.2,26.6,86.0,0.5,17.6,235.0,997.3,805.0
2026-08-09 23:00:00,5.6,26.4,86.0,1.2,20.0,232.0,998.2,810.0
2026-08-10 00:00:00,21.9,27.7,83.0,0.5,15.0,241.0,998.4,1030.0
2026-08-10 01:00:00,19.6,27.9,82.0,0.7,20.0,223.0,998.9,935.0
2026-08-10 02:00:00,19.4,28.3,84.0,0.7,13.5,216.0,999.1,1070.0
2026-08-10 03:00:00,14.0,28.9,80.0,1.1,19.2,228.0,999.2,1075.0
2026-08-10 04:00:00,14.3,28.6,79.0,2.7,26.2,227.0,998.5,990.0
2026-08-10 05:00:00,13.0,27.7,84.0,0.9,23.3,227.0,998.6,980.0
2026-08-10 06:00:00,17.6,29.4,75.0,1.4,22.1,231.0,997.6,1160.0
2026-08-10 07:00:00,20.0,29.4,77.0,0.1,21.2,229.0,997.7,1125.0
2026-08-10 08:00:00,10.0,28.8,76.0,1.2,23.7,231.0,998.3,985.0
2026-08-10 09:00:00,4.3,28.3,83.0,0.4,16.0,231.0,998.1,960.0
2026-08-10 10:00:00,5.9,26.0,92.0,3.0,16.5,224.0,998.8,645.0
2026-08-10 11:00:00,12.2,26.2,91.0,1.0,16.0,216.0,999.4,605.0
2026-08-10 12:00:00,19.3,27.4,86.0,0.6,14.0,232.0,999.4,850.0
2026-08-10 13:00:00,6.9,27.4,85.0,0.7,13.7,218.0,1000.4,700.0
2026-08-10 14:00:00,15.4,27.1,87.0,0.8,17.1,221.0,1000.4,695.0
2026-08-10 15:00:00,18.6,27.0,87.0,1.2,17.4,218.0,1000.6,745.0
2026-08-10 16:00:00,20.6,26.8,88.0,0.3,15.3,214.0,1000.0,720.0
2026-08-10 17:00:00,19.7,26.6,88.0,0.6,18.7,223.0,999.1,740.0
2026-08-10 18:00:00,11.8,27.1,86.0,0.3,16.3,233.0,998.9,810.0
2026-08-10 19:00:00,20.3,26.9,87.0,0.3,16.2,231.0,998.5,660.0
2026-08-10 20:00:00,15.3,26.8,86.0,0.4,17.1,231.0,998.5,685.0
2026-08-10 21:00:00,14.6,26.8,87.0,0.4,16.6,228.0,998.5,680.0
2026-08-10 22:00:00,10.6,26.7,86.0,0.6,18.3,227.0,998.7,785.0
2026-08-10 23:00:00,10.6,27.3,87.0,0.6,15.6,220.0,999.3,805.0
2026-08-11 00:00:00,10.6,28.7,80.0,0.3,13.2,232.0,1000.0,940.0
2026-08-11 01:00:00,3.5,28.7,77.0,0.8,17.8,230.0,1000.5,890.0
2026-08-11 02:00:00,2.5,29.0,79.0,0.3,17.3,239.0,1000.5,865.0
2026-08-11 03:00:00,2.1,30.0,72.0,0.2,18.1,236.0,1000.6,1070.0
2026-08-11 04:00:00,2.5,30.0,72.0,0.1,19.3,234.0,1000.3,1005.0
2026-08-11 05:00:00,4.0,29.9,73.0,0.1,19.9,227.0,1000.1,1030.0
2026-08-11 06:00:00,2.9,28.3,80.0,2.9,13.9,234.0,999.7,630.0
2026-08-11 07:00:00,2.4,29.2,74.0,0.9,17.2,233.0,999.1,715.0
2026-08-11 08:00:00,3.0,29.1,74.0,0.3,16.9,231.0,998.9,700.0
2026-08-11 09:00:00,4.6,28.5,77.0,0.4,21.7,233.0,999.3,710.0
2026-08-11 10:00:00,6.7,27.3,86.0,0.2,19.4,227.0,1000.1,610.0
2026-08-11 11:00:00,8.4,27.2,88.0,0.1,15.8,223.0,1000.4,565.0
2026-08-11 12:00:00,4.6,27.5,86.0,0.2,12.1,223.0,1001.1,530.0
2026-08-11 13:00:00,2.7,27.6,85.0,0.1,12.4,221.0,1001.5,515.0
2026-08-11 14:00:00,3.7,27.4,86.0,0.1,12.6,217.0,1002.1,545.0
2026-08-11 15:00:00,1.5,26.9,86.0,0.3,17.5,221.0,1002.5,615.0
2026-08-11 16:00:00,3.5,26.8,86.0,0.5,16.3,223.0,1002.4,620.0
2026-08-11 17:00:00,10.8,26.2,90.0,0.5,17.9,219.0,1001.7,620.0
2026-08-11 18:00:00,19.2,26.6,87.0,1.0,15.0,224.0,1001.3,695.0
2026-08-11 19:00:00,7.7,26.6,88.0,0.1,13.4,220.0,1000.9,590.0
2026-08-11 20:00:00,9.9,26.6,88.0,0.2,14.4,229.0,1000.7,570.0
2026-08-11 21:00:00,7.1,26.3,89.0,0.3,13.8,229.0,1000.7,540.0
2026-08-11 22:00:00,19.8,26.1,90.0,0.6,14.1,226.0,1000.8,560.0
2026-08-11 23:00:00,31.3,26.5,90.0,0.6,16.5,224.0,1001.4,615.0
2026-08-12 00:00:00,13.7,27.1,86.0,0.5,15.1,230.0,1000.9,465.0
2026-08-12 01:00:00,3.7,28.2,83.0,0.7,18.6,231.0,1001.7,735.0
2026-08-12 02:00:00,5.3,27.8,85.0,1.2,16.5,226.0,1001.8,665.0
2026-08-12 03:00:00,5.4,27.5,86.0,1.8,18.4,230.0,1002.2,730.0
2026-08-12 04:00:00,4.1,27.6,84.0,1.9,22.9,230.0,1002.0,815.0
2026-08-12 05:00:00,7.5,28.1,82.0,2.1,18.3,232.0,1001.3,835.0
2026-08-12 06:00:00,7.4,27.9,84.0,1.3,11.2,248.0,1000.7,630.0
2026-08-12 07:00:00,14.6,28.4,79.0,0.6,13.6,241.0,1000.4,735.0
2026-08-12 08:00:00,21.3,27.1,88.0,2.3,15.7,237.0,1000.5,615.0
2026-08-12 09:00:00,11.0,26.6,91.0,1.5,14.5,231.0,1000.5,570.0
2026-08-12 10:00:00,6.7,26.4,92.0,2.2,13.9,236.0,1001.3,555.0
2026-08-12 11:00:00,6.4,26.3,93.0,1.9,12.6,241.0,1001.8,445.0
2026-08-12 12:00:00,10.7,26.9,92.0,3.3,12.6,239.0,1002.0,555.0
2026-08-12 13:00:00,19.2,26.3,93.0,3.8,15.2,235.0,1002.7,440.0
2026-08-12 14:00:00,2.9,26.2,93.0,3.1,17.6,225.0,1003.2,550.0
2026-08-12 15:00:00,3.2,26.1,93.0,2.5,15.2,224.0,1003.6,505.0
2026-08-12 16:00:00,7.0,26.1,93.0,2.1,14.3,230.0,1002.6,485.0
2026-08-12 17:00:00,12.0,26.4,92.0,1.1,12.7,231.0,1001.9,545.0
2026-08-12 18:00:00,15.3,26.5,91.0,0.7,14.2,244.0,1002.0,635.0
2026-08-12 19:00:00,0.8,26.5,91.0,0.8,12.5,225.0,1001.8,580.0
2026-08-12 20:00:00,1.3,26.4,92.0,1.2,14.7,242.0,1001.6,590.0
2026-08-12 21:00:00,3.2,26.4,94.0,2.0,10.2,247.0,1001.5,495.0
2026-08-12 22:00:00,10.8,26.4,94.0,1.1,9.8,234.0,1001.3,500.0
2026-08-12 23:00:00,25.7,26.5,93.0,1.5,12.1,232.0,1001.5,590.0
2026-08-13 00:00:00,33.5,27.0,92.0,1.3,8.9,230.0,1002.0,565.0
2026-08-13 01:00:00,35.4,27.2,89.0,1.1,13.9,229.0,1002.4,595.0
2026-08-13 02:00:00,12.6,26.5,91.0,1.9,19.2,226.0,1002.3,530.0
2026-08-13 03:00:00,7.6,26.8,91.0,2.4,18.8,218.0,1001.9,650.0
2026-08-13 04:00:00,1.2,27.3,87.0,1.3,19.3,221.0,1001.9,710.0
2026-08-13 05:00:00,0.3,27.0,89.0,1.2,19.2,216.0,1001.5,755.0
2026-08-13 06:00:00,3.3,27.3,87.0,1.2,17.4,225.0,1001.7,825.0
2026-08-13 07:00:00,4.5,27.1,88.0,1.1,20.2,225.0,1001.3,800.0
2026-08-13 08:00:00,4.6,26.7,91.0,1.7,16.7,227.0,1000.8,705.0
2026-08-13 09:00:00,6.8,27.5,87.0,0.4,15.4,226.0,1000.7,765.0
2026-08-13 10:00:00,21.3,27.4,87.0,0.1,14.1,235.0,1001.2,685.0
2026-08-13 11:00:00,30.1,26.2,90.0,0.4,17.6,228.0,1002.0,515.0
2026-08-13 12:00:00,41.8,27.5,87.0,1.1,11.8,219.0,1002.3,810.0
2026-08-13 13:00:00,39.3,27.3,86.0,0.4,13.6,241.0,1002.8,680.0
2026-08-13 14:00:00,36.7,27.3,86.0,0.0,14.3,229.0,1003.4,620.0
2026-08-13 15:00:00,33.1,27.1,86.0,0.0,14.2,231.0,1003.5,695.0
2026-08-13 16:00:00,31.8,27.0,85.0,0.1,15.5,225.0,1003.1,670.0
2026-08-13 17:00:00,26.5,26.0,89.0,0.4,21.3,225.0,1003.3,720.0
2026-08-13 18:00:00,25.7,26.3,91.0,9.7,10.4,242.0,1003.1,545.0
2026-08-13 19:00:00,27.7,25.3,94.0,1.7,10.7,203.0,1003.0,435.0
2026-08-13 20:00:00,19.3,25.4,94.0,2.7,14.0,229.0,1003.2,595.0
2026-08-13 21:00:00,10.9,25.5,93.0,0.9,15.0,215.0,1003.1,565.0
2026-08-13 22:00:00,16.1,25.8,92.0,0.5,13.1,214.0,1003.2,555.0
2026-08-13 23:00:00,20.8,26.3,90.0,0.6,15.7,212.0,1003.6,645.0
2026-08-14 00:00:00,33.1,26.2,95.0,0.2,4.6,206.0,1004.0,340.0
2026-08-14 01:00:00,21.5,26.7,89.0,1.6,12.6,233.0,1004.4,505.0
2026-08-14 02:00:00,21.5,27.4,86.0,1.3,14.3,250.0,1004.5,670.0
2026-08-14 03:00:00,10.6,27.2,88.0,1.9,15.0,230.0,1004.5,760.0
2026-08-14 04:00:00,11.5,27.1,91.0,2.3,13.7,219.0,1004.1,695.0
2026-08-14 05:00:00,34.9,27.0,92.0,3.4,16.7,221.0,1003.7,755.0
2026-08-14 06:00:00,33.9,27.2,91.0,2.2,12.6,232.0,1003.4,680.0
2026-08-14 07:00:00,25.2,28.4,82.0,0.9,15.1,247.0,1003.2,765.0
2026-08-14 08:00:00,15.4,28.3,82.0,0.4,16.2,240.0,1002.8,775.0
2026-08-14 09:00:00,16.8,27.6,85.0,0.3,13.5,245.0,1003.0,730.0
2026-08-14 10:00:00,25.5,27.3,87.0,0.2,11.6,233.0,1003.4,685.0
2026-08-14 11:00:00,33.9,27.3,87.0,0.0,12.4,221.0,1003.7,660.0
2026-08-14 12:00:00,38.0,27.8,85.0,0.1,7.6,234.0,1004.4,585.0
2026-08-14 13:00:00,38.1,26.6,89.0,0.6,11.6,231.0,1005.1,420.0
2026-08-14 14:00:00,38.2,26.8,89.0,0.2,7.4,236.0,1005.1,335.0
2026-08-14 15:00:00,34.4,26.4,89.0,0.4,13.2,244.0,1005.3,485.0
2026-08-14 16:00:00,32.9,25.8,92.0,0.5,7.7,252.0,1004.9,365.0
2026-08-14 17:00:00,31.6,26.0,91.0,0.1,8.9,246.0,1004.5,450.0
2026-08-14 18:00:00,31.3,25.9,91.0,0.1,8.8,242.0,1003.7,365.0
2026-08-14 19:00:00,31.3,26.0,92.0,0.0,3.8,259.0,1003.4,370.0
2026-08-14 20:00:00,30.3,26.3,90.0,0.0,4.8,245.0,1003.4,470.0
2026-08-14 21:00:00,28.9,26.6,89.0,0.0,8.0,245.0,1003.5,480.0
2026-08-14 22:00:00,31.7,26.4,89.0,0.3,12.3,239.0,1004.0,505.0
2026-08-14 23:00:00,36.2,26.3,90.0,0.9,11.4,232.0,1004.7,515.0
2026-08-15 00:00:00,28.2,28.2,81.0,0.1,11.0,235.0,1005.0,720.0
2026-08-15 01:00:00,24.2,29.1,76.0,0.0,13.2,235.0,1004.8,795.0
2026-08-15 02:00:00,20.1,29.3,76.0,0.3,13.5,233.0,1004.6,750.0
2026-08-15 03:00:00,19.0,29.6,78.0,0.4,16.0,237.0,1004.4,880.0
2026-08-15 04:00:00,19.2,29.8,78.0,0.1,19.7,237.0,1004.2,935.0
2026-08-15 05:00:00,18.0,29.9,77.0,0.0,17.8,235.0,1003.5,950.0
2026-08-15 06:00:00,18.3,30.3,73.0,0.0,18.0,243.0,1002.9,1080.0
2026-08-15 07:00:00,15.0,29.8,73.0,0.2,19.0,243.0,1003.0,945.0
2026-08-15 08:00:00,18.0,28.9,78.0,0.2,11.9,245.0,1002.7,810.0
2026-08-15 09:00:00,23.1,28.1,80.0,0.3,13.4,235.0,1003.0,675.0
2026-08-15 10:00:00,11.6,27.4,83.0,0.2,13.6,239.0,1003.9,565.0
2026-08-15 11:00:00,11.1,27.0,88.0,0.4,8.1,227.0,1004.3,525.0
2026-08-15 12:00:00,21.1,28.7,80.0,0.1,13.3,230.0,1004.3,845.0
2026-08-15 13:00:00,29.9,27.6,82.0,0.1,11.3,270.0,1005.1,545.0
2026-08-15 14:00:00,31.1,27.0,84.0,0.2,6.7,279.0,1005.4,600.0
2026-08-15 15:00:00,33.3,26.6,89.0,0.1,4.7,344.0,1004.9,230.0
2026-08-15 16:00:00,29.7,26.2,93.0,0.0,2.6,39.0,1004.7,55.0
2026-08-15 17:00:00,27.4,26.1,94.0,0.0,3.6,162.0,1003.7,70.0
2026-08-15 18:00:00,25.2,27.0,83.0,0.0,10.9,237.0,1003.4,665.0
2026-08-15 19:00:00,24.0,26.1,89.0,0.4,9.1,238.0,1003.3,565.0
2026-08-15 20:00:00,23.0,26.4,89.0,0.3,11.0,247.0,1003.0,580.0
2026-08-15 21:00:00,19.7,26.4,89.0,0.1,9.8,239.0,1002.9,580.0
2026-08-15 22:00:00,23.5,26.0,90.0,0.3,11.8,242.0,1003.0,465.0
2026-08-15 23:00:00,21.8,26.8,86.0,0.2,13.9,230.0,1003.3,655.0
2026-08-16 00:00:00,11.3,28.5,79.0,0.0,13.4,244.0,1003.8,870.0
2026-08-16 01:00:00,9.9,29.4,75.0,0.2,12.2,254.0,1003.7,1070.0
2026-08-16 02:00:00,10.6,29.7,75.0,0.1,16.4,238.0,1003.5,1060.0
2026-08-16 03:00:00,11.8,29.9,73.0,0.2,19.9,238.0,1002.9,1055.0
2026-08-16 04:00:00,14.8,29.7,70.0,0.4,19.3,238.0,1002.6,980.0
2026-08-16 05:00:00,19.6,29.5,77.0,3.1,17.3,231.0,1002.3,1035.0
2026-08-16 06:00:00,22.5,29.4,76.0,0.2,17.7,232.0,1002.0,1135.0
2026-08-16 07:00:00,22.1,27.4,82.0,1.2,19.6,240.0,1002.2,795.0
2026-08-16 08:00:00,7.8,26.5,90.0,5.9,18.7,240.0,1002.9,850.0
2026-08-16 09:00:00,18.8,26.1,91.0,2.5,8.4,239.0,1002.7,530.0
2026-08-16 10:00:00,26.3,26.2,92.0,1.2,4.1,232.0,1003.0,485.0
2026-08-16 11:00:00,32.3,26.4,92.0,0.6,4.1,203.0,1002.7,530.0
2026-08-16 12:00:00,31.0,26.9,88.0,0.4,15.9,244.0,1003.2,730.0
2026-08-16 13:00:00,29.4,27.0,88.0,0.6,12.3,256.0,1003.4,780.0
2026-08-16 14:00:00,30.7,27.2,87.0,0.4,14.6,271.0,1003.3,835.0
2026-08-16 15:00:00,20.0,26.6,90.0,0.5,9.1,302.0,1003.4,585.0
2026-08-16 16:00:00,13.2,26.3,95.0,0.9,2.6,348.0,1002.3,110.0
2026-08-16 17:00:00,8.8,26.2,95.0,0.4,4.4,297.0,1001.8,185.0
2026-08-16 18:00:00,1.1,26.1,94.0,0.1,6.4,333.0,1001.5,220.0
2026-08-16 19:00:00,3.8,25.9,96.0,0.1,5.4,354.0,1001.3,155.0
2026-08-16 20:00:00,2.7,26.0,95.0,0.1,1.6,354.0,1001.4,50.0
2026-08-16 21:00:00,2.4,26.2,94.0,0.1,0.6,252.0,1001.5,25.0
2026-08-16 22:00:00,5.3,26.3,93.0,0.2,3.2,223.0,1001.6,245.0
2026-08-16 23:00:00,9.8,25.5,94.0,1.7,7.5,255.0,1002.4,350.0
2026-08-17 00:00:00,6.0,26.4,89.0,0.5,16.7,232.0,1003.1,700.0
2026-08-17 01:00:00,20.7,26.1,87.0,1.9,13.0,228.0,1003.1,575.0
2026-08-17 02:00:00,11.6,26.7,88.0,1.6,15.2,240.0,1002.9,665.0
2026-08-17 03:00:00,,27.6,83.0,1.4,16.0,237.0,1002.7,795.0
2026-08-17 04:00:00,,26.4,89.0,5.6,18.1,235.0,1002.4,555.0
2026-08-17 05:00:00,,27.0,86.0,0.9,17.1,232.0,1001.8,645.0
2026-08-17 06:00:00,1.6,26.3,90.0,1.4,8.3,240.0,1001.8,555.0
2026-08-17 07:00:00,7.3,26.2,90.0,2.7,10.1,245.0,1001.6,570.0
2026-08-17 08:00:00,6.8,26.5,89.0,1.2,6.9,263.0,1001.2,595.0
2026-08-17 09:00:00,2.5,26.4,90.0,1.4,5.2,224.0,1001.7,700.0
2026-08-17 10:00:00,3.4,26.2,93.0,3.8,2.6,168.0,1002.2,85.0
2026-08-17 11:00:00,11.0,26.4,93.0,3.0,4.3,225.0,1002.3,170.0
2026-08-17 12:00:00,29.5,25.8,93.0,1.7,5.5,212.0,1002.4,275.0
2026-08-17 13:00:00,31.3,25.7,93.0,1.3,10.8,216.0,1002.7,400.0
2026-08-17 14:00:00,25.6,25.7,93.0,0.9,12.2,207.0,1002.5,460.0
2026-08-17 15:00:00,22.2,25.7,94.0,0.5,13.6,211.0,1002.3,560.0
2026-08-17 16:00:00,8.5,25.6,93.0,1.5,15.2,215.0,1002.1,620.0
2026-08-17 17:00:00,8.8,25.7,93.0,1.3,15.0,219.0,1001.4,625.0
2026-08-17 18:00:00,8.8,25.1,92.0,0.8,18.5,229.0,1001.2,585.0
2026-08-17 19:00:00,4.4,25.6,92.0,1.3,14.9,225.0,1000.6,600.0
2026-08-17 20:00:00,0.1,25.5,93.0,1.2,14.4,227.0,1000.7,505.0
2026-08-17 21:00:00,2.0,25.7,92.0,1.5,13.5,225.0,1000.6,555.0
2026-08-17 22:00:00,12.6,25.5,92.0,2.0,16.6,223.0,1000.8,550.0
2026-08-17 23:00:00,23.3,25.4,93.0,3.0,16.7,218.0,1001.0,575.0
2026-08-18 00:00:00,18.3,25.8,93.0,3.5,11.1,196.0,1001.2,405.0
2026-08-18 01:00:00,10.8,26.4,89.0,0.2,10.4,206.0,1001.3,570.0
2026-08-18 02:00:00,5.6,27.4,81.0,0.3,15.2,219.0,1001.8,750.0
2026-08-18 03:00:00,0.9,27.9,81.0,0.4,15.2,209.0,1001.3,780.0
2026-08-18 04:00:00,0.7,27.5,83.0,0.8,15.7,212.0,1001.3,785.0
2026-08-18 05:00:00,0.0,26.4,86.0,2.1,15.4,218.0,1000.8,660.0
2026-08-18 06:00:00,0.2,26.6,86.0,5.0,17.1,227.0,1000.7,655.0
2026-08-18 07:00:00,0.8,26.4,87.0,1.1,19.1,216.0,1000.4,735.0
2026-08-18 08:00:00,0.6,26.4,87.0,1.0,17.3,215.0,1000.4,625.0
2026-08-18 09:00:00,1.4,25.6,93.0,2.5,16.2,221.0,1000.7,660.0
2026-08-18 10:00:00,9.2,26.0,91.0,2.4,18.9,223.0,1001.1,740.0
2026-08-18 11:00:00,2.8,25.5,93.0,2.6,21.1,217.0,1001.6,665.0
2026-08-18 12:00:00,8.3,25.6,92.0,2.5,16.4,223.0,1001.9,585.0
2026-08-18 13:00:00,19.5,25.4,92.0,2.3,22.3,225.0,1003.1,690.0
2026-08-18 14:00:00,26.1,25.5,93.0,1.7,14.5,221.0,1003.4,680.0
2026-08-18 15:00:00,1.4,25.0,93.0,1.6,18.0,216.0,1003.3,680.0
2026-08-18 16:00:00,2.4,25.1,95.0,1.9,11.7,195.0,1002.6,635.0
2026-08-18 17:00:00,4.5,25.3,94.0,1.2,12.5,205.0,1002.5,670.0
2026-08-18 18:00:00,7.8,25.7,93.0,0.4,12.0,212.0,1001.5,745.0
2026-08-18 19:00:00,7.1,25.5,93.0,1.5,16.0,210.0,1002.0,810.0
2026-08-18 20:00:00,3.7,25.3,93.0,1.8,11.3,189.0,1001.6,695.0
2026-08-18 21:00:00,5.9,25.4,92.0,1.0,14.4,196.0,1001.5,740.0
2026-08-18 22:00:00,14.8,25.6,91.0,0.3,10.5,187.0,1001.6,750.0
2026-08-18 23:00:00,7.7,25.4,91.0,2.9,12.9,215.0,1002.9,745.0
2026-08-19 00:00:00,4.2,25.1,93.0,0.7,18.0,207.0,1003.9,730.0
2026-08-19 01:00:00,14.4,26.4,90.0,1.0,12.8,204.0,1004.1,750.0
2026-08-19 02:00:00,28.3,27.7,83.0,0.5,11.0,195.0,1004.1,1110.0
2026-08-19 03:00:00,40.5,28.6,77.0,0.3,12.5,217.0,1003.4,1085.0
2026-08-19 04:00:00,31.8,27.9,79.0,0.9,21.8,230.0,1003.6,1055.0
2026-08-19 05:00:00,33.0,28.0,79.0,0.3,19.3,222.0,1003.3,1135.0
2026-08-19 06:00:00,29.2,28.3,78.0,0.1,13.1,223.0,1002.8,1155.0
2026-08-19 07:00:00,4.3,27.6,82.0,1.2,17.6,233.0,1002.9,1135.0
2026-08-19 08:00:00,10.4,27.7,84.0,0.3,13.3,228.0,1002.8,1075.0
2026-08-19 09:00:00,20.2,27.5,86.0,0.2,6.9,217.0,1002.9,970.0
2026-08-19 10:00:00,30.8,25.9,90.0,2.0,15.8,238.0,1004.0,520.0
2026-08-19 11:00:00,32.7,26.4,89.0,0.1,7.6,218.0,1004.2,610.0
2026-08-19 12:00:00,43.2,27.5,85.0,0.3,9.7,211.0,1004.4,700.0
2026-08-19 13:00:00,38.1,27.5,85.0,0.0,8.4,211.0,1005.0,665.0
2026-08-19 14:00:00,35.2,27.5,84.0,0.0,7.4,193.0,1005.4,655.0
2026-08-19 15:00:00,35.8,27.6,82.0,0.1,10.0,203.0,1005.1,740.0
2026-08-19 16:00:00,34.5,27.7,80.0,0.0,10.6,206.0,1004.7,840.0
2026-08-19 17:00:00,35.4,27.5,81.0,0.2,9.7,199.0,1004.3,770.0
2026-08-19 18:00:00,38.1,27.3,78.0,0.1,10.9,186.0,1004.6,745.0
2026-08-19 19:00:00,39.3,27.3,77.0,0.0,10.2,190.0,1004.4,665.0
2026-08-19 20:00:00,41.5,27.3,78.0,0.0,10.8,201.0,1004.4,640.0
2026-08-19 21:00:00,40.7,27.0,81.0,0.3,12.6,214.0,1004.2,660.0
2026-08-19 22:00:00,40.2,25.7,87.0,1.1,13.2,226.0,1004.8,550.0
2026-08-19 23:00:00,37.4,26.3,89.0,1.6,13.8,208.0,1005.3,605.0
2026-08-20 00:00:00,36.9,28.0,82.0,0.0,9.8,221.0,1005.7,670.0
2026-08-20 01:00:00,25.7,28.3,81.0,0.7,16.9,234.0,1006.7,870.0
2026-08-20 02:00:00,12.5,28.8,77.0,0.4,16.1,235.0,1006.0,775.0
2026-08-20 03:00:00,17.3,29.2,77.0,0.1,18.6,232.0,1005.4,970.0
2026-08-20 04:00:00,,29.7,75.0,0.1,18.6,232.0,1004.8,1075.0
2026-08-20 05:00:00,21.9,29.9,76.0,0.1,18.8,232.0,1004.3,1055.0
2026-08-20 06:00:00,22.1,30.5,69.0,0.0,15.6,239.0,1003.9,1130.0
2026-08-20 07:00:00,24.7,30.1,74.0,0.7,17.1,238.0,1003.6,1045.0
2026-08-20 08:00:00,26.9,29.7,70.0,0.9,19.5,236.0,1003.5,1020.0
2026-08-20 09:00:00,28.7,28.8,80.0,0.0,14.3,235.0,1003.5,910.0
2026-08-20 10:00:00,32.2,28.2,82.0,0.1,16.5,233.0,1004.0,885.0
2026-08-20 11:00:00,34.6,27.9,84.0,0.0,12.9,231.0,1004.6,865.0
2026-08-20 12:00:00,36.2,28.3,84.0,0.0,6.1,242.0,1005.4,705.0
2026-08-20 13:00:00,36.2,28.4,83.0,0.1,7.5,226.0,1005.8,810.0
2026-08-20 14:00:00,37.5,28.4,83.0,0.1,10.3,229.0,1006.1,880.0
2026-08-20 15:00:00,38.4,28.3,82.0,0.0,9.8,238.0,1006.0,780.0
2026-08-20 16:00:00,39.2,28.3,80.0,0.0,10.7,234.0,1005.4,800.0
2026-08-20 17:00:00,39.5,28.3,80.0,0.0,12.0,230.0,1005.3,850.0
2026-08-20 18:00:00,39.8,28.3,78.0,0.0,13.2,235.0,1004.9,800.0
2026-08-20 19:00:00,40.3,28.1,78.0,0.0,13.7,237.0,1004.5,825.0
2026-08-20 20:00:00,38.5,28.0,78.0,0.1,14.7,245.0,1004.3,790.0
2026-08-20 21:00:00,38.4,27.7,80.0,0.1,12.3,249.0,1004.4,710.0
2026-08-20 22:00:00,34.7,27.4,82.0,0.3,11.4,246.0,1004.7,685.0
2026-08-20 23:00:00,35.3,28.3,79.0,0.2,12.0,242.0,1005.3,820.0
2026-08-21 00:00:00,36.3,28.8,78.0,0.7,8.3,240.0,1005.8,760.0
2026-08-21 01:00:00,37.0,29.5,76.0,0.4,11.3,234.0,1006.1,915.0
2026-08-21 02:00:00,36.5,30.1,69.0,0.2,16.1,239.0,1005.7,1020.0
2026-08-21 03:00:00,38.0,29.9,68.0,0.6,19.0,240.0,1005.5,875.0
2026-08-21 04:00:00,34.1,30.3,71.0,0.5,20.7,240.0,1005.2,1000.0
2026-08-21 05:00:00,34.5,30.6,68.0,0.0,20.6,236.0,1004.3,1030.0
2026-08-21 06:00:00,35.3,31.2,64.0,0.0,19.4,239.0,1003.7,1155.0
2026-08-21 07:00:00,34.4,30.6,65.0,0.0,18.6,239.0,1003.5,1065.0
2026-08-21 08:00:00,36.2,29.8,69.0,0.0,15.5,237.0,1002.9,840.0
2026-08-21 09:00:00,38.8,29.3,73.0,0.0,15.8,246.0,1003.1,865.0
2026-08-21 10:00:00,39.6,28.7,76.0,0.0,12.1,247.0,1003.7,780.0
2026-08-21 11:00:00,40.5,28.4,78.0,0.0,10.9,258.0,1004.1,750.0
2026-08-21 12:00:00,41.3,28.8,77.0,0.0,9.9,251.0,1004.4,695.0
2026-08-21 13:00:00,41.6,28.6,78.0,0.0,8.9,246.0,1004.9,600.0
2026-08-21 14:00:00,40.5,28.5,79.0,0.0,10.1,239.0,1005.2,690.0
2026-08-21 15:00:00,40.8,28.4,76.0,0.0,12.2,236.0,1005.2,770.0
2026-08-21 16:00:00,39.6,28.3,75.0,0.0,11.6,238.0,1004.6,760.0
2026-08-21 17:00:00,40.3,28.2,76.0,0.0,10.3,239.0,1004.1,750.0
2026-08-21 18:00:00,40.1,28.1,76.0,0.0,12.5,240.0,1003.5,780.0
2026-08-21 19:00:00,40.1,28.1,76.0,0.0,12.5,242.0,1002.8,760.0
2026-08-21 20:00:00,40.0,28.0,77.0,0.0,12.4,244.0,1002.5,735.0
2026-08-21 21:00:00,38.5,27.8,78.0,0.0,12.1,245.0,1002.7,700.0
2026-08-21 22:00:00,38.1,27.6,80.0,0.0,11.5,238.0,1002.9,705.0
2026-08-21 23:00:00,36.4,27.9,79.0,0.1,13.2,241.0,1003.5,770.0
2026-08-22 00:00:00,35.6,29.1,73.0,0.2,14.9,243.0,1004.3,895.0
2026-08-22 01:00:00,32.3,28.8,76.0,0.2,15.1,239.0,1004.6,740.0
2026-08-22 02:00:00,30.1,29.6,72.0,0.2,15.5,243.0,1004.5,925.0
2026-08-22 03:00:00,31.0,30.0,71.0,0.2,18.5,237.0,1004.7,985.0
2026-08-22 04:00:00,31.3,30.3,70.0,0.1,20.8,238.0,1004.3,1010.0
2026-08-22 05:00:00,32.5,30.4,68.0,0.0,19.2,244.0,1003.3,1050.0
2026-08-22 06:00:00,34.2,30.4,63.0,0.0,20.1,242.0,1002.5,1010.0
2026-08-22 07:00:00,34.4,29.6,74.0,0.2,17.6,241.0,1002.4,960.0
2026-08-22 08:00:00,35.7,29.2,73.0,0.2,17.5,241.0,1002.2,970.0
2026-08-22 09:00:00,36.9,28.7,75.0,0.5,12.1,249.0,1002.5,840.0
2026-08-22 10:00:00,39.1,28.5,77.0,0.1,13.7,242.0,1003.1,805.0
2026-08-22 11:00:00,40.4,28.2,79.0,0.1,13.9,240.0,1003.6,760.0
2026-08-22 12:00:00,41.0,28.5,80.0,0.0,12.6,239.0,1004.1,770.0
2026-08-22 13:00:00,41.2,28.4,79.0,0.1,12.8,238.0,1004.4,770.0
2026-08-22 14:00:00,41.4,27.8,81.0,0.2,12.4,242.0,1004.7,675.0
2026-08-22 15:00:00,41.2,27.6,81.0,0.3,11.7,239.0,1004.8,635.0
2026-08-22 16:00:00,38.8,27.6,82.0,0.1,11.1,230.0,1003.9,690.0
2026-08-22 17:00:00,37.9,27.5,82.0,0.1,14.0,228.0,1003.3,710.0
2026-08-22 18:00:00,35.8,27.9,79.0,0.1,13.4,229.0,1002.9,805.0
2026-08-22 19:00:00,34.8,27.8,79.0,0.0,15.7,232.0,1002.6,785.0
2026-08-22 20:00:00,34.7,27.4,81.0,0.4,15.7,236.0,1002.0,810.0
2026-08-22 21:00:00,35.8,27.6,80.0,0.2,17.2,238.0,1002.0,860.0
2026-08-22 22:00:00,35.6,27.3,81.0,0.1,15.6,235.0,1002.5,795.0
2026-08-22 23:00:00,34.0,27.3,82.0,0.6,13.5,234.0,1003.2,750.0
2026-08-23 00:00:00,32.5,28.8,77.0,0.4,13.5,233.0,1003.4,880.0
2026-08-23 01:00:00,31.3,29.0,74.0,0.3,17.5,234.0,1003.8,750.0
2026-08-23 02:00:00,31.8,29.6,73.0,0.4,17.0,234.0,1003.9,920.0
2026-08-23 03:00:00,31.8,30.5,69.0,0.1,18.0,237.0,1003.8,1025.0
2026-08-23 04:00:00,31.9,30.8,68.0,0.0,20.2,236.0,1003.5,1100.0
2026-08-23 05:00:00,33.2,30.8,66.0,0.1,21.0,237.0,1002.7,1100.0
2026-08-23 06:00:00,33.3,31.0,66.0,0.6,19.0,247.0,1002.4,1165.0
2026-08-23 07:00:00,36.2,30.6,66.0,0.2,17.8,242.0,1002.4,1060.0
2026-08-23 08:00:00,38.7,30.3,67.0,0.0,16.4,237.0,1001.9,1020.0
2026-08-23 09:00:00,43.5,30.0,67.0,0.0,18.7,234.0,1002.3,1040.0
2026-08-23 10:00:00,44.4,28.8,74.0,0.2,15.7,234.0,1003.0,830.0
2026-08-23 11:00:00,45.8,28.6,76.0,0.0,12.8,232.0,1003.3,850.0
2026-08-23 12:00:00,46.1,28.2,79.0,0.1,13.1,227.0,1003.7,815.0
2026-08-23 13:00:00,47.0,28.4,78.0,0.2,11.5,221.0,1003.9,780.0
2026-08-23 14:00:00,45.8,27.5,80.0,0.3,14.1,235.0,1004.7,695.0
2026-08-23 15:00:00,47.1,26.8,86.0,0.9,9.4,230.0,1004.2,465.0
2026-08-23 16:00:00,47.5,27.0,86.0,0.1,7.8,199.0,1003.2,560.0
2026-08-23 17:00:00,48.5,27.0,85.0,0.0,8.4,205.0,1002.9,450.0
2026-08-23 18:00:00,49.4,26.9,86.0,0.7,9.0,227.0,1002.6,535.0
2026-08-23 19:00:00,50.2,26.5,87.0,0.6,12.8,230.0,1002.5,545.0
2026-08-23 20:00:00,50.5,26.6,88.0,0.6,9.5,219.0,1002.2,510.0
2026-08-23 21:00:00,50.8,26.8,86.0,0.1,11.5,222.0,1002.3,565.0
2026-08-23 22:00:00,49.7,26.8,86.0,0.5,14.6,240.0,1002.7,640.0
2026-08-23 23:00:00,46.3,26.7,85.0,0.7,18.4,221.0,1003.2,605.0
2026-08-24 00:00:00,44.4,28.5,77.0,0.3,17.8,232.0,1003.7,890.0
2026-08-24 01:00:00,43.9,28.9,76.0,0.1,15.6,233.0,1004.1,865.0
2026-08-24 02:00:00,37.4,29.8,70.0,0.6,17.2,229.0,1003.7,1015.0
2026-08-24 03:00:00,37.0,30.1,71.0,0.3,19.1,236.0,1003.6,1120.0
2026-08-24 04:00:00,36.8,29.8,71.0,0.2,19.5,239.0,1003.7,1015.0
2026-08-24 05:00:00,39.1,30.0,71.0,0.0,17.3,236.0,1002.6,1105.0
2026-08-24 06:00:00,40.7,29.7,72.0,0.0,19.1,236.0,1002.4,1105.0
2026-08-24 07:00:00,41.3,29.6,72.0,0.3,19.1,238.0,1002.1,1150.0
2026-08-24 08:00:00,42.7,29.0,72.0,0.4,17.1,243.0,1002.1,1010.0
2026-08-24 09:00:00,44.1,28.6,77.0,0.4,10.2,244.0,1002.4,980.0
2026-08-24 10:00:00,44.5,28.1,79.0,0.4,12.4,231.0,1002.5,970.0
2026-08-24 11:00:00,44.2,28.4,78.0,0.1,12.6,222.0,1003.0,1045.0
2026-08-24 12:00:00,42.6,28.8,75.0,0.1,15.3,240.0,1003.7,1045.0
2026-08-24 13:00:00,40.8,28.5,76.0,0.3,12.2,244.0,1004.4,785.0
2026-08-24 14:00:00,41.2,27.9,82.0,0.6,5.9,270.0,1004.9,435.0
2026-08-24 15:00:00,41.8,27.8,84.0,0.0,4.3,265.0,1004.8,590.0
2026-08-24 16:00:00,41.1,28.0,80.0,0.1,9.1,231.0,1004.4,775.0
2026-08-24 17:00:00,40.1,28.6,76.0,0.1,12.5,219.0,1003.8,1045.0
2026-08-24 18:00:00,37.0,28.6,74.0,0.2,16.5,235.0,1003.2,965.0
2026-08-24 19:00:00,38.8,28.1,76.0,0.2,14.3,233.0,1002.8,855.0
2026-08-24 20:00:00,41.9,28.1,76.0,0.2,15.0,231.0,1002.7,910.0
2026-08-24 21:00:00,42.6,27.7,77.0,0.4,17.9,242.0,1003.9,810.0
2026-08-24 22:00:00,43.5,27.0,83.0,0.4,13.5,236.0,1004.1,730.0
2026-08-24 23:00:00,42.0,27.6,81.0,0.2,16.9,230.0,1004.6,800.0
2026-08-25 00:00:00,37.1,27.4,83.0,0.1,9.5,245.0,1005.2,725.0
2026-08-25 01:00:00,34.4,28.8,76.0,0.2,15.4,237.0,1005.3,880.0
2026-08-25 02:00:00,32.9,29.1,74.0,0.1,14.9,236.0,1004.9,980.0
2026-08-25 03:00:00,35.4,29.3,73.0,0.3,19.2,234.0,1004.7,900.0
2026-08-25 04:00:00,34.8,29.6,73.0,0.1,21.3,234.0,1004.0,950.0
2026-08-25 05:00:00,35.5,29.6,75.0,0.0,19.7,230.0,1003.4,975.0
2026-08-25 06:00:00,34.3,29.4,76.0,0.1,17.7,242.0,1003.2,950.0
2026-08-25 07:00:00,33.7,29.2,78.0,0.1,16.0,236.0,1002.9,965.0
2026-08-25 08:00:00,35.9,29.1,78.0,0.2,15.7,234.0,1002.8,980.0
2026-08-25 09:00:00,38.4,28.7,79.0,0.1,15.4,240.0,1002.7,910.0
2026-08-25 10:00:00,41.1,28.1,83.0,0.1,10.5,254.0,1003.4,820.0
2026-08-25 11:00:00,41.6,27.4,85.0,0.4,7.5,249.0,1004.1,550.0
2026-08-25 12:00:00,40.9,27.3,86.0,0.5,2.7,293.0,1004.5,60.0
2026-08-25 13:00:00,41.0,26.8,91.0,0.7,5.9,200.0,1004.9,275.0
2026-08-25 14:00:00,41.2,26.1,92.0,0.4,6.0,196.0,1005.3,250.0
2026-08-25 15:00:00,41.4,26.3,92.0,0.7,7.2,183.0,1005.6,260.0
2026-08-25 16:00:00,41.0,26.6,86.0,0.8,14.3,237.0,1005.1,585.0
2026-08-25 17:00:00,42.0,26.8,86.0,0.1,12.0,227.0,1004.7,610.0
2026-08-25 18:00:00,39.9,27.7,82.0,0.4,11.6,238.0,1004.0,840.0
2026-08-25 19:00:00,35.4,27.5,81.0,0.5,15.5,225.0,1003.5,730.0
2026-08-25 20:00:00,34.7,27.2,82.0,0.3,16.4,230.0,1003.6,700.0
2026-08-25 21:00:00,34.9,27.2,83.0,0.1,15.4,227.0,1003.1,660.0
2026-08-25 22:00:00,30.5,27.0,85.0,0.1,13.3,218.0,1003.5,615.0
2026-08-25 23:00:00,25.9,27.0,84.0,0.7,15.1,225.0,1004.2,665.0
2026-08-26 00:00:00,19.2,28.7,76.0,0.4,16.1,235.0,1004.6,790.0
2026-08-26 01:00:00,13.6,29.4,73.0,0.2,15.7,233.0,1004.7,895.0
2026-08-26 02:00:00,14.4,30.5,70.0,0.0,14.7,230.0,1004.4,1075.0
2026-08-26 03:00:00,10.4,30.7,67.0,0.1,17.7,237.0,1004.6,1020.0
2026-08-26 04:00:00,14.0,30.6,70.0,0.4,19.8,233.0,1004.5,1125.0
2026-08-26 05:00:00,19.3,30.1,71.0,0.0,20.5,229.0,1003.5,1030.0
2026-08-26 06:00:00,11.9,30.7,64.0,0.0,18.4,236.0,1002.9,1115.0
2026-08-26 07:00:00,2.2,30.6,62.0,0.4,22.4,233.0,1002.9,1115.0
2026-08-26 08:00:00,3.6,29.3,74.0,0.3,15.8,234.0,1003.0,970.0
2026-08-26 09:00:00,6.6,28.8,75.0,0.0,17.8,230.0,1003.0,905.0
2026-08-26 10:00:00,3.4,28.3,76.0,0.1,18.6,231.0,1004.0,850.0
2026-08-26 11:00:00,6.6,27.4,81.0,0.2,17.4,225.0,1004.2,735.0
2026-08-26 12:00:00,11.5,28.0,82.0,0.2,12.6,246.0,1004.7,695.0
2026-08-26 13:00:00,23.4,27.8,82.0,0.2,13.8,242.0,1005.2,685.0
2026-08-26 14:00:00,26.6,27.6,82.0,0.3,13.7,243.0,1005.5,635.0
2026-08-26 15:00:00,25.8,27.2,85.0,0.2,13.5,234.0,1005.5,630.0
2026-08-26 16:00:00,26.9,27.1,84.0,0.1,14.2,229.0,1004.9,610.0
2026-08-26 17:00:00,26.6,27.1,84.0,0.0,13.6,228.0,1004.3,645.0
2026-08-26 18:00:00,24.9,27.4,82.0,0.2,14.7,233.0,1003.9,705.0
2026-08-26 19:00:00,25.0,27.1,83.0,0.1,15.2,234.0,1003.2,640.0
2026-08-26 20:00:00,27.5,26.8,84.0,0.3,16.5,230.0,1003.1,640.0
2026-08-26 21:00:00,28.8,26.8,87.0,0.4,14.5,231.0,1003.2,585.0
2026-08-26 22:00:00,28.0,26.6,86.0,0.5,14.7,231.0,1003.4,625.0
2026-08-26 23:00:00,22.5,26.9,86.0,0.5,15.1,242.0,1004.0,625.0
2026-08-27 00:00:00,21.8,28.1,81.0,0.3,11.9,238.0,1004.0,845.0
2026-08-27 01:00:00,23.9,28.7,77.0,0.9,13.5,245.0,1004.3,850.0
2026-08-27 02:00:00,24.7,29.4,75.0,0.2,14.1,245.0,1004.2,970.0
2026-08-27 03:00:00,21.9,30.0,74.0,0.1,15.8,251.0,1004.1,1080.0
2026-08-27 04:00:00,14.9,29.2,77.0,1.7,13.8,241.0,1004.1,1000.0
2026-08-27 05:00:00,23.1,29.9,71.0,0.4,14.7,242.0,1003.1,1140.0
2026-08-27 06:00:00,25.7,29.5,72.0,0.4,18.8,253.0,1002.8,1025.0
2026-08-27 07:00:00,23.9,29.6,73.0,0.2,15.5,274.0,1002.5,1020.0
2026-08-27 08:00:00,21.7,28.6,77.0,0.1,11.0,284.0,1002.3,855.0
2026-08-27 09:00:00,20.4,28.3,79.0,0.1,8.8,259.0,1002.2,875.0
2026-08-27 10:00:00,23.3,27.7,82.0,0.1,10.8,255.0,1002.8,875.0
2026-08-27 11:00:00,25.8,27.3,84.0,0.3,13.4,239.0,1003.4,785.0
2026-08-27 12:00:00,27.8,26.9,85.0,0.4,13.3,234.0,1004.0,615.0
2026-08-27 13:00:00,26.9,26.8,87.0,0.7,12.6,234.0,1004.6,640.0
2026-08-27 14:00:00,27.0,26.5,89.0,0.9,14.3,230.0,1004.9,670.0
2026-08-27 15:00:00,12.3,26.1,89.0,1.6,18.9,229.0,1004.9,665.0
2026-08-27 16:00:00,3.4,25.9,91.0,0.5,16.0,232.0,1004.3,580.0
2026-08-27 17:00:00,3.4,26.1,90.0,0.6,16.7,227.0,1003.7,620.0
2026-08-27 18:00:00,2.2,26.7,87.0,0.5,16.1,234.0,1003.3,895.0
2026-08-27 19:00:00,2.9,26.7,83.0,0.3,20.0,235.0,1002.8,935.0
2026-08-27 20:00:00,6.8,26.3,84.0,0.6,20.6,234.0,1002.9,895.0
2026-08-27 21:00:00,12.3,26.1,86.0,0.6,19.2,234.0,1002.8,865.0
2026-08-27 22:00:00,4.1,26.2,85.0,0.8,20.2,225.0,1002.9,860.0
2026-08-27 23:00:00,1.9,26.3,87.0,0.7,19.3,225.0,1002.8,770.0
2026-08-28 00:00:00,4.7,25.6,91.0,0.5,20.9,219.0,1003.9,680.0
2026-08-28 01:00:00,5.7,25.9,91.0,3.5,17.3,223.0,1004.1,755.0
2026-08-28 02:00:00,7.9,25.8,90.0,3.0,16.6,222.0,1004.0,730.0
2026-08-28 03:00:00,8.0,26.3,88.0,1.8,16.0,219.0,1004.0,805.0
2026-08-28 04:00:00,2.8,26.0,91.0,2.9,16.6,228.0,1003.7,995.0
2026-08-28 05:00:00,7.0,26.5,90.0,2.7,20.8,230.0,1002.9,975.0
2026-08-28 06:00:00,18.3,26.4,89.0,3.3,20.5,238.0,1002.7,860.0
2026-08-28 07:00:00,18.4,26.0,91.0,3.2,19.4,235.0,1002.2,835.0
2026-08-28 08:00:00,26.8,26.0,91.0,1.7,17.5,233.0,1001.7,810.0
2026-08-28 09:00:00,12.0,25.5,91.0,2.9,16.4,239.0,1002.1,595.0
2026-08-28 10:00:00,8.3,25.7,90.0,3.5,16.8,227.0,1002.6,710.0
2026-08-28 11:00:00,23.8,25.7,90.0,2.5,16.3,224.0,1002.9,620.0
2026-08-28 12:00:00,10.5,25.4,92.0,2.8,10.4,231.0,1003.5,575.0
2026-08-28 13:00:00,7.9,25.0,94.0,2.6,10.8,216.0,1003.6,505.0
2026-08-28 14:00:00,5.0,25.1,93.0,2.8,11.5,235.0,1004.3,535.0
2026-08-28 15:00:00,2.5,25.7,92.0,3.2,13.8,233.0,1004.1,590.0
2026-08-28 16:00:00,6.4,25.6,91.0,1.8,17.3,226.0,1003.5,650.0
2026-08-28 17:00:00,9.0,25.4,91.0,3.0,17.8,225.0,1003.0,675.0
2026-08-28 18:00:00,3.2,25.2,92.0,2.6,7.2,217.0,1002.6,460.0
2026-08-28 19:00:00,0.3,25.4,93.0,3.6,8.1,215.0,1002.3,595.0
2026-08-28 20:00:00,0.7,25.5,92.0,2.2,10.1,231.0,1002.1,585.0
2026-08-28 21:00:00,5.1,25.4,90.0,2.9,11.7,233.0,1002.4,540.0
2026-08-28 22:00:00,12.3,25.3,93.0,2.9,13.5,229.0,1002.3,545.0
2026-08-28 23:00:00,15.4,25.8,92.0,2.2,14.9,227.0,1002.4,600.0
2026-08-29 00:00:00,18.0,25.6,91.0,1.2,18.4,222.0,1003.6,735.0
2026-08-29 01:00:00,26.0,25.6,92.0,3.2,20.0,218.0,1003.6,705.0
2026-08-29 02:00:00,12.9,25.7,91.0,3.0,17.2,224.0,1003.5,750.0
2026-08-29 03:00:00,13.4,26.1,90.0,2.3,21.2,228.0,1003.5,820.0
2026-08-29 04:00:00,6.5,26.3,89.0,2.2,23.3,227.0,1003.1,880.0
2026-08-29 05:00:00,2.4,27.1,84.0,1.9,21.5,231.0,1002.8,955.0
2026-08-29 06:00:00,5.1,26.0,91.0,1.9,14.4,241.0,1002.5,560.0
2026-08-29 07:00:00,19.3,26.4,91.0,1.5,10.4,249.0,1001.6,590.0
2026-08-29 08:00:00,11.2,25.5,91.0,2.1,19.5,240.0,1002.0,625.0
2026-08-29 09:00:00,8.2,25.5,91.0,1.0,13.2,239.0,1001.9,730.0
2026-08-29 10:00:00,16.6,25.6,89.0,0.5,15.6,231.0,1002.2,640.0
2026-08-29 11:00:00,31.8,26.1,89.0,0.3,10.9,232.0,1002.7,690.0
2026-08-29 12:00:00,25.7,26.1,91.0,0.3,10.1,204.0,1002.9,715.0
2026-08-29 13:00:00,22.7,26.5,89.0,0.5,10.1,211.0,1003.3,590.0
2026-08-29 14:00:00,27.6,26.8,87.0,0.4,12.6,224.0,1003.5,670.0
2026-08-29 15:00:00,31.7,26.9,86.0,0.6,13.1,238.0,1003.5,710.0
2026-08-29 16:00:00,42.0,26.9,86.0,0.5,12.2,257.0,1003.1,770.0
2026-08-29 17:00:00,40.4,26.7,88.0,0.4,10.3,251.0,1002.7,690.0
2026-08-29 18:00:00,43.7,27.6,79.0,0.4,19.5,224.0,1002.1,985.0
2026-08-29 19:00:00,45.1,27.4,79.0,0.3,20.1,227.0,1002.0,865.0
2026-08-29 20:00:00,42.9,26.9,80.0,0.7,17.9,231.0,1001.8,775.0
2026-08-29 21:00:00,24.3,26.7,81.0,1.0,21.1,230.0,1002.0,860.0
2026-08-29 22:00:00,29.1,26.1,86.0,0.6,17.7,226.0,1002.0,785.0
2026-08-29 23:00:00,30.5,26.5,85.0,0.6,20.5,227.0,1002.6,725.0
2026-08-30 00:00:00,32.5,26.7,86.0,1.7,22.2,229.0,1003.1,830.0
2026-08-30 01:00:00,30.6,27.2,85.0,1.5,18.6,227.0,1003.7,895.0
2026-08-30 02:00:00,35.3,28.0,82.0,0.7,21.2,228.0,1003.5,995.0
2026-08-30 03:00:00,38.1,28.4,79.0,0.4,21.7,230.0,1003.3,1050.0
2026-08-30 04:00:00,20.5,29.0,78.0,0.3,21.3,233.0,1002.7,1135.0
2026-08-30 05:00:00,23.1,29.2,77.0,0.3,21.8,237.0,1002.7,1155.0
2026-08-30 06:00:00,38.5,27.6,80.0,2.7,21.1,234.0,1002.3,1005.0
2026-08-30 07:00:00,41.3,27.8,84.0,0.2,10.6,227.0,1001.6,1060.0
2026-08-30 08:00:00,44.2,27.4,83.0,1.0,21.5,238.0,1001.6,950.0
2026-08-30 09:00:00,50.4,27.5,83.0,0.5,20.7,239.0,1001.8,950.0
2026-08-30 10:00:00,51.7,27.0,85.0,0.4,17.6,242.0,1002.1,925.0
2026-08-30 11:00:00,56.2,26.6,87.0,0.6,15.9,242.0,1003.1,785.0
2026-08-30 12:00:00,58.7,26.4,87.0,0.3,9.3,254.0,1002.9,530.0
2026-08-30 13:00:00,62.6,27.1,84.0,0.7,14.7,239.0,1003.1,825.0
2026-08-30 14:00:00,66.7,27.1,86.0,0.5,13.0,253.0,1003.1,800.0
2026-08-30 15:00:00,67.6,26.7,86.0,0.8,14.6,250.0,1003.2,650.0
2026-08-30 16:00:00,69.1,27.2,86.0,0.5,17.8,240.0,1002.7,875.0
2026-08-30 17:00:00,69.2,27.0,85.0,0.5,20.0,237.0,1002.3,950.0
2026-08-30 18:00:00,63.1,27.6,80.0,0.4,20.1,226.0,1001.6,1110.0
2026-08-30 19:00:00,59.7,26.7,82.0,0.5,21.6,233.0,1001.4,850.0
2026-08-30 20:00:00,64.6,27.5,81.0,0.5,20.3,234.0,1001.6,1045.0
2026-08-30 21:00:00,58.9,26.4,85.0,0.7,17.7,237.0,1002.1,865.0
2026-08-30 22:00:00,60.7,25.5,89.0,1.2,20.3,233.0,1002.5,710.0
2026-08-30 23:00:00,62.3,26.5,87.0,0.5,17.4,229.0,1002.8,825.0
2026-08-31 00:00:00,62.8,28.3,78.0,0.2,14.3,241.0,1003.1,1040.0
2026-08-31 01:00:00,56.5,29.1,76.0,0.9,17.4,242.0,1003.5,1265.0
2026-08-31 02:00:00,62.1,29.2,74.0,0.5,19.8,228.0,1003.2,1275.0
2026-08-31 03:00:00,57.6,29.1,76.0,1.2,21.7,233.0,1003.2,1300.0
2026-08-31 04:00:00,59.9,29.9,73.0,0.3,21.5,226.0,1002.8,1400.0
2026-08-31 05:00:00,65.7,30.8,68.0,0.1,25.1,227.0,1002.2,1595.0
2026-08-31 06:00:00,74.7,31.3,59.0,0.0,26.9,233.0,1001.7,1740.0
2026-08-31 07:00:00,81.5,30.9,60.0,0.0,25.5,234.0,1001.9,1755.0
2026-08-31 08:00:00,88.5,30.4,66.0,0.0,22.8,240.0,1001.7,1675.0
2026-08-31 09:00:00,98.9,29.8,72.0,0.0,21.1,238.0,1001.9,1620.0
2026-08-31 10:00:00,107.0,29.2,74.0,0.0,19.6,232.0,1002.3,1545.0
2026-08-31 11:00:00,108.0,29.1,74.0,0.0,20.9,228.0,1002.7,1385.0
2026-08-31 12:00:00,96.1,29.1,75.0,0.0,17.7,231.0,1003.2,1260.0
2026-08-31 13:00:00,93.6,29.0,74.0,0.0,17.3,227.0,1003.4,1270.0
2026-08-31 14:00:00,96.9,28.9,74.0,0.0,16.5,225.0,1003.4,1120.0
2026-08-31 15:00:00,98.1,28.9,73.0,0.0,18.2,225.0,1003.4,1180.0
2026-08-31 16:00:00,95.7,28.9,74.0,0.0,20.9,227.0,1003.2,1265.0
2026-08-31 17:00:00,95.2,28.8,75.0,0.0,21.9,226.0,1003.0,1300.0
2026-08-31 18:00:00,93.0,28.5,74.0,0.0,21.4,231.0,1002.9,1210.0
2026-08-31 19:00:00,83.9,28.2,75.0,0.2,19.8,229.0,1002.6,1110.0
2026-08-31 20:00:00,78.7,27.5,76.0,0.6,20.2,234.0,1003.0,1025.0
2026-08-31 21:00:00,88.7,27.4,81.0,0.2,14.0,232.0,1002.9,1030.0
2026-08-31 22:00:00,93.8,27.3,80.0,0.5,16.6,230.0,1002.9,905.0
2026-08-31 23:00:00,89.4,27.9,79.0,0.5,17.2,222.0,1003.1,1000.0
2026-09-01 00:00:00,66.7,28.6,79.0,0.5,16.8,227.0,1003.8,1105.0
2026-09-01 01:00:00,52.1,29.9,73.0,0.1,18.6,235.0,1003.9,1375.0
2026-09-01 02:00:00,43.9,29.9,75.0,0.4,23.9,235.0,1003.7,1250.0
2026-09-01 03:00:00,38.0,30.2,70.0,1.0,24.8,234.0,1003.5,1225.0
2026-09-01 04:00:00,35.0,30.4,71.0,0.6,27.8,233.0,1002.9,1290.0
2026-09-01 05:00:00,30.6,30.4,72.0,0.2,25.4,232.0,1002.3,1295.0
2026-09-01 06:00:00,20.7,31.2,65.0,0.4,25.5,239.0,1001.8,1375.0
2026-09-01 07:00:00,17.4,30.6,71.0,0.4,23.9,240.0,1001.5,1285.0
2026-09-01 08:00:00,17.9,30.3,72.0,0.0,22.8,237.0,1001.7,1235.0
2026-09-01 09:00:00,19.7,29.7,75.0,0.0,19.8,236.0,1001.8,1145.0
2026-09-01 10:00:00,24.8,29.1,79.0,0.0,19.4,234.0,1002.2,1140.0
2026-09-01 11:00:00,30.0,28.8,77.0,0.1,17.7,232.0,1003.1,1050.0
2026-09-01 12:00:00,29.7,27.6,80.0,0.1,15.0,241.0,1003.5,685.0
2026-09-01 13:00:00,29.5,27.7,82.0,0.5,13.9,241.0,1003.9,835.0
2026-09-01 14:00:00,29.8,28.1,80.0,0.1,16.9,232.0,1004.0,955.0
2026-09-01 15:00:00,31.5,28.4,80.0,0.1,17.3,227.0,1003.8,1070.0
2026-09-01 16:00:00,32.3,27.9,81.0,0.4,19.2,230.0,1003.4,965.0
2026-09-01 17:00:00,34.0,27.3,83.0,0.4,18.9,229.0,1002.8,895.0
2026-09-01 18:00:00,34.5,27.6,82.0,0.6,18.1,225.0,1002.4,1065.0
2026-09-01 19:00:00,38.1,27.3,83.0,0.4,18.9,227.0,1002.0,890.0
2026-09-01 20:00:00,39.6,26.9,84.0,0.9,19.7,232.0,1002.1,880.0
2026-09-01 21:00:00,37.9,26.7,84.0,0.8,19.8,229.0,1001.8,945.0
2026-09-01 22:00:00,38.1,27.1,83.0,0.3,18.5,232.0,1001.6,905.0
2026-09-01 23:00:00,37.3,27.8,81.0,0.4,19.4,227.0,1001.6,1110.0
2026-09-02 00:00:00,34.1,29.0,74.0,0.2,18.7,229.0,1002.2,1085.0
2026-09-02 01:00:00,27.3,29.5,75.0,0.2,20.2,225.0,1002.7,1165.0
2026-09-02 02:00:00,24.2,30.4,71.0,0.2,23.2,222.0,1002.2,1265.0
2026-09-02 03:00:00,20.5,30.0,71.0,1.1,28.0,227.0,1002.0,1195.0
2026-09-02 04:00:00,20.4,29.7,72.0,0.3,25.3,231.0,1001.6,1195.0
2026-09-02 05:00:00,20.1,29.8,72.0,0.6,27.5,230.0,1000.9,1195.0
2026-09-02 06:00:00,21.0,29.6,74.0,0.6,24.5,231.0,1000.0,1305.0
2026-09-02 07:00:00,23.0,29.6,73.0,0.5,26.5,230.0,999.8,1255.0
2026-09-02 08:00:00,27.1,28.9,76.0,0.5,27.0,233.0,1000.3,1230.0
2026-09-02 09:00:00,28.9,28.2,80.0,0.3,23.3,238.0,1000.3,1150.0
2026-09-02 10:00:00,31.4,27.6,83.0,0.4,22.2,233.0,1000.9,1060.0
2026-09-02 11:00:00,33.8,27.7,81.0,0.3,20.7,235.0,1001.0,1050.0
2026-09-02 12:00:00,34.0,28.6,77.0,0.7,19.2,236.0,1001.0,1120.0
2026-09-02 13:00:00,33.7,28.0,80.0,0.6,18.2,242.0,1001.8,1040.0
2026-09-02 14:00:00,32.4,27.7,82.0,0.8,26.1,237.0,1002.3,950.0
2026-09-02 15:00:00,31.3,27.5,83.0,0.2,20.8,235.0,1002.0,1030.0
2026-09-02 16:00:00,30.5,27.6,84.0,0.3,21.1,240.0,1001.3,1115.0
2026-09-02 17:00:00,26.9,27.5,83.0,0.6,22.4,240.0,1000.9,1190.0
2026-09-02 18:00:00,26.2,27.8,80.0,0.6,21.1,234.0,1000.5,1215.0
2026-09-02 19:00:00,24.9,27.1,83.0,0.9,20.8,235.0,1000.3,1070.0
2026-09-02 20:00:00,26.2,26.1,89.0,1.5,22.8,233.0,1000.4,975.0
2026-09-02 21:00:00,26.6,26.3,88.0,1.8,23.0,233.0,1000.5,920.0
2026-09-02 22:00:00,30.8,26.7,86.0,0.4,23.2,237.0,1000.5,970.0
2026-09-02 23:00:00,29.6,26.8,87.0,0.5,19.4,234.0,1000.9,965.0
2026-09-03 00:00:00,26.0,28.3,77.0,0.7,21.7,242.0,1001.8,1065.0
2026-09-03 01:00:00,21.9,29.0,76.0,0.2,21.9,239.0,1002.0,1095.0
2026-09-03 02:00:00,22.2,28.7,75.0,0.9,26.4,238.0,1001.7,1030.0
2026-09-03 03:00:00,20.8,29.9,71.0,0.5,24.0,236.0,1001.5,1160.0
2026-09-03 04:00:00,22.8,30.4,68.0,0.5,24.7,235.0,1001.4,1265.0
2026-09-03 05:00:00,17.6,30.0,68.0,0.2,23.7,235.0,1000.8,1200.0
2026-09-03 06:00:00,12.1,30.3,69.0,0.5,25.7,233.0,1000.2,1125.0
2026-09-03 07:00:00,17.6,29.3,72.0,0.3,27.2,238.0,1000.1,950.0
2026-09-03 08:00:00,4.8,28.9,78.0,0.5,22.1,240.0,1000.0,1000.0
2026-09-03 09:00:00,7.2,28.2,77.0,0.2,20.8,237.0,1000.3,900.0
2026-09-03 10:00:00,15.0,27.4,85.0,0.7,19.1,231.0,1001.0,750.0
2026-09-03 11:00:00,3.5,26.8,85.0,0.5,16.9,227.0,1001.7,710.0
2026-09-03 12:00:00,4.9,26.9,88.0,0.7,17.0,243.0,1002.1,765.0
2026-09-03 13:00:00,4.6,26.1,91.0,2.4,17.1,232.0,1002.9,680.0
2026-09-03 14:00:00,5.9,25.7,91.0,5.0,9.2,239.0,1003.8,655.0
2026-09-03 15:00:00,13.8,25.8,92.0,3.4,9.0,224.0,1003.7,620.0
2026-09-03 16:00:00,22.3,25.8,92.0,2.4,11.4,213.0,1003.1,605.0
2026-09-03 17:00:00,4.4,25.8,90.0,3.2,15.6,220.0,1002.8,615.0
2026-09-03 18:00:00,2.6,26.0,92.0,1.6,16.7,229.0,1002.1,670.0
2026-09-03 19:00:00,1.5,25.7,91.0,3.5,19.2,227.0,1001.9,780.0
2026-09-03 20:00:00,1.1,25.8,91.0,3.3,21.7,234.0,1001.8,745.0
2026-09-03 21:00:00,4.7,26.0,93.0,3.3,18.7,237.0,1001.9,705.0
2026-09-03 22:00:00,10.6,26.2,91.0,1.1,18.0,238.0,1001.9,740.0
2026-09-03 23:00:00,22.3,26.7,88.0,0.3,14.3,242.0,1002.4,810.0
2026-09-04 00:00:00,15.7,26.9,88.0,0.5,16.8,235.0,1003.1,675.0
2026-09-04 01:00:00,10.9,27.8,83.0,0.4,16.3,235.0,1003.5,765.0
2026-09-04 02:00:00,15.3,28.1,80.0,0.3,18.8,236.0,1003.7,790.0
2026-09-04 03:00:00,6.9,27.9,82.0,1.1,18.9,243.0,1003.6,810.0
2026-09-04 04:00:00,8.0,28.6,80.0,0.5,16.4,243.0,1003.1,775.0
2026-09-04 05:00:00,11.8,28.0,81.0,0.4,19.2,238.0,1002.6,625.0
2026-09-04 06:00:00,16.3,27.8,81.0,0.4,15.2,246.0,1001.7,485.0
2026-09-04 07:00:00,6.3,28.4,79.0,0.9,17.0,242.0,1002.0,815.0
2026-09-04 08:00:00,7.6,28.2,78.0,0.8,15.7,242.0,1001.9,690.0
2026-09-04 09:00:00,10.4,28.0,81.0,0.2,12.9,249.0,1002.3,710.0
2026-09-04 10:00:00,19.2,27.4,85.0,0.2,9.7,251.0,1003.1,590.0
2026-09-04 11:00:00,10.5,27.2,86.0,0.3,11.6,244.0,1003.5,625.0
2026-09-04 12:00:00,8.4,26.0,92.0,0.4,11.8,246.0,1004.2,420.0
2026-09-04 13:00:00,13.4,25.9,94.0,1.5,8.0,224.0,1004.8,295.0
2026-09-04 14:00:00,15.7,26.0,96.0,0.4,4.0,183.0,1005.5,115.0
2026-09-04 15:00:00,10.5,26.0,96.0,0.4,3.8,191.0,1005.2,155.0
2026-09-04 16:00:00,19.5,26.1,93.0,0.7,7.9,215.0,1004.5,310.0
2026-09-04 17:00:00,22.4,26.0,91.0,1.5,12.7,225.0,1004.1,430.0
2026-09-04 18:00:00,27.5,26.0,91.0,1.0,6.3,235.0,1003.4,310.0
2026-09-04 19:00:00,27.5,25.4,92.0,1.4,15.0,226.0,1003.4,485.0
2026-09-04 20:00:00,28.0,25.6,90.0,0.7,16.9,225.0,1003.6,590.0
2026-09-04 21:00:00,7.8,25.6,92.0,1.1,15.7,225.0,1003.8,635.0
2026-09-04 22:00:00,7.1,25.8,89.0,0.3,14.8,225.0,1003.8,580.0
2026-09-04 23:00:00,17.7,26.6,85.0,0.2,17.2,233.0,1004.3,620.0
2026-09-05 00:00:00,17.4,26.6,88.0,0.2,17.4,230.0,1004.9,690.0
2026-09-05 01:00:00,4.0,26.3,90.0,1.9,16.2,233.0,1005.2,680.0
2026-09-05 02:00:00,2.9,27.0,86.0,1.8,17.0,237.0,1005.1,795.0
2026-09-05 03:00:00,1.2,27.7,83.0,0.8,20.4,235.0,1004.9,985.0
2026-09-05 04:00:00,0.8,27.5,84.0,0.9,19.5,232.0,1004.5,950.0
2026-09-05 05:00:00,0.6,27.2,86.0,1.4,19.0,237.0,1003.6,975.0
2026-09-05 06:00:00,2.9,27.2,85.0,2.2,14.5,238.0,1003.4,740.0
2026-09-05 07:00:00,6.0,26.7,83.0,1.6,12.3,247.0,1003.3,640.0
2026-09-05 08:00:00,3.4,26.4,86.0,1.5,12.7,237.0,1003.7,685.0
2026-09-05 09:00:00,5.8,26.0,89.0,0.9,11.3,250.0,1003.9,575.0
2026-09-05 10:00:00,6.5,26.0,90.0,0.7,9.1,234.0,1004.9,520.0
2026-09-05 11:00:00,7.9,25.6,93.0,1.3,5.1,243.0,1005.4,385.0
2026-09-05 12:00:00,24.3,25.7,93.0,1.4,6.5,193.0,1005.3,310.0
2026-09-05 13:00:00,34.3,25.6,93.0,0.1,6.0,189.0,1005.9,305.0
2026-09-05 14:00:00,35.0,25.9,91.0,0.0,7.9,201.0,1006.6,435.0
2026-09-05 15:00:00,28.5,25.9,89.0,0.0,11.3,226.0,1005.9,405.0
2026-09-05 16:00:00,28.9,25.9,89.0,0.0,11.1,224.0,1005.4,510.0
2026-09-05 17:00:00,29.8,25.9,87.0,0.1,12.7,243.0,1005.1,505.0
2026-09-05 18:00:00,14.5,25.0,93.0,0.1,6.8,222.0,1004.4,415.0
2026-09-05 19:00:00,8.5,24.9,94.0,0.8,11.0,273.0,1004.2,465.0
2026-09-05 20:00:00,9.9,25.4,94.0,0.9,13.0,241.0,1003.8,555.0
2026-09-05 21:00:00,12.6,25.7,90.0,0.6,12.2,248.0,1004.0,560.0
2026-09-05 22:00:00,20.9,25.7,91.0,0.2,9.4,262.0,1004.1,560.0
2026-09-05 23:00:00,10.3,25.9,89.0,0.2,7.0,260.0,1004.9,450.0
2026-09-06 00:00:00,15.4,27.8,81.0,0.2,11.6,265.0,1005.0,805.0
2026-09-06 01:00:00,13.1,28.4,79.0,0.1,11.4,264.0,1005.7,850.0
2026-09-06 02:00:00,10.5,27.0,85.0,2.9,13.4,252.0,1006.0,655.0
2026-09-06 03:00:00,5.3,26.9,86.0,1.5,8.0,260.0,1005.4,600.0
2026-09-06 04:00:00,4.3,28.7,79.0,0.9,11.4,239.0,1004.9,875.0
2026-09-06 05:00:00,4.1,28.5,79.0,0.3,16.7,243.0,1004.3,950.0
2026-09-06 06:00:00,5.9,28.6,79.0,2.6,16.4,246.0,1004.5,1020.0
2026-09-06 07:00:00,6.7,28.0,78.0,0.1,14.4,262.0,1004.0,850.0
2026-09-06 08:00:00,2.1,27.5,80.0,0.0,12.1,255.0,1003.6,780.0
2026-09-06 09:00:00,2.1,26.9,84.0,0.0,8.9,241.0,1003.8,530.0
2026-09-06 10:00:00,4.7,26.9,87.0,0.0,8.0,226.0,1004.7,520.0
2026-09-06 11:00:00,6.1,27.0,87.0,0.0,8.0,232.0,1005.0,640.0
2026-09-06 12:00:00,9.2,26.8,90.0,0.0,7.2,219.0,1005.2,425.0
2026-09-06 13:00:00,10.3,26.7,89.0,0.1,9.3,217.0,1005.8,385.0
2026-09-06 14:00:00,12.4,26.8,87.0,0.0,12.7,231.0,1006.6,455.0
2026-09-06 15:00:00,5.8,26.2,90.0,0.9,13.9,233.0,1006.5,480.0
2026-09-06 16:00:00,1.5,25.7,93.0,1.0,12.8,231.0,1005.2,390.0
2026-09-06 17:00:00,3.7,26.0,91.0,0.0,12.1,243.0,1004.5,475.0
2026-09-06 18:00:00,4.9,25.7,92.0,0.1,6.4,218.0,1003.5,425.0
2026-09-06 19:00:00,6.6,25.7,91.0,0.0,8.3,250.0,1003.8,410.0
2026-09-06 20:00:00,15.0,25.9,90.0,0.0,5.9,258.0,1003.7,360.0
2026-09-06 21:00:00,22.3,26.1,89.0,0.0,5.6,270.0,1003.6,295.0
2026-09-06 22:00:00,29.4,25.9,91.0,0.3,3.3,315.0,1003.9,155.0
2026-09-06 23:00:00,32.5,26.1,91.0,0.3,2.8,310.0,1004.3,155.0
2026-09-07 00:00:00,36.0,27.2,88.0,0.5,6.1,270.0,1005.1,395.0
2026-09-07 01:00:00,28.1,27.1,85.0,0.5,8.4,247.0,1005.3,575.0
2026-09-07 02:00:00,4.9,27.9,81.0,0.3,7.2,219.0,1005.1,690.0
2026-09-07 03:00:00,15.3,27.6,82.0,0.4,12.6,242.0,1005.2,610.0
2026-09-07 04:00:00,29.5,26.9,87.0,1.7,12.6,228.0,1004.9,525.0
2026-09-07 05:00:00,26.9,26.1,89.0,1.1,12.2,237.0,1004.3,520.0
2026-09-07 06:00:00,26.4,27.7,80.0,1.2,12.8,261.0,1003.8,770.0
2026-09-07 07:00:00,17.2,26.8,86.0,1.1,9.4,277.0,1003.4,685.0
2026-09-07 08:00:00,7.2,26.4,91.0,1.8,8.1,288.0,1003.2,660.0
2026-09-07 09:00:00,4.7,26.3,93.0,1.8,5.9,282.0,1003.4,640.0
2026-09-07 10:00:00,7.7,26.1,93.0,1.2,4.5,307.0,1003.7,440.0
2026-09-07 11:00:00,17.1,25.9,95.0,0.8,4.6,312.0,1004.3,360.0
2026-09-07 12:00:00,29.4,26.4,90.0,0.4,6.0,254.0,1004.4,545.0
2026-09-07 13:00:00,35.5,26.2,91.0,0.1,3.6,279.0,1005.3,235.0
2026-09-07 14:00:00,36.2,26.0,93.0,0.3,1.5,14.0,1005.6,35.0
2026-09-07 15:00:00,37.0,26.0,93.0,0.7,0.7,360.0,1005.7,20.0
2026-09-07 16:00:00,37.5,25.7,96.0,1.0,0.6,56.0,1004.8,15.0
2026-09-07 17:00:00,30.4,25.6,97.0,1.9,4.5,173.0,1003.9,85.0
2026-09-07 18:00:00,28.3,25.4,93.0,1.0,3.9,242.0,1004.0,165.0
2026-09-07 19:00:00,29.4,25.4,94.0,1.0,2.9,240.0,1003.5,150.0
2026-09-07 20:00:00,25.0,25.4,94.0,0.3,3.7,191.0,1003.3,125.0
2026-09-07 21:00:00,25.5,25.3,93.0,0.2,6.7,218.0,1003.1,325.0
2026-09-07 22:00:00,31.5,25.4,92.0,0.1,6.5,224.0,1003.2,350.0
2026-09-07 23:00:00,32.6,25.9,91.0,0.1,8.8,224.0,1003.5,395.0
2026-09-08 00:00:00,21.7,26.7,87.0,0.1,8.2,237.0,1004.8,485.0
2026-09-08 01:00:00,19.2,25.6,91.0,1.8,12.1,245.0,1005.0,380.0
2026-09-08 02:00:00,6.2,25.9,90.0,6.0,8.8,259.0,1005.1,430.0
2026-09-08 03:00:00,5.2,26.2,87.0,1.2,9.3,233.0,1004.6,440.0
2026-09-08 04:00:00,4.7,28.4,79.0,0.2,12.2,251.0,1003.8,830.0
2026-09-08 05:00:00,7.7,28.6,78.0,0.1,9.8,252.0,1002.6,805.0
2026-09-08 06:00:00,7.7,27.9,77.0,0.1,10.0,255.0,1002.3,540.0
2026-09-08 07:00:00,9.5,27.7,82.0,0.7,11.5,240.0,1002.2,725.0
2026-09-08 08:00:00,9.7,27.5,79.0,0.6,12.3,245.0,1001.8,705.0
2026-09-08 09:00:00,9.7,26.4,85.0,0.6,10.0,242.0,1002.2,545.0
2026-09-08 10:00:00,19.8,26.2,89.0,0.4,5.1,234.0,1002.8,395.0
2026-09-08 11:00:00,21.8,26.1,90.0,0.7,7.1,218.0,1003.2,365.0
2026-09-08 12:00:00,14.4,25.2,93.0,0.8,8.5,224.0,1003.7,340.0
2026-09-08 13:00:00,18.4,25.4,93.0,1.6,4.7,220.0,1004.3,280.0
2026-09-08 14:00:00,20.4,25.5,94.0,1.3,3.1,187.0,1004.3,130.0
2026-09-08 15:00:00,23.4,25.4,94.0,1.3,4.8,191.0,1004.1,180.0
2026-09-08 16:00:00,22.0,25.6,93.0,1.8,3.7,209.0,1003.7,210.0
2026-09-08 17:00:00,23.1,25.4,93.0,1.2,7.0,203.0,1003.5,260.0
2026-09-08 18:00:00,20.1,25.9,90.0,0.4,8.6,221.0,1002.7,485.0
2026-09-08 19:00:00,19.2,25.8,88.0,0.7,8.8,213.0,1002.3,425.0
2026-09-08 20:00:00,21.5,25.4,90.0,0.7,11.7,212.0,1002.3,490.0
2026-09-08 21:00:00,28.5,25.1,90.0,1.1,12.4,229.0,1002.4,500.0
2026-09-08 22:00:00,27.2,24.7,92.0,0.6,9.9,238.0,1002.7,595.0
2026-09-08 23:00:00,9.3,24.5,94.0,5.3,7.6,202.0,1003.6,445.0
2026-09-09 00:00:00,4.8,25.0,93.0,5.8,2.9,184.0,1003.9,275.0
2026-09-09 01:00:00,7.4,25.1,92.0,1.1,4.3,156.0,1004.2,190.0
2026-09-09 02:00:00,18.7,25.8,90.0,0.4,4.2,192.0,1004.1,350.0
2026-09-09 03:00:00,25.1,26.2,87.0,0.5,8.6,209.0,1003.7,690.0
2026-09-09 04:00:00,10.9,26.5,85.0,0.6,11.5,229.0,1003.0,530.0
2026-09-09 05:00:00,0.6,27.2,80.0,0.3,14.5,233.0,1002.2,625.0
2026-09-09 06:00:00,0.6,27.4,84.0,0.5,12.0,230.0,1001.0,530.0
2026-09-09 07:00:00,0.4,27.5,83.0,2.8,9.8,229.0,1001.2,665.0
2026-09-09 08:00:00,2.2,25.9,90.0,4.4,13.6,223.0,1001.0,510.0
2026-09-09 09:00:00,5.3,26.0,88.0,1.7,14.0,224.0,1001.4,540.0
2026-09-09 10:00:00,4.3,25.8,90.0,0.8,10.1,220.0,1002.1,505.0
2026-09-09 11:00:00,3.9,25.9,88.0,0.3,9.9,209.0,1002.9,525.0
2026-09-09 12:00:00,5.7,26.3,89.0,0.6,5.8,210.0,1003.0,415.0
2026-09-09 13:00:00,21.1,26.2,89.0,0.0,6.0,185.0,1003.5,345.0
2026-09-09 14:00:00,33.7,25.6,90.0,0.3,7.0,180.0,1004.0,245.0
2026-09-09 15:00:00,33.0,25.0,93.0,1.1,7.5,197.0,1004.4,315.0
2026-09-09 16:00:00,31.7,24.3,95.0,4.2,8.1,186.0,1004.2,395.0
2026-09-09 17:00:00,27.6,24.4,95.0,4.2,6.3,178.0,1003.7,270.0
2026-09-09 18:00:00,19.9,25.0,93.0,0.4,7.4,177.0,1003.2,435.0
2026-09-09 19:00:00,13.3,24.9,93.0,0.1,6.8,191.0,1002.9,325.0
2026-09-09 20:00:00,7.0,24.8,92.0,0.1,7.7,196.0,1002.7,365.0
2026-09-09 21:00:00,1.4,25.0,92.0,0.2,7.0,192.0,1002.9,335.0
2026-09-09 22:00:00,6.4,24.9,92.0,0.7,6.6,191.0,1003.2,230.0
2026-09-09 23:00:00,18.9,25.1,94.0,1.1,4.4,159.0,1003.9,160.0
2026-09-10 00:00:00,19.6,26.8,83.0,3.0,5.6,211.0,1004.0,510.0
2026-09-10 01:00:00,23.9,26.6,84.0,0.2,6.2,206.0,1004.6,445.0
2026-09-10 02:00:00,22.4,28.1,77.0,0.2,6.1,208.0,1004.8,610.0
2026-09-10 03:00:00,24.5,28.9,74.0,0.1,3.1,208.0,1004.2,735.0
2026-09-10 04:00:00,24.6,29.7,73.0,0.1,2.8,225.0,1003.8,960.0
2026-09-10 05:00:00,27.3,26.2,87.0,3.9,13.4,213.0,1003.2,390.0
2026-09-10 06:00:00,28.7,27.3,85.0,6.5,7.6,218.0,1003.2,600.0
2026-09-10 07:00:00,8.9,26.3,89.0,3.4,9.3,217.0,1003.3,440.0
2026-09-10 08:00:00,9.1,26.9,86.0,1.0,8.7,220.0,1003.3,650.0
2026-09-10 09:00:00,25.7,26.1,86.0,1.9,9.7,199.0,1003.6,495.0
2026-09-10 10:00:00,27.5,25.8,91.0,0.9,6.9,187.0,1004.4,400.0
2026-09-10 11:00:00,4.6,25.4,92.0,1.4,10.3,211.0,1004.8,395.0
2026-09-10 12:00:00,10.9,25.7,91.0,0.5,3.5,192.0,1005.0,200.0
2026-09-10 13:00:00,31.0,25.6,94.0,0.5,7.7,205.0,1005.9,235.0
2026-09-10 14:00:00,40.1,25.5,94.0,0.2,7.0,206.0,1006.6,230.0
2026-09-10 15:00:00,34.8,25.5,95.0,0.2,4.9,184.0,1006.5,90.0
2026-09-10 16:00:00,30.0,25.4,98.0,0.1,3.3,174.0,1006.3,30.0
2026-09-10 17:00:00,22.1,25.3,95.0,0.2,2.0,207.0,1005.9,20.0
2026-09-10 18:00:00,14.5,25.6,91.0,0.0,6.3,219.0,1005.7,380.0
2026-09-10 19:00:00,1.9,25.4,90.0,0.5,7.1,214.0,1005.7,380.0
2026-09-10 20:00:00,0.9,25.3,92.0,0.3,5.1,238.0,1005.3,230.0
2026-09-10 21:00:00,5.8,25.1,93.0,0.1,2.6,214.0,1005.6,45.0
2026-09-10 22:00:00,7.5,25.1,95.0,0.0,1.9,214.0,1005.8,20.0
2026-09-10 23:00:00,9.2,25.5,95.0,0.0,1.5,201.0,1006.2,15.0
2026-09-11 00:00:00,6.0,26.6,87.0,0.0,1.0,225.0,1006.9,45.0
2026-09-11 01:00:00,20.6,27.4,81.0,0.2,1.7,193.0,1007.3,425.0
2026-09-11 02:00:00,31.9,28.5,75.0,0.1,2.8,215.0,1007.1,615.0
2026-09-11 03:00:00,31.2,29.4,71.0,0.0,3.7,227.0,1006.9,745.0
2026-09-11 04:00:00,28.0,30.2,67.0,0.0,7.4,229.0,1006.5,855.0
2026-09-11 05:00:00,31.8,30.4,66.0,0.0,10.0,237.0,1005.8,970.0
2026-09-11 06:00:00,33.0,29.6,68.0,0.2,8.4,239.0,1005.4,715.0
2026-09-11 07:00:00,33.0,28.9,71.0,0.5,8.8,250.0,1005.0,615.0
2026-09-11 08:00:00,32.3,27.9,76.0,0.9,6.0,267.0,1005.1,410.0
2026-09-11 09:00:00,37.8,26.9,82.0,0.8,4.4,291.0,1005.1,200.0
2026-09-11 10:00:00,40.9,26.4,86.0,0.3,3.8,355.0,1005.8,100.0
2026-09-11 11:00:00,47.7,26.1,89.0,0.2,4.7,50.0,1006.3,85.0
2026-09-11 12:00:00,46.5,26.7,82.0,0.0,3.0,73.0,1006.8,60.0
2026-09-11 13:00:00,43.6,26.2,89.0,0.2,4.7,88.0,1007.4,75.0
2026-09-11 14:00:00,42.1,25.9,91.0,0.0,4.3,112.0,1007.7,65.0
2026-09-11 15:00:00,40.2,25.9,90.0,0.0,4.2,85.0,1007.8,60.0
2026-09-11 16:00:00,36.9,25.7,91.0,0.1,3.1,100.0,1007.0,50.0
2026-09-11 17:00:00,34.4,25.4,92.0,0.0,3.8,101.0,1006.5,50.0
2026-09-11 18:00:00,34.6,25.4,91.0,0.0,0.4,117.0,1006.1,15.0
2026-09-11 19:00:00,31.6,25.2,91.0,0.8,0.4,117.0,1006.0,15.0
2026-09-11 20:00:00,28.6,24.9,95.0,0.2,1.5,97.0,1005.6,30.0
2026-09-11 21:00:00,25.9,24.8,95.0,0.0,0.7,104.0,1005.6,25.0
2026-09-11 22:00:00,24.2,24.7,96.0,0.0,1.5,353.0,1005.8,35.0
2026-09-11 23:00:00,28.2,25.2,93.0,0.0,3.3,13.0,1006.5,100.0
2026-09-12 00:00:00,30.8,26.3,84.0,0.0,1.9,34.0,1007.0,100.0
2026-09-12 01:00:00,33.9,26.2,86.0,0.2,2.1,38.0,1007.7,95.0
2026-09-12 02:00:00,43.6,27.4,80.0,0.1,1.1,18.0,1007.8,220.0
2026-09-12 03:00:00,50.6,28.9,73.0,0.0,1.4,247.0,1007.7,480.0
2026-09-12 04:00:00,40.1,29.7,69.0,0.0,4.6,257.0,1007.0,675.0
2026-09-12 05:00:00,30.3,30.0,68.0,0.0,7.7,249.0,1005.9,845.0
2026-09-12 06:00:00,26.1,30.3,65.0,0.0,5.6,270.0,1005.5,920.0
2026-09-12 07:00:00,32.4,28.0,77.0,0.9,13.0,322.0,1005.6,595.0
2026-09-12 08:00:00,36.8,26.3,89.0,1.4,5.4,15.0,1005.3,190.0
2026-09-12 09:00:00,43.8,26.8,88.0,0.8,4.4,19.0,1005.6,245.0
2026-09-12 10:00:00,50.2,26.6,89.0,0.0,4.5,14.0,1006.1,215.0
2026-09-12 11:00:00,57.0,26.5,90.0,0.0,5.7,11.0,1006.6,225.0
2026-09-12 12:00:00,47.2,26.8,90.0,0.0,6.7,346.0,1007.2,280.0
2026-09-12 13:00:00,35.7,26.4,92.0,0.0,6.0,357.0,1007.9,210.0
2026-09-12 14:00:00,27.9,26.2,91.0,0.0,6.9,346.0,1007.9,265.0
2026-09-12 15:00:00,22.3,26.0,90.0,0.0,7.5,350.0,1007.7,375.0
2026-09-12 16:00:00,20.1,25.7,90.0,0.0,7.8,337.0,1007.2,385.0
2026-09-12 17:00:00,22.5,25.4,90.0,0.0,8.1,347.0,1007.0,405.0
2026-09-12 18:00:00,19.6,25.2,89.0,0.0,10.2,346.0,1006.4,515.0
2026-09-12 19:00:00,16.1,24.9,91.0,0.0,10.1,344.0,1006.3,515.0
2026-09-12 20:00:00,13.6,24.8,92.0,0.0,9.0,340.0,1006.1,495.0
2026-09-12 21:00:00,11.2,24.7,92.0,0.0,8.8,341.0,1006.0,505.0
2026-09-12 22:00:00,10.2,24.7,93.0,0.0,7.6,356.0,1005.7,465.0
2026-09-12 23:00:00,5.9,25.6,89.0,0.0,8.7,352.0,1006.0,630.0
2026-09-13 00:00:00,4.1,27.5,80.0,0.1,10.1,5.0,1006.9,680.0
2026-09-13 01:00:00,2.1,28.5,76.0,0.0,11.6,353.0,1006.9,785.0
2026-09-13 02:00:00,3.2,29.4,72.0,0.0,13.3,351.0,1007.0,780.0
2026-09-13 03:00:00,2.9,29.9,71.0,0.1,11.6,345.0,1006.4,650.0
2026-09-13 04:00:00,2.9,30.8,68.0,0.0,9.8,337.0,1005.5,760.0
2026-09-13 05:00:00,5.7,31.2,67.0,0.2,7.7,335.0,1004.6,1000.0
2026-09-13 06:00:00,11.0,31.8,64.0,3.5,8.8,327.0,1003.6,1110.0
2026-09-13 07:00:00,6.6,30.2,71.0,1.3,7.8,15.0,1003.7,645.0
2026-09-13 08:00:00,5.9,29.0,75.0,1.5,8.3,4.0,1003.5,545.0
2026-09-13 09:00:00,6.9,28.5,79.0,0.4,3.0,76.0,1004.2,580.0
2026-09-13 10:00:00,12.8,27.6,85.0,0.1,1.5,166.0,1004.5,35.0
2026-09-13 11:00:00,17.4,26.7,91.0,0.6,3.2,180.0,1005.1,70.0
2026-09-13 12:00:00,6.9,26.2,93.0,0.1,3.5,39.0,1006.4,160.0
2026-09-13 13:00:00,11.1,25.5,94.0,1.2,5.4,345.0,1006.7,150.0
2026-09-13 14:00:00,31.8,24.8,96.0,0.7,8.9,29.0,1007.2,215.0
2026-09-13 15:00:00,37.4,24.6,95.0,1.0,6.2,12.0,1007.1,180.0
2026-09-13 16:00:00,29.1,24.7,93.0,0.2,9.6,356.0,1006.2,300.0
2026-09-13 17:00:00,18.3,24.7,93.0,0.0,6.0,351.0,1005.0,245.0
2026-09-13 18:00:00,4.8,25.2,92.0,0.0,1.7,283.0,1005.0,30.0
2026-09-13 19:00:00,4.1,24.9,94.0,0.0,2.7,278.0,1004.5,85.0
2026-09-13 20:00:00,13.1,24.7,94.0,0.0,3.0,17.0,1004.8,110.0
2026-09-13 21:00:00,13.0,24.5,95.0,0.0,1.9,292.0,1004.2,95.0
2026-09-13 22:00:00,10.3,24.4,96.0,0.0,3.4,354.0,1004.3,150.0
2026-09-13 23:00:00,13.2,25.0,93.0,0.0,2.4,333.0,1004.6,185.0
2026-09-14 00:00:00,4.9,27.5,84.0,0.0,1.8,11.0,1005.4,375.0
2026-09-14 01:00:00,9.3,29.1,78.0,0.0,2.3,309.0,1005.2,485.0
2026-09-14 02:00:00,17.0,30.2,71.0,0.0,3.6,297.0,1004.9,665.0
2026-09-14 03:00:00,33.6,31.2,64.0,0.0,3.6,273.0,1004.4,850.0
2026-09-14 04:00:00,30.3,31.6,63.0,0.1,4.7,261.0,1003.4,915.0
2026-09-14 05:00:00,21.4,31.7,63.0,0.1,6.6,257.0,1002.5,940.0
2026-09-14 06:00:00,23.5,32.1,63.0,0.1,7.9,254.0,1001.7,675.0
2026-09-14 07:00:00,22.8,31.4,64.0,0.4,6.8,243.0,1001.5,480.0
2026-09-14 08:00:00,14.7,31.0,66.0,0.3,4.4,207.0,1001.3,350.0
2026-09-14 09:00:00,23.9,30.5,69.0,0.1,7.0,167.0,1001.7,615.0
2026-09-14 10:00:00,27.0,29.0,80.0,0.0,3.5,195.0,1002.2,155.0
2026-09-14 11:00:00,39.1,27.4,87.0,0.6,6.0,73.0,1003.1,110.0
2026-09-14 12:00:00,43.7,28.2,86.0,0.3,7.2,37.0,1003.6,110.0
2026-09-14 13:00:00,47.4,27.5,90.0,0.0,4.8,65.0,1003.9,50.0
2026-09-14 14:00:00,39.3,27.2,92.0,0.0,3.8,79.0,1004.0,35.0
2026-09-14 15:00:00,30.3,26.9,93.0,0.0,3.8,71.0,1004.0,40.0
2026-09-14 16:00:00,26.5,26.4,95.0,0.0,2.5,21.0,1003.7,35.0
2026-09-14 17:00:00,22.9,26.0,98.0,0.0,3.8,311.0,1003.4,45.0
2026-09-14 18:00:00,17.7,25.7,98.0,0.0,4.2,306.0,1003.2,115.0
2026-09-14 19:00:00,19.6,25.3,98.0,0.0,2.7,337.0,1002.9,60.0
2026-09-14 20:00:00,21.6,25.3,98.0,0.0,0.2,360.0,1002.7,35.0
2026-09-14 21:00:00,24.3,25.2,97.0,0.0,4.0,93.0,1003.0,65.0
2026-09-14 22:00:00,21.5,25.3,96.0,0.0,4.6,116.0,1003.3,85.0
2026-09-14 23:00:00,31.6,26.6,86.0,0.0,3.5,141.0,1003.9,180.0
2026-09-15 00:00:00,43.1,28.7,83.0,0.0,2.5,249.0,1004.2,310.0
2026-09-15 01:00:00,30.4,29.7,76.0,0.1,3.4,212.0,1004.7,665.0
2026-09-15 02:00:00,28.5,30.2,75.0,0.2,4.6,216.0,1004.8,795.0
2026-09-15 03:00:00,16.1,29.6,77.0,0.6,6.0,224.0,1004.5,665.0
2026-09-15 04:00:00,22.7,27.4,85.0,3.5,5.8,324.0,1004.0,220.0
2026-09-15 05:00:00,26.1,29.3,80.0,0.8,1.0,301.0,1003.2,585.0
2026-09-15 06:00:00,12.4,30.6,71.0,0.4,2.4,171.0,1002.7,860.0
2026-09-15 07:00:00,44.8,30.2,75.0,0.7,2.8,140.0,1002.2,675.0
2026-09-15 08:00:00,40.9,29.9,77.0,0.5,2.7,113.0,1002.2,590.0
2026-09-15 09:00:00,34.2,29.4,79.0,0.3,1.8,143.0,1002.5,450.0
2026-09-15 10:00:00,40.1,28.5,85.0,0.2,2.2,76.0,1002.8,65.0
2026-09-15 11:00:00,53.4,27.8,88.0,0.1,5.2,192.0,1003.3,130.0
2026-09-15 12:00:00,60.1,27.5,91.0,0.2,3.6,9.0,1004.0,120.0
2026-09-15 13:00:00,60.6,27.0,94.0,0.0,2.3,360.0,1004.1,30.0
2026-09-15 14:00:00,62.7,26.5,98.0,0.0,2.1,15.0,1003.9,20.0
2026-09-15 15:00:00,61.8,26.2,99.0,0.0,2.7,94.0,1003.8,30.0
2026-09-15 16:00:00,51.3,26.2,97.0,0.0,2.7,86.0,1003.4,35.0
2026-09-15 17:00:00,36.1,26.1,98.0,0.0,0.9,360.0,1003.3,15.0
2026-09-15 18:00:00,33.5,25.6,97.0,0.0,3.3,6.0,1003.0,50.0
2026-09-15 19:00:00,28.8,25.6,97.0,0.0,3.6,342.0,1002.9,85.0
2026-09-15 20:00:00,26.6,25.5,97.0,0.0,3.1,350.0,1002.8,75.0
2026-09-15 21:00:00,28.6,25.5,96.0,0.0,3.6,20.0,1003.1,85.0
2026-09-15 22:00:00,30.2,25.6,94.0,0.1,4.6,13.0,1003.4,125.0
2026-09-15 23:00:00,39.0,26.1,90.0,0.0,4.0,8.0,1003.6,180.0
2026-09-16 00:00:00,12.2,28.8,82.0,0.0,2.3,331.0,1004.5,320.0
2026-09-16 01:00:00,5.0,29.2,81.0,0.2,2.7,152.0,1004.5,540.0
2026-09-16 02:00:00,7.6,29.3,82.0,0.3,4.2,155.0,1004.1,525.0
2026-09-16 03:00:00,0.1,29.9,80.0,0.4,4.7,162.0,1003.8,665.0
2026-09-16 04:00:00,18.2,29.8,80.0,0.4,5.2,176.0,1003.0,560.0
2026-09-16 05:00:00,39.4,29.4,80.0,0.4,6.6,158.0,1002.1,435.0
2026-09-16 06:00:00,14.5,29.4,78.0,0.8,2.7,157.0,1001.9,340.0
2026-09-16 07:00:00,11.4,27.7,86.0,5.7,6.6,53.0,1002.0,320.0
2026-09-16 08:00:00,14.3,27.6,86.0,1.3,5.8,116.0,1002.0,375.0
2026-09-16 09:00:00,16.7,27.2,87.0,0.7,6.1,118.0,1002.3,320.0
2026-09-16 10:00:00,21.6,25.8,92.0,8.0,2.3,90.0,1003.6,80.0
2026-09-16 11:00:00,35.2,25.7,95.0,1.5,4.8,200.0,1004.3,150.0
2026-09-16 12:00:00,13.1,26.1,96.0,1.0,6.2,352.0,1004.2,190.0
2026-09-16 13:00:00,12.6,26.0,95.0,0.0,6.5,330.0,1004.5,175.0
2026-09-16 14:00:00,14.8,25.9,96.0,0.0,5.4,339.0,1004.8,155.0
2026-09-16 15:00:00,26.0,25.7,97.0,0.0,2.0,350.0,1004.5,60.0
2026-09-16 16:00:00,26.3,25.7,97.0,0.0,1.3,98.0,1004.2,65.0
2026-09-16 17:00:00,26.9,25.6,97.0,0.0,2.6,34.0,1003.2,60.0
2026-09-16 18:00:00,31.8,24.7,96.0,0.0,7.3,7.0,1003.6,220.0
2026-09-16 19:00:00,33.1,24.4,96.0,0.0,6.3,51.0,1003.6,175.0
2026-09-16 20:00:00,35.8,24.4,96.0,0.0,2.0,117.0,1002.8,45.0
2026-09-16 21:00:00,33.2,24.5,97.0,0.0,1.5,346.0,1002.6,35.0
2026-09-16 22:00:00,22.5,24.5,98.0,0.0,2.2,5.0,1003.1,35.0
2026-09-16 23:00:00,23.0,25.1,93.0,0.1,1.7,283.0,1003.4,110.0
2026-09-17 00:00:00,30.6,27.5,85.0,0.0,1.7,328.0,1003.9,270.0
2026-09-17 01:00:00,37.7,28.8,78.0,0.0,1.9,292.0,1003.9,525.0
2026-09-17 02:00:00,42.4,29.7,74.0,0.0,2.8,259.0,1003.6,695.0
2026-09-17 03:00:00,49.9,29.7,76.0,0.2,4.5,227.0,1003.3,725.0
2026-09-17 04:00:00,63.8,28.1,85.0,1.3,1.5,166.0,1002.9,380.0
2026-09-17 05:00:00,60.5,26.9,89.0,3.3,2.6,231.0,1002.4,265.0
2026-09-17 06:00:00,69.4,26.8,90.0,1.6,6.8,138.0,1002.2,310.0
2026-09-17 07:00:00,24.9,27.1,91.0,4.6,4.8,138.0,1002.5,325.0
2026-09-17 08:00:00,18.4,27.3,90.0,1.3,3.2,232.0,1002.3,305.0
2026-09-17 09:00:00,5.3,26.7,89.0,0.7,4.5,92.0,1003.0,270.0
2026-09-17 10:00:00,6.8,25.7,94.0,2.4,4.4,99.0,1003.8,145.0
2026-09-17 11:00:00,2.8,25.6,94.0,1.5,1.4,360.0,1004.1,50.0
2026-09-17 12:00:00,25.1,25.1,93.0,0.7,4.6,9.0,1004.6,85.0
2026-09-17 13:00:00,31.6,25.1,95.0,0.0,4.9,354.0,1005.1,100.0
2026-09-17 14:00:00,23.3,25.3,94.0,0.0,3.6,340.0,1005.5,110.0
2026-09-17 15:00:00,25.7,25.4,96.0,0.0,5.0,319.0,1005.2,150.0
2026-09-17 16:00:00,22.9,25.6,96.0,0.3,3.9,294.0,1004.8,155.0
2026-09-17 17:00:00,17.8,25.6,97.0,0.3,2.9,360.0,1004.3,140.0
2026-09-17 18:00:00,12.4,25.0,95.0,0.0,3.7,23.0,1004.4,155.0
2026-09-17 19:00:00,16.5,24.9,96.0,0.0,1.0,22.0,1004.3,105.0
2026-09-17 20:00:00,16.2,25.0,95.0,0.0,3.9,106.0,1004.3,170.0
2026-09-17 21:00:00,17.6,25.2,94.0,0.0,4.6,132.0,1004.2,200.0
2026-09-17 22:00:00,14.7,25.2,94.0,0.0,2.8,50.0,1003.9,50.0
2026-09-17 23:00:00,3.9,25.9,91.0,0.0,2.5,356.0,1004.7,215.0
2026-09-18 00:00:00,6.7,27.6,87.0,0.0,1.5,315.0,1005.2,320.0
2026-09-18 01:00:00,16.4,29.0,78.0,0.0,1.9,287.0,1005.5,505.0
2026-09-18 02:00:00,27.8,30.0,74.0,0.1,2.4,318.0,1005.8,800.0
2026-09-18 03:00:00,24.3,30.7,72.0,0.0,2.5,291.0,1005.6,1010.0
2026-09-18 04:00:00,43.1,28.4,80.0,1.5,8.4,250.0,1004.9,365.0
2026-09-18 05:00:00,16.1,26.8,90.0,3.5,8.9,8.0,1004.7,190.0
2026-09-18 06:00:00,25.4,27.2,94.0,1.5,5.8,94.0,1004.3,190.0
2026-09-18 07:00:00,38.5,28.1,89.0,0.9,2.4,13.0,1004.3,320.0
2026-09-18 08:00:00,40.0,28.3,89.0,1.2,2.7,222.0,1004.4,525.0
2026-09-18 09:00:00,46.1,27.7,87.0,0.7,3.8,199.0,1004.4,430.0
2026-09-18 10:00:00,35.0,27.2,89.0,0.6,3.3,189.0,1005.1,235.0
2026-09-18 11:00:00,34.4,26.9,92.0,0.2,0.6,34.0,1005.8,30.0
2026-09-18 12:00:00,29.1,27.3,90.0,0.0,4.0,126.0,1006.0,200.0
2026-09-18 13:00:00,29.7,27.1,91.0,0.0,5.0,134.0,1006.5,190.0
2026-09-18 14:00:00,43.9,26.8,93.0,0.0,4.3,33.0,1006.8,50.0
2026-09-18 15:00:00,48.8,26.2,95.0,0.0,8.2,8.0,1007.1,145.0
2026-09-18 16:00:00,31.8,25.6,96.0,0.0,7.6,7.0,1006.8,150.0
2026-09-18 17:00:00,25.9,25.3,96.0,0.0,6.8,358.0,1006.3,130.0
2026-09-18 18:00:00,30.4,25.3,97.0,0.0,5.2,333.0,1006.1,145.0
2026-09-18 19:00:00,29.8,25.1,99.0,0.0,4.0,350.0,1005.8,120.0
2026-09-18 20:00:00,16.4,24.9,99.0,0.0,1.7,13.0,1005.5,25.0
2026-09-18 21:00:00,6.0,24.8,99.0,0.0,2.3,29.0,1005.8,30.0
2026-09-18 22:00:00,4.9,24.6,99.0,0.0,0.4,360.0,1005.9,10.0
2026-09-18 23:00:00,9.6,25.5,96.0,0.0,1.1,270.0,1006.8,120.0
2026-09-19 00:00:00,21.6,27.1,89.0,0.0,1.1,279.0,1007.3,185.0
2026-09-19 01:00:00,6.9,29.0,80.0,0.0,2.8,230.0,1007.5,410.0
2026-09-19 02:00:00,7.0,30.4,73.0,0.0,2.2,228.0,1007.4,705.0
2026-09-19 03:00:00,5.0,31.3,72.0,0.0,2.2,228.0,1007.0,990.0
2026-09-19 04:00:00,26.7,31.6,71.0,0.1,3.4,264.0,1006.5,1045.0
2026-09-19 05:00:00,20.0,28.8,82.0,1.3,7.2,359.0,1006.2,430.0
2026-09-19 06:00:00,18.3,28.0,87.0,3.7,7.9,359.0,1005.9,300.0
2026-09-19 07:00:00,13.7,27.6,89.0,2.4,4.1,124.0,1006.4,270.0
2026-09-19 08:00:00,14.0,28.1,85.0,1.2,4.3,107.0,1006.3,300.0
2026-09-19 09:00:00,30.5,28.0,83.0,0.8,4.1,135.0,1006.4,315.0
2026-09-19 10:00:00,37.8,27.4,87.0,0.3,0.3,315.0,1007.3,15.0
2026-09-19 11:00:00,35.5,26.1,96.0,2.6,5.0,30.0,1007.8,100.0
2026-09-19 12:00:00,42.4,26.8,97.0,0.5,5.9,11.0,1008.2,110.0
2026-09-19 13:00:00,41.8,25.9,97.0,1.5,8.7,38.0,1009.1,145.0
2026-09-19 14:00:00,39.2,25.4,95.0,1.1,5.9,43.0,1009.0,95.0
2026-09-19 15:00:00,30.2,25.2,96.0,0.2,2.9,360.0,1008.9,55.0
2026-09-19 16:00:00,29.5,24.9,100.0,0.1,3.9,336.0,1008.5,55.0
2026-09-19 17:00:00,26.0,24.7,99.0,0.0,6.1,337.0,1007.7,120.0
2026-09-19 18:00:00,21.8,25.0,99.0,0.0,4.6,9.0,1007.4,110.0
2026-09-19 19:00:00,19.6,24.8,99.0,0.0,4.0,5.0,1007.4,105.0
2026-09-19 20:00:00,20.1,24.7,99.0,0.0,2.7,32.0,1007.2,65.0
2026-09-19 21:00:00,22.8,24.8,96.0,0.0,2.7,23.0,1007.1,75.0
2026-09-19 22:00:00,26.7,24.9,96.0,0.0,2.9,353.0,1007.3,95.0
2026-09-19 23:00:00,22.9,25.3,96.0,0.0,1.5,21.0,1007.9,105.0
2026-09-20 00:00:00,26.1,26.9,91.0,0.0,1.0,239.0,1008.5,175.0
2026-09-20 01:00:00,31.7,28.9,80.0,0.0,1.6,270.0,1008.7,400.0
2026-09-20 02:00:00,40.8,30.1,74.0,0.0,2.3,288.0,1008.4,620.0
2026-09-20 03:00:00,43.1,30.9,70.0,0.0,4.4,261.0,1008.0,870.0
2026-09-20 04:00:00,12.7,31.2,66.0,0.1,6.3,265.0,1007.1,850.0
2026-09-20 05:00:00,7.0,31.8,62.0,0.0,7.0,273.0,1005.9,945.0
2026-09-20 06:00:00,24.0,31.6,61.0,0.0,9.1,249.0,1005.5,925.0
2026-09-20 07:00:00,17.5,31.2,63.0,0.5,10.8,237.0,1005.4,820.0
2026-09-20 08:00:00,9.8,30.5,69.0,0.0,10.1,239.0,1005.4,655.0
2026-09-20 09:00:00,7.7,29.7,73.0,0.2,8.8,237.0,1005.2,565.0
2026-09-20 10:00:00,4.5,28.6,82.0,0.3,5.5,306.0,1005.5,235.0
2026-09-20 11:00:00,4.8,27.9,87.0,0.0,5.6,6.0,1005.9,165.0
2026-09-20 12:00:00,7.0,28.2,87.0,0.1,3.4,18.0,1006.9,105.0
2026-09-20 13:00:00,9.1,27.6,92.0,0.0,4.3,24.0,1007.3,85.0
2026-09-20 14:00:00,25.2,27.2,93.0,0.0,3.9,28.0,1007.2,60.0
2026-09-20 15:00:00,9.6,26.9,94.0,0.0,3.3,36.0,1007.2,50.0
2026-09-20 16:00:00,13.7,26.7,95.0,0.0,2.1,31.0,1006.6,25.0
2026-09-20 17:00:00,21.3,26.5,96.0,0.0,1.9,29.0,1005.9,25.0
2026-09-20 18:00:00,25.2,26.2,95.0,0.0,0.9,307.0,1005.8,115.0
2026-09-20 19:00:00,27.6,25.0,98.0,2.4,0.6,72.0,1005.6,35.0
2026-09-20 20:00:00,22.7,24.7,98.0,1.3,2.0,85.0,1005.2,85.0
2026-09-20 21:00:00,24.9,23.3,98.0,4.0,5.5,49.0,1005.5,80.0
2026-09-20 22:00:00,35.9,23.3,98.0,0.6,4.7,94.0,1005.8,65.0
2026-09-20 23:00:00,31.6,24.6,96.0,0.1,2.8,79.0,1005.9,80.0
2026-09-21 00:00:00,25.8,26.0,90.0,0.0,4.9,176.0,1006.8,220.0
2026-09-21 01:00:00,34.7,26.7,80.0,0.0,6.9,210.0,1007.2,315.0
2026-09-21 02:00:00,34.4,27.9,77.0,0.0,5.0,195.0,1006.7,450.0
2026-09-21 03:00:00,28.4,29.2,76.0,0.0,4.1,221.0,1006.2,540.0
2026-09-21 04:00:00,17.6,29.9,74.0,0.0,7.0,244.0,1005.3,690.0
2026-09-21 05:00:00,10.4,29.9,74.0,0.0,7.9,235.0,1004.5,540.0
2026-09-21 06:00:00,9.1,30.9,69.0,0.0,8.0,234.0,1003.1,875.0
2026-09-21 07:00:00,16.7,30.2,72.0,0.1,10.2,247.0,1003.1,675.0
2026-09-21 08:00:00,9.7,28.6,78.0,0.5,7.1,214.0,1003.1,475.0
2026-09-21 09:00:00,10.9,27.5,85.0,1.5,2.8,243.0,1003.6,310.0
2026-09-21 10:00:00,9.8,26.7,88.0,1.4,1.2,153.0,1004.5,25.0
2026-09-21 11:00:00,7.6,26.1,92.0,0.2,7.6,7.0,1004.8,280.0
2026-09-21 12:00:00,19.1,26.6,96.0,0.0,1.6,354.0,1005.4,70.0
2026-09-21 13:00:00,19.8,26.3,98.0,0.0,3.2,74.0,1005.9,60.0
2026-09-21 14:00:00,15.9,26.1,99.0,0.0,3.3,29.0,1006.4,50.0
2026-09-21 15:00:00,7.9,26.0,99.0,0.0,4.7,332.0,1006.3,100.0
2026-09-21 16:00:00,11.2,25.7,99.0,0.0,5.3,342.0,1005.9,135.0
2026-09-21 17:00:00,16.7,25.5,97.0,0.0,5.0,341.0,1005.5,125.0
2026-09-21 18:00:00,12.1,25.2,98.0,0.0,4.6,42.0,1004.9,110.0
2026-09-21 19:00:00,11.7,24.2,98.0,2.2,7.4,141.0,1005.0,125.0
2026-09-21 20:00:00,14.6,24.3,97.0,0.8,4.3,118.0,1004.5,75.0
2026-09-21 21:00:00,15.7,24.3,96.0,0.6,3.6,110.0,1004.5,65.0
2026-09-21 22:00:00,30.7,24.4,96.0,0.0,2.4,144.0,1005.0,65.0
2026-09-21 23:00:00,28.7,25.2,93.0,0.0,3.4,133.0,1005.3,115.0
2026-09-22 00:00:00,22.8,27.4,86.0,0.0,2.5,82.0,1006.3,290.0
2026-09-22 01:00:00,29.5,29.0,78.0,0.0,0.6,108.0,1006.7,440.0
2026-09-22 02:00:00,30.1,30.2,73.0,0.0,1.5,256.0,1006.4,705.0
2026-09-22 03:00:00,40.7,31.0,70.0,0.1,3.5,261.0,1006.0,945.0
2026-09-22 04:00:00,48.0,31.7,67.0,0.1,6.5,264.0,1005.2,1115.0
2026-09-22 05:00:00,47.1,31.5,67.0,0.1,6.4,292.0,1004.4,1095.0
2026-09-22 06:00:00,21.6,28.7,77.0,0.3,2.6,192.0,1004.3,555.0
2026-09-22 07:00:00,25.2,29.3,74.0,0.7,1.3,225.0,1003.8,590.0
2026-09-22 08:00:00,36.4,29.3,73.0,0.1,3.0,213.0,1003.5,685.0
2026-09-22 09:00:00,35.2,28.3,77.0,0.2,3.6,210.0,1003.9,150.0
2026-09-22 10:00:00,39.2,26.5,87.0,0.7,4.4,212.0,1004.9,155.0
2026-09-22 11:00:00,42.9,25.5,92.0,1.1,3.5,66.0,1006.4,110.0
2026-09-22 12:00:00,33.1,25.0,95.0,2.9,7.6,22.0,1007.1,205.0
2026-09-22 13:00:00,31.1,24.8,96.0,1.4,3.5,66.0,1007.6,115.0
2026-09-22 14:00:00,27.8,23.9,96.0,3.0,8.1,94.0,1008.2,130.0
2026-09-22 15:00:00,25.3,24.3,94.0,1.2,4.0,58.0,1008.3,85.0
2026-09-22 16:00:00,26.6,24.2,96.0,0.4,3.5,28.0,1007.6,80.0
2026-09-22 17:00:00,23.3,24.2,97.0,0.1,2.5,82.0,1006.8,65.0
2026-09-22 18:00:00,25.3,24.7,97.0,0.0,3.8,95.0,1005.9,55.0
2026-09-22 19:00:00,31.8,24.7,97.0,0.0,1.0,59.0,1005.9,30.0
2026-09-22 20:00:00,34.0,24.5,99.0,0.0,2.8,63.0,1005.5,35.0
2026-09-22 21:00:00,31.3,24.3,99.0,0.0,3.9,53.0,1005.5,35.0
2026-09-22 22:00:00,29.4,24.2,99.0,0.0,2.8,63.0,1005.8,25.0
2026-09-22 23:00:00,30.7,25.2,95.0,0.0,1.5,76.0,1006.6,45.0
2026-09-23 00:00:00,19.0,28.0,74.0,0.0,0.8,153.0,1007.1,305.0
2026-09-23 01:00:00,28.5,29.3,72.0,0.0,1.1,252.0,1007.5,570.0
2026-09-23 02:00:00,35.5,30.3,70.0,0.0,1.5,256.0,1007.3,720.0
2026-09-23 03:00:00,40.9,31.1,68.0,0.0,3.1,257.0,1007.0,910.0
2026-09-23 04:00:00,42.0,31.9,66.0,0.0,6.3,255.0,1006.0,1055.0
2026-09-23 05:00:00,38.3,31.4,69.0,0.1,3.0,303.0,1005.1,1055.0
2026-09-23 06:00:00,17.0,28.7,79.0,2.7,1.5,60.0,1005.0,445.0
2026-09-23 07:00:00,23.4,30.0,74.0,0.2,0.8,243.0,1004.5,665.0
2026-09-23 08:00:00,12.6,30.2,74.0,0.1,2.2,270.0,1004.4,795.0
2026-09-23 09:00:00,7.1,29.4,77.0,0.2,2.0,270.0,1005.0,670.0
2026-09-23 10:00:00,13.0,25.8,93.0,15.8,3.6,323.0,1006.6,95.0
2026-09-23 11:00:00,29.1,25.6,96.0,2.9,3.6,131.0,1007.0,105.0
2026-09-23 12:00:00,47.2,25.9,91.0,1.8,5.6,119.0,1007.4,125.0
2026-09-23 13:00:00,61.1,25.9,90.0,0.1,5.7,114.0,1007.7,100.0
2026-09-23 14:00:00,46.2,25.9,90.0,0.0,2.3,135.0,1008.0,65.0
2026-09-23 15:00:00,40.5,26.0,91.0,0.0,0.2,360.0,1007.9,25.0
2026-09-23 16:00:00,40.5,25.6,94.0,0.0,3.6,342.0,1007.5,65.0
2026-09-23 17:00:00,27.0,25.2,97.0,0.0,4.1,13.0,1006.8,80.0
2026-09-23 18:00:00,19.4,25.1,96.0,0.0,4.2,20.0,1006.5,80.0
2026-09-23 19:00:00,18.4,24.9,95.0,0.0,4.0,39.0,1006.3,90.0
2026-09-23 20:00:00,30.9,24.5,96.0,0.0,3.6,37.0,1005.8,60.0
2026-09-23 21:00:00,30.7,24.4,96.0,0.0,2.7,37.0,1006.2,45.0
2026-09-23 22:00:00,34.2,24.4,96.0,0.0,3.0,25.0,1006.5,40.0
2026-09-23 23:00:00,34.8,25.2,94.0,0.0,2.5,4.0,1007.2,75.0
2026-09-24 00:00:00,32.3,27.4,87.0,0.0,2.2,336.0,1007.8,165.0
2026-09-24 01:00:00,22.3,29.3,77.0,0.0,1.5,315.0,1008.1,405.0
2026-09-24 02:00:00,31.8,30.4,71.0,0.0,2.6,282.0,1008.0,820.0
2026-09-24 03:00:00,58.7,31.2,67.0,0.0,5.4,266.0,1007.2,1015.0
2026-09-24 04:00:00,53.8,31.4,66.0,0.0,7.9,270.0,1006.3,995.0
2026-09-24 05:00:00,46.9,31.2,65.0,0.0,9.7,270.0,1005.1,955.0
2026-09-24 06:00:00,36.1,29.3,76.0,0.1,6.6,11.0,1004.8,505.0
2026-09-24 07:00:00,33.2,29.4,77.0,0.3,3.9,13.0,1004.5,565.0
2026-09-24 08:00:00,38.6,29.3,76.0,0.2,5.8,22.0,1004.5,535.0
2026-09-24 09:00:00,40.0,28.7,78.0,0.7,1.9,22.0,1004.8,470.0
2026-09-24 10:00:00,36.0,28.3,79.0,0.1,1.3,270.0,1005.5,220.0
2026-09-24 11:00:00,37.4,27.9,81.0,0.2,0.7,104.0,1006.1,40.0
2026-09-24 12:00:00,22.3,25.7,95.0,0.0,5.1,27.0,1007.2,135.0
2026-09-24 13:00:00,13.6,25.8,96.0,0.3,4.9,54.0,1007.7,115.0
2026-09-24 14:00:00,19.9,25.9,95.0,0.0,4.0,69.0,1007.5,85.0
2026-09-24 15:00:00,21.9,25.8,95.0,0.0,3.7,119.0,1007.3,60.0
2026-09-24 16:00:00,26.1,25.6,95.0,0.0,4.1,139.0,1006.8,65.0
2026-09-24 17:00:00,28.3,25.1,96.0,0.0,3.5,118.0,1006.4,45.0
2026-09-24 18:00:00,31.4,25.2,96.0,0.0,3.6,9.0,1006.3,55.0
2026-09-24 19:00:00,34.8,25.0,97.0,0.0,4.4,9.0,1005.9,85.0
2026-09-24 20:00:00,33.0,24.8,98.0,0.0,3.5,28.0,1005.8,65.0
2026-09-24 21:00:00,33.9,24.6,99.0,0.0,3.6,57.0,1005.9,55.0
2026-09-24 22:00:00,36.1,24.3,100.0,0.0,3.4,47.0,1006.1,35.0
2026-09-24 23:00:00,32.4,25.4,94.0,0.0,2.5,4.0,1006.9,65.0
2026-09-25 00:00:00,28.5,28.2,79.0,0.0,1.3,344.0,1007.4,245.0
2026-09-25 01:00:00,29.0,29.8,72.0,0.0,1.6,270.0,1007.4,520.0
2026-09-25 02:00:00,32.0,31.1,63.0,0.1,1.4,220.0,1007.3,910.0
2026-09-25 03:00:00,33.0,31.9,59.0,0.1,2.1,232.0,1006.7,1025.0
2026-09-25 04:00:00,49.1,32.3,58.0,0.2,4.5,233.0,1006.0,1155.0
2026-09-25 05:00:00,43.3,32.0,60.0,0.4,5.8,200.0,1005.2,1180.0
2026-09-25 06:00:00,6.7,30.8,64.0,0.5,2.8,40.0,1005.0,725.0
2026-09-25 07:00:00,5.5,30.1,70.0,0.5,3.5,15.0,1004.2,410.0
2026-09-25 08:00:00,3.9,30.5,69.0,0.1,2.1,340.0,1004.6,570.0
2026-09-25 09:00:00,16.9,30.2,70.0,0.0,1.4,360.0,1004.9,570.0
2026-09-25 10:00:00,28.7,28.2,78.0,0.7,1.5,240.0,1005.8,35.0
2026-09-25 11:00:00,34.5,26.3,91.0,2.9,3.3,315.0,1006.4,60.0
2026-09-25 12:00:00,35.2,27.2,89.0,0.6,5.4,48.0,1006.7,100.0
2026-09-25 13:00:00,44.9,26.7,93.0,0.0,3.3,61.0,1006.8,60.0
2026-09-25 14:00:00,45.3,26.5,94.0,0.0,0.8,45.0,1006.8,15.0
2026-09-25 15:00:00,34.4,26.2,97.0,0.0,1.0,22.0,1006.7,15.0
2026-09-25 16:00:00,16.3,25.8,99.0,0.0,2.8,27.0,1006.4,30.0
2026-09-25 17:00:00,9.0,25.2,99.0,0.0,4.0,32.0,1005.7,35.0
2026-09-25 18:00:00,5.2,25.1,98.0,0.0,3.5,15.0,1005.5,40.0
2026-09-25 19:00:00,5.4,24.6,99.0,0.0,3.7,14.0,1005.5,35.0
2026-09-25 20:00:00,6.4,24.3,99.0,0.0,4.0,18.0,1005.4,35.0
2026-09-25 21:00:00,7.1,24.1,99.0,0.0,2.5,8.0,1005.7,35.0
2026-09-25 22:00:00,10.4,23.9,99.0,0.0,3.6,41.0,1006.0,35.0
2026-09-25 23:00:00,13.2,25.0,95.0,0.0,2.3,23.0,1006.4,60.0
2026-09-26 00:00:00,23.1,28.1,77.0,0.0,1.4,90.0,1007.2,180.0
2026-09-26 01:00:00,30.5,29.9,69.0,0.0,1.9,197.0,1007.4,655.0
2026-09-26 02:00:00,43.6,31.0,64.0,0.1,3.1,220.0,1007.4,870.0
2026-09-26 03:00:00,40.8,31.4,63.0,0.2,3.8,245.0,1006.9,910.0
2026-09-26 04:00:00,37.9,31.8,63.0,0.1,5.2,254.0,1006.0,970.0
2026-09-26 05:00:00,37.2,32.3,60.0,0.0,7.9,253.0,1004.9,1120.0
2026-09-26 06:00:00,31.2,32.0,60.0,0.1,9.3,233.0,1004.3,1065.0
2026-09-26 07:00:00,31.2,31.8,58.0,0.0,8.0,220.0,1004.1,1010.0
2026-09-26 08:00:00,31.1,31.3,59.0,0.0,10.4,231.0,1003.9,1010.0
2026-09-26 09:00:00,35.4,30.6,63.0,0.0,10.1,215.0,1004.2,810.0
2026-09-26 10:00:00,29.5,29.2,74.0,0.0,9.0,179.0,1004.6,450.0
2026-09-26 11:00:00,24.2,28.4,81.0,0.0,3.3,139.0,1005.4,290.0
2026-09-26 12:00:00,26.0,28.6,81.0,0.2,4.5,16.0,1006.0,105.0
2026-09-26 13:00:00,39.5,27.8,88.0,0.0,6.2,44.0,1006.5,105.0
2026-09-26 14:00:00,71.1,27.4,90.0,0.0,5.3,45.0,1006.6,60.0
2026-09-26 15:00:00,59.4,27.1,92.0,0.0,4.0,39.0,1006.3,40.0
2026-09-26 16:00:00,50.4,26.7,94.0,0.0,4.0,32.0,1005.6,40.0
2026-09-26 17:00:00,48.4,26.3,96.0,0.0,3.8,11.0,1004.9,40.0
2026-09-26 18:00:00,47.0,25.9,96.0,0.0,3.5,351.0,1005.0,70.0
2026-09-26 19:00:00,44.4,25.5,97.0,0.0,3.2,326.0,1005.0,85.0
2026-09-26 20:00:00,44.5,25.1,96.0,0.0,3.4,360.0,1005.0,110.0
2026-09-26 21:00:00,42.5,25.0,95.0,0.0,3.1,21.0,1005.3,115.0
2026-09-26 22:00:00,38.5,24.7,96.0,0.0,2.9,30.0,1005.4,90.0
2026-09-26 23:00:00,41.0,25.5,93.0,0.0,1.5,30.0,1006.2,110.0
2026-09-27 00:00:00,39.6,28.2,81.0,0.0,0.4,207.0,1006.6,215.0
2026-09-27 01:00:00,36.0,30.2,70.0,0.0,3.0,284.0,1006.7,680.0
2026-09-27 02:00:00,37.3,31.5,63.0,0.0,4.1,293.0,1006.5,950.0
2026-09-27 03:00:00,47.3,32.5,59.0,0.0,5.4,284.0,1005.8,1155.0
2026-09-27 04:00:00,47.9,32.9,57.0,0.0,6.7,272.0,1004.9,1180.0
2026-09-27 05:00:00,46.2,33.6,52.0,0.0,7.4,263.0,1003.9,1365.0
2026-09-27 06:00:00,51.8,33.6,50.0,0.0,8.8,269.0,1003.2,1245.0
2026-09-27 07:00:00,53.7,33.4,48.0,0.0,9.3,255.0,1002.9,1165.0
2026-09-27 08:00:00,46.5,32.5,52.0,0.0,9.0,239.0,1002.8,845.0
2026-09-27 09:00:00,36.1,31.7,58.0,0.0,7.9,243.0,1003.3,700.0
2026-09-27 10:00:00,23.9,29.0,69.0,0.5,2.3,241.0,1004.5,350.0
2026-09-27 11:00:00,25.2,27.4,80.0,1.0,4.3,360.0,1005.1,85.0
2026-09-27 12:00:00,37.0,30.0,64.0,0.3,4.2,85.0,1005.6,360.0
2026-09-27 13:00:00,42.9,29.5,69.0,0.0,6.0,106.0,1006.3,260.0
2026-09-27 14:00:00,48.0,28.8,74.0,0.0,5.4,111.0,1006.6,145.0
2026-09-27 15:00:00,45.8,28.4,75.0,0.1,4.5,151.0,1006.4,85.0
2026-09-27 16:00:00,44.1,28.1,77.0,0.0,3.4,74.0,1006.1,50.0
2026-09-27 17:00:00,36.2,27.7,80.0,0.1,2.9,338.0,1005.9,40.0
2026-09-27 18:00:00,33.0,27.8,79.0,0.0,3.2,341.0,1005.7,40.0
2026-09-27 19:00:00,34.3,27.3,83.0,0.0,4.2,355.0,1005.7,60.0
2026-09-27 20:00:00,34.6,26.8,86.0,0.0,4.9,10.0,1005.8,75.0
2026-09-27 21:00:00,34.9,26.5,87.0,0.0,5.3,8.0,1006.1,100.0
2026-09-27 22:00:00,37.8,26.3,87.0,0.0,4.7,353.0,1006.7,125.0
2026-09-27 23:00:00,38.0,27.2,82.0,0.0,3.5,339.0,1007.3,155.0
2026-09-28 00:00:00,36.9,28.9,76.0,0.0,3.1,320.0,1007.9,300.0
2026-09-28 01:00:00,37.9,30.5,69.0,0.0,5.5,324.0,1008.2,825.0
2026-09-28 02:00:00,51.9,31.5,63.0,0.1,6.2,338.0,1008.4,940.0
2026-09-28 03:00:00,41.2,32.3,59.0,0.6,6.2,292.0,1008.2,1240.0
2026-09-28 04:00:00,44.4,32.9,57.0,0.1,6.5,278.0,1007.1,1360.0
2026-09-28 05:00:00,37.0,32.4,61.0,0.1,9.1,278.0,1006.0,1130.0
2026-09-28 06:00:00,29.6,33.1,56.0,0.1,8.3,269.0,1005.4,1155.0
2026-09-28 07:00:00,34.8,33.2,54.0,0.0,9.1,261.0,1004.6,1095.0
2026-09-28 08:00:00,37.4,32.3,56.0,0.1,5.2,292.0,1005.2,1050.0
2026-09-28 09:00:00,48.0,30.2,66.0,0.6,8.7,326.0,1005.4,625.0
2026-09-28 10:00:00,37.2,29.2,72.0,0.0,5.6,21.0,1006.5,305.0
2026-09-28 11:00:00,42.3,28.2,75.0,0.5,6.8,335.0,1007.5,245.0
2026-09-28 12:00:00,22.0,25.5,96.0,0.3,4.6,149.0,1008.7,175.0
2026-09-28 13:00:00,29.7,25.5,92.0,0.9,6.0,123.0,1008.6,180.0
2026-09-28 14:00:00,35.8,25.9,88.0,0.1,3.8,115.0,1009.2,140.0
2026-09-28 15:00:00,36.1,26.1,85.0,0.0,1.7,77.0,1008.8,120.0
2026-09-28 16:00:00,39.3,25.8,87.0,0.0,3.2,56.0,1008.6,90.0
2026-09-28 17:00:00,42.8,25.7,89.0,0.0,2.4,42.0,1008.2,60.0
2026-09-28 18:00:00,47.9,26.3,85.0,0.0,2.7,32.0,1007.9,30.0
2026-09-28 19:00:00,47.7,25.8,88.0,0.0,3.9,47.0,1007.8,35.0
2026-09-28 20:00:00,46.9,25.7,88.0,0.0,4.5,29.0,1007.4,45.0
2026-09-28 21:00:00,46.5,25.5,90.0,0.0,4.9,2.0,1007.6,65.0
2026-09-28 22:00:00,45.6,25.2,92.0,0.0,5.3,18.0,1007.7,80.0
2026-09-28 23:00:00,40.1,26.2,87.0,0.0,4.3,2.0,1008.8,120.0
