datetime,pm25,temperature_2m,relative_humidity_2m,precipitation,wind_speed_10m,wind_direction_10m,surface_pressure,boundary_layer_height
2025-01-01 00:00:00,,25.5,91.0,0.0,1.1,189.0,1009.3,160.0
2025-01-01 01:00:00,,26.7,88.0,0.0,3.5,208.0,1009.9,285.0
2025-01-01 02:00:00,,27.3,86.0,0.2,2.7,203.0,1009.9,450.0
2025-01-01 03:00:00,,28.0,83.0,0.3,0.4,207.0,1009.3,575.0
2025-01-01 04:00:00,,29.0,76.0,0.3,5.1,72.0,1008.4,810.0
2025-01-01 05:00:00,,29.1,74.0,0.2,2.9,60.0,1007.6,1150.0
2025-01-01 06:00:00,,29.0,74.0,0.1,1.5,159.0,1006.7,595.0
2025-01-01 07:00:00,,29.0,74.0,0.2,3.3,167.0,1006.5,570.0
2025-01-01 08:00:00,,28.8,72.0,0.9,6.6,127.0,1006.6,430.0
2025-01-01 09:00:00,,27.5,79.0,1.4,6.6,137.0,1007.4,320.0
2025-01-01 10:00:00,,27.0,85.0,0.0,5.6,121.0,1007.8,240.0
2025-01-01 11:00:00,,26.5,87.0,0.0,6.9,131.0,1008.5,175.0
2025-01-01 12:00:00,,26.4,86.0,0.0,6.3,121.0,1009.1,165.0
2025-01-01 13:00:00,,26.5,84.0,0.0,6.4,133.0,1009.1,195.0
2025-01-01 14:00:00,,26.2,85.0,0.0,5.6,149.0,1009.6,200.0
2025-01-01 15:00:00,,26.0,87.0,0.0,4.2,137.0,1009.3,150.0
2025-01-01 16:00:00,,25.9,87.0,0.0,2.4,126.0,1009.1,115.0
2025-01-01 17:00:00,,25.7,88.0,0.0,0.9,360.0,1008.8,30.0
2025-01-01 18:00:00,,25.5,90.0,0.0,0.7,270.0,1008.3,15.0
2025-01-01 19:00:00,,25.4,91.0,0.0,1.4,270.0,1008.0,100.0
2025-01-01 20:00:00,,25.4,92.0,0.0,1.2,231.0,1007.9,125.0
2025-01-01 21:00:00,,25.3,90.0,0.0,1.1,108.0,1007.8,35.0
2025-01-01 22:00:00,,25.1,92.0,0.0,3.1,111.0,1008.1,75.0
2025-01-01 23:00:00,,25.2,90.0,0.0,1.6,96.0,1008.4,55.0
2025-01-02 00:00:00,,25.9,86.0,0.0,4.1,119.0,1009.1,230.0
2025-01-02 01:00:00,,27.1,83.0,0.0,0.5,270.0,1009.5,310.0
2025-01-02 02:00:00,,28.1,78.0,0.0,1.2,117.0,1009.3,535.0
2025-01-02 03:00:00,,29.0,73.0,0.1,3.1,167.0,1008.7,675.0
2025-01-02 04:00:00,,29.7,70.0,0.1,4.6,132.0,1007.9,810.0
2025-01-02 05:00:00,,30.1,69.0,0.1,6.5,134.0,1006.7,920.0
2025-01-02 06:00:00,,30.1,67.0,0.1,6.4,122.0,1005.8,860.0
2025-01-02 07:00:00,,30.0,66.0,0.0,4.4,83.0,1005.3,840.0
2025-01-02 08:00:00,,29.5,68.0,0.0,3.9,77.0,1005.4,575.0
2025-01-02 09:00:00,,28.9,71.0,0.0,3.1,36.0,1006.2,375.0
2025-01-02 10:00:00,,27.7,81.0,0.0,5.2,301.0,1006.7,80.0
2025-01-02 11:00:00,,25.2,91.0,0.0,14.9,315.0,1007.8,245.0
2025-01-02 12:00:00,,25.2,89.0,0.0,4.2,335.0,1008.7,185.0
2025-01-02 13:00:00,,25.3,93.0,0.7,6.9,319.0,1008.8,225.0
2025-01-02 14:00:00,,25.1,93.0,0.2,5.2,326.0,1009.1,200.0
2025-01-02 15:00:00,,25.1,93.0,0.1,6.0,323.0,1009.1,200.0
2025-01-02 16:00:00,,25.2,93.0,0.0,2.5,330.0,1008.8,145.0
2025-01-02 17:00:00,,25.1,93.0,0.0,0.7,346.0,1008.4,125.0
2025-01-02 18:00:00,,25.1,94.0,0.0,3.7,166.0,1007.8,185.0
2025-01-02 19:00:00,,25.2,91.0,0.1,4.5,146.0,1007.3,195.0
2025-01-02 20:00:00,,25.2,92.0,0.0,2.3,86.0,1007.2,100.0
2025-01-02 21:00:00,,25.2,92.0,0.0,4.3,156.0,1007.4,190.0
2025-01-02 22:00:00,,25.1,92.0,0.0,5.6,97.0,1007.6,180.0
2025-01-02 23:00:00,,24.9,94.0,0.0,5.1,73.0,1008.3,150.0
2025-01-03 00:00:00,,25.6,88.0,0.0,2.2,95.0,1009.0,160.0
2025-01-03 01:00:00,,26.9,85.0,0.0,2.7,28.0,1009.7,360.0
2025-01-03 02:00:00,,27.8,78.0,0.0,2.6,25.0,1009.7,640.0
2025-01-03 03:00:00,,28.4,77.0,0.1,1.9,326.0,1009.1,665.0
2025-01-03 04:00:00,,28.8,76.0,0.1,2.3,270.0,1008.1,730.0
2025-01-03 05:00:00,,29.0,75.0,0.1,4.5,241.0,1006.7,745.0
2025-01-03 06:00:00,,27.9,81.0,0.5,5.5,229.0,1006.0,290.0
2025-01-03 07:00:00,,28.0,79.0,0.1,3.8,107.0,1005.9,410.0
2025-01-03 08:00:00,,27.4,81.0,0.1,5.8,97.0,1005.9,350.0
2025-01-03 09:00:00,,27.0,82.0,0.0,5.4,86.0,1006.5,315.0
2025-01-03 10:00:00,,26.6,85.0,0.0,3.9,74.0,1006.7,195.0
2025-01-03 11:00:00,,26.3,88.0,0.0,6.1,355.0,1007.8,225.0
2025-01-03 12:00:00,,25.7,88.0,0.4,7.0,339.0,1008.8,275.0
2025-01-03 13:00:00,,24.7,94.0,1.1,9.9,16.0,1009.3,255.0
2025-01-03 14:00:00,,24.2,97.0,3.2,5.8,351.0,1009.6,165.0
2025-01-03 15:00:00,,24.0,98.0,0.7,6.8,358.0,1009.4,255.0
2025-01-03 16:00:00,,24.1,96.0,0.2,4.3,24.0,1009.3,210.0
2025-01-03 17:00:00,,24.1,94.0,0.1,4.5,50.0,1008.5,190.0
2025-01-03 18:00:00,,23.8,96.0,0.1,4.4,69.0,1008.1,160.0
2025-01-03 19:00:00,,23.7,94.0,0.0,2.5,90.0,1007.4,125.0
2025-01-03 20:00:00,,23.8,92.0,0.0,4.5,113.0,1007.0,160.0
2025-01-03 21:00:00,,24.1,92.0,0.0,8.4,106.0,1006.8,210.0
2025-01-03 22:00:00,,23.9,94.0,0.0,5.8,99.0,1007.3,120.0
2025-01-03 23:00:00,,24.1,93.0,0.0,5.6,111.0,1007.8,115.0
2025-01-04 00:00:00,,24.7,91.0,0.0,2.7,90.0,1008.6,130.0
2025-01-04 01:00:00,,25.8,91.0,0.0,3.6,311.0,1009.4,200.0
2025-01-04 02:00:00,,27.1,83.0,0.0,2.4,283.0,1009.3,370.0
2025-01-04 03:00:00,,27.9,79.0,0.0,1.7,212.0,1009.1,580.0
2025-01-04 04:00:00,,28.3,79.0,0.2,1.7,212.0,1008.4,635.0
2025-01-04 05:00:00,,29.4,74.0,0.1,2.4,253.0,1007.2,1155.0
2025-01-04 06:00:00,,29.8,68.0,0.0,1.4,180.0,1006.1,1200.0
2025-01-04 07:00:00,,29.9,63.0,0.0,2.0,153.0,1005.8,1145.0
2025-01-04 08:00:00,,29.8,64.0,0.0,1.7,167.0,1006.0,1115.0
2025-01-04 09:00:00,,29.2,64.0,0.0,0.9,349.0,1006.6,50.0
2025-01-04 10:00:00,,27.9,75.0,0.0,6.3,357.0,1007.4,140.0
2025-01-04 11:00:00,,27.0,79.0,0.0,8.0,352.0,1007.9,125.0
2025-01-04 12:00:00,,26.4,83.0,0.0,4.4,351.0,1008.6,60.0
2025-01-04 13:00:00,,26.8,79.0,0.0,3.1,306.0,1009.9,35.0
2025-01-04 14:00:00,,26.5,74.0,0.0,3.8,278.0,1009.8,80.0
2025-01-04 15:00:00,,26.1,74.0,0.0,3.3,315.0,1009.8,75.0
2025-01-04 16:00:00,,25.4,77.0,0.0,6.3,333.0,1009.8,125.0
2025-01-04 17:00:00,,25.0,79.0,0.0,7.1,330.0,1009.5,110.0
2025-01-04 18:00:00,,24.8,79.0,0.0,6.6,323.0,1008.8,95.0
2025-01-04 19:00:00,,24.6,80.0,0.0,7.8,341.0,1008.4,105.0
2025-01-04 20:00:00,,24.2,78.0,0.0,9.8,337.0,1008.4,145.0
2025-01-04 21:00:00,,24.0,80.0,0.0,6.9,319.0,1009.0,100.0
2025-01-04 22:00:00,,24.0,82.0,0.0,3.3,338.0,1009.3,55.0
2025-01-04 23:00:00,,24.2,84.0,0.0,3.0,335.0,1010.0,55.0
2025-01-05 00:00:00,,24.9,75.0,0.0,3.7,325.0,1010.6,150.0
2025-01-05 01:00:00,,25.7,68.0,0.0,3.1,283.0,1011.4,820.0
2025-01-05 02:00:00,,26.3,69.0,0.0,3.8,270.0,1011.6,995.0
2025-01-05 03:00:00,,27.1,68.0,0.0,4.5,43.0,1011.1,915.0
2025-01-05 04:00:00,,28.5,63.0,0.0,9.4,73.0,1010.2,1250.0
2025-01-05 05:00:00,,28.9,61.0,0.0,10.2,48.0,1009.1,1200.0
2025-01-05 06:00:00,,28.9,61.0,0.0,12.3,46.0,1008.3,1215.0
2025-01-05 07:00:00,,28.5,63.0,0.0,12.1,69.0,1007.6,1120.0
2025-01-05 08:00:00,,28.0,65.0,0.0,10.4,62.0,1007.5,990.0
2025-01-05 09:00:00,,27.2,70.0,0.0,8.1,31.0,1007.9,480.0
2025-01-05 10:00:00,,26.1,78.0,0.0,8.5,358.0,1008.4,235.0
2025-01-05 11:00:00,,25.6,80.0,0.0,7.8,356.0,1009.0,170.0
2025-01-05 12:00:00,,25.3,82.0,0.0,5.4,354.0,1009.8,100.0
2025-01-05 13:00:00,,25.3,83.0,0.0,6.0,351.0,1010.4,140.0
2025-01-05 14:00:00,,25.0,85.0,0.0,3.9,344.0,1010.7,115.0
2025-01-05 15:00:00,,24.9,86.0,0.0,1.5,324.0,1010.3,100.0
2025-01-05 16:00:00,,24.7,87.0,0.0,1.5,353.0,1010.0,80.0
2025-01-05 17:00:00,,24.3,89.0,0.0,3.5,332.0,1009.7,85.0
2025-01-05 18:00:00,,24.1,89.0,0.0,5.3,332.0,1008.9,150.0
2025-01-05 19:00:00,,24.0,88.0,0.0,5.6,343.0,1008.5,180.0
2025-01-05 20:00:00,,24.0,87.0,0.0,5.9,12.0,1008.5,180.0
2025-01-05 21:00:00,,23.9,88.0,0.0,5.2,25.0,1008.8,150.0
2025-01-05 22:00:00,,23.6,90.0,0.0,5.4,8.0,1009.2,160.0
2025-01-05 23:00:00,,23.7,90.0,0.0,7.0,13.0,1009.8,170.0
2025-01-06 00:00:00,,24.4,88.0,0.0,6.7,16.0,1010.7,190.0
2025-01-06 01:00:00,,26.1,81.0,0.0,6.7,360.0,1011.4,325.0
2025-01-06 02:00:00,,27.0,76.0,0.0,4.0,3.0,1010.9,595.0
2025-01-06 03:00:00,,28.1,71.0,0.0,4.0,355.0,1010.3,810.0
2025-01-06 04:00:00,,29.1,66.0,0.2,2.7,340.0,1009.3,940.0
2025-01-06 05:00:00,,29.3,65.0,0.4,2.6,326.0,1008.4,930.0
2025-01-06 06:00:00,,29.6,65.0,0.2,0.4,270.0,1007.6,840.0
2025-01-06 07:00:00,,28.1,71.0,0.5,7.8,119.0,1007.4,610.0
2025-01-06 08:00:00,,26.2,81.0,1.1,6.5,156.0,1007.4,220.0
2025-01-06 09:00:00,,26.2,82.0,0.1,5.2,200.0,1007.6,115.0
2025-01-06 10:00:00,,26.2,86.0,0.0,4.3,222.0,1008.2,65.0
2025-01-06 11:00:00,,26.2,89.0,0.0,2.2,204.0,1008.7,30.0
2025-01-06 12:00:00,,26.0,89.0,0.0,3.9,133.0,1009.4,100.0
2025-01-06 13:00:00,,26.1,87.0,0.0,6.4,108.0,1010.0,120.0
2025-01-06 14:00:00,,25.8,84.0,0.0,5.7,148.0,1010.1,135.0
2025-01-06 15:00:00,,25.4,86.0,0.0,5.4,154.0,1009.9,125.0
2025-01-06 16:00:00,,25.1,88.0,0.0,3.3,144.0,1009.4,60.0
2025-01-06 17:00:00,,24.9,90.0,0.0,1.0,59.0,1008.8,20.0
2025-01-06 18:00:00,,24.4,92.0,0.0,2.6,344.0,1008.2,45.0
2025-01-06 19:00:00,,24.3,92.0,0.0,3.1,332.0,1007.6,65.0
2025-01-06 20:00:00,,24.2,91.0,0.0,2.7,323.0,1007.9,65.0
2025-01-06 21:00:00,,24.2,88.0,0.0,4.3,318.0,1008.6,115.0
2025-01-06 22:00:00,,24.2,86.0,0.0,3.5,321.0,1009.3,120.0
2025-01-06 23:00:00,,24.4,85.0,0.0,2.7,307.0,1009.7,90.0
2025-01-07 00:00:00,,25.0,83.0,0.0,1.8,281.0,1010.5,185.0
2025-01-07 01:00:00,,26.3,78.0,0.0,5.7,314.0,1011.0,360.0
2025-01-07 02:00:00,,27.4,73.0,0.0,2.9,356.0,1010.9,725.0
2025-01-07 03:00:00,,28.4,70.0,0.3,3.5,78.0,1010.3,810.0
2025-01-07 04:00:00,,29.7,66.0,0.1,5.9,72.0,1009.5,1270.0
2025-01-07 05:00:00,,29.7,64.0,0.4,7.2,65.0,1008.5,1260.0
2025-01-07 06:00:00,,29.7,63.0,0.0,10.1,49.0,1007.7,1250.0
2025-01-07 07:00:00,,29.5,64.0,0.1,10.3,50.0,1007.3,1235.0
2025-01-07 08:00:00,,28.9,64.0,0.2,10.2,42.0,1007.4,1085.0
2025-01-07 09:00:00,,28.3,66.0,0.0,8.3,42.0,1008.3,1020.0
2025-01-07 10:00:00,,27.2,75.0,0.0,4.5,16.0,1009.0,150.0
2025-01-07 11:00:00,,26.3,84.0,0.0,3.6,33.0,1009.7,60.0
2025-01-07 12:00:00,,25.8,88.0,0.0,4.5,360.0,1010.3,85.0
2025-01-07 13:00:00,,26.1,80.0,0.0,8.1,360.0,1011.0,155.0
2025-01-07 14:00:00,,25.7,80.0,0.0,8.4,351.0,1010.9,145.0
2025-01-07 15:00:00,,25.4,81.0,0.0,7.0,347.0,1010.5,110.0
2025-01-07 16:00:00,,25.2,80.0,0.0,7.3,351.0,1010.3,100.0
2025-01-07 17:00:00,,25.0,82.0,0.0,5.5,343.0,1009.9,85.0
2025-01-07 18:00:00,,24.7,83.0,0.0,6.2,334.0,1009.4,90.0
2025-01-07 19:00:00,,24.4,84.0,0.0,6.2,327.0,1009.0,110.0
2025-01-07 20:00:00,,24.2,84.0,0.0,7.3,332.0,1008.8,120.0
2025-01-07 21:00:00,,24.1,83.0,0.0,7.3,335.0,1009.2,135.0
2025-01-07 22:00:00,,24.0,83.0,0.0,5.6,353.0,1009.8,95.0
2025-01-07 23:00:00,,24.1,84.0,0.0,5.1,352.0,1010.4,85.0
2025-01-08 00:00:00,,24.7,80.0,0.0,4.4,322.0,1011.2,160.0
2025-01-08 01:00:00,,26.3,75.0,0.0,1.9,287.0,1011.4,905.0
2025-01-08 02:00:00,,27.3,71.0,0.0,5.3,52.0,1011.4,1035.0
2025-01-08 03:00:00,,28.4,65.0,0.0,8.6,67.0,1010.9,1125.0
2025-01-08 04:00:00,,28.9,63.0,0.0,9.9,68.0,1010.2,1160.0
2025-01-08 05:00:00,,29.4,60.0,0.0,11.1,63.0,1009.3,1245.0
2025-01-08 06:00:00,,29.4,60.0,0.0,9.6,69.0,1008.7,1270.0
2025-01-08 07:00:00,,29.4,59.0,0.0,9.1,69.0,1008.5,1260.0
2025-01-08 08:00:00,,28.8,61.0,0.0,7.7,79.0,1008.7,1170.0
2025-01-08 09:00:00,,27.9,65.0,0.0,7.5,101.0,1009.3,1005.0
2025-01-08 10:00:00,,26.9,71.0,0.0,9.5,115.0,1009.9,885.0
2025-01-08 11:00:00,,26.2,75.0,0.0,8.2,122.0,1010.3,275.0
2025-01-08 12:00:00,,25.8,78.0,0.0,8.0,117.0,1010.9,280.0
2025-01-08 13:00:00,,26.3,78.0,0.0,4.7,108.0,1011.3,170.0
2025-01-08 14:00:00,,25.9,81.0,0.0,2.8,117.0,1011.5,55.0
2025-01-08 15:00:00,,25.6,82.0,0.0,1.0,292.0,1011.3,20.0
2025-01-08 16:00:00,,25.4,84.0,0.0,2.0,297.0,1011.2,55.0
2025-01-08 17:00:00,,25.0,87.0,0.0,3.2,313.0,1010.7,115.0
2025-01-08 18:00:00,,24.8,87.0,0.0,4.8,338.0,1010.1,125.0
2025-01-08 19:00:00,,24.6,86.0,0.0,5.1,342.0,1009.3,120.0
2025-01-08 20:00:00,,24.5,85.0,0.0,4.7,344.0,1009.2,100.0
2025-01-08 21:00:00,,24.4,85.0,0.0,3.9,347.0,1009.8,85.0
2025-01-08 22:00:00,,24.3,85.0,0.0,4.1,337.0,1010.2,75.0
2025-01-08 23:00:00,,24.5,85.0,0.0,4.0,330.0,1010.9,85.0
2025-01-09 00:00:00,,25.6,79.0,0.0,2.2,305.0,1011.7,175.0
2025-01-09 01:00:00,,26.8,75.0,0.0,3.2,177.0,1012.8,980.0
2025-01-09 02:00:00,,28.0,66.0,0.0,6.7,81.0,1012.6,1060.0
2025-01-09 03:00:00,,29.4,58.0,0.0,8.9,77.0,1012.0,1220.0
2025-01-09 04:00:00,,30.0,54.0,0.0,9.9,81.0,1011.2,1350.0
2025-01-09 05:00:00,,30.4,52.0,0.0,12.7,77.0,1010.1,1435.0
2025-01-09 06:00:00,,30.0,52.0,0.0,13.7,81.0,1009.3,1355.0
2025-01-09 07:00:00,,29.8,51.0,0.0,12.0,81.0,1009.1,1315.0
2025-01-09 08:00:00,,29.1,54.0,0.0,12.4,88.0,1009.6,1195.0
2025-01-09 09:00:00,,28.1,58.0,0.0,9.3,105.0,1010.0,1060.0
2025-01-09 10:00:00,,27.1,62.0,0.0,8.5,117.0,1010.7,935.0
2025-01-09 11:00:00,,26.8,63.0,0.0,5.4,132.0,1011.7,870.0
2025-01-09 12:00:00,,26.6,64.0,0.0,3.5,129.0,1012.4,80.0
2025-01-09 13:00:00,,26.7,66.0,0.0,1.9,56.0,1012.7,45.0
2025-01-09 14:00:00,,26.4,67.0,0.0,0.9,143.0,1012.8,25.0
2025-01-09 15:00:00,,26.0,70.0,0.0,3.6,127.0,1012.9,175.0
2025-01-09 16:00:00,,25.8,71.0,0.0,5.7,122.0,1012.4,170.0
2025-01-09 17:00:00,,25.4,73.0,0.0,2.9,133.0,1012.3,55.0
2025-01-09 18:00:00,,25.0,76.0,0.0,1.5,7.0,1011.4,30.0
2025-01-09 19:00:00,,24.6,78.0,0.0,3.7,337.0,1011.2,115.0
2025-01-09 20:00:00,,24.5,79.0,0.0,4.1,322.0,1011.2,110.0
2025-01-09 21:00:00,,24.5,79.0,0.0,3.9,338.0,1011.5,115.0
2025-01-09 22:00:00,,24.4,80.0,0.0,2.3,337.0,1011.9,80.0
2025-01-09 23:00:00,,24.5,80.0,0.0,1.5,284.0,1012.5,80.0
2025-01-10 00:00:00,,25.2,77.0,0.0,2.7,270.0,1013.4,270.0
2025-01-10 01:00:00,,26.8,67.0,0.0,3.0,218.0,1014.6,885.0
2025-01-10 02:00:00,,28.3,60.0,0.0,6.2,49.0,1014.4,1130.0
2025-01-10 03:00:00,,29.7,54.0,0.0,8.3,72.0,1013.9,1310.0
2025-01-10 04:00:00,,30.2,51.0,0.0,9.4,66.0,1012.8,1325.0
2025-01-10 05:00:00,,30.4,51.0,0.2,8.8,64.0,1011.7,1295.0
2025-01-10 06:00:00,,30.5,51.0,0.2,6.5,85.0,1010.9,1350.0
2025-01-10 07:00:00,,30.4,51.0,0.0,6.9,96.0,1010.7,1420.0
2025-01-10 08:00:00,,29.6,53.0,0.0,7.4,103.0,1010.9,1320.0
2025-01-10 09:00:00,,28.6,57.0,0.0,8.6,110.0,1011.6,1270.0
2025-01-10 10:00:00,,27.8,61.0,0.0,8.2,99.0,1012.3,1220.0
2025-01-10 11:00:00,,27.2,62.0,0.0,5.8,124.0,1013.2,1085.0
2025-01-10 12:00:00,,26.8,65.0,0.0,5.9,153.0,1013.9,270.0
2025-01-10 13:00:00,,26.5,71.0,0.0,5.4,124.0,1013.9,260.0
2025-01-10 14:00:00,,26.0,74.0,0.1,4.3,156.0,1014.0,205.0
2025-01-10 15:00:00,,25.8,75.0,0.0,3.3,144.0,1014.1,185.0
2025-01-10 16:00:00,,25.7,76.0,0.0,1.4,180.0,1013.6,45.0
2025-01-10 17:00:00,,25.4,77.0,0.0,1.9,319.0,1013.0,45.0
2025-01-10 18:00:00,,25.1,77.0,0.0,4.3,336.0,1012.2,150.0
2025-01-10 19:00:00,,24.9,76.0,0.0,5.5,337.0,1011.5,175.0
2025-01-10 20:00:00,,24.8,75.0,0.0,5.8,334.0,1011.5,180.0
2025-01-10 21:00:00,,24.7,75.0,0.0,5.7,336.0,1011.8,150.0
2025-01-10 22:00:00,,24.6,76.0,0.0,6.1,336.0,1012.1,160.0
2025-01-10 23:00:00,,24.6,76.0,0.0,7.3,340.0,1012.7,185.0
2025-01-11 00:00:00,,25.4,72.0,0.0,6.8,331.0,1013.7,270.0
2025-01-11 01:00:00,,26.7,67.0,0.0,7.6,352.0,1014.3,990.0
2025-01-11 02:00:00,,27.5,63.0,0.0,9.0,20.0,1014.4,1050.0
2025-01-11 03:00:00,,29.1,57.0,0.0,11.5,46.0,1013.7,1340.0
2025-01-11 04:00:00,,29.5,55.0,0.0,14.4,53.0,1013.2,1320.0
2025-01-11 05:00:00,,29.5,55.0,0.0,13.9,48.0,1012.2,1410.0
2025-01-11 06:00:00,,29.2,56.0,0.0,13.6,53.0,1011.6,1295.0
2025-01-11 07:00:00,,28.8,57.0,0.0,11.7,43.0,1011.4,1335.0
2025-01-11 08:00:00,,28.4,59.0,0.0,9.3,53.0,1011.3,1320.0
2025-01-11 09:00:00,,27.7,62.0,0.0,8.1,58.0,1011.8,1210.0
2025-01-11 10:00:00,,27.0,65.0,0.0,6.6,53.0,1012.5,1080.0
2025-01-11 11:00:00,,26.4,68.0,0.1,5.2,14.0,1012.9,355.0
2025-01-11 12:00:00,,25.6,72.0,0.4,6.0,355.0,1013.5,225.0
2025-01-11 13:00:00,,25.7,73.0,0.0,12.3,10.0,1013.7,850.0
2025-01-11 14:00:00,,25.6,73.0,0.0,10.8,11.0,1013.7,365.0
2025-01-11 15:00:00,,25.3,75.0,0.0,10.3,2.0,1013.7,240.0
2025-01-11 16:00:00,,24.9,75.0,0.0,12.2,359.0,1013.0,265.0
2025-01-11 17:00:00,,24.7,75.0,0.0,11.4,357.0,1012.6,225.0
2025-01-11 18:00:00,,24.6,75.0,0.0,11.0,357.0,1011.8,215.0
2025-01-11 19:00:00,,24.3,75.0,0.0,13.0,358.0,1011.1,245.0
2025-01-11 20:00:00,,24.0,77.0,0.1,13.3,1.0,1011.1,235.0
2025-01-11 21:00:00,,23.8,79.0,0.3,13.1,358.0,1011.4,215.0
2025-01-11 22:00:00,,23.6,80.0,0.2,11.7,358.0,1012.1,215.0
2025-01-11 23:00:00,,23.8,79.0,0.1,13.9,5.0,1012.5,330.0
2025-01-12 00:00:00,,24.6,75.0,0.1,13.9,10.0,1013.2,475.0
2025-01-12 01:00:00,,25.2,74.0,0.0,14.1,11.0,1013.9,545.0
2025-01-12 02:00:00,,26.0,70.0,0.0,15.3,13.0,1013.5,1010.0
2025-01-12 03:00:00,,26.5,69.0,0.0,14.5,15.0,1013.0,1105.0
2025-01-12 04:00:00,,26.8,68.0,0.1,15.0,26.0,1012.2,1180.0
2025-01-12 05:00:00,,27.1,66.0,0.0,16.0,23.0,1011.3,1250.0
2025-01-12 06:00:00,,27.0,66.0,0.0,13.6,20.0,1010.6,1215.0
2025-01-12 07:00:00,,25.7,75.0,0.9,7.0,3.0,1010.4,195.0
2025-01-12 08:00:00,,25.5,76.0,0.1,9.8,342.0,1010.4,305.0
2025-01-12 09:00:00,,25.2,77.0,0.1,8.8,356.0,1010.9,285.0
2025-01-12 10:00:00,,25.1,78.0,0.1,8.8,356.0,1011.4,240.0
2025-01-12 11:00:00,,24.7,80.0,0.1,8.8,359.0,1011.9,195.0
2025-01-12 12:00:00,,24.6,81.0,0.0,7.4,1.0,1012.5,150.0
2025-01-12 13:00:00,,25.0,85.0,0.1,6.6,16.0,1012.7,225.0
2025-01-12 14:00:00,,24.6,83.0,0.1,7.9,340.0,1012.9,165.0
2025-01-12 15:00:00,,24.2,84.0,0.2,7.4,347.0,1013.0,150.0
2025-01-12 16:00:00,,23.8,86.0,0.3,6.9,351.0,1012.4,115.0
2025-01-12 17:00:00,,23.6,88.0,0.1,5.0,330.0,1011.9,85.0
2025-01-12 18:00:00,,23.6,88.0,0.2,6.0,309.0,1011.2,90.0
2025-01-12 19:00:00,,23.6,88.0,0.2,4.8,340.0,1010.4,90.0
2025-01-12 20:00:00,,23.4,90.0,0.0,2.9,338.0,1010.6,70.0
2025-01-12 21:00:00,,23.3,91.0,0.1,4.5,346.0,1010.7,65.0
2025-01-12 22:00:00,,23.1,91.0,0.7,3.6,319.0,1011.5,75.0
2025-01-12 23:00:00,,22.9,94.0,0.7,7.5,350.0,1012.0,100.0
2025-01-13 00:00:00,,23.4,90.0,0.2,5.5,324.0,1012.8,120.0
2025-01-13 01:00:00,,24.5,82.0,0.0,8.6,340.0,1013.4,210.0
2025-01-13 02:00:00,,25.6,78.0,0.0,6.2,350.0,1013.5,345.0
2025-01-13 03:00:00,,26.2,76.0,0.0,8.1,6.0,1012.8,1105.0
2025-01-13 04:00:00,,27.2,71.0,0.0,10.3,44.0,1011.9,1250.0
2025-01-13 05:00:00,,27.4,69.0,0.0,11.1,47.0,1011.0,1280.0
2025-01-13 06:00:00,,27.1,69.0,0.0,9.8,55.0,1010.2,1255.0
2025-01-13 07:00:00,,27.2,69.0,0.0,9.6,62.0,1010.1,1285.0
2025-01-13 08:00:00,,26.7,71.0,0.0,8.2,64.0,1010.0,1190.0
2025-01-13 09:00:00,,26.1,75.0,0.0,6.3,27.0,1010.3,1115.0
2025-01-13 10:00:00,,25.3,81.0,0.0,5.9,360.0,1011.1,215.0
2025-01-13 11:00:00,,25.1,84.0,0.0,5.1,6.0,1011.7,175.0
2025-01-13 12:00:00,,24.8,86.0,0.0,5.2,333.0,1012.6,155.0
2025-01-13 13:00:00,,24.9,83.0,0.0,7.4,359.0,1013.3,170.0
2025-01-13 14:00:00,,24.7,84.0,0.0,6.5,347.0,1013.5,150.0
2025-01-13 15:00:00,,24.6,85.0,0.0,5.8,346.0,1013.4,125.0
2025-01-13 16:00:00,,24.5,86.0,0.0,5.6,339.0,1013.0,120.0
2025-01-13 17:00:00,,24.3,86.0,0.0,5.9,317.0,1012.5,100.0
2025-01-13 18:00:00,,24.2,87.0,0.0,4.6,329.0,1011.8,95.0
2025-01-13 19:00:00,,23.9,89.0,0.0,4.7,353.0,1011.4,85.0
2025-01-13 20:00:00,,23.9,89.0,0.0,3.5,332.0,1011.4,65.0
2025-01-13 21:00:00,,23.9,90.0,0.0,3.7,346.0,1011.8,70.0
2025-01-13 22:00:00,,24.0,90.0,0.0,3.4,6.0,1012.0,60.0
2025-01-13 23:00:00,,24.3,89.0,0.0,4.2,70.0,1012.4,95.0
2025-01-14 00:00:00,,25.5,81.0,0.0,5.6,57.0,1013.0,655.0
2025-01-14 01:00:00,,26.5,80.0,0.0,4.6,81.0,1014.0,920.0
2025-01-14 02:00:00,,27.3,76.0,0.0,8.6,90.0,1014.0,1090.0
2025-01-14 03:00:00,,27.6,74.0,0.0,9.6,84.0,1013.6,1110.0
2025-01-14 04:00:00,,27.8,73.0,0.0,9.1,81.0,1012.8,1135.0
2025-01-14 05:00:00,,28.3,71.0,0.0,8.8,75.0,1011.9,1130.0
2025-01-14 06:00:00,,28.3,70.0,0.0,9.0,74.0,1011.0,1125.0
2025-01-14 07:00:00,,27.9,73.0,0.0,5.8,83.0,1010.5,1015.0
2025-01-14 08:00:00,,27.8,74.0,0.0,4.1,75.0,1010.7,985.0
2025-01-14 09:00:00,,27.2,76.0,0.0,2.7,138.0,1011.1,155.0
2025-01-14 10:00:00,,26.3,85.0,0.0,1.6,174.0,1011.6,30.0
2025-01-14 11:00:00,,25.8,88.0,0.1,1.4,180.0,1012.1,30.0
2025-01-14 12:00:00,,25.5,90.0,0.0,1.1,189.0,1012.7,25.0
2025-01-14 13:00:00,,25.8,91.0,0.0,2.6,309.0,1012.7,85.0
2025-01-14 14:00:00,,25.4,93.0,0.0,2.3,293.0,1012.9,85.0
2025-01-14 15:00:00,,25.2,93.0,0.0,1.7,221.0,1012.7,40.0
2025-01-14 16:00:00,,25.0,94.0,0.0,1.8,180.0,1012.7,45.0
2025-01-14 17:00:00,,24.8,95.0,0.0,1.1,162.0,1012.2,30.0
2025-01-14 18:00:00,,24.6,96.0,0.0,1.4,140.0,1011.7,35.0
2025-01-14 19:00:00,,24.3,98.0,0.0,1.8,114.0,1011.2,35.0
2025-01-14 20:00:00,,24.1,99.0,0.0,0.3,135.0,1011.4,10.0
2025-01-14 21:00:00,,24.0,99.0,0.0,1.3,45.0,1011.6,20.0
2025-01-14 22:00:00,,23.8,99.0,0.0,1.8,336.0,1011.8,25.0
2025-01-14 23:00:00,,24.0,98.0,0.0,2.1,329.0,1012.1,45.0
2025-01-15 00:00:00,,24.8,91.0,0.0,0.8,297.0,1012.8,140.0
2025-01-15 01:00:00,,26.5,83.0,0.0,3.1,257.0,1013.3,285.0
2025-01-15 02:00:00,,27.9,76.0,0.0,1.7,13.0,1013.3,730.0
2025-01-15 03:00:00,,29.1,69.0,0.2,3.9,22.0,1012.6,875.0
2025-01-15 04:00:00,,30.0,63.0,0.2,4.6,36.0,1011.6,1020.0
2025-01-15 05:00:00,,30.6,59.0,0.2,3.3,41.0,1010.4,1095.0
2025-01-15 06:00:00,,30.4,59.0,0.2,3.4,122.0,1009.6,880.0
2025-01-15 07:00:00,,30.1,62.0,0.2,7.5,143.0,1009.3,750.0
2025-01-15 08:00:00,,29.5,65.0,0.1,9.1,122.0,1009.2,720.0
2025-01-15 09:00:00,,28.8,69.0,0.0,7.6,115.0,1009.6,555.0
2025-01-15 10:00:00,,28.0,76.0,0.0,5.2,110.0,1010.5,270.0
2025-01-15 11:00:00,,27.2,81.0,0.0,4.2,110.0,1011.1,100.0
2025-01-15 12:00:00,,26.5,87.0,0.0,2.6,106.0,1011.9,40.0
2025-01-15 13:00:00,,26.6,84.0,0.0,5.5,36.0,1012.6,120.0
2025-01-15 14:00:00,,26.2,86.0,0.0,4.8,20.0,1012.7,95.0
2025-01-15 15:00:00,,25.8,87.0,0.0,5.6,17.0,1012.4,95.0
2025-01-15 16:00:00,,25.4,88.0,0.0,6.0,5.0,1012.5,110.0
2025-01-15 17:00:00,,24.9,90.0,0.0,5.4,356.0,1011.7,90.0
2025-01-15 18:00:00,,24.7,90.0,0.0,4.0,355.0,1010.8,60.0
2025-01-15 19:00:00,,24.5,91.0,0.0,4.7,358.0,1010.2,70.0
2025-01-15 20:00:00,,24.4,90.0,0.0,4.5,358.0,1010.3,70.0
2025-01-15 21:00:00,,24.3,89.0,0.0,4.9,2.0,1010.6,90.0
2025-01-15 22:00:00,,24.2,88.0,0.0,4.6,11.0,1010.9,70.0
2025-01-15 23:00:00,,24.3,88.0,0.0,4.5,7.0,1011.1,70.0
2025-01-16 00:00:00,,25.4,81.0,0.0,4.1,345.0,1011.8,155.0
2025-01-16 01:00:00,,27.0,72.0,0.0,4.9,2.0,1012.4,915.0
2025-01-16 02:00:00,,27.8,68.0,0.0,6.4,36.0,1012.6,1180.0
2025-01-16 03:00:00,,29.1,61.0,0.0,11.6,43.0,1011.9,1325.0
2025-01-16 04:00:00,,29.5,59.0,0.0,11.9,39.0,1011.1,1310.0
2025-01-16 05:00:00,,29.6,58.0,0.0,11.0,52.0,1009.9,1255.0
2025-01-16 06:00:00,,29.7,57.0,0.0,9.4,58.0,1008.8,1195.0
2025-01-16 07:00:00,,30.0,57.0,0.0,7.3,54.0,1008.3,1275.0
2025-01-16 08:00:00,,29.2,60.0,0.0,5.4,30.0,1008.4,1185.0
2025-01-16 09:00:00,,28.1,63.0,0.0,6.8,17.0,1009.0,330.0
2025-01-16 10:00:00,,26.9,75.0,0.0,5.4,8.0,1009.8,75.0
2025-01-16 11:00:00,,26.2,80.0,0.0,5.4,356.0,1010.4,60.0
2025-01-16 12:00:00,,25.9,80.0,0.0,5.5,337.0,1011.1,70.0
2025-01-16 13:00:00,,26.1,76.0,0.0,8.7,355.0,1011.7,155.0
2025-01-16 14:00:00,,25.7,77.0,0.0,7.6,353.0,1011.7,140.0
2025-01-16 15:00:00,,25.5,78.0,0.0,6.7,352.0,1011.9,125.0
2025-01-16 16:00:00,,25.2,78.0,0.0,8.0,346.0,1011.7,155.0
2025-01-16 17:00:00,,25.0,77.0,0.0,9.7,348.0,1011.1,205.0
2025-01-16 18:00:00,,24.8,77.0,0.0,10.8,359.0,1010.4,195.0
2025-01-16 19:00:00,,24.6,77.0,0.0,10.8,2.0,1010.0,160.0
2025-01-16 20:00:00,,24.4,77.0,0.0,9.7,360.0,1009.9,130.0
2025-01-16 21:00:00,,24.3,77.0,0.0,8.8,358.0,1010.0,120.0
2025-01-16 22:00:00,,24.2,77.0,0.0,8.3,359.0,1010.4,105.0
2025-01-16 23:00:00,,24.3,77.0,0.0,8.7,354.0,1010.8,110.0
2025-01-17 00:00:00,,25.2,73.0,0.0,7.3,340.0,1011.4,165.0
2025-01-17 01:00:00,,26.5,68.0,0.0,4.2,295.0,1012.1,295.0
2025-01-17 02:00:00,,27.4,65.0,0.0,3.4,43.0,1011.8,1030.0
2025-01-17 03:00:00,,28.9,59.0,0.0,10.3,49.0,1011.5,1295.0
2025-01-17 04:00:00,,29.9,55.0,0.0,13.7,50.0,1010.8,1435.0
2025-01-17 05:00:00,,30.3,54.0,0.0,13.4,58.0,1009.8,1445.0
2025-01-17 06:00:00,,30.3,53.0,0.0,14.9,58.0,1008.9,1440.0
2025-01-17 07:00:00,,30.1,54.0,0.0,13.7,58.0,1008.3,1415.0
2025-01-17 08:00:00,,29.5,56.0,0.0,10.8,60.0,1008.3,1265.0
2025-01-17 09:00:00,,29.0,58.0,0.0,9.1,76.0,1008.6,1175.0
2025-01-17 10:00:00,,28.0,62.0,0.0,8.0,81.0,1009.1,1065.0
2025-01-17 11:00:00,,27.3,66.0,0.0,4.9,73.0,1009.5,350.0
2025-01-17 12:00:00,,26.8,69.0,0.0,4.3,118.0,1009.9,200.0
2025-01-17 13:00:00,,26.8,73.0,0.0,4.5,133.0,1010.3,185.0
2025-01-17 14:00:00,,26.3,76.0,0.0,2.7,160.0,1010.6,115.0
2025-01-17 15:00:00,,26.1,78.0,0.0,2.2,204.0,1010.7,95.0
2025-01-17 16:00:00,,25.8,79.0,0.0,2.1,195.0,1010.5,100.0
2025-01-17 17:00:00,,25.7,80.0,0.0,0.4,243.0,1010.0,15.0
2025-01-17 18:00:00,,25.5,81.0,0.0,2.8,305.0,1009.2,140.0
2025-01-17 19:00:00,,25.3,80.0,0.0,3.4,313.0,1008.5,160.0
2025-01-17 20:00:00,,25.1,80.0,0.0,4.8,335.0,1008.4,170.0
2025-01-17 21:00:00,,25.0,79.0,0.0,6.2,350.0,1008.6,190.0
2025-01-17 22:00:00,,24.7,81.0,0.0,5.1,4.0,1009.2,150.0
2025-01-17 23:00:00,,24.5,82.0,0.3,3.9,22.0,1009.8,115.0
2025-01-18 00:00:00,,25.0,81.0,0.5,2.4,347.0,1010.2,160.0
2025-01-18 01:00:00,,25.7,79.0,0.5,1.8,233.0,1010.9,230.0
2025-01-18 02:00:00,,27.1,73.0,0.0,3.7,259.0,1010.7,445.0
2025-01-18 03:00:00,,28.7,67.0,0.0,0.4,270.0,1010.3,920.0
2025-01-18 04:00:00,,30.1,60.0,0.7,9.4,90.0,1009.2,1225.0
2025-01-18 05:00:00,,30.4,59.0,0.3,12.1,78.0,1008.3,1285.0
2025-01-18 06:00:00,,30.7,57.0,0.2,12.8,74.0,1007.5,1295.0
2025-01-18 07:00:00,,30.2,58.0,0.3,12.9,78.0,1007.2,1205.0
2025-01-18 08:00:00,,29.7,60.0,0.0,11.8,77.0,1007.5,1130.0
2025-01-18 09:00:00,,28.8,63.0,0.0,8.9,69.0,1007.7,1020.0
2025-01-18 10:00:00,,27.9,67.0,0.0,5.0,64.0,1008.0,405.0
2025-01-18 11:00:00,,27.3,71.0,0.0,2.7,82.0,1008.4,170.0
2025-01-18 12:00:00,,26.9,74.0,0.0,0.8,207.0,1008.9,60.0
2025-01-18 13:00:00,,26.9,72.0,0.0,4.3,345.0,1009.2,205.0
2025-01-18 14:00:00,,26.7,73.0,0.0,2.5,330.0,1009.2,160.0
2025-01-18 15:00:00,,26.4,74.0,0.0,0.4,243.0,1009.2,115.0
2025-01-18 16:00:00,,26.1,76.0,0.0,0.5,225.0,1008.6,90.0
2025-01-18 17:00:00,,25.9,77.0,0.0,1.3,278.0,1008.0,105.0
2025-01-18 18:00:00,,25.6,78.0,0.0,2.4,312.0,1007.6,155.0
2025-01-18 19:00:00,,25.3,80.0,0.0,3.1,324.0,1006.9,185.0
2025-01-18 20:00:00,,25.2,80.0,0.0,2.3,328.0,1006.9,185.0
2025-01-18 21:00:00,,25.1,81.0,0.0,3.0,346.0,1007.3,210.0
2025-01-18 22:00:00,,25.0,82.0,0.0,3.7,11.0,1007.6,240.0
2025-01-18 23:00:00,,25.0,83.0,0.0,3.9,28.0,1008.0,255.0
2025-01-19 00:00:00,,25.7,79.0,0.0,3.5,39.0,1008.4,260.0
2025-01-19 01:00:00,,27.5,70.0,0.0,8.7,8.0,1009.2,585.0
2025-01-19 02:00:00,,28.6,66.0,0.0,6.6,11.0,1008.9,875.0
2025-01-19 03:00:00,,29.5,62.0,0.1,3.6,6.0,1008.3,860.0
2025-01-19 04:00:00,,30.4,58.0,0.1,0.6,326.0,1007.6,885.0
2025-01-19 05:00:00,,30.7,56.0,0.3,3.8,281.0,1006.8,845.0
2025-01-19 06:00:00,,30.8,56.0,0.2,5.6,285.0,1005.5,785.0
2025-01-19 07:00:00,,30.7,57.0,0.4,4.3,255.0,1004.9,625.0
2025-01-19 08:00:00,,29.9,62.0,0.1,4.7,187.0,1004.8,565.0
2025-01-19 09:00:00,,28.9,70.0,0.0,7.5,107.0,1005.2,360.0
2025-01-19 10:00:00,,28.5,70.0,0.1,7.2,103.0,1006.0,220.0
2025-01-19 11:00:00,,27.7,76.0,0.0,8.4,118.0,1006.4,185.0
2025-01-19 12:00:00,,27.5,77.0,0.0,5.0,109.0,1006.9,165.0
2025-01-19 13:00:00,,28.0,80.0,0.0,4.9,188.0,1007.6,325.0
2025-01-19 14:00:00,,27.2,80.0,0.3,6.4,322.0,1008.0,385.0
2025-01-19 15:00:00,,26.5,81.0,0.4,5.3,298.0,1007.9,300.0
2025-01-19 16:00:00,,26.5,81.0,0.0,5.3,282.0,1007.6,330.0
2025-01-19 17:00:00,,26.2,81.0,0.0,6.6,323.0,1007.2,370.0
2025-01-19 18:00:00,,25.7,83.0,0.0,5.2,344.0,1006.8,320.0
2025-01-19 19:00:00,,25.4,84.0,0.0,6.5,2.0,1006.2,330.0
2025-01-19 20:00:00,,24.9,87.0,0.0,7.6,14.0,1006.0,300.0
2025-01-19 21:00:00,,24.5,89.0,0.0,6.1,23.0,1006.0,250.0
2025-01-19 22:00:00,,24.2,90.0,0.0,5.5,17.0,1006.5,205.0
2025-01-19 23:00:00,,24.3,90.0,0.0,4.2,10.0,1007.1,165.0
2025-01-20 00:00:00,,25.1,86.0,0.0,3.1,13.0,1008.1,190.0
2025-01-20 01:00:00,,26.7,80.0,0.0,3.8,11.0,1008.7,355.0
2025-01-20 02:00:00,,27.9,75.0,0.0,2.1,110.0,1008.6,600.0
2025-01-20 03:00:00,,28.8,69.0,0.3,2.3,162.0,1007.8,705.0
2025-01-20 04:00:00,,29.2,66.0,0.5,3.1,201.0,1007.2,695.0
2025-01-20 05:00:00,,29.7,65.0,0.4,3.9,202.0,1006.3,735.0
2025-01-20 06:00:00,,29.7,66.0,0.5,5.8,180.0,1005.4,765.0
2025-01-20 07:00:00,,30.1,65.0,0.0,6.8,151.0,1004.9,950.0
2025-01-20 08:00:00,,30.4,62.0,0.1,8.1,137.0,1004.9,1025.0
2025-01-20 09:00:00,,29.8,63.0,0.0,8.7,132.0,1005.4,665.0
2025-01-20 10:00:00,,28.6,69.0,0.0,5.1,80.0,1006.2,415.0
2025-01-20 11:00:00,,27.8,73.0,0.0,2.0,153.0,1007.0,120.0
2025-01-20 12:00:00,,27.1,76.0,0.0,3.6,183.0,1007.7,165.0
2025-01-20 13:00:00,,26.8,82.0,0.0,3.4,254.0,1008.5,185.0
2025-01-20 14:00:00,,26.6,82.0,0.0,3.0,213.0,1008.9,310.0
2025-01-20 15:00:00,,26.3,83.0,0.0,3.6,171.0,1008.9,200.0
2025-01-20 16:00:00,,26.1,83.0,0.1,5.4,160.0,1008.8,250.0
2025-01-20 17:00:00,,25.8,82.0,0.1,4.1,151.0,1008.5,255.0
2025-01-20 18:00:00,,25.8,81.0,0.0,2.6,164.0,1007.8,265.0
2025-01-20 19:00:00,,25.5,82.0,0.0,0.9,217.0,1007.2,260.0
2025-01-20 20:00:00,,25.2,84.0,0.0,0.7,284.0,1007.4,50.0
2025-01-20 21:00:00,,24.9,88.0,0.0,0.9,270.0,1007.9,30.0
2025-01-20 22:00:00,,24.7,89.0,0.0,1.5,14.0,1008.5,50.0
2025-01-20 23:00:00,,24.6,89.0,0.0,1.0,59.0,1009.1,100.0
2025-01-21 00:00:00,,25.2,87.0,0.0,1.1,171.0,1009.8,240.0
2025-01-21 01:00:00,,27.0,77.0,0.0,3.1,230.0,1010.6,375.0
2025-01-21 02:00:00,,28.6,68.0,0.0,2.2,95.0,1010.5,835.0
2025-01-21 03:00:00,,30.1,59.0,0.2,4.4,78.0,1009.6,1075.0
2025-01-21 04:00:00,,30.9,55.0,0.3,5.9,63.0,1008.8,1210.0
2025-01-21 05:00:00,,31.2,53.0,0.6,5.9,67.0,1007.9,1310.0
2025-01-21 06:00:00,,31.1,54.0,0.5,8.3,91.0,1007.0,1290.0
2025-01-21 07:00:00,,31.0,55.0,0.1,9.9,95.0,1006.5,1245.0
2025-01-21 08:00:00,,30.5,56.0,0.0,9.6,103.0,1006.6,1165.0
2025-01-21 09:00:00,,29.4,60.0,0.0,8.5,122.0,1007.0,995.0
2025-01-21 10:00:00,,27.9,67.0,0.0,9.4,151.0,1007.7,855.0
2025-01-21 11:00:00,,27.3,69.0,0.0,8.3,150.0,1008.4,785.0
2025-01-21 12:00:00,,26.8,71.0,0.0,8.5,156.0,1009.3,755.0
2025-01-21 13:00:00,,26.9,73.0,0.0,8.6,151.0,1009.9,300.0
2025-01-21 14:00:00,,26.6,74.0,0.0,7.7,139.0,1010.0,305.0
2025-01-21 15:00:00,,26.4,73.0,0.0,6.2,139.0,1009.9,265.0
2025-01-21 16:00:00,,26.2,75.0,0.0,4.9,156.0,1009.6,185.0
2025-01-21 17:00:00,,26.0,75.0,0.0,3.5,159.0,1009.1,120.0
2025-01-21 18:00:00,,25.8,76.0,0.0,1.8,174.0,1008.6,55.0
2025-01-21 19:00:00,,25.5,78.0,0.0,1.1,270.0,1008.2,30.0
2025-01-21 20:00:00,,25.3,80.0,0.0,2.0,297.0,1008.4,55.0
2025-01-21 21:00:00,,25.0,82.0,0.0,2.8,310.0,1008.9,90.0
2025-01-21 22:00:00,,24.7,83.0,0.0,4.6,324.0,1009.7,115.0
2025-01-21 23:00:00,,24.8,81.0,0.0,3.4,317.0,1010.4,100.0
2025-01-22 00:00:00,,25.8,76.0,0.0,1.4,270.0,1011.0,205.0
2025-01-22 01:00:00,,27.8,65.0,0.0,0.9,191.0,1011.7,945.0
2025-01-22 02:00:00,,29.6,56.0,0.0,8.1,69.0,1011.7,1220.0
2025-01-22 03:00:00,,31.1,50.0,0.0,11.2,84.0,1011.1,1465.0
2025-01-22 04:00:00,,31.9,47.0,0.0,13.7,92.0,1010.3,1575.0
2025-01-22 05:00:00,,32.1,46.0,0.0,13.3,92.0,1009.4,1560.0
2025-01-22 06:00:00,,32.2,46.0,0.0,11.9,92.0,1008.4,1595.0
2025-01-22 07:00:00,,31.9,47.0,0.0,12.1,96.0,1008.3,1620.0
2025-01-22 08:00:00,,30.9,51.0,0.0,11.4,103.0,1008.4,1240.0
2025-01-22 09:00:00,,29.8,54.0,0.0,10.0,96.0,1008.9,1070.0
2025-01-22 10:00:00,,28.6,58.0,0.0,8.5,115.0,1009.6,845.0
2025-01-22 11:00:00,,27.6,63.0,0.0,9.7,124.0,1010.2,715.0
2025-01-22 12:00:00,,27.1,65.0,0.0,6.2,126.0,1010.6,620.0
2025-01-22 13:00:00,,27.1,65.0,0.0,4.7,113.0,1011.1,535.0
2025-01-22 14:00:00,,27.0,66.0,0.0,4.2,149.0,1011.1,570.0
2025-01-22 15:00:00,,26.6,68.0,0.0,5.2,149.0,1010.8,585.0
2025-01-22 16:00:00,,26.4,69.0,0.0,5.3,145.0,1010.4,540.0
2025-01-22 17:00:00,,26.3,69.0,0.0,5.8,141.0,1010.2,580.0
2025-01-22 18:00:00,,26.1,71.0,0.0,6.6,133.0,1009.6,280.0
2025-01-22 19:00:00,,25.8,72.0,0.0,5.6,123.0,1008.9,200.0
2025-01-22 20:00:00,,25.7,73.0,0.0,2.2,95.0,1008.8,50.0
2025-01-22 21:00:00,,25.5,74.0,0.0,2.3,29.0,1008.9,55.0
2025-01-22 22:00:00,,25.1,76.0,0.0,4.2,7.0,1009.4,95.0
2025-01-22 23:00:00,,25.1,77.0,0.0,4.5,355.0,1010.1,115.0
2025-01-23 00:00:00,,26.2,71.0,0.0,3.0,322.0,1010.7,295.0
2025-01-23 01:00:00,,27.3,66.0,0.0,3.1,270.0,1011.5,520.0
2025-01-23 02:00:00,,28.8,60.0,0.0,2.4,9.0,1011.5,1115.0
2025-01-23 03:00:00,,30.8,53.0,0.0,1.7,229.0,1010.5,1405.0
2025-01-23 04:00:00,,31.1,51.0,0.2,1.5,240.0,1009.7,1300.0
2025-01-23 05:00:00,,31.4,52.0,0.6,2.3,209.0,1008.6,1225.0
2025-01-23 06:00:00,,31.4,52.0,1.6,2.2,194.0,1007.7,1180.0
2025-01-23 07:00:00,,31.2,53.0,0.7,4.6,108.0,1007.1,1275.0
2025-01-23 08:00:00,,30.8,54.0,0.5,7.1,105.0,1007.2,1175.0
2025-01-23 09:00:00,,29.8,59.0,0.1,7.7,106.0,1007.5,975.0
2025-01-23 10:00:00,,28.7,63.0,0.0,9.1,115.0,1008.0,435.0
2025-01-23 11:00:00,,27.9,69.0,0.0,8.5,119.0,1008.6,310.0
2025-01-23 12:00:00,,27.4,71.0,0.0,7.4,122.0,1009.3,290.0
2025-01-23 13:00:00,,27.5,69.0,0.0,9.6,116.0,1009.7,395.0
2025-01-23 14:00:00,,27.2,71.0,0.0,7.5,120.0,1009.9,340.0
2025-01-23 15:00:00,,26.8,74.0,0.0,7.3,136.0,1009.6,340.0
2025-01-23 16:00:00,,26.7,75.0,0.0,4.9,147.0,1009.1,315.0
2025-01-23 17:00:00,,26.5,75.0,0.0,2.5,159.0,1008.7,265.0
2025-01-23 18:00:00,,26.3,76.0,0.0,1.5,306.0,1008.1,315.0
2025-01-23 19:00:00,,26.1,76.0,0.0,4.9,336.0,1007.4,340.0
2025-01-23 20:00:00,,25.8,77.0,0.0,6.4,349.0,1007.3,270.0
2025-01-23 21:00:00,,25.5,79.0,0.0,6.7,360.0,1007.5,220.0
2025-01-23 22:00:00,,25.3,80.0,0.0,5.2,6.0,1008.2,165.0
2025-01-23 23:00:00,,25.3,81.0,0.0,4.7,2.0,1008.7,135.0
2025-01-24 00:00:00,,26.3,76.0,0.0,2.7,360.0,1009.3,205.0
2025-01-24 01:00:00,,28.1,69.0,0.0,1.6,84.0,1010.3,735.0
2025-01-24 02:00:00,,29.7,61.0,0.0,3.2,109.0,1009.9,955.0
2025-01-24 03:00:00,,30.6,57.0,0.0,2.0,170.0,1009.3,1065.0
2025-01-24 04:00:00,,30.7,56.0,0.2,3.1,225.0,1008.3,1015.0
2025-01-24 05:00:00,,31.1,57.0,0.4,3.7,235.0,1007.3,1025.0
2025-01-24 06:00:00,,31.0,60.0,0.4,3.3,151.0,1006.3,1095.0
2025-01-24 07:00:00,,30.9,60.0,0.0,5.1,58.0,1005.9,980.0
2025-01-24 08:00:00,,31.4,57.0,0.0,4.2,97.0,1005.9,1125.0
2025-01-24 09:00:00,,30.8,59.0,0.0,5.7,152.0,1006.2,710.0
2025-01-24 10:00:00,,29.7,64.0,0.1,9.0,151.0,1007.0,470.0
2025-01-24 11:00:00,,29.0,68.0,0.0,10.8,142.0,1007.7,400.0
2025-01-24 12:00:00,,28.5,70.0,0.0,9.5,136.0,1008.6,375.0
2025-01-24 13:00:00,,28.5,69.0,0.0,6.4,133.0,1008.8,265.0
2025-01-24 14:00:00,,27.7,73.0,0.0,4.3,135.0,1008.8,195.0
2025-01-24 15:00:00,,27.1,76.0,0.0,3.2,146.0,1008.7,180.0
2025-01-24 16:00:00,,26.7,77.0,0.0,3.3,167.0,1008.8,220.0
2025-01-24 17:00:00,,26.2,80.0,0.0,2.7,323.0,1008.3,300.0
2025-01-24 18:00:00,,25.6,83.0,0.0,5.1,333.0,1007.9,265.0
2025-01-24 19:00:00,,25.3,83.0,0.0,4.8,329.0,1007.3,235.0
2025-01-24 20:00:00,,25.0,84.0,0.0,1.6,6.0,1007.4,215.0
2025-01-24 21:00:00,,24.6,87.0,0.0,1.8,66.0,1007.4,180.0
2025-01-24 22:00:00,,24.4,88.0,0.0,2.3,61.0,1007.9,145.0
2025-01-24 23:00:00,,24.3,89.0,0.0,2.7,62.0,1008.7,125.0
2025-01-25 00:00:00,,25.3,85.0,0.0,2.1,70.0,1009.4,225.0
2025-01-25 01:00:00,,26.6,80.0,0.0,1.7,139.0,1010.0,370.0
2025-01-25 02:00:00,,28.0,74.0,0.0,1.7,229.0,1009.9,555.0
2025-01-25 03:00:00,,29.3,65.0,0.0,1.4,293.0,1009.2,795.0
2025-01-25 04:00:00,,30.7,58.0,0.0,4.1,285.0,1008.1,910.0
2025-01-25 05:00:00,,31.6,53.0,0.0,6.4,280.0,1006.5,110.0
2025-01-25 06:00:00,,32.0,52.0,0.0,8.9,279.0,1005.4,125.0
2025-01-25 07:00:00,,32.0,52.0,0.0,8.6,280.0,1004.6,135.0
2025-01-25 08:00:00,,31.6,54.0,0.0,6.2,249.0,1004.6,110.0
2025-01-25 09:00:00,,30.7,62.0,0.0,11.4,176.0,1005.2,440.0
2025-01-25 10:00:00,,30.0,64.0,0.0,10.5,131.0,1006.1,435.0
2025-01-25 11:00:00,,29.6,64.0,0.0,9.0,120.0,1006.9,370.0
2025-01-25 12:00:00,,28.8,65.0,0.0,7.5,120.0,1007.5,310.0
2025-01-25 13:00:00,,28.0,68.0,0.0,6.4,112.0,1008.2,300.0
2025-01-25 14:00:00,,27.6,69.0,0.0,4.3,255.0,1008.9,335.0
2025-01-25 15:00:00,,27.0,75.0,0.0,8.6,292.0,1008.9,545.0
2025-01-25 16:00:00,,26.6,76.0,0.0,6.0,339.0,1008.5,360.0
2025-01-25 17:00:00,,26.3,76.0,0.0,5.4,8.0,1008.3,230.0
2025-01-25 18:00:00,,26.0,77.0,0.0,2.9,43.0,1007.8,195.0
2025-01-25 19:00:00,,25.9,78.0,0.0,3.3,144.0,1007.7,300.0
2025-01-25 20:00:00,,25.8,80.0,0.0,3.5,156.0,1007.9,330.0
2025-01-25 21:00:00,,25.5,81.0,0.0,1.5,60.0,1008.1,235.0
2025-01-25 22:00:00,,25.3,82.0,0.0,1.8,11.0,1008.7,185.0
2025-01-25 23:00:00,,25.1,83.0,0.0,0.9,37.0,1009.3,90.0
2025-01-26 00:00:00,,26.0,79.0,0.0,0.2,270.0,1009.9,290.0
2025-01-26 01:00:00,,27.8,69.0,0.0,2.1,70.0,1010.2,830.0
2025-01-26 02:00:00,,29.4,60.0,0.0,2.0,95.0,1010.2,1095.0
2025-01-26 03:00:00,,30.5,54.0,0.0,0.5,270.0,1009.4,1315.0
2025-01-26 04:00:00,,30.9,52.0,0.0,3.6,270.0,1008.6,1275.0
2025-01-26 05:00:00,,30.9,53.0,0.0,5.8,277.0,1007.5,875.0
2025-01-26 06:00:00,,30.8,53.0,0.0,7.0,282.0,1006.4,720.0
2025-01-26 07:00:00,,31.1,52.0,0.0,5.8,275.0,1005.6,230.0
2025-01-26 08:00:00,,31.2,49.0,0.0,1.0,248.0,1005.5,1580.0
2025-01-26 09:00:00,,30.5,50.0,0.0,7.1,120.0,1006.1,995.0
2025-01-26 10:00:00,,29.0,54.0,0.0,9.1,105.0,1006.8,610.0
2025-01-26 11:00:00,,27.7,60.0,0.0,7.3,132.0,1007.7,415.0
2025-01-26 12:00:00,,26.7,66.0,0.0,6.9,160.0,1008.2,355.0
2025-01-26 13:00:00,,26.4,69.0,0.0,7.5,147.0,1008.5,375.0
2025-01-26 14:00:00,,25.9,71.0,0.0,5.0,167.0,1008.7,385.0
2025-01-26 15:00:00,,25.7,73.0,0.0,2.7,212.0,1008.9,395.0
2025-01-26 16:00:00,,25.6,72.0,0.0,4.5,304.0,1008.9,470.0
2025-01-26 17:00:00,,25.3,73.0,0.0,5.1,352.0,1008.1,445.0
2025-01-26 18:00:00,,24.8,74.0,0.0,5.2,4.0,1007.4,380.0
2025-01-26 19:00:00,,24.5,74.0,0.0,3.4,18.0,1007.1,290.0
2025-01-26 20:00:00,,24.4,74.0,0.0,1.0,22.0,1007.4,165.0
2025-01-26 21:00:00,,24.2,76.0,0.0,2.2,318.0,1007.8,145.0
2025-01-26 22:00:00,,24.0,78.0,0.0,2.8,315.0,1008.6,120.0
2025-01-26 23:00:00,,24.1,79.0,0.0,3.6,340.0,1009.3,120.0
2025-01-27 00:00:00,,25.2,72.0,0.0,2.5,360.0,1009.8,535.0
2025-01-27 01:00:00,,26.4,65.0,0.0,3.9,34.0,1010.5,655.0
2025-01-27 02:00:00,,27.8,58.0,0.0,3.4,43.0,1010.1,1075.0
2025-01-27 03:00:00,,29.2,51.0,0.0,3.2,34.0,1009.7,1300.0
2025-01-27 04:00:00,,30.1,47.0,0.0,1.9,34.0,1009.1,1470.0
2025-01-27 05:00:00,,30.3,45.0,0.1,2.5,8.0,1008.3,1545.0
2025-01-27 06:00:00,,30.2,46.0,0.0,2.5,4.0,1007.5,1530.0
2025-01-27 07:00:00,,30.2,46.0,0.0,1.5,104.0,1007.0,1530.0
2025-01-27 08:00:00,,30.1,46.0,0.0,3.5,111.0,1006.8,1475.0
2025-01-27 09:00:00,,29.8,48.0,0.0,7.0,108.0,1007.1,1480.0
2025-01-27 10:00:00,,28.2,54.0,0.0,11.0,101.0,1008.0,790.0
2025-01-27 11:00:00,,26.9,58.0,0.0,9.0,103.0,1008.9,515.0
2025-01-27 12:00:00,,25.9,62.0,0.0,4.4,128.0,1010.0,490.0
2025-01-27 13:00:00,,25.5,65.0,0.0,3.2,196.0,1010.5,510.0
2025-01-27 14:00:00,,25.3,67.0,0.0,3.8,205.0,1011.0,555.0
2025-01-27 15:00:00,,25.0,68.0,0.0,3.5,208.0,1011.1,585.0
2025-01-27 16:00:00,,24.8,70.0,0.0,3.5,189.0,1011.0,455.0
2025-01-27 17:00:00,,24.5,71.0,0.0,3.8,163.0,1010.7,165.0
2025-01-27 18:00:00,,24.2,73.0,0.0,4.0,150.0,1010.1,105.0
2025-01-27 19:00:00,,24.0,75.0,0.0,1.1,108.0,1009.7,30.0
2025-01-27 20:00:00,,23.8,76.0,0.0,3.6,340.0,1009.8,170.0
2025-01-27 21:00:00,,23.4,79.0,0.0,5.8,340.0,1010.1,170.0
2025-01-27 22:00:00,,23.3,79.0,0.0,5.1,343.0,1010.7,140.0
2025-01-27 23:00:00,,23.5,78.0,0.0,2.6,326.0,1011.3,100.0
2025-01-28 00:00:00,,24.3,74.0,0.0,1.0,239.0,1012.1,445.0
2025-01-28 01:00:00,,25.4,71.0,0.0,3.2,289.0,1012.7,655.0
2025-01-28 02:00:00,,26.9,63.0,0.0,3.5,35.0,1012.7,930.0
2025-01-28 03:00:00,,28.4,56.0,0.0,5.6,31.0,1012.0,1355.0
2025-01-28 04:00:00,,30.0,47.0,0.0,4.6,54.0,1011.4,1540.0
2025-01-28 05:00:00,,30.2,45.0,0.0,6.5,95.0,1010.4,1690.0
2025-01-28 06:00:00,,30.7,44.0,0.0,7.8,71.0,1009.8,1640.0
2025-01-28 07:00:00,,30.3,46.0,0.0,10.0,67.0,1009.5,1675.0
2025-01-28 08:00:00,,29.8,48.0,0.0,10.0,81.0,1009.6,1435.0
2025-01-28 09:00:00,,28.8,53.0,0.0,11.0,87.0,1010.2,1240.0
2025-01-28 10:00:00,,27.4,60.0,0.0,10.8,108.0,1010.7,1020.0
2025-01-28 11:00:00,,26.1,66.0,0.0,11.6,120.0,1011.3,475.0
2025-01-28 12:00:00,,25.7,68.0,0.0,10.2,116.0,1012.3,460.0
2025-01-28 13:00:00,,25.9,70.0,0.0,9.2,129.0,1012.7,400.0
2025-01-28 14:00:00,,25.6,71.0,0.0,8.5,132.0,1013.2,405.0
2025-01-28 15:00:00,,25.5,71.0,0.0,6.8,130.0,1013.4,320.0
2025-01-28 16:00:00,,25.2,72.0,0.0,3.0,52.0,1013.4,200.0
2025-01-28 17:00:00,,24.9,73.0,0.0,4.4,348.0,1013.0,265.0
2025-01-28 18:00:00,,24.5,76.0,0.0,5.6,353.0,1012.4,200.0
2025-01-28 19:00:00,,24.4,76.0,0.0,7.0,347.0,1011.9,225.0
2025-01-28 20:00:00,,24.3,75.0,0.0,7.3,351.0,1011.8,245.0
2025-01-28 21:00:00,,24.3,74.0,0.0,6.3,360.0,1011.8,215.0
2025-01-28 22:00:00,,24.2,73.0,0.0,5.9,2.0,1012.3,195.0
2025-01-28 23:00:00,,24.3,72.0,0.0,7.6,360.0,1013.1,215.0
2025-01-29 00:00:00,,25.0,68.0,0.0,7.3,353.0,1013.7,365.0
2025-01-29 01:00:00,,26.1,65.0,0.0,11.3,10.0,1014.3,1165.0
2025-01-29 02:00:00,,27.4,60.0,0.0,15.2,39.0,1014.0,1220.0
2025-01-29 03:00:00,,28.4,56.0,0.0,17.6,38.0,1013.3,1405.0
2025-01-29 04:00:00,,29.0,54.0,0.0,17.7,40.0,1012.6,1405.0
2025-01-29 05:00:00,,29.4,52.0,0.0,18.5,45.0,1011.5,1410.0
2025-01-29 06:00:00,,29.4,52.0,0.0,18.1,44.0,1010.5,1425.0
2025-01-29 07:00:00,,29.1,53.0,0.0,16.8,49.0,1009.9,1425.0
2025-01-29 08:00:00,,28.8,53.0,0.0,15.7,46.0,1010.0,1385.0
2025-01-29 09:00:00,,28.0,56.0,0.0,13.2,47.0,1010.2,1310.0
2025-01-29 10:00:00,,27.0,60.0,0.0,10.1,61.0,1010.6,1190.0
2025-01-29 11:00:00,,26.5,61.0,0.0,10.2,44.0,1011.2,1160.0
2025-01-29 12:00:00,,26.1,63.0,0.0,8.1,35.0,1011.9,1140.0
2025-01-29 13:00:00,,26.0,64.0,0.0,6.9,23.0,1011.7,1125.0
2025-01-29 14:00:00,,25.6,66.0,0.0,6.3,360.0,1011.6,495.0
2025-01-29 15:00:00,,25.3,67.0,0.0,9.0,347.0,1011.5,385.0
2025-01-29 16:00:00,,25.0,69.0,0.0,10.3,349.0,1011.1,1040.0
2025-01-29 17:00:00,,24.7,70.0,0.0,9.3,352.0,1010.8,435.0
2025-01-29 18:00:00,,24.7,70.0,0.0,10.6,360.0,1010.2,1080.0
2025-01-29 19:00:00,,24.5,71.0,0.0,11.7,2.0,1009.6,1055.0
2025-01-29 20:00:00,,24.0,72.0,0.1,11.9,1.0,1009.4,320.0
2025-01-29 21:00:00,,23.9,73.0,0.1,12.8,5.0,1009.5,1000.0
2025-01-29 22:00:00,,24.0,72.0,0.0,12.8,2.0,1009.9,1020.0
2025-01-29 23:00:00,,24.2,71.0,0.0,10.1,1.0,1010.7,1025.0
2025-01-30 00:00:00,,24.6,70.0,0.0,7.2,359.0,1011.4,990.0
2025-01-30 01:00:00,,25.5,66.0,0.0,12.1,1.0,1011.5,1045.0
2025-01-30 02:00:00,,26.4,64.0,0.0,13.7,11.0,1011.4,1150.0
2025-01-30 03:00:00,,27.7,58.0,0.0,20.1,34.0,1011.0,1370.0
2025-01-30 04:00:00,,27.4,60.0,0.0,19.1,29.0,1010.2,1305.0
2025-01-30 05:00:00,,27.1,62.0,0.8,15.5,36.0,1009.4,1240.0
2025-01-30 06:00:00,,25.7,73.0,2.2,7.7,344.0,1008.7,500.0
2025-01-30 07:00:00,,24.9,79.0,1.3,7.5,343.0,1008.0,310.0
2025-01-30 08:00:00,,24.4,84.0,1.9,8.4,345.0,1008.0,230.0
2025-01-30 09:00:00,,24.1,88.0,1.7,6.7,341.0,1008.3,175.0
2025-01-30 10:00:00,,23.8,88.0,0.8,9.0,344.0,1008.6,185.0
2025-01-30 11:00:00,,23.6,87.0,0.2,8.8,345.0,1009.1,135.0
2025-01-30 12:00:00,,23.5,87.0,0.1,7.7,336.0,1009.7,125.0
2025-01-30 13:00:00,,24.6,79.0,0.7,3.7,346.0,1009.8,145.0
2025-01-30 14:00:00,,24.2,81.0,0.3,4.4,297.0,1010.0,145.0
2025-01-30 15:00:00,,23.6,85.0,1.6,4.9,274.0,1009.7,145.0
2025-01-30 16:00:00,,23.3,90.0,0.6,5.3,280.0,1009.2,110.0
2025-01-30 17:00:00,,23.4,89.0,0.2,5.1,321.0,1008.8,100.0
2025-01-30 18:00:00,,23.4,89.0,0.1,5.3,327.0,1008.3,115.0
2025-01-30 19:00:00,,23.3,89.0,0.2,4.4,328.0,1007.7,95.0
2025-01-30 20:00:00,,23.2,91.0,0.0,3.5,321.0,1007.5,90.0
2025-01-30 21:00:00,,23.1,92.0,0.0,2.6,326.0,1007.6,55.0
2025-01-30 22:00:00,,23.3,92.0,0.0,2.7,70.0,1008.0,55.0
2025-01-30 23:00:00,,23.7,91.0,0.0,4.5,61.0,1008.7,80.0
2025-01-31 00:00:00,,24.5,89.0,0.0,3.4,43.0,1009.6,120.0
2025-01-31 01:00:00,,25.0,87.0,0.0,2.8,305.0,1009.9,160.0
2025-01-31 02:00:00,,26.2,83.0,0.1,0.9,259.0,1009.7,330.0
2025-01-31 03:00:00,,26.7,81.0,0.3,5.2,139.0,1009.5,465.0
2025-01-31 04:00:00,,27.2,81.0,0.6,6.9,99.0,1008.9,520.0
2025-01-31 05:00:00,,27.6,77.0,0.1,9.9,74.0,1008.0,730.0
2025-01-31 06:00:00,,28.9,68.0,0.0,13.2,93.0,1007.0,960.0
2025-01-31 07:00:00,,28.5,71.0,0.0,12.6,94.0,1006.5,810.0
2025-01-31 08:00:00,,28.6,70.0,0.0,13.7,94.0,1006.5,825.0
2025-01-31 09:00:00,,27.9,72.0,0.0,13.3,99.0,1007.2,680.0
2025-01-31 10:00:00,,27.0,76.0,0.0,11.4,108.0,1007.7,565.0
2025-01-31 11:00:00,,26.5,78.0,0.0,9.0,116.0,1008.3,590.0
2025-01-31 12:00:00,,26.1,79.0,0.0,8.6,110.0,1008.8,575.0
2025-01-31 13:00:00,,26.4,78.0,0.0,9.1,115.0,1008.9,380.0
2025-01-31 14:00:00,,26.0,82.0,0.0,6.7,114.0,1009.2,175.0
2025-01-31 15:00:00,,25.8,84.0,0.0,6.6,127.0,1009.1,140.0
2025-01-31 16:00:00,,25.7,85.0,0.0,6.5,122.0,1008.9,175.0
2025-01-31 17:00:00,,25.5,86.0,0.0,6.3,110.0,1008.5,240.0
2025-01-31 18:00:00,,25.3,86.0,0.0,3.3,96.0,1007.7,140.0
2025-01-31 19:00:00,,25.1,87.0,0.0,1.7,58.0,1007.2,30.0
2025-01-31 20:00:00,,24.9,89.0,0.0,3.6,3.0,1007.1,65.0
2025-01-31 21:00:00,,24.5,91.0,0.0,6.4,350.0,1007.3,120.0
2025-01-31 22:00:00,,24.1,92.0,0.0,5.2,344.0,1007.5,95.0
2025-01-31 23:00:00,,24.1,92.0,0.0,2.9,338.0,1008.1,50.0
2025-02-01 00:00:00,,25.2,87.0,0.0,0.3,45.0,1008.8,105.0
2025-02-01 01:00:00,,27.1,80.0,0.0,3.0,123.0,1009.2,575.0
2025-02-01 02:00:00,,28.9,70.0,0.0,8.7,124.0,1009.0,1015.0
2025-02-01 03:00:00,,30.2,61.0,0.0,12.2,126.0,1008.5,1215.0
2025-02-01 04:00:00,,31.0,57.0,0.0,14.4,124.0,1007.7,1315.0
2025-02-01 05:00:00,,31.7,52.0,0.0,14.6,123.0,1006.5,1405.0
2025-02-01 06:00:00,,32.1,49.0,0.0,12.3,121.0,1005.5,1440.0
2025-02-01 07:00:00,,32.1,49.0,0.0,11.8,121.0,1005.2,1555.0
2025-02-01 08:00:00,,31.9,50.0,0.0,10.4,110.0,1005.4,1515.0
2025-02-01 09:00:00,,31.1,53.0,0.0,9.7,89.0,1005.9,1030.0
2025-02-01 10:00:00,,29.6,60.0,0.0,10.9,81.0,1006.1,495.0
2025-02-01 11:00:00,,28.4,65.0,0.0,8.8,109.0,1006.5,315.0
2025-02-01 12:00:00,,27.6,70.0,0.0,7.5,143.0,1007.3,190.0
2025-02-01 13:00:00,,27.5,69.0,0.0,6.3,141.0,1008.2,205.0
2025-02-01 14:00:00,,26.9,73.0,0.0,5.6,155.0,1008.3,135.0
2025-02-01 15:00:00,,26.2,78.0,0.0,6.2,150.0,1008.4,165.0
2025-02-01 16:00:00,,25.5,86.0,0.0,9.7,141.0,1008.3,260.0
2025-02-01 17:00:00,,25.1,88.0,0.0,11.6,138.0,1008.0,265.0
2025-02-01 18:00:00,,24.7,89.0,0.0,9.7,133.0,1007.6,225.0
2025-02-01 19:00:00,,24.2,90.0,0.0,6.0,117.0,1006.9,145.0
2025-02-01 20:00:00,,23.7,90.0,0.0,4.0,72.0,1007.2,90.0
2025-02-01 21:00:00,,23.3,90.0,0.0,4.0,32.0,1007.4,90.0
2025-02-01 22:00:00,,23.2,90.0,0.0,3.2,19.0,1007.5,75.0
2025-02-01 23:00:00,,23.4,89.0,0.0,2.7,20.0,1007.8,65.0
2025-02-02 00:00:00,,24.7,83.0,0.0,2.8,349.0,1008.3,105.0
2025-02-02 01:00:00,,26.4,77.0,0.0,1.5,7.0,1009.0,235.0
2025-02-02 02:00:00,,28.3,66.0,0.0,0.5,270.0,1009.1,410.0
2025-02-02 03:00:00,,30.0,57.0,0.0,1.6,243.0,1008.5,775.0
2025-02-02 04:00:00,,30.8,54.0,0.0,3.4,238.0,1008.0,980.0
2025-02-02 05:00:00,,31.5,52.0,0.0,3.7,231.0,1006.9,1110.0
2025-02-02 06:00:00,,31.9,50.0,0.0,2.8,235.0,1006.0,1140.0
2025-02-02 07:00:00,,32.4,46.0,0.0,2.1,250.0,1005.3,1205.0
2025-02-02 08:00:00,,32.5,44.0,0.0,1.4,270.0,1005.2,20.0
2025-02-02 09:00:00,,32.0,46.0,0.0,4.6,167.0,1005.5,900.0
2025-02-02 10:00:00,,30.8,56.0,0.0,11.8,130.0,1006.1,570.0
2025-02-02 11:00:00,,29.4,64.0,0.0,11.6,127.0,1006.8,355.0
2025-02-02 12:00:00,,28.6,66.0,0.0,12.1,137.0,1007.6,315.0
2025-02-02 13:00:00,,28.3,67.0,0.0,7.6,155.0,1008.1,290.0
2025-02-02 14:00:00,,27.8,71.0,0.0,8.4,164.0,1008.7,335.0
2025-02-02 15:00:00,,27.2,77.0,0.0,9.0,160.0,1008.8,370.0
2025-02-02 16:00:00,,26.8,79.0,0.0,6.4,140.0,1008.7,375.0
2025-02-02 17:00:00,,26.5,80.0,0.0,4.4,128.0,1008.5,290.0
2025-02-02 18:00:00,,26.1,82.0,0.0,2.5,120.0,1008.1,180.0
2025-02-02 19:00:00,,25.8,82.0,0.0,1.2,117.0,1007.7,130.0
2025-02-02 20:00:00,,25.5,82.0,0.0,0.4,153.0,1007.6,135.0
2025-02-02 21:00:00,,25.2,84.0,0.0,1.2,141.0,1007.8,130.0
2025-02-02 22:00:00,,25.0,84.0,0.0,1.4,90.0,1008.5,115.0
2025-02-02 23:00:00,,24.9,82.0,0.0,1.5,45.0,1009.0,95.0
2025-02-03 00:00:00,,25.9,75.0,0.0,0.8,63.0,1009.5,145.0
2025-02-03 01:00:00,,27.5,68.0,0.0,0.7,194.0,1010.3,350.0
2025-02-03 02:00:00,,29.0,60.0,0.0,1.7,252.0,1010.3,790.0
2025-02-03 03:00:00,,30.3,54.0,0.0,2.2,270.0,1009.6,1130.0
2025-02-03 04:00:00,,31.0,51.0,0.0,5.6,263.0,1008.7,995.0
2025-02-03 05:00:00,,31.2,53.0,0.0,8.6,259.0,1007.5,235.0
2025-02-03 06:00:00,,30.7,56.0,0.0,8.3,254.0,1006.7,555.0
2025-02-03 07:00:00,,30.7,56.0,0.0,6.7,224.0,1006.2,940.0
2025-02-03 08:00:00,,30.8,56.0,0.0,6.7,182.0,1006.1,970.0
2025-02-03 09:00:00,,30.2,60.0,0.0,9.2,154.0,1006.5,595.0
2025-02-03 10:00:00,,29.3,63.0,0.0,13.5,135.0,1007.2,470.0
2025-02-03 11:00:00,,28.5,65.0,0.0,14.3,125.0,1008.0,495.0
2025-02-03 12:00:00,,27.7,68.0,0.0,12.8,132.0,1008.6,400.0
2025-02-03 13:00:00,,27.3,71.0,0.0,11.1,137.0,1009.2,455.0
2025-02-03 14:00:00,,26.8,75.0,0.0,10.6,138.0,1009.5,435.0
2025-02-03 15:00:00,,26.5,75.0,0.0,9.7,125.0,1009.7,380.0
2025-02-03 16:00:00,,26.5,74.0,0.0,6.9,107.0,1009.4,325.0
2025-02-03 17:00:00,,26.4,73.0,0.0,3.1,90.0,1009.3,310.0
2025-02-03 18:00:00,,26.3,73.0,0.0,1.9,338.0,1008.9,330.0
2025-02-03 19:00:00,,26.1,74.0,0.0,1.5,339.0,1008.4,335.0
2025-02-03 20:00:00,,25.9,75.0,0.0,1.1,279.0,1008.4,275.0
2025-02-03 21:00:00,,25.7,76.0,0.0,1.9,311.0,1008.6,245.0
2025-02-03 22:00:00,,25.5,78.0,0.0,3.2,317.0,1009.1,210.0
2025-02-03 23:00:00,,25.4,79.0,0.0,3.7,331.0,1009.6,265.0
2025-02-04 00:00:00,,25.9,76.0,0.0,1.3,326.0,1010.1,320.0
2025-02-04 01:00:00,,26.5,74.0,0.8,1.8,336.0,1010.4,370.0
2025-02-04 02:00:00,,27.5,69.0,0.0,3.5,9.0,1010.5,580.0
2025-02-04 03:00:00,,29.7,57.0,0.0,10.7,42.0,1009.6,1220.0
2025-02-04 04:00:00,,29.8,56.0,0.0,9.6,60.0,1008.8,1330.0
2025-02-04 05:00:00,,30.7,51.0,0.0,12.6,59.0,1007.8,1465.0
2025-02-04 06:00:00,,30.0,53.0,0.0,13.2,58.0,1007.2,1340.0
2025-02-04 07:00:00,,29.2,55.0,0.0,12.8,61.0,1006.8,1165.0
2025-02-04 08:00:00,,28.7,56.0,0.0,12.4,69.0,1006.9,1090.0
2025-02-04 09:00:00,,28.1,58.0,0.0,10.6,67.0,1007.6,1055.0
2025-02-04 10:00:00,,27.5,61.0,0.0,6.1,88.0,1007.9,940.0
2025-02-04 11:00:00,,27.1,63.0,0.0,5.5,107.0,1008.4,950.0
2025-02-04 12:00:00,,26.7,64.0,0.0,2.0,80.0,1009.2,990.0
2025-02-04 13:00:00,,26.3,72.0,0.1,0.6,214.0,1010.0,455.0
2025-02-04 14:00:00,,26.2,71.0,0.0,4.1,167.0,1010.3,360.0
2025-02-04 15:00:00,,26.0,71.0,0.0,1.2,117.0,1010.1,40.0
2025-02-04 16:00:00,,25.8,71.0,0.0,3.8,17.0,1009.1,430.0
2025-02-04 17:00:00,,25.6,69.0,0.0,4.5,2.0,1008.6,260.0
2025-02-04 18:00:00,,25.2,70.0,0.0,2.9,330.0,1008.1,140.0
2025-02-04 19:00:00,,24.9,72.0,0.0,3.7,321.0,1007.9,155.0
2025-02-04 20:00:00,,24.9,72.0,0.0,5.2,331.0,1007.7,255.0
2025-02-04 21:00:00,,24.8,72.0,0.0,7.2,348.0,1008.0,255.0
2025-02-04 22:00:00,,24.6,74.0,0.0,9.5,346.0,1008.8,225.0
2025-02-04 23:00:00,,24.7,73.0,0.0,9.2,358.0,1009.3,205.0
2025-02-05 00:00:00,,25.6,69.0,0.0,7.9,4.0,1009.8,305.0
2025-02-05 01:00:00,,26.8,64.0,0.0,8.0,5.0,1010.6,1140.0
2025-02-05 02:00:00,,28.5,57.0,0.0,13.6,47.0,1010.7,1315.0
2025-02-05 03:00:00,,29.3,54.0,0.0,16.2,44.0,1010.0,1375.0
2025-02-05 04:00:00,,30.0,52.0,0.0,17.1,50.0,1009.2,1360.0
2025-02-05 05:00:00,,30.2,52.0,0.0,15.4,45.0,1008.2,1390.0
2025-02-05 06:00:00,,30.5,50.0,0.0,16.5,55.0,1007.2,1365.0
2025-02-05 07:00:00,,30.1,52.0,0.0,15.4,47.0,1006.8,1360.0
2025-02-05 08:00:00,,29.1,56.0,0.0,13.0,37.0,1006.9,1300.0
2025-02-05 09:00:00,,28.3,57.0,0.0,11.6,41.0,1007.2,1200.0
2025-02-05 10:00:00,,27.7,59.0,0.0,7.8,50.0,1007.6,1105.0
2025-02-05 11:00:00,,27.1,62.0,0.0,6.6,77.0,1008.2,990.0
2025-02-05 12:00:00,,26.8,63.0,0.0,5.3,98.0,1009.2,870.0
2025-02-05 13:00:00,,26.8,64.0,0.0,5.0,26.0,1009.9,975.0
2025-02-05 14:00:00,,26.4,65.0,0.0,5.1,337.0,1010.2,405.0
2025-02-05 15:00:00,,26.0,68.0,0.0,6.5,341.0,1010.2,265.0
2025-02-05 16:00:00,,25.5,71.0,0.0,8.0,350.0,1009.8,250.0
2025-02-05 17:00:00,,25.2,72.0,0.0,9.5,358.0,1009.4,255.0
2025-02-05 18:00:00,,25.0,73.0,0.0,9.8,5.0,1008.9,245.0
2025-02-05 19:00:00,,24.8,74.0,0.0,10.3,3.0,1008.5,250.0
2025-02-05 20:00:00,,24.6,75.0,0.0,11.5,3.0,1008.5,275.0
2025-02-05 21:00:00,,24.6,75.0,0.0,12.5,8.0,1008.5,285.0
2025-02-05 22:00:00,,24.5,75.0,0.0,12.9,8.0,1009.0,290.0
2025-02-05 23:00:00,,24.6,74.0,0.0,13.0,6.0,1009.7,305.0
2025-02-06 00:00:00,,25.5,70.0,0.0,11.9,3.0,1010.5,335.0
2025-02-06 01:00:00,,26.9,66.0,0.0,11.0,358.0,1010.6,715.0
2025-02-06 02:00:00,,29.2,59.0,0.0,13.9,41.0,1010.1,1200.0
2025-02-06 03:00:00,,29.6,58.0,0.2,12.5,41.0,1009.3,1070.0
2025-02-06 04:00:00,,30.5,56.0,0.8,12.4,43.0,1008.6,1355.0
2025-02-06 05:00:00,,29.2,62.0,1.6,11.9,56.0,1008.0,995.0
2025-02-06 06:00:00,,30.4,57.0,0.5,11.0,49.0,1006.7,1260.0
2025-02-06 07:00:00,,30.0,59.0,0.3,12.2,36.0,1006.1,1280.0
2025-02-06 08:00:00,,29.4,61.0,0.1,14.5,36.0,1006.3,1165.0
2025-02-06 09:00:00,,28.3,65.0,0.0,8.8,55.0,1007.2,1065.0
2025-02-06 10:00:00,,27.7,69.0,0.0,5.2,70.0,1008.0,930.0
2025-02-06 11:00:00,,27.1,74.0,0.0,5.2,110.0,1008.5,400.0
2025-02-06 12:00:00,,26.8,77.0,0.1,3.8,115.0,1009.2,365.0
2025-02-06 13:00:00,,27.0,72.0,0.1,4.4,55.0,1009.3,365.0
2025-02-06 14:00:00,,26.6,75.0,0.1,2.4,99.0,1009.6,305.0
2025-02-06 15:00:00,,26.1,79.0,0.3,3.4,122.0,1009.5,300.0
2025-02-06 16:00:00,,25.5,85.0,0.9,5.4,120.0,1009.2,555.0
2025-02-06 17:00:00,,25.1,89.0,1.3,6.2,75.0,1008.6,525.0
2025-02-06 18:00:00,,25.0,89.0,0.3,5.3,52.0,1008.2,230.0
2025-02-06 19:00:00,,24.8,91.0,0.5,5.0,347.0,1007.6,160.0
2025-02-06 20:00:00,,24.5,92.0,0.4,3.3,315.0,1007.4,145.0
2025-02-06 21:00:00,,24.4,91.0,0.2,3.1,332.0,1007.7,130.0
2025-02-06 22:00:00,,24.5,91.0,0.0,3.1,332.0,1008.1,120.0
2025-02-06 23:00:00,,24.7,90.0,0.0,4.1,331.0,1008.5,135.0
2025-02-07 00:00:00,,25.2,87.0,0.0,2.6,282.0,1009.3,155.0
2025-02-07 01:00:00,,26.9,79.0,0.0,1.1,360.0,1009.8,400.0
2025-02-07 02:00:00,,27.7,75.0,0.0,2.2,55.0,1009.9,845.0
2025-02-07 03:00:00,,28.8,68.0,0.2,6.9,83.0,1009.5,925.0
2025-02-07 04:00:00,,29.0,67.0,0.1,8.3,84.0,1008.8,930.0
2025-02-07 05:00:00,,29.0,67.0,0.3,7.2,90.0,1007.9,980.0
2025-02-07 06:00:00,,28.4,71.0,0.1,8.4,81.0,1007.3,665.0
2025-02-07 07:00:00,,28.1,70.0,0.8,5.3,80.0,1006.9,575.0
2025-02-07 08:00:00,,27.8,71.0,0.3,5.2,90.0,1007.1,500.0
2025-02-07 09:00:00,,27.3,76.0,0.2,4.6,138.0,1007.8,285.0
2025-02-07 10:00:00,,26.6,81.0,0.3,5.2,151.0,1008.5,230.0
2025-02-07 11:00:00,,26.3,82.0,0.2,5.6,123.0,1009.0,200.0
2025-02-07 12:00:00,,26.0,83.0,0.0,6.0,139.0,1009.7,200.0
2025-02-07 13:00:00,,26.8,81.0,0.0,0.4,270.0,1009.4,195.0
2025-02-07 14:00:00,,26.5,83.0,0.0,2.1,211.0,1009.9,180.0
2025-02-07 15:00:00,,26.1,85.0,0.0,1.5,54.0,1009.6,110.0
2025-02-07 16:00:00,,26.1,83.0,0.0,4.5,344.0,1009.2,230.0
2025-02-07 17:00:00,,25.9,81.0,0.1,5.6,353.0,1008.2,235.0
2025-02-07 18:00:00,,25.8,80.0,0.0,4.5,360.0,1007.5,220.0
2025-02-07 19:00:00,,25.5,81.0,0.0,3.6,357.0,1006.8,185.0
2025-02-07 20:00:00,,25.4,82.0,0.0,3.8,343.0,1007.1,165.0
2025-02-07 21:00:00,,25.2,82.0,0.4,8.3,14.0,1007.0,210.0
2025-02-07 22:00:00,,25.3,82.0,0.2,7.6,28.0,1007.4,200.0
2025-02-07 23:00:00,,24.5,89.0,1.2,9.4,2.0,1008.1,180.0
2025-02-08 00:00:00,,24.8,88.0,0.3,6.1,24.0,1008.5,145.0
2025-02-08 01:00:00,,26.6,77.0,0.1,4.5,5.0,1009.5,310.0
2025-02-08 02:00:00,,28.3,67.0,0.1,11.5,30.0,1009.6,1200.0
2025-02-08 03:00:00,,28.8,62.0,0.0,15.4,38.0,1009.3,1350.0
2025-02-08 04:00:00,,28.0,67.0,0.2,12.7,23.0,1008.7,1305.0
2025-02-08 05:00:00,,28.0,66.0,0.1,10.0,21.0,1007.8,1395.0
2025-02-08 06:00:00,,28.2,63.0,0.0,13.6,36.0,1007.3,1460.0
2025-02-08 07:00:00,,27.7,65.0,0.2,14.2,41.0,1006.7,1370.0
2025-02-08 08:00:00,,27.1,67.0,0.2,10.5,37.0,1006.8,1260.0
2025-02-08 09:00:00,,26.6,69.0,0.0,8.5,28.0,1007.3,1255.0
2025-02-08 10:00:00,,25.9,73.0,0.0,8.9,9.0,1007.9,1165.0
2025-02-08 11:00:00,,25.2,77.0,0.4,10.6,358.0,1008.7,245.0
2025-02-08 12:00:00,,24.2,84.0,2.0,7.9,339.0,1009.4,160.0
2025-02-08 13:00:00,,25.5,74.0,0.0,6.6,9.0,1010.0,340.0
2025-02-08 14:00:00,,25.0,77.0,0.1,6.7,341.0,1010.5,235.0
2025-02-08 15:00:00,,24.7,79.0,0.1,8.5,358.0,1010.7,220.0
2025-02-08 16:00:00,,24.4,79.0,0.7,6.0,357.0,1010.9,160.0
2025-02-08 17:00:00,,23.2,93.0,4.6,6.7,357.0,1010.4,115.0
2025-02-08 18:00:00,,23.0,90.0,0.8,9.9,357.0,1009.5,165.0
2025-02-08 19:00:00,,23.0,88.0,0.1,10.0,354.0,1008.8,170.0
2025-02-08 20:00:00,,23.1,86.0,0.3,9.4,355.0,1008.6,150.0
2025-02-08 21:00:00,,23.0,86.0,0.3,10.2,339.0,1008.7,165.0
2025-02-08 22:00:00,,22.9,87.0,0.2,10.7,337.0,1009.4,165.0
2025-02-08 23:00:00,,23.1,85.0,0.0,11.0,350.0,1009.9,190.0
2025-02-09 00:00:00,,23.4,84.0,0.0,11.2,349.0,1010.6,220.0
2025-02-09 01:00:00,,24.7,78.0,0.1,9.6,346.0,1011.7,260.0
2025-02-09 02:00:00,,25.4,76.0,0.3,9.4,1.0,1011.9,1050.0
2025-02-09 03:00:00,,26.0,74.0,0.1,11.8,16.0,1011.0,1110.0
2025-02-09 04:00:00,,27.0,68.0,0.0,15.8,32.0,1010.2,1235.0
2025-02-09 05:00:00,,27.3,66.0,0.0,14.2,39.0,1009.3,1295.0
2025-02-09 06:00:00,,27.6,64.0,0.0,16.1,40.0,1008.0,1330.0
2025-02-09 07:00:00,,27.4,64.0,0.0,14.3,43.0,1007.3,1325.0
2025-02-09 08:00:00,,27.1,64.0,0.0,11.0,48.0,1007.1,1280.0
2025-02-09 09:00:00,,26.6,66.0,0.0,8.6,74.0,1007.5,1265.0
2025-02-09 10:00:00,,25.9,72.0,0.0,6.7,109.0,1008.4,495.0
2025-02-09 11:00:00,,25.5,75.0,0.0,7.0,119.0,1009.1,275.0
2025-02-09 12:00:00,,25.0,79.0,0.0,3.8,85.0,1009.8,80.0
2025-02-09 13:00:00,,25.1,79.0,0.0,6.8,17.0,1011.0,1025.0
2025-02-09 14:00:00,,25.0,77.0,0.0,8.6,15.0,1011.1,860.0
2025-02-09 15:00:00,,24.5,79.0,0.0,8.0,355.0,1010.8,175.0
2025-02-09 16:00:00,,24.0,81.0,0.0,8.5,347.0,1010.9,150.0
2025-02-09 17:00:00,,23.8,82.0,0.0,7.9,349.0,1010.4,130.0
2025-02-09 18:00:00,,23.6,82.0,0.0,9.0,345.0,1010.0,155.0
2025-02-09 19:00:00,,23.5,82.0,0.0,9.3,341.0,1009.3,170.0
2025-02-09 20:00:00,,23.4,82.0,0.0,9.7,342.0,1009.3,170.0
2025-02-09 21:00:00,,23.2,82.0,0.0,9.6,340.0,1009.4,165.0
2025-02-09 22:00:00,,23.3,83.0,0.0,7.7,330.0,1010.0,150.0
2025-02-09 23:00:00,,23.5,83.0,0.0,8.4,335.0,1010.9,145.0
2025-02-10 00:00:00,,24.2,79.0,0.0,9.6,339.0,1011.5,205.0
2025-02-10 01:00:00,,24.8,75.0,0.0,8.7,352.0,1012.3,260.0
2025-02-10 02:00:00,,25.7,74.0,0.1,6.5,352.0,1012.4,315.0
2025-02-10 03:00:00,,26.7,73.0,1.9,6.8,18.0,1011.7,480.0
2025-02-10 04:00:00,,26.3,77.0,1.0,6.4,27.0,1011.3,960.0
2025-02-10 05:00:00,,26.8,76.0,1.5,8.0,48.0,1010.5,1055.0
2025-02-10 06:00:00,,26.6,80.0,1.5,5.5,46.0,1009.4,970.0
2025-02-10 07:00:00,,25.8,85.0,1.4,6.0,10.0,1009.0,870.0
2025-02-10 08:00:00,,25.8,86.0,1.1,6.1,3.0,1008.9,295.0
2025-02-10 09:00:00,,24.9,89.0,2.8,3.8,335.0,1009.3,145.0
2025-02-10 10:00:00,,24.3,94.0,2.4,4.9,6.0,1009.7,115.0
2025-02-10 11:00:00,,24.2,92.0,0.5,3.9,304.0,1010.5,95.0
2025-02-10 12:00:00,,24.0,93.0,0.4,1.9,287.0,1011.3,85.0
2025-02-10 13:00:00,,24.4,96.0,1.6,1.3,326.0,1011.9,120.0
2025-02-10 14:00:00,,24.3,97.0,1.8,1.3,278.0,1012.1,115.0
2025-02-10 15:00:00,,24.1,95.0,1.8,2.7,118.0,1012.2,110.0
2025-02-10 16:00:00,,23.7,96.0,1.9,0.8,27.0,1011.9,95.0
2025-02-10 17:00:00,,23.6,95.0,0.6,2.0,170.0,1011.3,115.0
2025-02-10 18:00:00,,23.5,95.0,0.4,1.6,153.0,1011.0,95.0
2025-02-10 19:00:00,,23.3,95.0,0.9,1.3,16.0,1010.3,60.0
2025-02-10 20:00:00,,23.2,94.0,0.6,2.2,312.0,1010.2,80.0
2025-02-10 21:00:00,,23.1,95.0,0.1,1.0,292.0,1010.1,75.0
2025-02-10 22:00:00,,22.9,96.0,0.1,1.1,108.0,1010.5,60.0
2025-02-10 23:00:00,,23.4,96.0,0.1,3.2,90.0,1011.1,70.0
2025-02-11 00:00:00,,24.1,94.0,0.1,3.0,57.0,1011.7,95.0
2025-02-11 01:00:00,,25.0,91.0,0.1,1.4,23.0,1012.4,200.0
2025-02-11 02:00:00,,26.2,86.0,0.0,2.1,70.0,1012.4,700.0
2025-02-11 03:00:00,,27.4,82.0,0.0,6.8,112.0,1011.9,1110.0
2025-02-11 04:00:00,,27.4,76.0,0.2,12.3,111.0,1011.3,955.0
2025-02-11 05:00:00,,27.2,80.0,0.7,10.5,121.0,1010.1,960.0
2025-02-11 06:00:00,,26.9,82.0,1.1,7.8,124.0,1009.4,840.0
2025-02-11 07:00:00,,26.4,84.0,3.5,9.1,122.0,1009.2,720.0
2025-02-11 08:00:00,,26.4,84.0,0.4,7.8,143.0,1009.2,885.0
2025-02-11 09:00:00,,26.4,84.0,0.1,6.2,136.0,1009.5,845.0
2025-02-11 10:00:00,,25.8,85.0,0.2,7.8,127.0,1010.6,735.0
2025-02-11 11:00:00,,25.6,84.0,0.1,10.9,110.0,1011.4,710.0
2025-02-11 12:00:00,,25.7,82.0,0.0,10.5,112.0,1012.4,710.0
2025-02-11 13:00:00,,25.5,86.0,0.0,6.9,107.0,1012.6,255.0
2025-02-11 14:00:00,,25.2,87.0,0.0,6.0,95.0,1012.7,195.0
2025-02-11 15:00:00,,24.9,88.0,0.0,6.1,102.0,1012.8,290.0
2025-02-11 16:00:00,,24.8,88.0,0.0,8.1,103.0,1012.5,255.0
2025-02-11 17:00:00,,24.7,88.0,0.0,6.9,85.0,1012.1,180.0
2025-02-11 18:00:00,,24.5,90.0,0.0,4.2,70.0,1011.5,95.0
2025-02-11 19:00:00,,24.2,93.0,0.0,1.8,66.0,1010.8,45.0
2025-02-11 20:00:00,,23.8,95.0,0.0,0.9,53.0,1010.4,20.0
2025-02-11 21:00:00,,23.6,95.0,0.0,2.6,348.0,1010.8,45.0
2025-02-11 22:00:00,,23.5,96.0,0.0,0.0,270.0,1011.4,10.0
2025-02-11 23:00:00,,23.9,93.0,0.0,1.1,72.0,1011.8,30.0
2025-02-12 00:00:00,,25.0,88.0,0.0,3.1,54.0,1012.2,120.0
2025-02-12 01:00:00,,27.4,79.0,0.0,8.5,102.0,1012.6,745.0
2025-02-12 02:00:00,,28.8,71.0,0.0,8.7,111.0,1012.8,940.0
2025-02-12 03:00:00,,29.8,64.0,0.0,10.9,117.0,1012.5,1120.0
2025-02-12 04:00:00,,30.3,60.0,0.0,13.4,116.0,1011.7,1205.0
2025-02-12 05:00:00,,30.7,57.0,0.0,13.0,116.0,1010.5,1260.0
2025-02-12 06:00:00,,30.9,55.0,0.0,12.4,120.0,1009.4,1300.0
2025-02-12 07:00:00,,30.6,56.0,0.0,13.3,126.0,1009.1,1210.0
2025-02-12 08:00:00,,29.9,61.0,0.0,13.3,130.0,1009.2,900.0
2025-02-12 09:00:00,,28.8,69.0,0.0,13.1,137.0,1009.5,595.0
2025-02-12 10:00:00,,27.5,76.0,0.0,14.3,139.0,1010.1,380.0
2025-02-12 11:00:00,,26.8,79.0,0.0,12.9,132.0,1010.8,355.0
2025-02-12 12:00:00,,26.0,82.0,0.0,10.7,135.0,1011.6,265.0
2025-02-12 13:00:00,,26.2,83.0,0.0,8.6,144.0,1012.1,230.0
2025-02-12 14:00:00,,25.6,86.0,0.0,8.5,153.0,1012.3,225.0
2025-02-12 15:00:00,,25.2,88.0,0.0,7.1,144.0,1012.4,140.0
2025-02-12 16:00:00,,24.9,90.0,0.0,4.7,130.0,1012.2,75.0
2025-02-12 17:00:00,,24.6,91.0,0.0,4.4,125.0,1011.7,55.0
2025-02-12 18:00:00,,24.5,92.0,0.0,4.0,108.0,1011.3,55.0
2025-02-12 19:00:00,,24.2,93.0,0.0,4.5,92.0,1010.6,55.0
2025-02-12 20:00:00,,24.0,93.0,0.0,4.7,67.0,1010.1,65.0
2025-02-12 21:00:00,,23.8,93.0,0.0,4.1,360.0,1010.4,90.0
2025-02-12 22:00:00,,23.6,94.0,0.0,1.0,31.0,1011.0,20.0
2025-02-12 23:00:00,,23.9,92.0,0.0,2.2,99.0,1011.7,25.0
2025-02-13 00:00:00,,24.8,90.0,0.0,3.6,127.0,1012.4,175.0
2025-02-13 01:00:00,,26.6,83.0,0.0,1.8,66.0,1012.8,430.0
2025-02-13 02:00:00,,27.5,79.0,0.0,5.0,38.0,1012.7,615.0
2025-02-13 03:00:00,,28.3,76.0,0.0,6.0,39.0,1012.1,665.0
2025-02-13 04:00:00,,29.2,74.0,0.0,1.8,37.0,1011.3,850.0
2025-02-13 05:00:00,,29.6,72.0,0.0,3.1,7.0,1010.3,975.0
2025-02-13 06:00:00,,29.4,72.0,0.0,1.8,349.0,1009.4,785.0
2025-02-13 07:00:00,,27.7,73.0,2.0,8.5,176.0,1009.4,465.0
2025-02-13 08:00:00,,27.0,80.0,0.7,4.7,58.0,1009.3,270.0
2025-02-13 09:00:00,,26.4,85.0,0.3,5.2,110.0,1009.4,175.0
2025-02-13 10:00:00,,26.2,86.0,0.1,3.8,41.0,1009.8,155.0
2025-02-13 11:00:00,,25.5,90.0,0.0,5.8,16.0,1010.5,145.0
2025-02-13 12:00:00,,25.2,91.0,0.0,5.4,30.0,1011.3,125.0
2025-02-13 13:00:00,,26.7,89.0,0.0,5.0,360.0,1010.9,195.0
2025-02-13 14:00:00,,26.3,91.0,0.0,4.2,12.0,1011.1,180.0
2025-02-13 15:00:00,,26.2,90.0,0.0,3.2,90.0,1011.1,155.0
2025-02-13 16:00:00,,26.0,88.0,0.0,5.0,134.0,1010.8,225.0
2025-02-13 17:00:00,,25.9,88.0,0.0,4.0,150.0,1010.4,225.0
2025-02-13 18:00:00,,25.6,89.0,0.0,2.8,140.0,1009.8,140.0
2025-02-13 19:00:00,,25.2,91.0,0.0,2.9,86.0,1009.2,95.0
2025-02-13 20:00:00,,25.0,93.0,0.0,2.1,52.0,1008.9,85.0
2025-02-13 21:00:00,,25.0,93.0,0.0,1.7,41.0,1009.0,115.0
2025-02-13 22:00:00,,24.9,93.0,0.0,2.5,45.0,1009.7,120.0
2025-02-13 23:00:00,,25.0,93.0,0.0,2.8,40.0,1010.4,95.0
2025-02-14 00:00:00,,25.5,88.0,0.0,1.4,23.0,1010.9,135.0
2025-02-14 01:00:00,,25.6,85.0,1.2,3.1,13.0,1011.4,195.0
2025-02-14 02:00:00,,25.1,89.0,2.9,1.8,349.0,1011.7,180.0
2025-02-14 03:00:00,,25.8,88.0,0.6,3.1,320.0,1011.1,255.0
2025-02-14 04:00:00,,26.6,86.0,0.1,4.5,326.0,1010.3,340.0
2025-02-14 05:00:00,,26.9,85.0,0.1,5.6,339.0,1009.5,425.0
2025-02-14 06:00:00,,26.7,82.0,4.1,7.7,323.0,1008.2,255.0
2025-02-14 07:00:00,,25.6,90.0,0.9,6.3,15.0,1007.4,155.0
2025-02-14 08:00:00,,27.0,85.0,0.4,1.5,7.0,1007.2,195.0
2025-02-14 09:00:00,,26.9,86.0,0.1,3.2,74.0,1007.7,240.0
2025-02-14 10:00:00,,26.9,85.0,0.0,2.6,129.0,1008.1,225.0
2025-02-14 11:00:00,,26.6,86.0,0.0,3.1,126.0,1008.5,115.0
2025-02-14 12:00:00,,26.1,89.0,0.0,3.4,108.0,1009.2,95.0
2025-02-14 13:00:00,,26.9,83.0,0.0,2.7,94.0,1009.8,190.0
2025-02-14 14:00:00,,26.5,84.0,0.0,2.1,165.0,1010.0,125.0
2025-02-14 15:00:00,,26.3,84.0,0.0,1.6,84.0,1009.7,190.0
2025-02-14 16:00:00,,26.0,87.0,0.0,1.8,53.0,1009.4,180.0
2025-02-14 17:00:00,,25.6,91.0,0.0,2.8,45.0,1009.0,70.0
2025-02-14 18:00:00,,25.3,92.0,0.0,3.4,344.0,1008.8,155.0
2025-02-14 19:00:00,,25.2,92.0,0.0,0.7,360.0,1008.3,200.0
2025-02-14 20:00:00,,25.1,91.0,0.0,0.6,108.0,1007.9,15.0
2025-02-14 21:00:00,,24.7,93.0,0.0,3.1,118.0,1007.9,115.0
2025-02-14 22:00:00,,24.5,93.0,0.0,4.2,97.0,1008.5,115.0
2025-02-14 23:00:00,,24.6,91.0,0.0,2.8,50.0,1009.1,55.0
2025-02-15 00:00:00,,25.5,87.0,0.0,2.3,58.0,1010.0,215.0
2025-02-15 01:00:00,,26.7,85.0,0.0,2.2,325.0,1010.4,310.0
2025-02-15 02:00:00,,27.9,79.0,0.1,2.0,265.0,1010.7,565.0
2025-02-15 03:00:00,,28.9,76.0,0.1,1.1,252.0,1010.2,825.0
2025-02-15 04:00:00,,29.6,71.0,0.1,4.0,234.0,1008.6,1030.0
2025-02-15 05:00:00,,29.8,71.0,0.2,4.3,237.0,1007.5,860.0
2025-02-15 06:00:00,,29.7,70.0,0.1,6.6,202.0,1007.1,610.0
2025-02-15 07:00:00,,27.3,81.0,8.9,5.2,117.0,1007.2,500.0
2025-02-15 08:00:00,,27.3,80.0,0.1,6.0,159.0,1007.2,555.0
2025-02-15 09:00:00,,26.0,84.0,0.5,10.9,167.0,1007.8,395.0
2025-02-15 10:00:00,,25.4,89.0,0.3,7.4,157.0,1008.2,255.0
2025-02-15 11:00:00,,25.6,89.0,0.3,1.6,90.0,1009.3,215.0
2025-02-15 12:00:00,,25.4,92.0,0.2,6.5,19.0,1009.5,210.0
2025-02-15 13:00:00,,26.1,90.0,0.0,5.8,4.0,1009.6,180.0
2025-02-15 14:00:00,,25.8,90.0,0.0,5.6,356.0,1010.3,200.0
2025-02-15 15:00:00,,25.6,91.0,0.0,6.0,333.0,1009.9,190.0
2025-02-15 16:00:00,,25.3,93.0,0.0,5.8,338.0,1009.9,195.0
2025-02-15 17:00:00,,25.1,94.0,0.0,4.7,353.0,1009.7,160.0
2025-02-15 18:00:00,,25.0,91.0,0.1,2.8,288.0,1009.2,125.0
2025-02-15 19:00:00,,25.0,92.0,0.1,1.2,231.0,1008.7,110.0
2025-02-15 20:00:00,,25.0,91.0,0.0,3.6,127.0,1008.5,135.0
2025-02-15 21:00:00,,25.0,92.0,0.0,1.5,97.0,1008.7,120.0
2025-02-15 22:00:00,,24.9,93.0,0.0,3.6,57.0,1009.5,145.0
2025-02-15 23:00:00,,25.0,93.0,0.0,4.5,85.0,1010.2,165.0
2025-02-16 00:00:00,,25.8,90.0,0.0,5.2,92.0,1010.8,260.0
2025-02-16 01:00:00,,27.3,83.0,0.0,4.1,75.0,1011.5,435.0
2025-02-16 02:00:00,,28.4,79.0,0.1,5.1,96.0,1011.8,800.0
2025-02-16 03:00:00,,29.6,73.0,0.1,5.0,111.0,1011.1,1035.0
2025-02-16 04:00:00,,29.8,70.0,0.1,4.5,74.0,1010.4,1080.0
2025-02-16 05:00:00,,29.2,73.0,0.0,5.3,147.0,1009.7,725.0
2025-02-16 06:00:00,,29.7,72.0,0.2,3.0,197.0,1008.7,870.0
2025-02-16 07:00:00,,29.6,73.0,0.1,1.1,270.0,1008.4,760.0
2025-02-16 08:00:00,,29.0,76.0,0.2,3.6,351.0,1008.5,635.0
2025-02-16 09:00:00,,28.2,77.0,2.5,2.6,78.0,1008.9,115.0
2025-02-16 10:00:00,,27.3,80.0,1.0,0.5,45.0,1009.4,15.0
2025-02-16 11:00:00,,27.0,85.0,0.0,2.8,320.0,1010.2,55.0
2025-02-16 12:00:00,,26.8,87.0,0.0,3.6,297.0,1011.1,85.0
2025-02-16 13:00:00,,27.3,88.0,0.0,3.4,342.0,1011.3,155.0
2025-02-16 14:00:00,,27.1,88.0,0.0,1.5,315.0,1011.8,75.0
2025-02-16 15:00:00,,26.5,93.0,0.0,3.1,306.0,1011.8,75.0
2025-02-16 16:00:00,,26.1,95.0,0.0,3.2,313.0,1011.7,195.0
2025-02-16 17:00:00,,26.0,91.0,0.0,5.1,333.0,1011.2,230.0
2025-02-16 18:00:00,,25.5,92.0,0.0,6.7,340.0,1010.7,220.0
2025-02-16 19:00:00,,25.1,93.0,0.0,5.3,352.0,1010.2,200.0
2025-02-16 20:00:00,,24.9,93.0,0.0,3.8,360.0,1010.3,150.0
2025-02-16 21:00:00,,24.7,94.0,0.0,3.3,9.0,1010.4,115.0
2025-02-16 22:00:00,,24.4,96.0,0.0,3.3,41.0,1011.0,85.0
2025-02-16 23:00:00,,24.5,96.0,0.0,2.9,47.0,1011.6,95.0
2025-02-17 00:00:00,,25.4,91.0,0.0,1.5,135.0,1012.0,160.0
2025-02-17 01:00:00,,27.3,84.0,0.0,2.1,200.0,1012.4,335.0
2025-02-17 02:00:00,,28.4,80.0,0.0,1.8,186.0,1012.4,605.0
2025-02-17 03:00:00,,29.6,76.0,0.1,2.5,180.0,1011.7,935.0
2025-02-17 04:00:00,,28.5,73.0,0.5,6.5,77.0,1011.3,715.0
2025-02-17 05:00:00,,29.8,69.0,0.3,5.5,99.0,1010.3,905.0
2025-02-17 06:00:00,,30.5,67.0,0.1,4.8,103.0,1009.1,1180.0
2025-02-17 07:00:00,,30.5,66.0,0.0,4.6,77.0,1008.8,1055.0
2025-02-17 08:00:00,,29.7,69.0,0.0,1.8,323.0,1008.9,675.0
2025-02-17 09:00:00,,28.8,75.0,0.0,1.7,302.0,1009.2,60.0
2025-02-17 10:00:00,,27.8,82.0,0.0,1.0,301.0,1009.9,35.0
2025-02-17 11:00:00,,27.3,85.0,0.0,2.5,172.0,1010.8,75.0
2025-02-17 12:00:00,,27.1,84.0,0.0,6.8,115.0,1011.7,210.0
2025-02-17 13:00:00,,26.9,81.0,0.0,6.9,113.0,1012.2,365.0
2025-02-17 14:00:00,,26.4,84.0,0.0,7.4,131.0,1012.5,265.0
2025-02-17 15:00:00,,26.1,85.0,0.0,8.1,121.0,1012.4,290.0
2025-02-17 16:00:00,,25.8,86.0,0.0,7.5,117.0,1012.3,265.0
2025-02-17 17:00:00,,25.5,87.0,0.0,5.9,102.0,1012.1,185.0
2025-02-17 18:00:00,,25.3,89.0,0.0,2.2,85.0,1011.6,55.0
2025-02-17 19:00:00,,25.1,89.0,0.0,1.2,27.0,1011.1,35.0
2025-02-17 20:00:00,,24.7,92.0,0.0,1.9,17.0,1010.8,45.0
2025-02-17 21:00:00,,24.4,94.0,0.0,1.0,45.0,1010.8,35.0
2025-02-17 22:00:00,,24.4,94.0,0.0,0.5,360.0,1011.2,20.0
2025-02-17 23:00:00,,24.6,94.0,0.0,1.7,328.0,1011.7,50.0
2025-02-18 00:00:00,,25.4,89.0,0.0,1.5,300.0,1012.4,195.0
2025-02-18 01:00:00,,27.5,76.0,0.0,4.1,56.0,1013.0,590.0
2025-02-18 02:00:00,,28.6,69.0,0.1,6.8,101.0,1013.0,810.0
2025-02-18 03:00:00,,29.5,65.0,0.6,6.7,106.0,1012.0,950.0
2025-02-18 04:00:00,,29.9,66.0,0.6,6.5,93.0,1011.0,1045.0
2025-02-18 05:00:00,,29.8,65.0,0.4,3.3,22.0,1010.2,975.0
2025-02-18 06:00:00,,29.9,66.0,0.0,1.4,320.0,1009.1,970.0
2025-02-18 07:00:00,,28.0,74.0,0.4,2.7,318.0,1009.1,290.0
2025-02-18 08:00:00,,27.5,79.0,0.1,9.5,307.0,1009.0,180.0
2025-02-18 09:00:00,,26.4,84.0,1.8,7.8,307.0,1009.4,160.0
2025-02-18 10:00:00,,25.8,86.0,0.2,8.2,278.0,1010.2,170.0
2025-02-18 11:00:00,,26.0,86.0,0.0,5.1,266.0,1010.7,145.0
2025-02-18 12:00:00,,26.2,86.0,0.0,1.9,229.0,1011.2,80.0
2025-02-18 13:00:00,,25.2,88.0,0.0,1.7,72.0,1011.5,80.0
2025-02-18 14:00:00,,25.4,88.0,0.0,0.4,333.0,1011.7,70.0
2025-02-18 15:00:00,,25.5,88.0,0.0,1.7,347.0,1011.8,75.0
2025-02-18 16:00:00,,25.3,92.0,0.0,4.0,350.0,1011.8,125.0
2025-02-18 17:00:00,,25.0,93.0,0.0,4.9,352.0,1011.3,130.0
2025-02-18 18:00:00,,24.7,92.0,0.0,3.3,13.0,1011.0,110.0
2025-02-18 19:00:00,,24.6,92.0,0.0,2.5,360.0,1010.6,55.0
2025-02-18 20:00:00,,24.4,93.0,0.0,2.5,45.0,1010.7,55.0
2025-02-18 21:00:00,,24.3,94.0,0.0,1.9,41.0,1011.0,45.0
2025-02-18 22:00:00,,24.1,94.0,0.0,4.4,353.0,1011.5,95.0
2025-02-18 23:00:00,,24.5,88.0,0.0,5.3,352.0,1012.0,160.0
2025-02-19 00:00:00,,25.5,80.0,0.0,5.3,8.0,1012.6,245.0
2025-02-19 01:00:00,,27.1,71.0,0.0,8.0,40.0,1013.3,785.0
2025-02-19 02:00:00,,27.7,68.0,0.0,7.7,51.0,1013.3,895.0
2025-02-19 03:00:00,,28.6,64.0,0.0,7.4,45.0,1012.6,1050.0
2025-02-19 04:00:00,,29.2,62.0,0.0,8.8,35.0,1011.9,1200.0
2025-02-19 05:00:00,,29.8,59.0,0.0,9.6,37.0,1010.6,1300.0
2025-02-19 06:00:00,,30.0,57.0,0.0,10.2,42.0,1009.6,1295.0
2025-02-19 07:00:00,,29.7,56.0,0.0,11.5,42.0,1009.1,1245.0
2025-02-19 08:00:00,,29.3,58.0,0.0,11.6,51.0,1009.3,1170.0
2025-02-19 09:00:00,,28.5,61.0,0.0,9.6,53.0,1009.8,1075.0
2025-02-19 10:00:00,,27.6,67.0,0.0,6.9,33.0,1010.2,990.0
2025-02-19 11:00:00,,26.8,71.0,0.0,4.4,71.0,1011.0,920.0
2025-02-19 12:00:00,,26.4,72.0,0.0,5.9,102.0,1011.8,880.0
2025-02-19 13:00:00,,26.3,72.0,0.0,5.3,135.0,1012.5,760.0
2025-02-19 14:00:00,,25.8,77.0,0.0,2.5,111.0,1012.5,35.0
2025-02-19 15:00:00,,25.8,75.0,0.0,1.8,349.0,1012.4,25.0
2025-02-19 16:00:00,,25.5,77.0,0.0,1.8,294.0,1012.4,20.0
2025-02-19 17:00:00,,25.1,79.0,0.0,0.7,14.0,1011.7,15.0
2025-02-19 18:00:00,,24.6,84.0,0.0,4.4,351.0,1011.1,55.0
2025-02-19 19:00:00,,24.4,84.0,0.0,5.9,337.0,1010.6,85.0
2025-02-19 20:00:00,,24.1,86.0,0.0,3.9,332.0,1010.5,60.0
2025-02-19 21:00:00,,23.9,89.0,0.0,0.4,297.0,1010.8,10.0
2025-02-19 22:00:00,,23.9,90.0,0.0,0.3,315.0,1011.5,10.0
2025-02-19 23:00:00,,24.2,88.0,0.0,4.1,2.0,1012.1,75.0
2025-02-20 00:00:00,,25.3,80.0,0.0,5.5,341.0,1012.7,225.0
2025-02-20 01:00:00,,26.9,71.0,0.0,1.8,24.0,1013.5,745.0
2025-02-20 02:00:00,,28.1,67.0,0.0,4.2,133.0,1013.5,1075.0
2025-02-20 03:00:00,,29.1,63.0,0.0,9.4,89.0,1013.1,1270.0
2025-02-20 04:00:00,,29.4,60.0,0.0,11.0,85.0,1012.4,1270.0
2025-02-20 05:00:00,,29.9,57.0,0.0,14.8,87.0,1011.3,1365.0
2025-02-20 06:00:00,,30.1,57.0,0.0,14.4,87.0,1010.8,1335.0
2025-02-20 07:00:00,,29.2,57.0,0.0,14.9,83.0,1010.8,1200.0
2025-02-20 08:00:00,,28.3,62.0,0.0,14.0,83.0,1010.8,1145.0
2025-02-20 09:00:00,,27.3,68.0,0.1,12.0,81.0,1011.3,990.0
2025-02-20 10:00:00,,26.6,71.0,0.5,8.0,85.0,1011.9,875.0
2025-02-20 11:00:00,,26.1,73.0,0.0,6.2,46.0,1012.5,845.0
2025-02-20 12:00:00,,25.7,76.0,0.0,2.1,31.0,1013.1,165.0
2025-02-20 13:00:00,,24.4,93.0,5.5,5.9,63.0,1013.6,275.0
2025-02-20 14:00:00,,24.7,91.0,0.6,7.3,46.0,1013.6,245.0
2025-02-20 15:00:00,,24.6,91.0,0.0,3.4,58.0,1013.4,110.0
2025-02-20 16:00:00,,24.2,93.0,0.0,2.4,132.0,1013.3,100.0
2025-02-20 17:00:00,,24.4,88.0,0.0,7.6,124.0,1013.0,390.0
2025-02-20 18:00:00,,24.4,86.0,0.0,7.8,97.0,1012.2,345.0
2025-02-20 19:00:00,,24.3,88.0,0.0,4.4,63.0,1011.8,120.0
2025-02-20 20:00:00,,24.1,92.0,0.0,3.5,21.0,1011.7,110.0
2025-02-20 21:00:00,,23.9,93.0,0.0,2.4,9.0,1012.0,90.0
2025-02-20 22:00:00,,23.9,93.0,0.0,1.9,34.0,1012.6,75.0
2025-02-20 23:00:00,,23.9,93.0,0.0,2.7,53.0,1013.0,85.0
2025-02-21 00:00:00,,24.6,91.0,0.0,0.7,90.0,1013.4,125.0
2025-02-21 01:00:00,,26.5,83.0,0.1,3.2,117.0,1013.8,470.0
2025-02-21 02:00:00,,27.4,78.0,0.1,7.6,93.0,1014.1,955.0
2025-02-21 03:00:00,,27.3,73.0,0.1,8.8,92.0,1013.7,935.0
2025-02-21 04:00:00,,28.2,70.0,0.0,7.2,94.0,1013.0,1105.0
2025-02-21 05:00:00,,29.1,65.0,0.0,9.4,85.0,1012.0,1315.0
2025-02-21 06:00:00,,29.1,63.0,0.0,11.3,80.0,1011.5,1245.0
2025-02-21 07:00:00,,28.0,65.0,0.0,11.8,74.0,1011.1,1085.0
2025-02-21 08:00:00,,27.5,66.0,0.0,10.5,96.0,1011.2,900.0
2025-02-21 09:00:00,,26.8,69.0,0.0,7.7,87.0,1011.7,890.0
2025-02-21 10:00:00,,26.4,72.0,0.0,6.7,88.0,1012.4,865.0
2025-02-21 11:00:00,,26.2,73.0,0.0,4.8,110.0,1012.9,845.0
2025-02-21 12:00:00,,25.8,74.0,0.0,5.4,116.0,1013.5,785.0
2025-02-21 13:00:00,,26.4,73.0,0.0,8.5,88.0,1014.3,895.0
2025-02-21 14:00:00,,26.1,75.0,0.0,8.9,84.0,1014.3,875.0
2025-02-21 15:00:00,,26.1,74.0,0.0,9.5,90.0,1014.3,880.0
2025-02-21 16:00:00,,25.9,74.0,0.0,8.1,90.0,1014.1,810.0
2025-02-21 17:00:00,,25.6,75.0,0.0,6.7,87.0,1013.7,710.0
2025-02-21 18:00:00,,25.0,80.0,0.0,6.4,72.0,1013.3,120.0
2025-02-21 19:00:00,,24.4,85.0,0.0,5.0,52.0,1013.0,75.0
2025-02-21 20:00:00,,24.2,88.0,0.0,5.0,41.0,1012.7,75.0
2025-02-21 21:00:00,,23.9,88.0,0.0,4.8,25.0,1012.9,70.0
2025-02-21 22:00:00,,23.9,89.0,0.0,4.1,13.0,1013.5,60.0
2025-02-21 23:00:00,,23.9,89.0,0.0,3.4,360.0,1013.8,55.0
2025-02-22 00:00:00,,25.4,82.0,0.0,3.5,21.0,1014.4,205.0
2025-02-22 01:00:00,,27.2,73.0,0.0,4.3,48.0,1014.9,1090.0
2025-02-22 02:00:00,,28.6,61.0,0.0,12.4,73.0,1015.1,1275.0
2025-02-22 03:00:00,,29.0,59.0,0.0,15.7,81.0,1014.6,1295.0
2025-02-22 04:00:00,,29.8,56.0,0.0,14.7,84.0,1013.6,1375.0
2025-02-22 05:00:00,,30.3,55.0,0.0,15.3,88.0,1012.6,1485.0
2025-02-22 06:00:00,,30.1,54.0,0.0,16.6,86.0,1011.8,1420.0
2025-02-22 07:00:00,,29.7,55.0,0.0,15.9,85.0,1011.2,1325.0
2025-02-22 08:00:00,,29.2,57.0,0.0,14.8,87.0,1011.3,1280.0
2025-02-22 09:00:00,,28.1,61.0,0.0,14.4,91.0,1011.7,1145.0
2025-02-22 10:00:00,,26.9,66.0,0.0,13.9,91.0,1012.7,1010.0
2025-02-22 11:00:00,,26.3,68.0,0.0,12.1,93.0,1013.3,940.0
2025-02-22 12:00:00,,25.9,69.0,0.0,13.2,104.0,1014.1,855.0
2025-02-22 13:00:00,,26.4,72.0,0.0,7.6,89.0,1014.8,530.0
2025-02-22 14:00:00,,26.0,73.0,0.0,7.6,93.0,1015.4,670.0
2025-02-22 15:00:00,,25.6,75.0,0.0,6.7,84.0,1015.4,615.0
2025-02-22 16:00:00,,25.3,78.0,0.0,4.5,92.0,1015.0,110.0
2025-02-22 17:00:00,,25.0,80.0,0.0,4.6,79.0,1014.6,95.0
2025-02-22 18:00:00,,24.6,84.0,0.0,4.5,40.0,1013.9,80.0
2025-02-22 19:00:00,,24.2,88.0,0.0,4.1,345.0,1013.8,80.0
2025-02-22 20:00:00,,23.8,90.0,0.0,5.0,339.0,1013.6,90.0
2025-02-22 21:00:00,,23.6,89.0,0.0,5.5,349.0,1013.8,100.0
2025-02-22 22:00:00,,23.4,89.0,0.0,4.8,338.0,1014.5,95.0
2025-02-22 23:00:00,,23.7,88.0,0.0,5.4,334.0,1015.3,90.0
2025-02-23 00:00:00,,25.1,79.0,0.0,4.6,334.0,1015.9,190.0
2025-02-23 01:00:00,,26.7,71.0,0.0,1.3,236.0,1016.7,805.0
2025-02-23 02:00:00,,28.3,65.0,0.0,3.9,56.0,1016.7,1140.0
2025-02-23 03:00:00,,30.1,55.0,0.0,6.5,71.0,1015.9,1345.0
2025-02-23 04:00:00,,31.0,49.0,0.0,9.9,71.0,1015.0,1500.0
2025-02-23 05:00:00,,31.6,46.0,0.0,11.7,85.0,1013.9,1545.0
2025-02-23 06:00:00,,32.0,44.0,0.0,12.8,88.0,1013.0,1710.0
2025-02-23 07:00:00,,31.9,44.0,0.0,14.3,78.0,1012.4,1710.0
2025-02-23 08:00:00,,31.3,46.0,0.0,13.9,77.0,1012.2,1605.0
2025-02-23 09:00:00,,29.8,52.0,0.0,14.5,75.0,1012.9,1270.0
2025-02-23 10:00:00,,28.3,57.0,0.0,11.0,79.0,1013.7,970.0
2025-02-23 11:00:00,,27.4,61.0,0.0,7.2,94.0,1014.4,835.0
2025-02-23 12:00:00,,26.9,63.0,0.0,3.9,118.0,1015.1,765.0
2025-02-23 13:00:00,,26.9,61.0,0.0,5.8,104.0,1015.9,795.0
2025-02-23 14:00:00,,26.7,63.0,0.0,4.1,135.0,1016.2,780.0
2025-02-23 15:00:00,,26.6,63.0,0.0,5.6,140.0,1016.2,825.0
2025-02-23 16:00:00,,26.4,63.0,0.0,6.2,123.0,1015.9,840.0
2025-02-23 17:00:00,,26.0,66.0,0.0,3.7,151.0,1015.6,105.0
2025-02-23 18:00:00,,25.5,69.0,0.0,2.3,162.0,1015.0,40.0
2025-02-23 19:00:00,,25.1,72.0,0.0,2.1,15.0,1014.4,20.0
2025-02-23 20:00:00,,24.7,76.0,0.0,1.3,16.0,1014.0,15.0
2025-02-23 21:00:00,,24.2,80.0,0.0,3.1,360.0,1014.1,40.0
2025-02-23 22:00:00,,24.0,83.0,0.0,2.9,4.0,1014.9,35.0
2025-02-23 23:00:00,,24.3,80.0,0.0,2.0,355.0,1015.6,40.0
2025-02-24 00:00:00,,25.8,70.0,0.0,1.0,315.0,1016.2,330.0
2025-02-24 01:00:00,,28.0,57.0,0.0,9.9,58.0,1017.0,1240.0
2025-02-24 02:00:00,,29.6,50.0,0.0,12.6,70.0,1017.0,1385.0
2025-02-24 03:00:00,,30.9,46.0,0.0,15.7,68.0,1016.6,1595.0
2025-02-24 04:00:00,,31.1,47.0,0.1,16.0,73.0,1015.8,1540.0
2025-02-24 05:00:00,,31.1,47.0,0.2,16.9,74.0,1014.9,1540.0
2025-02-24 06:00:00,,31.5,46.0,0.0,16.0,78.0,1013.6,1625.0
2025-02-24 07:00:00,,31.1,47.0,0.0,16.4,86.0,1013.0,1535.0
2025-02-24 08:00:00,,30.2,50.0,0.0,14.8,93.0,1012.9,1430.0
2025-02-24 09:00:00,,29.3,55.0,0.0,15.0,96.0,1013.5,1365.0
2025-02-24 10:00:00,,27.8,61.0,0.0,14.5,107.0,1013.8,1175.0
2025-02-24 11:00:00,,27.1,64.0,0.0,11.3,108.0,1014.8,1170.0
2025-02-24 12:00:00,,26.6,66.0,0.0,12.8,112.0,1015.6,1150.0
2025-02-24 13:00:00,,26.3,70.0,0.0,11.4,119.0,1016.4,920.0
2025-02-24 14:00:00,,26.0,72.0,0.0,9.2,130.0,1016.6,535.0
2025-02-24 15:00:00,,25.7,73.0,0.0,6.3,117.0,1016.5,390.0
2025-02-24 16:00:00,,25.6,73.0,0.0,4.0,80.0,1016.1,355.0
2025-02-24 17:00:00,,25.4,73.0,0.0,3.8,352.0,1015.4,225.0
2025-02-24 18:00:00,,25.1,75.0,0.0,4.5,346.0,1014.9,180.0
2025-02-24 19:00:00,,24.9,76.0,0.0,6.2,348.0,1014.4,195.0
2025-02-24 20:00:00,,24.8,76.0,0.0,7.0,356.0,1014.4,190.0
2025-02-24 21:00:00,,24.7,76.0,0.0,6.4,350.0,1014.7,165.0
2025-02-24 22:00:00,,24.6,77.0,0.0,6.6,347.0,1015.3,175.0
2025-02-24 23:00:00,,24.9,75.0,0.0,6.5,347.0,1015.9,195.0
2025-02-25 00:00:00,,25.9,71.0,0.0,4.9,356.0,1016.6,400.0
2025-02-25 01:00:00,,27.5,63.0,0.0,9.6,53.0,1016.9,1195.0
2025-02-25 02:00:00,,28.8,57.0,0.0,16.0,61.0,1017.2,1400.0
2025-02-25 03:00:00,,29.7,54.0,0.0,17.4,60.0,1016.1,1410.0
2025-02-25 04:00:00,,30.2,52.0,0.2,19.9,65.0,1015.3,1345.0
2025-02-25 05:00:00,,30.6,51.0,0.1,19.5,74.0,1014.5,1435.0
2025-02-25 06:00:00,,30.9,50.0,0.2,19.4,77.0,1013.7,1530.0
2025-02-25 07:00:00,,30.3,52.0,0.1,20.2,76.0,1013.4,1470.0
2025-02-25 08:00:00,,29.6,54.0,0.0,17.5,78.0,1013.3,1510.0
2025-02-25 09:00:00,,28.7,58.0,0.0,13.7,81.0,1013.7,1365.0
2025-02-25 10:00:00,,27.6,62.0,0.0,12.6,95.0,1014.3,1265.0
2025-02-25 11:00:00,,27.0,65.0,0.0,11.7,95.0,1015.0,1175.0
2025-02-25 12:00:00,,26.3,68.0,0.0,10.6,113.0,1015.7,1080.0
2025-02-25 13:00:00,,26.4,67.0,0.0,8.3,91.0,1016.4,1065.0
2025-02-25 14:00:00,,26.1,67.0,0.0,7.7,93.0,1016.7,1005.0
2025-02-25 15:00:00,,25.8,69.0,0.0,7.8,98.0,1016.8,940.0
2025-02-25 16:00:00,,25.6,70.0,0.0,6.3,97.0,1016.4,945.0
2025-02-25 17:00:00,,25.4,71.0,0.0,5.2,65.0,1015.7,930.0
2025-02-25 18:00:00,,25.0,73.0,0.0,4.2,10.0,1015.1,250.0
2025-02-25 19:00:00,,24.7,76.0,0.0,4.7,353.0,1014.7,190.0
2025-02-25 20:00:00,,24.5,77.0,0.0,3.8,355.0,1014.4,155.0
2025-02-25 21:00:00,,24.3,78.0,0.0,4.4,353.0,1014.5,165.0
2025-02-25 22:00:00,,24.2,79.0,0.0,5.5,349.0,1015.0,180.0
2025-02-25 23:00:00,,24.3,78.0,0.0,4.3,343.0,1015.7,170.0
2025-02-26 00:00:00,,25.5,71.0,0.0,2.9,360.0,1016.2,905.0
2025-02-26 01:00:00,,27.7,60.0,0.0,7.8,81.0,1016.4,1170.0
2025-02-26 02:00:00,,29.3,53.0,0.0,9.5,71.0,1016.3,1400.0
2025-02-26 03:00:00,,30.4,48.0,0.0,11.4,79.0,1015.6,1605.0
2025-02-26 04:00:00,,31.6,44.0,0.0,14.0,82.0,1014.4,1795.0
2025-02-26 05:00:00,,31.7,44.0,0.0,15.3,88.0,1013.5,1820.0
2025-02-26 06:00:00,,31.5,44.0,0.0,14.2,92.0,1012.4,1525.0
2025-02-26 07:00:00,,31.0,46.0,0.0,13.1,90.0,1011.9,1760.0
2025-02-26 08:00:00,,30.6,47.0,0.0,13.5,88.0,1012.0,1670.0
2025-02-26 09:00:00,,29.4,51.0,0.0,14.2,93.0,1012.7,1360.0
2025-02-26 10:00:00,,27.7,58.0,0.0,14.1,106.0,1013.2,1155.0
2025-02-26 11:00:00,,26.6,64.0,0.0,14.3,113.0,1013.8,975.0
2025-02-26 12:00:00,,25.7,67.0,0.0,13.7,113.0,1014.6,855.0
2025-02-26 13:00:00,,25.7,68.0,0.0,11.5,113.0,1015.1,825.0
2025-02-26 14:00:00,,25.4,68.0,0.0,12.0,114.0,1015.5,790.0
2025-02-26 15:00:00,,25.4,68.0,0.0,11.6,108.0,1015.5,805.0
2025-02-26 16:00:00,,25.2,68.0,0.0,9.1,107.0,1014.9,785.0
2025-02-26 17:00:00,,25.1,69.0,0.0,6.0,93.0,1014.4,755.0
2025-02-26 18:00:00,,24.8,70.0,0.0,2.7,90.0,1013.7,160.0
2025-02-26 19:00:00,,24.5,72.0,0.0,1.9,107.0,1013.4,100.0
2025-02-26 20:00:00,,24.1,74.0,0.0,3.8,121.0,1013.2,130.0
2025-02-26 21:00:00,,23.9,75.0,0.0,3.9,124.0,1013.1,180.0
2025-02-26 22:00:00,,23.8,77.0,0.0,3.2,109.0,1013.5,140.0
2025-02-26 23:00:00,,24.0,75.0,0.0,4.1,105.0,1014.2,170.0
2025-02-27 00:00:00,,25.1,68.0,0.0,3.9,114.0,1014.5,750.0
2025-02-27 01:00:00,,26.9,59.0,0.0,9.2,79.0,1015.0,1120.0
2025-02-27 02:00:00,,28.8,50.0,0.0,9.8,83.0,1014.7,1385.0
2025-02-27 03:00:00,,30.3,42.0,0.0,9.7,100.0,1014.0,1545.0
2025-02-27 04:00:00,,31.2,41.0,0.0,10.8,105.0,1013.0,1675.0
2025-02-27 05:00:00,,31.8,39.0,0.0,11.7,100.0,1012.0,1755.0
2025-02-27 06:00:00,,32.3,36.0,0.0,8.1,84.0,1010.7,1865.0
2025-02-27 07:00:00,,31.9,37.0,0.0,6.1,34.0,1010.2,1920.0
2025-02-27 08:00:00,,31.2,38.0,0.0,8.5,61.0,1010.1,1815.0
2025-02-27 09:00:00,,30.0,43.0,0.0,12.5,85.0,1010.7,1390.0
2025-02-27 10:00:00,,28.3,50.0,0.0,14.2,91.0,1011.5,1035.0
2025-02-27 11:00:00,,26.9,57.0,0.0,13.8,97.0,1012.2,770.0
2025-02-27 12:00:00,,26.1,62.0,0.0,12.0,108.0,1013.0,680.0
2025-02-27 13:00:00,,25.9,64.0,0.0,11.9,108.0,1013.4,675.0
2025-02-27 14:00:00,,25.5,65.0,0.0,9.6,106.0,1013.6,680.0
2025-02-27 15:00:00,,25.3,66.0,0.0,8.1,111.0,1013.3,650.0
2025-02-27 16:00:00,,25.0,67.0,0.0,8.9,115.0,1012.8,515.0
2025-02-27 17:00:00,,24.5,72.0,0.0,9.1,111.0,1012.0,495.0
2025-02-27 18:00:00,,24.3,75.0,0.0,7.1,105.0,1011.5,560.0
2025-02-27 19:00:00,,24.2,76.0,0.0,5.2,121.0,1010.9,450.0
2025-02-27 20:00:00,,24.1,77.0,0.0,7.0,111.0,1010.6,425.0
2025-02-27 21:00:00,,24.0,77.0,0.0,5.6,61.0,1010.9,245.0
2025-02-27 22:00:00,,23.5,79.0,0.0,6.3,3.0,1011.7,145.0
2025-02-27 23:00:00,,23.7,79.0,0.0,4.3,5.0,1012.7,90.0
2025-02-28 00:00:00,,25.3,70.0,0.0,3.5,51.0,1013.5,845.0
2025-02-28 01:00:00,,27.9,56.0,0.0,11.3,83.0,1013.5,1365.0
2025-02-28 02:00:00,,29.3,50.0,0.0,15.0,85.0,1013.4,1710.0
2025-02-28 03:00:00,,30.6,43.0,0.0,16.1,100.0,1012.9,1855.0
2025-02-28 04:00:00,,31.4,40.0,0.0,16.4,93.0,1011.9,1800.0
2025-02-28 05:00:00,,32.7,34.0,0.0,18.0,94.0,1010.9,2075.0
2025-02-28 06:00:00,,32.2,39.0,0.0,20.3,100.0,1010.1,2060.0
2025-02-28 07:00:00,,31.6,43.0,0.0,17.3,92.0,1010.0,1990.0
2025-02-28 08:00:00,,31.0,44.0,0.0,16.4,69.0,1010.4,1835.0
2025-02-28 09:00:00,,29.1,50.0,0.0,16.9,52.0,1011.3,1170.0
2025-02-28 10:00:00,,28.1,55.0,0.0,14.7,33.0,1011.5,870.0
2025-02-28 11:00:00,,27.4,59.0,0.0,12.4,48.0,1012.1,810.0
2025-02-28 12:00:00,,27.0,62.0,0.0,8.4,70.0,1013.0,750.0
2025-02-28 13:00:00,,27.0,65.0,0.0,7.0,103.0,1013.4,925.0
2025-02-28 14:00:00,,26.7,68.0,0.0,7.0,119.0,1013.3,830.0
2025-02-28 15:00:00,,26.3,71.0,0.0,8.4,124.0,1012.9,770.0
2025-02-28 16:00:00,,25.9,73.0,0.0,9.1,129.0,1012.5,725.0
2025-02-28 17:00:00,,25.7,73.0,0.0,8.4,125.0,1011.7,700.0
2025-02-28 18:00:00,,25.6,73.0,0.0,5.1,107.0,1011.1,645.0
2025-02-28 19:00:00,,25.4,73.0,0.0,2.7,86.0,1011.0,105.0
2025-02-28 20:00:00,,25.0,74.0,0.0,0.9,53.0,1011.1,40.0
2025-02-28 21:00:00,,24.6,76.0,0.0,2.0,333.0,1011.0,80.0
2025-02-28 22:00:00,,24.3,78.0,0.0,1.6,360.0,1011.3,50.0
2025-02-28 23:00:00,,24.6,77.0,0.0,1.2,39.0,1011.6,60.0
2025-03-01 00:00:00,,25.9,69.0,0.0,1.1,162.0,1012.1,400.0
2025-03-01 01:00:00,,28.1,60.0,0.0,0.4,270.0,1012.4,905.0
2025-03-01 02:00:00,,30.7,50.0,0.0,6.4,63.0,1012.1,1265.0
2025-03-01 03:00:00,,32.3,46.0,0.0,4.8,105.0,1010.8,1435.0
2025-03-01 04:00:00,,33.2,43.0,0.0,8.2,147.0,1009.8,1565.0
2025-03-01 05:00:00,,33.7,43.0,0.0,11.8,116.0,1008.7,1610.0
2025-03-01 06:00:00,,33.9,41.0,0.0,13.2,107.0,1007.8,1775.0
2025-03-01 07:00:00,,33.5,44.0,0.0,14.2,102.0,1007.7,1690.0
2025-03-01 08:00:00,,32.8,46.0,0.0,15.6,97.0,1007.9,1565.0
2025-03-01 09:00:00,,31.4,51.0,0.0,16.2,107.0,1008.5,1300.0
2025-03-01 10:00:00,,29.9,57.0,0.0,12.4,111.0,1009.2,865.0
2025-03-01 11:00:00,,29.0,61.0,0.0,9.5,115.0,1010.0,790.0
2025-03-01 12:00:00,,28.6,63.0,0.0,7.8,103.0,1010.8,755.0
2025-03-01 13:00:00,,27.6,66.0,0.5,11.8,101.0,1011.7,645.0
2025-03-01 14:00:00,,26.8,71.0,0.2,10.7,77.0,1011.7,530.0
2025-03-01 15:00:00,,26.9,72.0,0.1,5.9,121.0,1011.7,575.0
2025-03-01 16:00:00,,27.2,72.0,0.0,7.1,137.0,1011.6,715.0
2025-03-01 17:00:00,,26.8,75.0,0.0,3.0,128.0,1011.0,495.0
2025-03-01 18:00:00,,26.4,76.0,0.0,6.2,126.0,1010.4,410.0
2025-03-01 19:00:00,,26.2,77.0,0.0,4.0,120.0,1009.5,345.0
2025-03-01 20:00:00,,26.0,77.0,0.0,3.3,96.0,1009.3,285.0
2025-03-01 21:00:00,,25.8,79.0,0.0,2.6,65.0,1009.3,175.0
2025-03-01 22:00:00,,25.4,81.0,0.0,1.7,32.0,1010.0,65.0
2025-03-01 23:00:00,,25.6,81.0,0.0,2.2,132.0,1010.7,115.0
2025-03-02 00:00:00,,26.9,75.0,0.0,2.7,82.0,1010.9,760.0
2025-03-02 01:00:00,,29.6,62.0,0.0,6.1,66.0,1011.5,1100.0
2025-03-02 02:00:00,,31.4,53.0,0.0,6.9,99.0,1011.0,1320.0
2025-03-02 03:00:00,,32.9,46.0,0.0,8.1,119.0,1010.2,1485.0
2025-03-02 04:00:00,,33.8,44.0,0.0,8.3,132.0,1009.0,1630.0
2025-03-02 05:00:00,,33.9,45.0,0.0,8.6,126.0,1008.0,1505.0
2025-03-02 06:00:00,,34.1,44.0,0.0,8.9,115.0,1006.9,1565.0
2025-03-02 07:00:00,,34.2,43.0,0.0,7.3,99.0,1006.5,1605.0
2025-03-02 08:00:00,,34.1,42.0,0.0,7.1,105.0,1006.3,1615.0
2025-03-02 09:00:00,,33.1,47.0,0.0,9.0,103.0,1006.7,1445.0
2025-03-02 10:00:00,,31.3,54.0,0.0,14.0,103.0,1007.6,1090.0
2025-03-02 11:00:00,,29.7,62.0,0.0,13.6,105.0,1008.2,735.0
2025-03-02 12:00:00,,28.5,67.0,0.0,11.9,105.0,1009.0,705.0
2025-03-02 13:00:00,,28.0,69.0,0.0,13.7,104.0,1010.0,705.0
2025-03-02 14:00:00,,27.6,70.0,0.0,12.6,107.0,1009.9,595.0
2025-03-02 15:00:00,,27.4,70.0,0.0,10.3,113.0,1009.7,550.0
2025-03-02 16:00:00,,27.3,71.0,0.0,6.9,118.0,1009.9,580.0
2025-03-02 17:00:00,,27.0,72.0,0.0,3.0,104.0,1009.3,560.0
2025-03-02 18:00:00,,26.8,73.0,0.0,3.6,117.0,1008.5,355.0
2025-03-02 19:00:00,,26.5,75.0,0.0,3.7,119.0,1008.1,335.0
2025-03-02 20:00:00,,26.2,76.0,0.0,3.3,84.0,1008.2,315.0
2025-03-02 21:00:00,,26.0,76.0,0.0,3.2,90.0,1008.3,300.0
2025-03-02 22:00:00,,25.7,78.0,0.0,4.0,63.0,1008.9,180.0
2025-03-02 23:00:00,,25.9,77.0,0.0,4.1,45.0,1009.5,195.0
2025-03-03 00:00:00,,27.1,72.0,0.0,3.5,114.0,1010.1,625.0
2025-03-03 01:00:00,,29.0,63.0,0.0,5.4,110.0,1010.2,865.0
2025-03-03 02:00:00,,31.5,51.0,0.0,9.3,98.0,1010.0,1345.0
2025-03-03 03:00:00,,32.6,48.0,0.0,8.9,122.0,1009.6,1475.0
2025-03-03 04:00:00,,33.3,45.0,0.0,5.5,128.0,1008.7,1570.0
2025-03-03 05:00:00,,33.9,43.0,0.0,6.3,125.0,1007.5,1715.0
2025-03-03 06:00:00,,33.8,43.0,0.0,10.2,103.0,1006.8,1630.0
2025-03-03 07:00:00,,33.7,44.0,0.0,12.2,99.0,1006.3,1615.0
2025-03-03 08:00:00,,32.1,49.0,0.0,16.9,106.0,1006.6,1295.0
2025-03-03 09:00:00,,30.2,57.0,0.0,15.3,117.0,1007.0,965.0
2025-03-03 10:00:00,,29.2,61.0,0.0,14.1,118.0,1007.8,765.0
2025-03-03 11:00:00,,28.3,63.0,0.0,16.2,98.0,1008.1,700.0
2025-03-03 12:00:00,,27.6,65.0,0.2,9.0,91.0,1008.5,435.0
2025-03-03 13:00:00,,28.5,65.0,0.0,7.5,117.0,1009.2,770.0
2025-03-03 14:00:00,,27.9,69.0,0.0,5.5,99.0,1009.5,685.0
2025-03-03 15:00:00,,27.7,71.0,0.0,4.9,129.0,1009.5,665.0
2025-03-03 16:00:00,,27.4,73.0,0.0,8.8,129.0,1009.0,650.0
2025-03-03 17:00:00,,27.0,73.0,0.0,9.9,122.0,1008.6,640.0
2025-03-03 18:00:00,,27.0,69.0,0.0,9.6,116.0,1007.8,615.0
2025-03-03 19:00:00,,26.8,68.0,0.0,6.8,122.0,1007.6,475.0
2025-03-03 20:00:00,,26.5,70.0,0.1,5.0,128.0,1007.5,385.0
2025-03-03 21:00:00,,26.4,70.0,0.0,4.7,118.0,1007.7,435.0
2025-03-03 22:00:00,,26.3,72.0,0.0,5.4,127.0,1008.3,490.0
2025-03-03 23:00:00,,26.3,74.0,0.0,8.6,126.0,1008.7,540.0
2025-03-04 00:00:00,,26.6,75.0,0.0,11.2,123.0,1009.5,660.0
2025-03-04 01:00:00,,28.6,65.0,0.1,11.8,97.0,1009.5,765.0
2025-03-04 02:00:00,,29.9,61.0,0.0,10.9,98.0,1009.4,1025.0
2025-03-04 03:00:00,,31.5,56.0,0.0,15.4,101.0,1008.8,1285.0
2025-03-04 04:00:00,,32.4,53.0,0.0,16.8,108.0,1007.9,1410.0
2025-03-04 05:00:00,,33.2,50.0,0.0,15.1,110.0,1006.7,1565.0
2025-03-04 06:00:00,,31.9,54.0,0.3,15.8,111.0,1006.0,1110.0
2025-03-04 07:00:00,,32.3,53.0,0.1,16.4,116.0,1005.2,1275.0
2025-03-04 08:00:00,,31.7,53.0,0.0,15.6,120.0,1005.1,1060.0
2025-03-04 09:00:00,,30.9,58.0,0.2,15.7,120.0,1005.5,980.0
2025-03-04 10:00:00,,29.7,63.0,0.0,17.4,120.0,1006.5,770.0
2025-03-04 11:00:00,,29.1,66.0,0.0,13.5,117.0,1007.4,635.0
2025-03-04 12:00:00,,28.3,69.0,0.0,11.1,119.0,1008.1,560.0
2025-03-04 13:00:00,,28.6,67.0,0.0,8.6,131.0,1008.7,465.0
2025-03-04 14:00:00,,28.2,69.0,0.0,7.2,129.0,1008.9,460.0
2025-03-04 15:00:00,,27.9,70.0,0.0,5.4,130.0,1008.8,390.0
2025-03-04 16:00:00,,27.6,72.0,0.0,5.1,129.0,1008.6,350.0
2025-03-04 17:00:00,,27.3,73.0,0.0,5.2,131.0,1008.1,335.0
2025-03-04 18:00:00,,27.1,74.0,0.0,5.4,124.0,1007.5,320.0
2025-03-04 19:00:00,,26.9,75.0,0.0,5.5,107.0,1007.4,310.0
2025-03-04 20:00:00,,26.6,76.0,0.0,4.7,99.0,1007.4,255.0
2025-03-04 21:00:00,,26.3,77.0,0.0,4.3,95.0,1007.8,140.0
2025-03-04 22:00:00,,25.9,80.0,0.0,4.5,90.0,1008.3,100.0
2025-03-04 23:00:00,,26.2,78.0,0.0,4.2,97.0,1008.9,125.0
2025-03-05 00:00:00,,27.4,72.0,0.0,2.9,97.0,1009.6,295.0
2025-03-05 01:00:00,,29.2,64.0,0.0,1.0,68.0,1010.3,610.0
2025-03-05 02:00:00,,30.7,59.0,0.0,0.9,349.0,1009.9,920.0
2025-03-05 03:00:00,,31.7,55.0,0.0,2.8,281.0,1009.2,1095.0
2025-03-05 04:00:00,,32.3,54.0,0.0,4.5,275.0,1008.4,1180.0
2025-03-05 05:00:00,,32.8,53.0,0.0,4.1,257.0,1007.4,1180.0
2025-03-05 06:00:00,,33.0,52.0,0.0,4.1,214.0,1006.6,1250.0
2025-03-05 07:00:00,,33.0,51.0,0.0,8.2,123.0,1006.1,1295.0
2025-03-05 08:00:00,,32.4,53.0,0.0,8.9,66.0,1005.8,1155.0
2025-03-05 09:00:00,,32.2,54.0,0.0,6.5,56.0,1006.0,1150.0
2025-03-05 10:00:00,,31.2,58.0,0.1,5.8,86.0,1006.9,610.0
2025-03-05 11:00:00,,29.7,66.0,0.0,7.3,110.0,1007.7,455.0
2025-03-05 12:00:00,,29.3,68.0,0.0,9.5,117.0,1008.4,495.0
2025-03-05 13:00:00,,28.8,70.0,0.0,8.0,36.0,1009.0,485.0
2025-03-05 14:00:00,,26.7,73.0,0.0,9.4,340.0,1009.5,205.0
2025-03-05 15:00:00,,26.3,74.0,0.0,4.0,309.0,1009.8,165.0
2025-03-05 16:00:00,,26.1,79.0,0.0,7.4,304.0,1009.7,195.0
2025-03-05 17:00:00,,26.2,78.0,0.0,3.5,12.0,1009.3,145.0
2025-03-05 18:00:00,,26.2,78.0,0.0,2.9,356.0,1008.9,150.0
2025-03-05 19:00:00,,26.1,79.0,0.0,3.9,336.0,1008.8,180.0
2025-03-05 20:00:00,,25.9,82.0,0.0,3.1,10.0,1008.7,180.0
2025-03-05 21:00:00,,25.8,83.0,0.0,3.8,8.0,1008.8,160.0
2025-03-05 22:00:00,,25.6,85.0,0.0,4.1,358.0,1009.5,160.0
2025-03-05 23:00:00,,25.7,85.0,0.0,3.4,354.0,1010.2,175.0
2025-03-06 00:00:00,,26.9,76.0,0.0,1.3,214.0,1010.8,295.0
2025-03-06 01:00:00,,29.2,66.0,0.0,2.1,165.0,1011.2,520.0
2025-03-06 02:00:00,,30.8,58.0,0.0,0.7,256.0,1011.0,900.0
2025-03-06 03:00:00,,31.9,52.0,0.0,2.5,300.0,1010.5,1170.0
2025-03-06 04:00:00,,32.7,47.0,0.0,4.8,297.0,1009.4,1335.0
2025-03-06 05:00:00,,33.0,48.0,0.0,7.2,274.0,1008.2,1370.0
2025-03-06 06:00:00,,33.3,48.0,0.0,8.4,261.0,1007.3,1285.0
2025-03-06 07:00:00,,33.0,50.0,0.0,8.2,241.0,1006.5,980.0
2025-03-06 08:00:00,,33.2,48.0,0.0,7.4,198.0,1006.3,1145.0
2025-03-06 09:00:00,,32.1,49.0,0.2,7.8,77.0,1007.1,925.0
2025-03-06 10:00:00,,31.6,52.0,0.1,6.9,104.0,1007.7,990.0
2025-03-06 11:00:00,,30.7,56.0,0.0,11.3,119.0,1008.7,715.0
2025-03-06 12:00:00,,28.9,64.0,0.1,8.1,274.0,1009.9,355.0
2025-03-06 13:00:00,,29.4,64.0,0.0,1.0,202.0,1009.8,555.0
2025-03-06 14:00:00,,29.0,66.0,0.0,2.7,110.0,1010.3,540.0
2025-03-06 15:00:00,,28.7,67.0,0.0,2.4,54.0,1010.1,435.0
2025-03-06 16:00:00,,28.3,69.0,0.0,2.6,51.0,1010.0,220.0
2025-03-06 17:00:00,,28.1,69.0,0.0,3.0,65.0,1009.5,240.0
2025-03-06 18:00:00,,27.7,69.0,0.0,2.7,37.0,1008.8,80.0
2025-03-06 19:00:00,,27.1,71.0,0.0,3.4,47.0,1008.6,75.0
2025-03-06 20:00:00,,26.7,73.0,0.0,4.2,50.0,1008.5,130.0
2025-03-06 21:00:00,,26.5,74.0,0.0,3.6,90.0,1008.7,145.0
2025-03-06 22:00:00,,26.3,75.0,0.0,4.0,93.0,1008.9,145.0
2025-03-06 23:00:00,,26.4,74.0,0.0,3.3,99.0,1009.2,190.0
2025-03-07 00:00:00,,27.5,69.0,0.0,1.9,34.0,1009.7,455.0
2025-03-07 01:00:00,,29.5,57.0,0.0,3.6,20.0,1010.4,1145.0
2025-03-07 02:00:00,,31.4,50.0,0.0,6.3,35.0,1009.9,1415.0
2025-03-07 03:00:00,,32.4,47.0,0.0,11.1,50.0,1009.1,1460.0
2025-03-07 04:00:00,,32.7,48.0,0.8,12.8,55.0,1008.5,1555.0
2025-03-07 05:00:00,,32.6,49.0,0.5,15.5,48.0,1007.5,1475.0
2025-03-07 06:00:00,,32.5,50.0,0.1,14.1,53.0,1007.1,1535.0
2025-03-07 07:00:00,,31.2,54.0,0.1,13.5,67.0,1006.5,1140.0
2025-03-07 08:00:00,,31.3,54.0,0.0,12.9,84.0,1006.4,1255.0
2025-03-07 09:00:00,,30.6,57.0,0.1,12.6,88.0,1006.8,1135.0
2025-03-07 10:00:00,,29.5,62.0,0.0,11.0,95.0,1007.4,960.0
2025-03-07 11:00:00,,28.8,66.0,0.0,9.3,118.0,1008.3,695.0
2025-03-07 12:00:00,,28.3,69.0,0.0,8.4,118.0,1009.4,475.0
2025-03-07 13:00:00,,28.1,70.0,0.0,7.1,124.0,1009.6,495.0
2025-03-07 14:00:00,,27.7,72.0,0.0,5.8,120.0,1009.8,430.0
2025-03-07 15:00:00,,27.4,73.0,0.0,4.9,98.0,1009.9,440.0
2025-03-07 16:00:00,,27.2,74.0,0.0,4.2,70.0,1009.5,410.0
2025-03-07 17:00:00,,27.0,74.0,0.0,2.2,24.0,1009.1,390.0
2025-03-07 18:00:00,,26.8,75.0,0.0,0.4,153.0,1008.9,360.0
2025-03-07 19:00:00,,26.4,78.0,0.2,4.0,141.0,1008.6,220.0
2025-03-07 20:00:00,,26.0,80.0,0.2,4.0,162.0,1008.5,230.0
2025-03-07 21:00:00,,24.6,91.0,2.0,5.5,128.0,1009.2,120.0
2025-03-07 22:00:00,,24.6,92.0,0.8,4.2,40.0,1009.5,155.0
2025-03-07 23:00:00,,24.9,92.0,0.4,3.9,326.0,1010.1,160.0
2025-03-08 00:00:00,,25.9,85.0,0.0,3.8,349.0,1011.0,235.0
2025-03-08 01:00:00,,27.9,70.0,0.1,2.1,52.0,1011.5,590.0
2025-03-08 02:00:00,,27.7,72.0,0.5,6.9,120.0,1011.6,535.0
2025-03-08 03:00:00,,27.0,79.0,1.4,3.5,165.0,1011.3,300.0
2025-03-08 04:00:00,,27.7,76.0,0.9,3.5,145.0,1010.8,430.0
2025-03-08 05:00:00,,28.9,71.0,0.3,1.9,248.0,1009.7,550.0
2025-03-08 06:00:00,,29.4,70.0,0.1,5.1,253.0,1008.9,495.0
2025-03-08 07:00:00,,28.9,73.0,0.2,6.3,263.0,1008.5,240.0
2025-03-08 08:00:00,,28.5,75.0,0.4,3.2,286.0,1008.6,425.0
2025-03-08 09:00:00,,29.0,70.0,0.1,2.2,189.0,1008.9,600.0
2025-03-08 10:00:00,,29.0,66.0,0.0,4.4,122.0,1009.7,875.0
2025-03-08 11:00:00,,28.4,68.0,0.0,5.3,128.0,1010.5,325.0
2025-03-08 12:00:00,,27.7,72.0,0.0,7.3,132.0,1011.0,235.0
2025-03-08 13:00:00,,27.7,75.0,0.0,4.8,68.0,1011.7,220.0
2025-03-08 14:00:00,,27.2,77.0,0.0,5.8,88.0,1012.3,270.0
2025-03-08 15:00:00,,27.0,76.0,0.0,5.9,113.0,1012.4,370.0
2025-03-08 16:00:00,,26.5,75.0,0.0,6.4,119.0,1012.4,275.0
2025-03-08 17:00:00,,26.4,75.0,0.0,5.3,123.0,1011.8,270.0
2025-03-08 18:00:00,,26.0,77.0,0.0,5.1,113.0,1011.2,215.0
2025-03-08 19:00:00,,25.7,78.0,0.0,2.6,74.0,1010.9,125.0
2025-03-08 20:00:00,,25.5,80.0,0.0,0.7,360.0,1010.7,130.0
2025-03-08 21:00:00,,25.4,81.0,0.0,1.1,81.0,1010.8,90.0
2025-03-08 22:00:00,,25.3,81.0,0.0,2.4,347.0,1011.4,125.0
2025-03-08 23:00:00,,25.6,81.0,0.0,3.2,357.0,1012.0,170.0
2025-03-09 00:00:00,,26.4,76.0,0.0,0.8,315.0,1012.5,260.0
2025-03-09 01:00:00,,28.5,68.0,0.0,3.2,153.0,1013.0,920.0
2025-03-09 02:00:00,,29.8,62.0,0.1,6.6,69.0,1013.3,1070.0
2025-03-09 03:00:00,,31.1,57.0,0.0,10.4,91.0,1012.9,1435.0
2025-03-09 04:00:00,,30.5,60.0,0.3,11.9,100.0,1012.6,1275.0
2025-03-09 05:00:00,,30.1,60.0,0.0,15.7,90.0,1011.8,1075.0
2025-03-09 06:00:00,,30.6,58.0,0.1,15.8,89.0,1010.8,1170.0
2025-03-09 07:00:00,,30.8,58.0,0.0,14.1,88.0,1010.4,1275.0
2025-03-09 08:00:00,,30.6,57.0,0.0,16.0,91.0,1010.4,1295.0
2025-03-09 09:00:00,,29.4,63.0,0.0,13.5,94.0,1010.9,1120.0
2025-03-09 10:00:00,,28.4,68.0,0.0,12.6,99.0,1011.5,975.0
2025-03-09 11:00:00,,27.9,70.0,0.0,9.4,93.0,1012.1,900.0
2025-03-09 12:00:00,,27.6,71.0,0.0,6.9,105.0,1012.8,780.0
2025-03-09 13:00:00,,27.9,70.0,0.0,7.4,103.0,1013.6,845.0
2025-03-09 14:00:00,,27.5,72.0,0.0,5.2,117.0,1014.2,585.0
2025-03-09 15:00:00,,27.2,73.0,0.0,4.6,116.0,1014.3,575.0
2025-03-09 16:00:00,,27.0,74.0,0.0,3.2,90.0,1013.9,380.0
2025-03-09 17:00:00,,26.8,75.0,0.0,1.8,360.0,1013.1,185.0
2025-03-09 18:00:00,,26.7,75.0,0.0,1.4,360.0,1012.4,95.0
2025-03-09 19:00:00,,26.5,76.0,0.0,0.9,349.0,1011.9,35.0
2025-03-09 20:00:00,,26.3,77.0,0.0,1.3,8.0,1011.9,40.0
2025-03-09 21:00:00,,26.3,77.0,0.0,1.8,6.0,1012.1,90.0
2025-03-09 22:00:00,,26.1,77.0,0.0,2.9,22.0,1012.7,115.0
2025-03-09 23:00:00,,26.3,77.0,0.0,1.2,27.0,1013.1,150.0
2025-03-10 00:00:00,,27.3,72.0,0.0,3.1,50.0,1013.7,415.0
2025-03-10 01:00:00,,29.4,60.0,0.0,9.9,61.0,1014.4,1285.0
2025-03-10 02:00:00,,30.6,54.0,0.0,15.0,72.0,1014.2,1355.0
2025-03-10 03:00:00,,31.1,53.0,0.0,16.2,67.0,1013.9,1450.0
2025-03-10 04:00:00,,31.7,52.0,0.0,17.9,69.0,1013.3,1480.0
2025-03-10 05:00:00,,32.1,51.0,0.0,15.9,65.0,1012.1,1535.0
2025-03-10 06:00:00,,32.1,51.0,0.0,16.2,67.0,1011.2,1495.0
2025-03-10 07:00:00,,31.8,51.0,0.0,16.6,70.0,1010.8,1445.0
2025-03-10 08:00:00,,31.1,54.0,0.0,15.0,70.0,1010.8,1335.0
2025-03-10 09:00:00,,30.2,57.0,0.0,13.1,69.0,1011.4,1225.0
2025-03-10 10:00:00,,29.1,62.0,0.0,10.3,87.0,1011.9,1095.0
2025-03-10 11:00:00,,28.5,65.0,0.0,8.0,84.0,1012.1,990.0
2025-03-10 12:00:00,,28.1,66.0,0.0,7.1,84.0,1012.8,935.0
2025-03-10 13:00:00,,28.2,65.0,0.0,3.8,85.0,1013.7,845.0
2025-03-10 14:00:00,,27.9,66.0,0.0,3.7,101.0,1013.7,745.0
2025-03-10 15:00:00,,27.7,67.0,0.0,3.7,119.0,1013.5,740.0
2025-03-10 16:00:00,,27.5,69.0,0.0,3.1,114.0,1013.1,585.0
2025-03-10 17:00:00,,27.2,70.0,0.0,2.9,112.0,1012.3,450.0
2025-03-10 18:00:00,,26.8,72.0,0.0,2.5,94.0,1011.6,325.0
2025-03-10 19:00:00,,26.5,74.0,0.0,3.5,102.0,1011.0,300.0
2025-03-10 20:00:00,,26.3,76.0,0.0,4.6,121.0,1010.6,335.0
2025-03-10 21:00:00,,26.1,77.0,0.0,4.9,114.0,1010.8,340.0
2025-03-10 22:00:00,,26.1,77.0,0.0,4.5,104.0,1011.5,275.0
2025-03-10 23:00:00,,26.3,76.0,0.0,1.7,49.0,1012.0,220.0
2025-03-11 00:00:00,,27.5,70.0,0.0,1.5,339.0,1012.5,520.0
2025-03-11 01:00:00,,29.6,62.0,0.0,6.2,57.0,1012.9,1095.0
2025-03-11 02:00:00,,31.2,56.0,0.0,8.8,75.0,1012.4,1330.0
2025-03-11 03:00:00,,32.2,53.0,0.0,11.7,72.0,1011.8,1505.0
2025-03-11 04:00:00,,33.4,48.0,0.0,11.1,73.0,1010.9,1730.0
2025-03-11 05:00:00,,33.8,45.0,0.0,15.3,82.0,1009.7,1750.0
2025-03-11 06:00:00,,33.2,49.0,0.0,14.4,91.0,1008.9,1590.0
2025-03-11 07:00:00,,33.1,47.0,0.1,14.9,89.0,1008.3,1410.0
2025-03-11 08:00:00,,32.4,50.0,0.4,14.0,89.0,1008.4,1280.0
2025-03-11 09:00:00,,32.1,52.0,0.0,13.2,87.0,1008.7,1325.0
2025-03-11 10:00:00,,30.8,56.0,0.0,11.9,84.0,1009.6,1060.0
2025-03-11 11:00:00,,29.4,63.0,0.0,10.2,83.0,1010.3,790.0
2025-03-11 12:00:00,,28.6,67.0,0.0,8.5,92.0,1011.0,765.0
2025-03-11 13:00:00,,28.6,68.0,0.0,7.1,80.0,1011.6,765.0
2025-03-11 14:00:00,,28.3,70.0,0.0,5.1,94.0,1011.6,825.0
2025-03-11 15:00:00,,28.0,72.0,0.0,4.8,124.0,1011.3,500.0
2025-03-11 16:00:00,,27.6,75.0,0.0,6.1,140.0,1010.8,435.0
2025-03-11 17:00:00,,27.3,76.0,0.0,7.2,129.0,1010.1,495.0
2025-03-11 18:00:00,,27.1,76.0,0.0,6.6,123.0,1009.5,595.0
2025-03-11 19:00:00,,26.9,76.0,0.0,5.5,126.0,1009.2,470.0
2025-03-11 20:00:00,,26.8,77.0,0.0,3.4,108.0,1009.1,375.0
2025-03-11 21:00:00,,26.7,77.0,0.0,3.9,133.0,1009.4,300.0
2025-03-11 22:00:00,,26.5,77.0,0.0,4.6,126.0,1010.1,280.0
2025-03-11 23:00:00,,26.7,75.0,0.0,4.2,97.0,1010.9,350.0
2025-03-12 00:00:00,,27.6,71.0,0.0,2.9,68.0,1011.3,655.0
2025-03-12 01:00:00,,29.5,60.0,0.0,5.8,81.0,1012.2,960.0
2025-03-12 02:00:00,,31.4,51.0,0.1,7.4,103.0,1011.7,1335.0
2025-03-12 03:00:00,,33.1,44.0,0.0,10.7,110.0,1011.0,1630.0
2025-03-12 04:00:00,,33.9,42.0,0.0,10.6,125.0,1010.1,1745.0
2025-03-12 05:00:00,,34.3,40.0,0.0,10.4,135.0,1008.8,1765.0
2025-03-12 06:00:00,,34.8,38.0,0.0,11.3,123.0,1007.6,1925.0
2025-03-12 07:00:00,,34.1,39.0,0.0,13.4,122.0,1007.3,1755.0
2025-03-12 08:00:00,,33.0,43.0,0.3,16.3,109.0,1007.5,1380.0
2025-03-12 09:00:00,,31.3,55.0,0.4,15.5,108.0,1008.1,1080.0
2025-03-12 10:00:00,,30.0,60.0,0.0,13.5,102.0,1008.9,975.0
2025-03-12 11:00:00,,28.6,67.0,0.0,13.5,117.0,1009.9,790.0
2025-03-12 12:00:00,,27.8,70.0,0.0,12.3,117.0,1010.2,775.0
2025-03-12 13:00:00,,27.9,68.0,0.0,8.7,114.0,1010.9,750.0
2025-03-12 14:00:00,,27.6,70.0,0.0,7.6,109.0,1011.3,705.0
2025-03-12 15:00:00,,27.4,71.0,0.0,7.0,116.0,1011.1,715.0
2025-03-12 16:00:00,,27.3,71.0,0.0,7.5,125.0,1011.0,720.0
2025-03-12 17:00:00,,27.2,71.0,0.0,7.6,112.0,1010.5,790.0
2025-03-12 18:00:00,,26.9,72.0,0.0,6.1,109.0,1009.8,770.0
2025-03-12 19:00:00,,26.7,73.0,0.0,4.4,102.0,1009.5,710.0
2025-03-12 20:00:00,,26.6,74.0,0.0,2.8,50.0,1009.4,595.0
2025-03-12 21:00:00,,26.4,75.0,0.0,2.5,8.0,1009.7,185.0
2025-03-12 22:00:00,,26.2,76.0,0.0,2.2,24.0,1010.3,90.0
2025-03-12 23:00:00,,26.4,75.0,0.0,1.7,103.0,1011.1,395.0
2025-03-13 00:00:00,,27.7,68.0,0.0,3.5,102.0,1011.7,770.0
2025-03-13 01:00:00,,30.1,58.0,0.0,6.7,81.0,1012.0,1165.0
2025-03-13 02:00:00,,32.1,48.0,0.0,7.7,102.0,1011.7,1465.0
2025-03-13 03:00:00,,33.5,42.0,0.0,10.4,118.0,1011.2,1765.0
2025-03-13 04:00:00,,34.0,39.0,0.0,10.9,121.0,1010.2,1785.0
2025-03-13 05:00:00,,34.7,37.0,0.0,13.0,108.0,1008.9,1820.0
2025-03-13 06:00:00,,35.0,33.0,0.0,14.5,105.0,1008.1,1885.0
2025-03-13 07:00:00,,34.5,35.0,0.0,15.6,105.0,1007.9,1825.0
2025-03-13 08:00:00,,33.5,39.0,0.0,15.3,102.0,1007.9,1645.0
2025-03-13 09:00:00,,32.3,43.0,0.0,14.6,103.0,1008.3,1465.0
2025-03-13 10:00:00,,30.8,49.0,0.0,14.8,103.0,1009.1,1195.0
2025-03-13 11:00:00,,29.6,54.0,0.0,13.0,96.0,1009.7,920.0
2025-03-13 12:00:00,,28.8,59.0,0.0,9.7,88.0,1010.4,815.0
2025-03-13 13:00:00,,28.8,57.0,0.0,6.7,71.0,1011.1,755.0
2025-03-13 14:00:00,,28.4,59.0,0.0,4.4,63.0,1011.2,695.0
2025-03-13 15:00:00,,28.1,61.0,0.0,2.6,102.0,1011.1,670.0
2025-03-13 16:00:00,,27.7,64.0,0.0,5.0,128.0,1010.9,625.0
2025-03-13 17:00:00,,27.2,66.0,0.0,4.5,119.0,1010.6,545.0
2025-03-13 18:00:00,,26.8,68.0,0.0,4.8,112.0,1010.0,335.0
2025-03-13 19:00:00,,26.6,70.0,0.0,5.9,102.0,1009.9,310.0
2025-03-13 20:00:00,,26.3,72.0,0.0,7.3,99.0,1010.0,320.0
2025-03-13 21:00:00,,26.1,73.0,0.0,8.3,96.0,1010.3,345.0
2025-03-13 22:00:00,,26.0,74.0,0.0,6.5,98.0,1011.2,300.0
2025-03-13 23:00:00,,26.3,73.0,0.0,4.6,103.0,1011.9,340.0
2025-03-14 00:00:00,,27.7,65.0,0.0,4.3,90.0,1012.3,915.0
2025-03-14 01:00:00,,29.3,58.0,0.0,6.2,68.0,1012.7,1170.0
2025-03-14 02:00:00,,31.5,47.0,0.0,8.7,63.0,1012.4,1560.0
2025-03-14 03:00:00,,32.7,43.0,0.0,8.1,111.0,1011.9,1650.0
2025-03-14 04:00:00,,33.5,40.0,0.0,10.2,127.0,1011.2,1735.0
2025-03-14 05:00:00,,34.2,37.0,0.0,11.4,118.0,1010.0,1800.0
2025-03-14 06:00:00,,34.6,35.0,0.0,11.4,101.0,1009.0,1840.0
2025-03-14 07:00:00,,34.3,36.0,0.0,12.8,92.0,1008.7,1825.0
2025-03-14 08:00:00,,33.4,38.0,0.0,14.0,97.0,1008.7,1655.0
2025-03-14 09:00:00,,31.9,43.0,0.0,15.2,104.0,1008.9,1320.0
2025-03-14 10:00:00,,30.3,49.0,0.0,15.0,108.0,1009.7,1060.0
2025-03-14 11:00:00,,29.2,54.0,0.0,14.1,105.0,1010.3,875.0
2025-03-14 12:00:00,,28.5,58.0,0.0,12.8,100.0,1011.2,795.0
2025-03-14 13:00:00,,28.4,55.0,0.0,11.3,104.0,1011.6,810.0
2025-03-14 14:00:00,,28.0,57.0,0.0,9.4,103.0,1011.7,710.0
2025-03-14 15:00:00,,27.7,59.0,0.0,7.7,106.0,1011.5,635.0
2025-03-14 16:00:00,,27.4,60.0,0.0,7.6,108.0,1011.2,535.0
2025-03-14 17:00:00,,26.9,63.0,0.0,7.6,98.0,1010.5,350.0
2025-03-14 18:00:00,,26.5,65.0,0.0,6.5,90.0,1009.8,350.0
2025-03-14 19:00:00,,26.2,68.0,0.0,5.2,88.0,1009.3,230.0
2025-03-14 20:00:00,,25.9,71.0,0.0,5.2,84.0,1009.2,205.0
2025-03-14 21:00:00,,25.7,72.0,0.0,5.2,63.0,1009.4,190.0
2025-03-14 22:00:00,,25.4,74.0,0.0,6.3,66.0,1009.8,150.0
2025-03-14 23:00:00,,25.8,72.0,0.0,6.0,63.0,1010.4,220.0
2025-03-15 00:00:00,,27.3,65.0,0.0,4.7,58.0,1010.9,660.0
2025-03-15 01:00:00,,29.5,57.0,0.0,8.1,77.0,1011.6,1220.0
2025-03-15 02:00:00,,31.1,48.0,0.0,9.0,87.0,1011.2,1695.0
2025-03-15 03:00:00,,32.3,43.0,0.0,6.2,120.0,1010.3,1790.0
2025-03-15 04:00:00,,32.8,41.0,0.0,2.7,233.0,1009.5,1475.0
2025-03-15 05:00:00,,32.8,42.0,0.0,5.2,245.0,1008.6,1260.0
2025-03-15 06:00:00,,32.8,43.0,0.0,8.7,223.0,1007.5,1035.0
2025-03-15 07:00:00,,32.3,47.0,0.0,14.6,189.0,1006.9,805.0
2025-03-15 08:00:00,,31.8,48.0,0.0,17.5,176.0,1006.7,645.0
2025-03-15 09:00:00,,31.4,48.0,0.0,15.6,163.0,1006.8,460.0
2025-03-15 10:00:00,,30.7,52.0,0.0,14.2,145.0,1007.1,430.0
2025-03-15 11:00:00,,30.2,56.0,0.0,12.4,132.0,1007.7,515.0
2025-03-15 12:00:00,,29.4,59.0,0.0,9.3,140.0,1008.7,345.0
2025-03-15 13:00:00,,28.9,62.0,0.0,6.3,145.0,1009.4,270.0
2025-03-15 14:00:00,,28.4,65.0,0.0,3.7,137.0,1009.5,275.0
2025-03-15 15:00:00,,28.0,67.0,0.0,3.3,144.0,1009.6,300.0
2025-03-15 16:00:00,,27.6,69.0,0.0,4.6,167.0,1009.4,280.0
2025-03-15 17:00:00,,27.3,71.0,0.0,5.2,164.0,1009.2,260.0
2025-03-15 18:00:00,,27.0,72.0,0.0,5.1,157.0,1008.9,225.0
2025-03-15 19:00:00,,26.7,73.0,0.0,4.4,148.0,1008.5,210.0
2025-03-15 20:00:00,,26.4,73.0,0.0,3.2,142.0,1008.4,185.0
2025-03-15 21:00:00,,26.3,72.0,0.0,1.5,135.0,1008.6,175.0
2025-03-15 22:00:00,,26.1,73.0,0.0,0.9,101.0,1008.8,165.0
2025-03-15 23:00:00,,26.3,72.0,0.0,1.0,112.0,1009.5,170.0
2025-03-16 00:00:00,,27.5,64.0,0.0,0.0,270.0,1009.9,465.0
2025-03-16 01:00:00,,28.8,60.0,0.0,4.0,352.0,1010.4,795.0
2025-03-16 02:00:00,,30.4,52.0,0.0,2.4,9.0,1010.2,1200.0
2025-03-16 03:00:00,,32.1,45.0,0.0,2.4,261.0,1009.7,1590.0
2025-03-16 04:00:00,,31.6,51.0,0.0,12.4,251.0,1008.6,335.0
2025-03-16 05:00:00,,31.4,53.0,0.0,11.1,241.0,1007.9,770.0
2025-03-16 06:00:00,,31.8,48.0,0.0,8.9,207.0,1006.9,880.0
2025-03-16 07:00:00,,32.0,47.0,0.0,13.1,171.0,1006.2,840.0
2025-03-16 08:00:00,,32.2,49.0,0.0,15.2,166.0,1005.7,695.0
2025-03-16 09:00:00,,32.3,49.0,0.0,15.0,159.0,1005.7,635.0
2025-03-16 10:00:00,,31.2,52.0,0.0,16.8,142.0,1006.3,540.0
2025-03-16 11:00:00,,29.9,56.0,0.0,16.9,124.0,1007.1,605.0
2025-03-16 12:00:00,,28.9,61.0,0.0,13.4,126.0,1007.8,500.0
2025-03-16 13:00:00,,28.6,61.0,0.0,9.7,141.0,1008.8,435.0
2025-03-16 14:00:00,,28.1,64.0,0.0,8.1,152.0,1009.4,405.0
2025-03-16 15:00:00,,27.7,66.0,0.0,3.4,164.0,1009.4,460.0
2025-03-16 16:00:00,,27.5,66.0,0.0,3.3,171.0,1008.8,410.0
2025-03-16 17:00:00,,27.2,67.0,0.0,1.0,158.0,1008.4,285.0
2025-03-16 18:00:00,,27.0,68.0,0.0,0.6,18.0,1008.0,245.0
2025-03-16 19:00:00,,26.7,69.0,0.0,1.5,173.0,1007.8,195.0
2025-03-16 20:00:00,,26.5,71.0,0.0,3.0,205.0,1007.9,205.0
2025-03-16 21:00:00,,26.3,74.0,0.0,2.7,203.0,1008.3,245.0
2025-03-16 22:00:00,,26.1,76.0,0.0,3.4,183.0,1008.8,250.0
2025-03-16 23:00:00,,26.4,75.0,0.0,2.8,169.0,1009.5,370.0
2025-03-17 00:00:00,,27.3,71.0,0.0,2.8,259.0,1010.0,520.0
2025-03-17 01:00:00,,29.3,60.0,0.1,6.5,30.0,1010.8,1200.0
2025-03-17 02:00:00,,31.0,53.0,0.1,10.4,42.0,1010.7,1395.0
2025-03-17 03:00:00,,32.1,49.0,0.4,15.3,42.0,1009.9,1520.0
2025-03-17 04:00:00,,32.8,47.0,0.1,17.3,45.0,1009.2,1620.0
2025-03-17 05:00:00,,32.9,46.0,0.0,16.1,51.0,1008.2,1670.0
2025-03-17 06:00:00,,33.0,46.0,0.0,15.3,60.0,1007.3,1620.0
2025-03-17 07:00:00,,33.1,45.0,0.0,14.5,78.0,1006.5,1590.0
2025-03-17 08:00:00,,32.5,47.0,0.0,12.6,87.0,1006.5,1555.0
2025-03-17 09:00:00,,31.5,50.0,0.0,12.3,100.0,1006.9,1425.0
2025-03-17 10:00:00,,30.0,55.0,0.0,10.7,97.0,1007.7,1195.0
2025-03-17 11:00:00,,28.8,60.0,0.0,9.0,116.0,1008.4,990.0
2025-03-17 12:00:00,,28.1,63.0,0.0,6.9,120.0,1009.0,895.0
2025-03-17 13:00:00,,28.1,65.0,0.0,7.6,124.0,1010.3,415.0
2025-03-17 14:00:00,,27.5,69.0,0.0,7.2,129.0,1010.6,440.0
2025-03-17 15:00:00,,27.3,69.0,0.0,6.0,127.0,1010.6,485.0
2025-03-17 16:00:00,,27.1,69.0,0.0,5.4,110.0,1010.4,450.0
2025-03-17 17:00:00,,26.8,69.0,0.0,2.5,111.0,1010.0,425.0
2025-03-17 18:00:00,,26.5,70.0,0.0,0.2,270.0,1009.6,25.0
2025-03-17 19:00:00,,26.4,70.0,0.0,0.5,270.0,1009.3,445.0
2025-03-17 20:00:00,,26.4,71.0,0.0,0.7,256.0,1009.4,555.0
2025-03-17 21:00:00,,26.2,72.0,0.0,2.0,280.0,1009.9,545.0
2025-03-17 22:00:00,,26.1,72.0,0.0,2.0,297.0,1010.6,475.0
2025-03-17 23:00:00,,26.3,71.0,0.0,2.0,275.0,1011.3,550.0
2025-03-18 00:00:00,,27.2,68.0,0.0,0.4,297.0,1012.0,795.0
2025-03-18 01:00:00,,28.8,60.0,0.0,1.7,58.0,1012.6,1035.0
2025-03-18 02:00:00,,30.4,53.0,0.0,2.5,356.0,1012.2,1265.0
2025-03-18 03:00:00,,31.8,48.0,0.1,4.2,348.0,1011.6,1465.0
2025-03-18 04:00:00,,32.1,46.0,0.4,1.1,288.0,1010.8,1475.0
2025-03-18 05:00:00,,32.8,46.0,0.1,3.6,270.0,1009.9,1630.0
2025-03-18 06:00:00,,33.0,47.0,0.0,4.1,272.0,1008.8,1690.0
2025-03-18 07:00:00,,32.9,47.0,0.0,4.0,265.0,1008.0,1690.0
2025-03-18 08:00:00,,32.6,48.0,0.0,3.1,246.0,1007.7,1630.0
2025-03-18 09:00:00,,31.7,50.0,0.0,1.5,240.0,1008.0,1420.0
2025-03-18 10:00:00,,30.6,53.0,0.0,4.8,132.0,1009.2,1125.0
2025-03-18 11:00:00,,29.4,59.0,0.0,8.6,131.0,1010.1,805.0
2025-03-18 12:00:00,,28.2,65.0,0.0,7.8,127.0,1011.0,600.0
2025-03-18 13:00:00,,28.2,66.0,0.0,9.2,145.0,1011.6,585.0
2025-03-18 14:00:00,,27.7,69.0,0.0,7.7,141.0,1012.2,565.0
2025-03-18 15:00:00,,27.5,70.0,0.0,5.2,136.0,1012.4,590.0
2025-03-18 16:00:00,,27.3,70.0,0.0,2.4,103.0,1012.1,465.0
2025-03-18 17:00:00,,27.0,71.0,0.0,0.3,315.0,1011.8,245.0
2025-03-18 18:00:00,,26.6,72.0,0.0,4.8,307.0,1011.4,320.0
2025-03-18 19:00:00,,26.4,72.0,0.0,5.6,333.0,1011.2,360.0
2025-03-18 20:00:00,,26.4,70.0,0.0,3.4,354.0,1011.1,260.0
2025-03-18 21:00:00,,26.3,71.0,0.0,1.4,360.0,1011.4,360.0
2025-03-18 22:00:00,,26.1,72.0,0.0,1.5,339.0,1011.8,310.0
2025-03-18 23:00:00,,26.2,72.0,0.0,2.3,315.0,1012.3,315.0
2025-03-19 00:00:00,,27.0,69.0,0.0,2.8,288.0,1012.9,515.0
2025-03-19 01:00:00,,28.9,60.0,0.0,6.5,34.0,1013.7,1115.0
2025-03-19 02:00:00,,30.4,53.0,0.0,8.6,36.0,1013.7,1305.0
2025-03-19 03:00:00,,31.7,48.0,0.0,12.7,23.0,1013.1,1475.0
2025-03-19 04:00:00,,32.3,47.0,0.1,14.8,30.0,1012.2,1510.0
2025-03-19 05:00:00,,33.1,44.0,0.0,14.6,30.0,1011.0,1610.0
2025-03-19 06:00:00,,32.8,46.0,0.0,12.3,37.0,1010.1,1570.0
2025-03-19 07:00:00,,32.8,46.0,0.0,8.9,43.0,1009.4,1550.0
2025-03-19 08:00:00,,32.5,47.0,0.0,9.3,54.0,1009.2,1595.0
2025-03-19 09:00:00,,31.2,50.0,0.0,9.7,79.0,1009.7,1350.0
2025-03-19 10:00:00,,29.7,56.0,0.0,9.7,108.0,1010.6,1180.0
2025-03-19 11:00:00,,28.6,61.0,0.0,7.8,109.0,1011.5,1050.0
2025-03-19 12:00:00,,28.1,63.0,0.0,8.4,109.0,1012.1,1025.0
2025-03-19 13:00:00,,28.3,62.0,0.0,10.9,97.0,1013.0,1040.0
2025-03-19 14:00:00,,27.8,65.0,0.0,9.1,104.0,1013.3,895.0
2025-03-19 15:00:00,,27.4,68.0,0.0,8.5,119.0,1013.5,530.0
2025-03-19 16:00:00,,27.2,68.0,0.0,7.6,121.0,1013.4,490.0
2025-03-19 17:00:00,,26.9,69.0,0.0,5.7,125.0,1013.1,380.0
2025-03-19 18:00:00,,26.6,71.0,0.0,3.5,129.0,1012.6,280.0
2025-03-19 19:00:00,,26.3,72.0,0.0,2.7,360.0,1012.3,350.0
2025-03-19 20:00:00,,26.1,72.0,0.0,6.4,349.0,1012.3,410.0
2025-03-19 21:00:00,,25.8,73.0,0.0,9.4,353.0,1012.4,330.0
2025-03-19 22:00:00,,25.8,73.0,0.0,9.2,356.0,1012.7,265.0
2025-03-19 23:00:00,,26.1,71.0,0.0,8.0,350.0,1013.4,300.0
2025-03-20 00:00:00,,27.0,66.0,0.0,6.2,348.0,1014.0,1020.0
2025-03-20 01:00:00,,28.3,60.0,0.0,15.2,36.0,1015.1,1210.0
2025-03-20 02:00:00,,29.0,56.0,0.1,17.3,51.0,1015.0,1265.0
2025-03-20 03:00:00,,30.3,51.0,0.2,18.3,52.0,1014.6,1455.0
2025-03-20 04:00:00,,30.8,50.0,0.0,19.1,57.0,1013.9,1470.0
2025-03-20 05:00:00,,31.4,47.0,0.0,20.1,62.0,1012.5,1655.0
2025-03-20 06:00:00,,31.9,45.0,0.0,18.3,68.0,1011.3,1760.0
2025-03-20 07:00:00,,31.1,48.0,0.0,17.8,84.0,1010.6,1685.0
2025-03-20 08:00:00,,30.6,50.0,0.0,15.2,85.0,1010.7,1610.0
2025-03-20 09:00:00,,29.5,53.0,0.0,13.1,89.0,1011.1,1360.0
2025-03-20 10:00:00,,28.7,56.0,0.0,11.9,92.0,1011.4,1275.0
2025-03-20 11:00:00,,27.6,62.0,0.0,11.6,112.0,1011.7,1110.0
2025-03-20 12:00:00,,26.9,66.0,0.0,11.6,108.0,1012.5,965.0
2025-03-20 13:00:00,,27.0,67.0,0.0,9.3,105.0,1013.8,855.0
2025-03-20 14:00:00,,27.0,66.0,0.0,8.5,102.0,1014.0,1080.0
2025-03-20 15:00:00,,26.8,67.0,0.0,6.5,96.0,1014.0,1065.0
2025-03-20 16:00:00,,26.6,67.0,0.0,4.4,99.0,1013.5,1100.0
2025-03-20 17:00:00,,26.3,67.0,0.0,3.5,51.0,1012.9,1120.0
2025-03-20 18:00:00,,26.1,68.0,0.0,4.0,87.0,1012.4,1120.0
2025-03-20 19:00:00,,25.9,68.0,0.0,3.5,78.0,1012.3,1080.0
2025-03-20 20:00:00,,25.7,69.0,0.0,2.2,24.0,1012.3,475.0
2025-03-20 21:00:00,,25.5,70.0,0.0,1.3,326.0,1012.7,95.0
2025-03-20 22:00:00,,25.3,70.0,0.0,0.4,270.0,1013.1,370.0
2025-03-20 23:00:00,,25.6,69.0,0.0,3.0,327.0,1013.9,485.0
2025-03-21 00:00:00,,26.4,65.0,0.0,4.0,360.0,1014.4,1100.0
2025-03-21 01:00:00,,27.6,61.0,0.0,5.6,27.0,1015.3,1210.0
2025-03-21 02:00:00,,28.7,55.0,0.0,10.3,41.0,1015.1,1355.0
2025-03-21 03:00:00,,29.5,51.0,0.0,13.0,47.0,1014.8,1475.0
2025-03-21 04:00:00,,30.2,49.0,0.0,15.2,50.0,1013.9,1570.0
2025-03-21 05:00:00,,31.1,46.0,0.0,14.7,53.0,1012.7,1700.0
2025-03-21 06:00:00,,31.5,44.0,0.0,13.8,63.0,1011.6,1780.0
2025-03-21 07:00:00,,30.8,46.0,0.0,13.3,69.0,1010.9,1665.0
2025-03-21 08:00:00,,29.5,50.0,0.0,11.5,91.0,1011.2,1325.0
2025-03-21 09:00:00,,28.8,51.0,0.0,8.5,111.0,1011.6,1150.0
2025-03-21 10:00:00,,27.7,56.0,0.0,8.4,133.0,1011.8,935.0
2025-03-21 11:00:00,,26.8,61.0,0.0,9.5,151.0,1012.4,780.0
2025-03-21 12:00:00,,26.4,63.0,0.0,6.5,146.0,1013.3,780.0
2025-03-21 13:00:00,,26.5,62.0,0.0,8.4,133.0,1014.3,885.0
2025-03-21 14:00:00,,26.3,63.0,0.0,9.0,125.0,1014.9,960.0
2025-03-21 15:00:00,,26.0,65.0,0.0,7.0,132.0,1014.8,930.0
2025-03-21 16:00:00,,25.8,65.0,0.0,2.7,132.0,1014.1,920.0
2025-03-21 17:00:00,,25.6,65.0,0.0,2.2,156.0,1013.3,900.0
2025-03-21 18:00:00,,25.2,65.0,0.0,1.3,146.0,1012.7,905.0
2025-03-21 19:00:00,,25.0,66.0,0.0,1.3,360.0,1012.1,50.0
2025-03-21 20:00:00,,24.7,68.0,0.0,1.8,11.0,1012.0,50.0
2025-03-21 21:00:00,,24.7,68.0,0.0,1.2,39.0,1012.5,405.0
2025-03-21 22:00:00,,24.6,68.0,0.0,2.8,153.0,1013.0,365.0
2025-03-21 23:00:00,,24.9,67.0,0.0,2.4,138.0,1013.8,570.0
2025-03-22 00:00:00,,25.7,63.0,0.0,0.8,333.0,1014.2,880.0
2025-03-22 01:00:00,,27.6,56.0,0.0,9.4,59.0,1014.8,1230.0
2025-03-22 02:00:00,,29.7,47.0,0.0,7.7,72.0,1014.2,1640.0
2025-03-22 03:00:00,,30.8,43.0,0.0,3.1,144.0,1013.5,1870.0
2025-03-22 04:00:00,,31.1,42.0,0.0,1.7,288.0,1012.8,1590.0
2025-03-22 05:00:00,,31.3,42.0,0.0,2.2,275.0,1011.3,1740.0
2025-03-22 06:00:00,,31.5,43.0,0.0,5.2,272.0,1010.3,1585.0
2025-03-22 07:00:00,,31.5,41.0,0.0,1.3,262.0,1009.6,1670.0
2025-03-22 08:00:00,,31.0,43.0,0.0,4.6,138.0,1009.7,1705.0
2025-03-22 09:00:00,,30.0,46.0,0.0,9.6,95.0,1010.2,1395.0
2025-03-22 10:00:00,,28.6,51.0,0.0,11.5,99.0,1010.9,915.0
2025-03-22 11:00:00,,27.3,56.0,0.0,11.6,125.0,1011.5,735.0
2025-03-22 12:00:00,,26.4,60.0,0.0,10.1,133.0,1012.3,660.0
2025-03-22 13:00:00,,26.6,61.0,0.0,9.0,145.0,1013.1,660.0
2025-03-22 14:00:00,,26.0,64.0,0.0,6.5,152.0,1013.5,690.0
2025-03-22 15:00:00,,25.7,66.0,0.0,4.7,162.0,1013.5,700.0
2025-03-22 16:00:00,,25.6,67.0,0.0,3.5,159.0,1013.2,725.0
2025-03-22 17:00:00,,25.4,67.0,0.0,3.5,125.0,1012.3,755.0
2025-03-22 18:00:00,,25.2,68.0,0.0,4.5,113.0,1011.8,675.0
2025-03-22 19:00:00,,25.0,69.0,0.0,3.8,121.0,1011.0,515.0
2025-03-22 20:00:00,,24.8,70.0,0.0,2.5,90.0,1011.0,180.0
2025-03-22 21:00:00,,24.6,71.0,0.0,2.8,18.0,1011.2,105.0
2025-03-22 22:00:00,,24.3,73.0,0.0,3.1,360.0,1011.8,110.0
2025-03-22 23:00:00,,24.5,73.0,0.0,2.7,337.0,1012.5,215.0
2025-03-23 00:00:00,,25.6,68.0,0.0,3.2,270.0,1013.2,660.0
2025-03-23 01:00:00,,27.0,63.0,0.0,2.2,48.0,1013.7,1020.0
2025-03-23 02:00:00,,28.6,55.0,0.0,2.6,168.0,1013.0,1065.0
2025-03-23 03:00:00,,29.9,50.0,0.0,2.6,196.0,1012.5,1210.0
2025-03-23 04:00:00,,31.2,45.0,0.0,1.5,263.0,1011.5,1285.0
2025-03-23 05:00:00,,31.5,43.0,0.0,2.3,266.0,1010.3,1395.0
2025-03-23 06:00:00,,31.6,43.0,0.0,2.5,262.0,1009.2,1395.0
2025-03-23 07:00:00,,31.5,43.0,0.0,0.9,259.0,1008.1,1870.0
2025-03-23 08:00:00,,31.4,43.0,0.0,5.6,94.0,1008.0,1755.0
2025-03-23 09:00:00,,30.3,47.0,0.0,8.6,105.0,1008.5,1460.0
2025-03-23 10:00:00,,29.2,52.0,0.0,10.0,113.0,1009.3,910.0
2025-03-23 11:00:00,,28.0,56.0,0.0,9.7,121.0,1010.1,615.0
2025-03-23 12:00:00,,27.0,60.0,0.0,7.4,122.0,1010.6,465.0
2025-03-23 13:00:00,,27.1,64.0,0.0,7.4,129.0,1011.2,385.0
2025-03-23 14:00:00,,26.7,65.0,0.0,6.5,141.0,1011.6,370.0
2025-03-23 15:00:00,,26.3,67.0,0.0,3.6,143.0,1011.2,375.0
2025-03-23 16:00:00,,26.0,68.0,0.0,0.9,180.0,1010.5,345.0
2025-03-23 17:00:00,,25.7,69.0,0.0,2.2,270.0,1009.5,360.0
2025-03-23 18:00:00,,25.6,70.0,0.0,4.6,306.0,1008.6,385.0
2025-03-23 19:00:00,,25.3,71.0,0.0,3.9,313.0,1008.1,335.0
2025-03-23 20:00:00,,25.1,72.0,0.0,2.2,228.0,1008.2,310.0
2025-03-23 21:00:00,,25.0,72.0,0.0,2.4,189.0,1008.3,275.0
2025-03-23 22:00:00,,25.0,73.0,0.0,0.9,217.0,1008.8,260.0
2025-03-23 23:00:00,,25.4,72.0,0.0,1.0,292.0,1009.5,295.0
2025-03-24 00:00:00,,26.5,67.0,0.0,2.0,280.0,1009.8,420.0
2025-03-24 01:00:00,,27.7,62.0,0.0,3.2,267.0,1010.4,680.0
2025-03-24 02:00:00,,29.5,56.0,0.0,4.2,250.0,1010.0,885.0
2025-03-24 03:00:00,,30.0,56.0,0.0,7.8,255.0,1009.4,880.0
2025-03-24 04:00:00,,30.5,55.0,0.0,8.9,277.0,1008.8,990.0
2025-03-24 05:00:00,,31.3,52.0,0.0,6.1,275.0,1008.1,1215.0
2025-03-24 06:00:00,,31.7,51.0,0.2,5.0,291.0,1007.1,1220.0
2025-03-24 07:00:00,,32.2,49.0,0.0,4.9,298.0,1006.2,1330.0
2025-03-24 08:00:00,,31.9,50.0,0.0,3.5,261.0,1005.7,1120.0
2025-03-24 09:00:00,,31.4,53.0,0.0,7.5,201.0,1006.1,740.0
2025-03-24 10:00:00,,30.8,56.0,0.2,7.7,159.0,1006.6,580.0
2025-03-24 11:00:00,,30.1,58.0,0.0,8.8,137.0,1007.3,575.0
2025-03-24 12:00:00,,29.4,60.0,0.0,9.2,137.0,1008.4,490.0
2025-03-24 13:00:00,,28.7,61.0,0.0,10.0,123.0,1009.3,455.0
2025-03-24 14:00:00,,28.4,62.0,0.0,7.6,135.0,1009.7,410.0
2025-03-24 15:00:00,,27.8,66.0,0.0,9.3,143.0,1009.4,460.0
2025-03-24 16:00:00,,27.6,68.0,0.0,7.3,130.0,1008.7,380.0
2025-03-24 17:00:00,,27.3,69.0,0.0,6.3,127.0,1007.9,385.0
2025-03-24 18:00:00,,27.0,72.0,0.0,6.3,121.0,1007.3,365.0
2025-03-24 19:00:00,,26.9,72.0,0.1,3.6,84.0,1006.7,340.0
2025-03-24 20:00:00,,26.9,71.0,0.0,3.3,13.0,1006.5,330.0
2025-03-24 21:00:00,,26.8,71.0,0.0,4.3,355.0,1006.5,350.0
2025-03-24 22:00:00,,26.5,73.0,0.0,3.8,360.0,1006.8,360.0
2025-03-24 23:00:00,,26.6,74.0,0.0,4.0,360.0,1007.2,360.0
2025-03-25 00:00:00,,27.5,70.0,0.0,2.4,351.0,1007.6,470.0
2025-03-25 01:00:00,,29.0,66.0,0.0,3.1,347.0,1007.8,665.0
2025-03-25 02:00:00,,30.7,59.0,0.0,1.4,270.0,1007.4,1110.0
2025-03-25 03:00:00,,31.9,53.0,0.0,4.2,260.0,1006.9,1320.0
2025-03-25 04:00:00,,32.2,51.0,0.0,5.3,258.0,1005.8,1025.0
2025-03-25 05:00:00,,32.8,49.0,0.0,5.9,243.0,1005.0,1180.0
2025-03-25 06:00:00,,33.3,46.0,0.0,5.7,217.0,1003.9,1275.0
2025-03-25 07:00:00,,33.8,42.0,0.0,9.1,162.0,1003.2,1290.0
2025-03-25 08:00:00,,34.1,40.0,0.0,14.2,142.0,1003.1,1445.0
2025-03-25 09:00:00,,33.4,41.0,0.0,16.9,137.0,1003.7,1110.0
2025-03-25 10:00:00,,31.6,50.0,0.0,17.5,131.0,1004.6,685.0
2025-03-25 11:00:00,,30.4,57.0,0.0,12.9,136.0,1005.7,610.0
2025-03-25 12:00:00,,29.5,62.0,0.0,10.2,124.0,1006.7,530.0
2025-03-25 13:00:00,,29.5,61.0,0.0,8.8,110.0,1007.5,505.0
2025-03-25 14:00:00,,29.4,61.0,0.0,5.8,104.0,1008.0,500.0
2025-03-25 15:00:00,,29.0,61.0,0.0,3.1,97.0,1007.9,525.0
2025-03-25 16:00:00,,28.6,64.0,0.0,3.0,128.0,1007.8,450.0
2025-03-25 17:00:00,,28.2,66.0,0.0,3.9,137.0,1007.3,400.0
2025-03-25 18:00:00,,27.9,68.0,0.0,5.9,135.0,1006.9,375.0
2025-03-25 19:00:00,,27.5,71.0,0.0,4.8,138.0,1006.2,370.0
2025-03-25 20:00:00,,27.2,73.0,0.0,1.5,76.0,1005.9,365.0
2025-03-25 21:00:00,,26.6,75.0,0.0,3.3,29.0,1006.0,285.0
2025-03-25 22:00:00,,26.3,76.0,0.0,1.8,45.0,1006.7,195.0
2025-03-25 23:00:00,,26.5,75.0,0.0,1.7,108.0,1007.5,205.0
2025-03-26 00:00:00,,27.9,67.0,0.0,3.0,123.0,1008.0,395.0
2025-03-26 01:00:00,,29.6,59.0,0.0,1.8,225.0,1008.1,835.0
2025-03-26 02:00:00,,31.6,50.0,0.0,1.1,261.0,1007.7,1405.0
2025-03-26 03:00:00,,31.5,52.0,0.0,6.1,272.0,1007.3,710.0
2025-03-26 04:00:00,,31.9,54.0,0.2,6.5,262.0,1006.3,815.0
2025-03-26 05:00:00,,32.8,51.0,0.2,8.6,258.0,1004.7,860.0
2025-03-26 06:00:00,,33.6,47.0,0.0,8.7,225.0,1003.8,1090.0
2025-03-26 07:00:00,,34.0,43.0,0.0,11.5,170.0,1003.5,1290.0
2025-03-26 08:00:00,,33.4,47.0,0.2,17.6,147.0,1003.5,1045.0
2025-03-26 09:00:00,,32.4,50.0,0.0,19.4,137.0,1004.1,845.0
2025-03-26 10:00:00,,31.3,55.0,0.0,15.3,132.0,1004.9,690.0
2025-03-26 11:00:00,,30.2,61.0,0.0,14.6,129.0,1005.7,650.0
2025-03-26 12:00:00,,29.5,64.0,0.0,12.2,133.0,1006.3,495.0
2025-03-26 13:00:00,,29.8,62.0,0.0,9.9,142.0,1006.5,395.0
2025-03-26 14:00:00,,29.1,66.0,0.0,10.3,147.0,1006.9,405.0
2025-03-26 15:00:00,,28.7,67.0,0.0,7.5,145.0,1006.9,385.0
2025-03-26 16:00:00,,28.4,67.0,0.0,4.5,151.0,1006.6,390.0
2025-03-26 17:00:00,,28.1,68.0,0.0,0.4,90.0,1006.3,465.0
2025-03-26 18:00:00,,27.8,69.0,0.0,1.0,211.0,1006.0,375.0
2025-03-26 19:00:00,,27.7,71.0,0.0,2.9,191.0,1005.7,375.0
2025-03-26 20:00:00,,27.6,71.0,0.0,1.5,187.0,1005.4,335.0
2025-03-26 21:00:00,,27.3,72.0,0.0,5.0,125.0,1006.1,350.0
2025-03-26 22:00:00,,27.2,71.0,0.0,6.3,108.0,1006.9,310.0
2025-03-26 23:00:00,,27.3,73.0,0.1,7.7,118.0,1007.4,295.0
2025-03-27 00:00:00,,28.4,69.0,0.0,7.8,122.0,1007.7,560.0
2025-03-27 01:00:00,,30.1,63.0,0.0,7.7,123.0,1008.3,905.0
2025-03-27 02:00:00,,31.0,61.0,0.1,13.4,126.0,1008.3,1110.0
2025-03-27 03:00:00,,31.8,58.0,0.0,15.1,135.0,1007.4,1115.0
2025-03-27 04:00:00,,32.5,55.0,0.0,15.3,134.0,1006.3,1140.0
2025-03-27 05:00:00,,33.3,52.0,0.0,14.6,140.0,1004.8,1235.0
2025-03-27 06:00:00,,33.8,50.0,0.0,14.9,142.0,1003.5,1345.0
2025-03-27 07:00:00,,33.5,51.0,0.0,13.8,137.0,1003.3,1295.0
2025-03-27 08:00:00,,33.1,52.0,0.0,14.5,139.0,1003.3,1315.0
2025-03-27 09:00:00,,32.3,55.0,0.1,14.7,138.0,1003.8,1025.0
2025-03-27 10:00:00,,31.6,58.0,0.0,12.2,131.0,1004.6,840.0
2025-03-27 11:00:00,,31.0,59.0,0.0,10.8,126.0,1005.4,665.0
2025-03-27 12:00:00,,30.3,61.0,0.0,11.2,118.0,1006.2,485.0
2025-03-27 13:00:00,,30.2,63.0,0.0,10.2,124.0,1006.6,555.0
2025-03-27 14:00:00,,29.8,65.0,0.0,8.1,127.0,1007.2,535.0
2025-03-27 15:00:00,,29.4,66.0,0.0,7.5,132.0,1007.1,450.0
2025-03-27 16:00:00,,29.2,67.0,0.0,5.5,126.0,1006.5,475.0
2025-03-27 17:00:00,,29.0,67.0,0.0,3.6,110.0,1006.0,550.0
2025-03-27 18:00:00,,28.6,68.0,0.0,2.3,45.0,1005.4,255.0
2025-03-27 19:00:00,,28.3,70.0,0.0,1.5,36.0,1005.3,185.0
2025-03-27 20:00:00,,28.0,71.0,0.0,2.1,59.0,1005.5,240.0
2025-03-27 21:00:00,,28.0,71.0,0.0,2.2,99.0,1005.9,225.0
2025-03-27 22:00:00,,27.9,71.0,0.0,2.9,120.0,1006.8,275.0
2025-03-27 23:00:00,,28.1,70.0,0.0,3.6,110.0,1007.5,395.0
2025-03-28 00:00:00,,29.1,65.0,0.0,2.8,105.0,1008.1,645.0
2025-03-28 01:00:00,,30.7,58.0,0.0,3.0,147.0,1008.7,1020.0
2025-03-28 02:00:00,,32.5,50.0,0.0,2.4,163.0,1008.4,1310.0
2025-03-28 03:00:00,,33.6,46.0,0.0,2.9,240.0,1007.7,1605.0
2025-03-28 04:00:00,,34.0,45.0,0.0,5.9,235.0,1006.5,1215.0
2025-03-28 05:00:00,,33.5,48.0,0.1,7.4,219.0,1005.2,935.0
2025-03-28 06:00:00,,34.8,44.0,0.0,2.5,210.0,1004.2,1765.0
2025-03-28 07:00:00,,31.3,59.0,1.6,9.6,139.0,1004.9,530.0
2025-03-28 08:00:00,,29.8,70.0,2.5,10.1,107.0,1005.3,735.0
2025-03-28 09:00:00,,29.8,68.0,0.0,11.0,131.0,1005.3,775.0
2025-03-28 10:00:00,,29.3,68.0,0.0,11.8,119.0,1005.9,745.0
2025-03-28 11:00:00,,29.1,69.0,0.1,5.7,103.0,1007.1,575.0
2025-03-28 12:00:00,,28.5,72.0,0.0,2.2,318.0,1007.7,430.0
2025-03-28 13:00:00,,27.6,84.0,0.0,6.7,267.0,1008.2,160.0
2025-03-28 14:00:00,,27.1,86.0,0.1,8.4,286.0,1008.5,190.0
2025-03-28 15:00:00,,27.1,86.0,0.0,1.5,225.0,1008.8,195.0
2025-03-28 16:00:00,,27.1,84.0,0.1,7.4,177.0,1008.2,360.0
2025-03-28 17:00:00,,26.1,83.0,0.7,4.2,97.0,1007.6,265.0
2025-03-28 18:00:00,,25.9,85.0,0.3,6.5,98.0,1007.0,265.0
2025-03-28 19:00:00,,26.0,85.0,0.4,4.7,130.0,1006.8,185.0
2025-03-28 20:00:00,,25.9,86.0,0.2,3.3,131.0,1006.8,130.0
2025-03-28 21:00:00,,25.9,87.0,0.2,3.4,137.0,1006.8,135.0
2025-03-28 22:00:00,,25.9,87.0,0.1,4.1,195.0,1007.7,165.0
2025-03-28 23:00:00,,26.1,86.0,0.5,4.9,147.0,1008.7,240.0
2025-03-29 00:00:00,,26.4,85.0,0.1,1.9,139.0,1008.9,285.0
2025-03-29 01:00:00,,27.7,79.0,0.1,8.9,133.0,1009.1,710.0
2025-03-29 02:00:00,,27.9,79.0,0.0,7.5,134.0,1009.3,855.0
2025-03-29 03:00:00,,29.9,68.0,0.0,7.4,91.0,1008.9,1230.0
2025-03-29 04:00:00,,31.0,61.0,0.0,11.5,79.0,1007.9,1315.0
2025-03-29 05:00:00,,30.3,62.0,0.0,11.8,98.0,1007.4,1275.0
2025-03-29 06:00:00,,30.5,62.0,0.0,13.8,103.0,1006.6,1175.0
2025-03-29 07:00:00,,30.6,61.0,0.0,14.9,98.0,1006.3,1295.0
2025-03-29 08:00:00,,29.3,69.0,0.2,13.8,114.0,1006.7,1000.0
2025-03-29 09:00:00,,28.3,73.0,0.1,12.5,108.0,1007.2,810.0
2025-03-29 10:00:00,,27.8,75.0,0.0,9.0,113.0,1007.6,755.0
2025-03-29 11:00:00,,27.5,77.0,0.0,8.5,122.0,1008.2,635.0
2025-03-29 12:00:00,,27.3,78.0,0.0,6.9,118.0,1008.8,365.0
2025-03-29 13:00:00,,27.2,83.0,0.2,3.0,163.0,1009.7,125.0
2025-03-29 14:00:00,,26.9,83.0,0.1,4.6,171.0,1010.4,150.0
2025-03-29 15:00:00,,26.7,83.0,0.1,4.4,161.0,1010.2,180.0
2025-03-29 16:00:00,,26.5,85.0,0.1,4.0,144.0,1009.8,155.0
2025-03-29 17:00:00,,26.3,86.0,0.0,1.8,90.0,1009.4,75.0
2025-03-29 18:00:00,,26.1,88.0,0.0,2.2,336.0,1008.5,120.0
2025-03-29 19:00:00,,26.1,88.0,0.0,0.6,304.0,1008.6,20.0
2025-03-29 20:00:00,,26.0,89.0,0.0,2.3,151.0,1008.8,85.0
2025-03-29 21:00:00,,25.8,90.0,0.0,2.5,120.0,1009.2,85.0
2025-03-29 22:00:00,,25.6,91.0,0.0,2.2,125.0,1009.4,55.0
2025-03-29 23:00:00,,25.9,89.0,0.0,5.1,144.0,1010.2,165.0
2025-03-30 00:00:00,,26.3,82.0,0.3,6.6,119.0,1010.8,300.0
2025-03-30 01:00:00,,29.0,69.0,0.1,5.6,97.0,1011.2,925.0
2025-03-30 02:00:00,,30.4,63.0,0.0,5.9,102.0,1011.3,1210.0
2025-03-30 03:00:00,,31.9,56.0,0.1,8.9,81.0,1011.0,1535.0
2025-03-30 04:00:00,,32.2,52.0,0.1,12.1,73.0,1009.9,1550.0
2025-03-30 05:00:00,,32.9,51.0,0.1,11.2,84.0,1008.9,1590.0
2025-03-30 06:00:00,,32.9,51.0,0.0,12.0,72.0,1008.1,1550.0
2025-03-30 07:00:00,,30.8,59.0,0.5,3.6,127.0,1007.7,670.0
2025-03-30 08:00:00,,31.4,55.0,0.0,3.5,81.0,1007.4,1170.0
2025-03-30 09:00:00,,29.9,62.0,0.3,2.2,166.0,1007.4,425.0
2025-03-30 10:00:00,,30.0,61.0,0.0,8.4,133.0,1008.1,490.0
2025-03-30 11:00:00,,29.0,67.0,0.0,10.8,126.0,1008.7,430.0
2025-03-30 12:00:00,,28.0,72.0,0.0,12.2,114.0,1009.4,395.0
2025-03-30 13:00:00,,28.1,69.0,0.0,5.7,143.0,1009.8,590.0
2025-03-30 14:00:00,,27.7,72.0,0.0,6.3,156.0,1010.4,295.0
2025-03-30 15:00:00,,27.3,76.0,0.0,9.1,131.0,1010.4,325.0
2025-03-30 16:00:00,,27.1,77.0,0.0,11.1,127.0,1010.1,375.0
2025-03-30 17:00:00,,26.9,78.0,0.0,10.6,129.0,1010.0,345.0
2025-03-30 18:00:00,,26.3,81.0,0.0,12.4,130.0,1009.4,320.0
2025-03-30 19:00:00,,26.1,81.0,0.0,11.0,125.0,1009.2,295.0
2025-03-30 20:00:00,,26.0,81.0,0.0,8.8,118.0,1008.9,255.0
2025-03-30 21:00:00,,25.9,81.0,0.0,6.0,131.0,1008.6,160.0
2025-03-30 22:00:00,,25.7,83.0,0.0,4.3,123.0,1009.1,125.0
2025-03-30 23:00:00,,26.2,81.0,0.0,2.4,144.0,1009.7,155.0
2025-03-31 00:00:00,,27.3,74.0,0.0,1.3,262.0,1010.3,525.0
2025-03-31 01:00:00,,29.2,64.0,0.0,2.3,90.0,1011.2,945.0
2025-03-31 02:00:00,,30.7,57.0,0.0,1.2,231.0,1010.8,1220.0
2025-03-31 03:00:00,,32.1,52.0,0.0,1.7,221.0,1010.4,1460.0
2025-03-31 04:00:00,,32.2,51.0,0.0,4.3,175.0,1009.3,1145.0
2025-03-31 05:00:00,,30.3,61.0,1.2,7.8,75.0,1008.8,650.0
2025-03-31 06:00:00,,32.1,54.0,0.2,6.0,117.0,1007.7,1370.0
2025-03-31 07:00:00,,32.2,53.0,0.0,9.6,118.0,1006.8,1195.0
2025-03-31 08:00:00,,30.7,59.0,0.4,10.0,108.0,1006.7,835.0
2025-03-31 09:00:00,,31.2,56.0,0.0,8.7,120.0,1006.8,1155.0
2025-03-31 10:00:00,,30.0,62.0,0.0,12.6,128.0,1007.3,610.0
2025-03-31 11:00:00,,28.9,67.0,0.0,14.4,126.0,1007.9,430.0
2025-03-31 12:00:00,,28.1,71.0,0.0,12.6,127.0,1008.3,340.0
2025-03-31 13:00:00,,28.1,73.0,0.0,10.5,129.0,1008.9,335.0
2025-03-31 14:00:00,,28.0,74.0,0.0,8.7,133.0,1009.6,325.0
2025-03-31 15:00:00,,27.8,74.0,0.0,7.7,127.0,1009.6,305.0
2025-03-31 16:00:00,,27.6,74.0,0.0,6.2,126.0,1009.4,280.0
2025-03-31 17:00:00,,27.3,75.0,0.0,3.1,100.0,1008.8,270.0
2025-03-31 18:00:00,,27.1,76.0,0.0,1.9,49.0,1008.3,230.0
2025-03-31 19:00:00,,26.9,78.0,0.0,4.7,360.0,1007.9,240.0
2025-03-31 20:00:00,,26.5,81.0,0.0,6.4,350.0,1008.1,260.0
2025-03-31 21:00:00,,26.1,83.0,0.0,6.5,8.0,1008.1,345.0
2025-03-31 22:00:00,,25.9,82.0,0.0,7.4,3.0,1008.5,380.0
2025-03-31 23:00:00,,26.2,81.0,0.0,6.7,360.0,1009.1,335.0
2025-04-01 00:00:00,,27.5,74.0,0.0,7.7,357.0,1009.6,415.0
2025-04-01 01:00:00,,29.2,64.0,0.0,3.3,9.0,1010.2,655.0
2025-04-01 02:00:00,,30.9,56.0,0.0,3.0,33.0,1009.9,1045.0
2025-04-01 03:00:00,,32.2,51.0,0.0,1.2,39.0,1009.4,1200.0
2025-04-01 04:00:00,,32.6,50.0,0.0,3.9,236.0,1008.4,1225.0
2025-04-01 05:00:00,,32.8,51.0,0.0,6.8,230.0,1007.5,1130.0
2025-04-01 06:00:00,,31.8,54.0,0.0,8.2,158.0,1006.8,850.0
2025-04-01 07:00:00,,32.6,54.0,0.3,7.9,120.0,1006.1,925.0
2025-04-01 08:00:00,,31.6,57.0,0.0,6.6,103.0,1006.1,815.0
2025-04-01 09:00:00,,30.5,61.0,0.0,1.7,221.0,1006.8,595.0
2025-04-01 10:00:00,,28.9,69.0,1.4,3.1,220.0,1007.6,100.0
2025-04-01 11:00:00,,27.6,77.0,0.7,4.7,277.0,1008.2,150.0
2025-04-01 12:00:00,,27.8,76.0,0.0,2.9,266.0,1009.0,145.0
2025-04-01 13:00:00,,29.8,60.0,0.0,3.6,108.0,1009.3,595.0
2025-04-01 14:00:00,,29.6,60.0,0.0,2.5,111.0,1009.7,190.0
2025-04-01 15:00:00,,29.3,61.0,0.0,3.0,123.0,1009.7,145.0
2025-04-01 16:00:00,,29.1,62.0,0.0,6.6,164.0,1009.5,285.0
2025-04-01 17:00:00,,28.7,63.0,0.0,6.5,161.0,1009.0,365.0
2025-04-01 18:00:00,,28.2,67.0,0.0,7.4,133.0,1008.6,365.0
2025-04-01 19:00:00,,27.6,71.0,0.0,6.1,114.0,1008.4,270.0
2025-04-01 20:00:00,,27.1,73.0,0.0,4.9,94.0,1008.4,185.0
2025-04-01 21:00:00,,26.7,76.0,0.0,3.7,79.0,1008.8,85.0
2025-04-01 22:00:00,,26.5,78.0,0.0,3.6,87.0,1009.4,70.0
2025-04-01 23:00:00,,27.2,75.0,0.0,3.5,114.0,1010.4,145.0
2025-04-02 00:00:00,,28.5,67.0,0.0,3.1,121.0,1011.1,565.0
2025-04-02 01:00:00,,29.9,60.0,0.0,2.7,37.0,1011.8,915.0
2025-04-02 02:00:00,,31.3,53.0,0.0,2.0,333.0,1011.4,1150.0
2025-04-02 03:00:00,,32.5,48.0,0.0,4.8,297.0,1011.1,1325.0
2025-04-02 04:00:00,,32.8,49.0,0.0,9.0,290.0,1010.2,1025.0
2025-04-02 05:00:00,,32.7,50.0,0.0,6.9,279.0,1009.1,955.0
2025-04-02 06:00:00,,33.7,47.0,0.0,4.0,273.0,1008.3,1550.0
2025-04-02 07:00:00,,32.4,50.0,0.1,10.1,357.0,1007.8,775.0
2025-04-02 08:00:00,,32.4,51.0,0.0,5.2,340.0,1007.5,910.0
2025-04-02 09:00:00,,32.9,48.0,0.0,2.4,261.0,1007.5,1355.0
2025-04-02 10:00:00,,31.8,52.0,0.0,3.1,59.0,1008.1,965.0
2025-04-02 11:00:00,,31.4,54.0,0.0,2.4,99.0,1008.5,1050.0
2025-04-02 12:00:00,,30.4,60.0,0.0,3.9,112.0,1009.2,550.0
2025-04-02 13:00:00,,29.6,65.0,0.0,7.1,133.0,1010.4,355.0
2025-04-02 14:00:00,,28.9,69.0,0.0,7.4,146.0,1011.1,350.0
2025-04-02 15:00:00,,28.2,73.0,0.0,6.0,153.0,1011.2,350.0
2025-04-02 16:00:00,,28.0,74.0,0.0,3.8,188.0,1010.9,375.0
2025-04-02 17:00:00,,27.6,76.0,0.0,3.5,258.0,1010.4,490.0
2025-04-02 18:00:00,,27.2,78.0,0.0,4.9,272.0,1010.1,475.0
2025-04-02 19:00:00,,27.0,79.0,0.0,5.1,274.0,1009.5,425.0
2025-04-02 20:00:00,,26.9,80.0,0.0,4.9,280.0,1009.5,405.0
2025-04-02 21:00:00,,26.7,80.0,0.0,3.8,301.0,1009.8,395.0
2025-04-02 22:00:00,,26.6,80.0,0.0,3.0,322.0,1010.4,335.0
2025-04-02 23:00:00,,26.7,79.0,0.0,1.4,293.0,1011.0,325.0
2025-04-03 00:00:00,,27.7,74.0,0.0,1.4,247.0,1011.6,470.0
2025-04-03 01:00:00,,29.8,64.0,0.0,1.2,297.0,1012.4,760.0
2025-04-03 02:00:00,,31.1,56.0,0.0,1.3,278.0,1011.9,1015.0
2025-04-03 03:00:00,,32.2,52.0,0.0,2.9,263.0,1011.1,1210.0
2025-04-03 04:00:00,,32.8,50.0,0.0,4.5,241.0,1010.3,1245.0
2025-04-03 05:00:00,,33.5,47.0,0.0,2.6,245.0,1009.3,1280.0
2025-04-03 06:00:00,,33.8,46.0,0.1,2.2,270.0,1008.2,1295.0
2025-04-03 07:00:00,,33.8,46.0,0.2,4.2,245.0,1007.5,1135.0
2025-04-03 08:00:00,,32.0,51.0,0.8,4.7,122.0,1007.8,675.0
2025-04-03 09:00:00,,30.9,59.0,0.1,5.5,52.0,1008.0,580.0
2025-04-03 10:00:00,,30.2,62.0,0.2,4.3,15.0,1008.9,470.0
2025-04-03 11:00:00,,29.4,66.0,0.3,3.7,151.0,1009.2,355.0
2025-04-03 12:00:00,,29.2,67.0,0.0,4.1,146.0,1009.8,470.0
2025-04-03 13:00:00,,29.3,64.0,0.0,8.0,128.0,1010.2,375.0
2025-04-03 14:00:00,,28.9,66.0,0.0,6.2,134.0,1010.7,430.0
2025-04-03 15:00:00,,28.4,68.0,0.0,5.4,150.0,1010.8,420.0
2025-04-03 16:00:00,,28.3,68.0,0.0,4.6,141.0,1010.5,450.0
2025-04-03 17:00:00,,28.0,69.0,0.0,4.6,126.0,1010.2,440.0
2025-04-03 18:00:00,,27.7,71.0,0.0,5.2,115.0,1009.5,270.0
2025-04-03 19:00:00,,27.4,72.0,0.0,5.8,110.0,1009.2,235.0
2025-04-03 20:00:00,,27.1,73.0,0.0,6.0,123.0,1009.0,215.0
2025-04-03 21:00:00,,26.9,75.0,0.0,7.6,133.0,1009.2,225.0
2025-04-03 22:00:00,,26.7,75.0,0.0,7.7,131.0,1009.7,310.0
2025-04-03 23:00:00,,27.1,72.0,0.0,7.3,134.0,1010.2,330.0
2025-04-04 00:00:00,,28.4,66.0,0.0,7.1,128.0,1010.9,655.0
2025-04-04 01:00:00,,30.4,57.0,0.0,6.9,97.0,1011.7,1060.0
2025-04-04 02:00:00,,32.2,49.0,0.0,7.7,114.0,1011.0,1325.0
2025-04-04 03:00:00,,33.4,46.0,0.1,8.0,128.0,1010.5,1490.0
2025-04-04 04:00:00,,33.7,45.0,0.1,4.0,148.0,1009.7,1590.0
2025-04-04 05:00:00,,33.5,45.0,0.2,2.0,207.0,1008.7,1455.0
2025-04-04 06:00:00,,33.6,45.0,0.6,1.7,221.0,1007.9,1560.0
2025-04-04 07:00:00,,33.6,47.0,0.3,2.6,146.0,1007.3,1610.0
2025-04-04 08:00:00,,31.8,53.0,0.2,10.8,64.0,1007.5,735.0
2025-04-04 09:00:00,,31.8,55.0,0.1,11.3,107.0,1007.4,1080.0
2025-04-04 10:00:00,,30.9,58.0,0.0,14.5,112.0,1008.2,935.0
2025-04-04 11:00:00,,29.8,61.0,0.0,12.5,115.0,1009.0,745.0
2025-04-04 12:00:00,,29.0,66.0,0.0,9.3,114.0,1009.6,660.0
2025-04-04 13:00:00,,28.9,68.0,0.0,9.5,123.0,1010.1,465.0
2025-04-04 14:00:00,,28.4,71.0,0.0,10.3,128.0,1010.7,500.0
2025-04-04 15:00:00,,27.9,73.0,0.0,11.6,123.0,1010.8,535.0
2025-04-04 16:00:00,,27.5,74.0,0.0,10.8,123.0,1010.4,500.0
2025-04-04 17:00:00,,27.2,75.0,0.0,9.9,123.0,1009.8,420.0
2025-04-04 18:00:00,,26.8,77.0,0.0,9.5,129.0,1009.2,380.0
2025-04-04 19:00:00,,26.7,77.0,0.0,8.1,127.0,1008.8,335.0
2025-04-04 20:00:00,,26.7,76.0,0.0,4.6,132.0,1008.8,265.0
2025-04-04 21:00:00,,26.8,75.0,0.0,1.8,90.0,1009.1,290.0
2025-04-04 22:00:00,,26.6,77.0,0.0,1.5,21.0,1009.6,300.0
2025-04-04 23:00:00,,26.8,76.0,0.0,1.3,304.0,1010.0,330.0
2025-04-05 00:00:00,,27.9,72.0,0.0,1.6,264.0,1010.8,445.0
2025-04-05 01:00:00,,29.6,62.0,0.0,1.2,141.0,1011.6,640.0
2025-04-05 02:00:00,,30.8,59.0,0.0,4.5,140.0,1011.2,965.0
2025-04-05 03:00:00,,32.4,54.0,0.0,4.5,187.0,1010.4,1280.0
2025-04-05 04:00:00,,33.3,51.0,0.0,11.5,188.0,1009.5,1385.0
2025-04-05 05:00:00,,31.7,56.0,0.0,5.0,111.0,1009.0,1060.0
2025-04-05 06:00:00,,32.3,53.0,0.0,0.6,288.0,1007.8,1160.0
2025-04-05 07:00:00,,32.8,52.0,0.0,3.9,193.0,1007.3,1200.0
2025-04-05 08:00:00,,32.1,55.0,0.0,7.6,183.0,1007.0,1070.0
2025-04-05 09:00:00,,30.0,63.0,1.0,5.9,52.0,1007.6,565.0
2025-04-05 10:00:00,,29.7,65.0,0.0,3.9,37.0,1008.2,520.0
2025-04-05 11:00:00,,29.5,66.0,0.0,1.2,51.0,1008.6,310.0
2025-04-05 12:00:00,,28.3,72.0,0.6,9.1,328.0,1009.7,295.0
2025-04-05 13:00:00,,29.2,67.0,0.0,6.0,111.0,1009.8,410.0
2025-04-05 14:00:00,,28.7,69.0,0.0,6.7,142.0,1010.3,340.0
2025-04-05 15:00:00,,28.1,72.0,0.0,7.9,147.0,1010.1,310.0
2025-04-05 16:00:00,,27.6,75.0,0.0,7.4,141.0,1009.3,290.0
2025-04-05 17:00:00,,27.1,77.0,0.0,5.7,118.0,1008.6,265.0
2025-04-05 18:00:00,,26.7,79.0,0.0,3.3,84.0,1008.1,195.0
2025-04-05 19:00:00,,26.3,82.0,0.0,2.1,75.0,1007.8,75.0
2025-04-05 20:00:00,,26.0,84.0,0.0,2.3,122.0,1007.9,70.0
2025-04-05 21:00:00,,26.0,83.0,0.0,2.6,124.0,1008.0,145.0
2025-04-05 22:00:00,,25.9,83.0,0.0,1.8,114.0,1008.6,150.0
2025-04-05 23:00:00,,26.4,81.0,0.0,1.5,104.0,1009.3,215.0
2025-04-06 00:00:00,,27.7,75.0,0.0,0.9,101.0,1010.3,320.0
2025-04-06 01:00:00,,29.2,68.0,0.0,3.2,357.0,1011.4,570.0
2025-04-06 02:00:00,,30.6,59.0,0.1,3.7,11.0,1011.1,920.0
2025-04-06 03:00:00,,31.9,54.0,0.1,2.0,315.0,1010.6,1185.0
2025-04-06 04:00:00,,32.8,51.0,0.1,1.8,264.0,1009.7,1355.0
2025-04-06 05:00:00,,33.7,49.0,0.0,3.1,246.0,1008.4,1565.0
2025-04-06 06:00:00,,33.8,48.0,0.0,3.6,233.0,1007.3,1580.0
2025-04-06 07:00:00,,33.9,44.0,0.0,5.4,220.0,1006.6,1530.0
2025-04-06 08:00:00,,33.5,42.0,0.0,5.7,152.0,1006.8,1415.0
2025-04-06 09:00:00,,33.2,44.0,0.0,6.5,67.0,1006.9,1315.0
2025-04-06 10:00:00,,32.7,42.0,0.0,6.9,97.0,1007.9,1205.0
2025-04-06 11:00:00,,32.0,42.0,0.0,7.8,112.0,1008.9,670.0
2025-04-06 12:00:00,,31.0,49.0,0.0,5.9,70.0,1009.7,450.0
2025-04-06 13:00:00,,28.3,74.0,0.0,13.0,343.0,1010.6,355.0
2025-04-06 14:00:00,,27.4,77.0,0.0,11.9,358.0,1011.0,270.0
2025-04-06 15:00:00,,27.3,78.0,0.0,9.0,5.0,1011.2,275.0
2025-04-06 16:00:00,,27.3,78.0,0.0,7.7,3.0,1010.7,325.0
2025-04-06 17:00:00,,27.3,78.0,0.0,7.3,11.0,1010.1,350.0
2025-04-06 18:00:00,,27.0,81.0,0.0,5.5,32.0,1009.6,265.0
2025-04-06 19:00:00,,26.7,83.0,0.0,3.0,73.0,1009.3,190.0
2025-04-06 20:00:00,,26.4,85.0,0.0,3.1,114.0,1009.6,185.0
2025-04-06 21:00:00,,26.0,86.0,0.0,4.1,103.0,1009.9,155.0
2025-04-06 22:00:00,,25.7,86.0,0.0,5.2,96.0,1010.6,155.0
2025-04-06 23:00:00,,26.4,78.0,0.0,5.8,90.0,1011.3,205.0
2025-04-07 00:00:00,,28.1,65.0,0.0,4.9,98.0,1011.8,345.0
2025-04-07 01:00:00,,30.3,57.0,0.0,1.3,180.0,1012.3,870.0
2025-04-07 02:00:00,,32.3,50.0,0.0,0.6,326.0,1012.2,1245.0
2025-04-07 03:00:00,,33.9,43.0,0.0,0.7,284.0,1011.6,1590.0
2025-04-07 04:00:00,,34.4,40.0,0.0,2.1,255.0,1010.5,1725.0
2025-04-07 05:00:00,,35.1,38.0,0.0,3.6,237.0,1009.1,1855.0
2025-04-07 06:00:00,,35.3,39.0,0.0,5.7,212.0,1008.0,1820.0
2025-04-07 07:00:00,,35.1,41.0,0.0,8.4,173.0,1007.3,1690.0
2025-04-07 08:00:00,,34.6,43.0,0.0,13.5,134.0,1007.2,1555.0
2025-04-07 09:00:00,,33.1,50.0,0.0,18.6,128.0,1008.1,1070.0
2025-04-07 10:00:00,,31.1,57.0,0.0,19.5,124.0,1009.5,750.0
2025-04-07 11:00:00,,30.2,60.0,0.0,16.1,112.0,1010.5,680.0
2025-04-07 12:00:00,,29.6,63.0,0.0,12.8,116.0,1011.3,615.0
2025-04-07 13:00:00,,29.9,62.0,0.0,9.9,125.0,1011.6,560.0
2025-04-07 14:00:00,,29.3,67.0,0.0,10.4,134.0,1012.3,510.0
2025-04-07 15:00:00,,28.9,69.0,0.0,10.6,132.0,1012.4,505.0
2025-04-07 16:00:00,,28.7,69.0,0.0,10.5,121.0,1011.8,510.0
2025-04-07 17:00:00,,28.5,69.0,0.0,8.4,113.0,1011.4,535.0
2025-04-07 18:00:00,,28.1,70.0,0.0,5.1,100.0,1010.7,490.0
2025-04-07 19:00:00,,27.9,71.0,0.0,2.9,86.0,1010.0,370.0
2025-04-07 20:00:00,,27.7,71.0,0.0,1.8,90.0,1010.0,300.0
2025-04-07 21:00:00,,27.5,72.0,0.0,2.6,106.0,1010.5,270.0
2025-04-07 22:00:00,,27.4,72.0,0.0,3.1,100.0,1011.0,220.0
2025-04-07 23:00:00,,27.8,70.0,0.0,3.4,115.0,1011.8,280.0
2025-04-08 00:00:00,,29.0,64.0,0.0,1.9,124.0,1012.4,485.0
2025-04-08 01:00:00,,30.3,61.0,0.0,1.5,291.0,1013.0,850.0
2025-04-08 02:00:00,,32.0,53.0,0.0,1.5,291.0,1012.3,1225.0
2025-04-08 03:00:00,,33.2,49.0,0.0,4.7,261.0,1011.8,1435.0
2025-04-08 04:00:00,,33.6,49.0,0.0,4.9,253.0,1011.0,1405.0
2025-04-08 05:00:00,,33.8,48.0,0.1,4.1,268.0,1010.0,1495.0
2025-04-08 06:00:00,,34.4,48.0,0.0,6.7,267.0,1008.8,1610.0
2025-04-08 07:00:00,,32.2,55.0,0.4,2.6,196.0,1008.6,650.0
2025-04-08 08:00:00,,32.9,51.0,0.3,5.5,58.0,1008.2,960.0
2025-04-08 09:00:00,,32.9,51.0,0.0,1.1,342.0,1008.2,1250.0
2025-04-08 10:00:00,,32.0,55.0,0.0,5.0,165.0,1008.8,620.0
2025-04-08 11:00:00,,31.2,59.0,0.0,6.9,143.0,1009.8,640.0
2025-04-08 12:00:00,,30.3,62.0,0.0,9.8,126.0,1010.4,510.0
2025-04-08 13:00:00,,29.8,64.0,0.0,11.6,123.0,1010.9,425.0
2025-04-08 14:00:00,,29.2,66.0,0.0,8.9,130.0,1011.4,445.0
2025-04-08 15:00:00,,28.7,68.0,0.0,8.1,133.0,1011.2,455.0
2025-04-08 16:00:00,,28.3,70.0,0.0,8.4,133.0,1010.7,415.0
2025-04-08 17:00:00,,28.0,71.0,0.0,8.6,126.0,1010.0,405.0
2025-04-08 18:00:00,,27.7,72.0,0.0,8.6,119.0,1009.2,370.0
2025-04-08 19:00:00,,27.5,73.0,0.0,8.1,122.0,1008.5,330.0
2025-04-08 20:00:00,,27.4,73.0,0.0,7.6,128.0,1008.4,345.0
2025-04-08 21:00:00,,27.3,73.0,0.0,7.5,125.0,1008.8,355.0
2025-04-08 22:00:00,,27.1,73.0,0.0,6.8,119.0,1009.0,340.0
2025-04-08 23:00:00,,27.6,69.0,0.0,6.2,112.0,1009.8,365.0
2025-04-09 00:00:00,,28.9,63.0,0.0,4.9,98.0,1010.7,615.0
2025-04-09 01:00:00,,30.9,55.0,0.0,5.6,73.0,1010.8,1095.0
2025-04-09 02:00:00,,32.5,48.0,0.0,3.9,62.0,1010.4,1540.0
2025-04-09 03:00:00,,33.4,44.0,0.0,3.3,171.0,1010.0,1490.0
2025-04-09 04:00:00,,34.0,44.0,0.0,5.3,232.0,1009.1,1550.0
2025-04-09 05:00:00,,34.1,45.0,0.0,8.3,246.0,1007.9,1400.0
2025-04-09 06:00:00,,34.3,44.0,0.0,8.6,233.0,1006.6,1430.0
2025-04-09 07:00:00,,34.7,41.0,0.0,9.9,199.0,1005.9,1415.0
2025-04-09 08:00:00,,34.4,42.0,0.0,15.2,163.0,1005.7,1150.0
2025-04-09 09:00:00,,33.3,46.0,0.0,20.2,141.0,1005.8,795.0
2025-04-09 10:00:00,,32.1,47.0,0.0,16.5,117.0,1006.3,555.0
2025-04-09 11:00:00,,31.2,53.0,0.0,10.9,117.0,1007.2,535.0
2025-04-09 12:00:00,,30.4,57.0,0.0,8.5,144.0,1008.0,510.0
2025-04-09 13:00:00,,30.2,57.0,0.0,7.1,131.0,1009.0,500.0
2025-04-09 14:00:00,,29.9,59.0,0.0,5.6,135.0,1009.6,420.0
2025-04-09 15:00:00,,29.6,60.0,0.0,1.4,113.0,1009.3,430.0
2025-04-09 16:00:00,,29.3,62.0,0.0,2.6,164.0,1008.9,485.0
2025-04-09 17:00:00,,28.9,64.0,0.0,3.5,171.0,1008.0,400.0
2025-04-09 18:00:00,,28.4,66.0,0.0,4.4,173.0,1007.3,365.0
2025-04-09 19:00:00,,28.0,69.0,0.0,4.1,165.0,1006.8,260.0
2025-04-09 20:00:00,,27.5,71.0,0.0,3.1,156.0,1007.0,175.0
2025-04-09 21:00:00,,27.2,73.0,0.0,2.3,151.0,1007.3,135.0
2025-04-09 22:00:00,,26.7,75.0,0.0,4.0,144.0,1007.7,120.0
2025-04-09 23:00:00,,27.2,72.0,0.0,4.1,128.0,1008.2,195.0
2025-04-10 00:00:00,,28.7,63.0,0.0,4.4,120.0,1009.0,460.0
2025-04-10 01:00:00,,30.6,55.0,0.0,5.5,139.0,1009.1,915.0
2025-04-10 02:00:00,,32.2,49.0,0.0,5.1,153.0,1008.7,1075.0
2025-04-10 03:00:00,,33.4,47.0,0.0,5.6,187.0,1007.9,1220.0
2025-04-10 04:00:00,,34.2,44.0,0.0,7.4,212.0,1007.0,1280.0
2025-04-10 05:00:00,,34.9,37.0,0.0,7.1,221.0,1005.9,1205.0
2025-04-10 06:00:00,,35.7,31.0,0.0,3.7,235.0,1004.6,1175.0
2025-04-10 07:00:00,,36.9,25.0,0.0,3.2,304.0,1003.9,1770.0
2025-04-10 08:00:00,,33.4,49.0,0.0,18.7,248.0,1003.9,325.0
2025-04-10 09:00:00,,32.1,57.0,0.0,16.4,241.0,1004.4,410.0
2025-04-10 10:00:00,,31.7,60.0,0.0,14.4,246.0,1005.2,345.0
2025-04-10 11:00:00,,31.0,65.0,0.0,13.7,231.0,1006.3,450.0
2025-04-10 12:00:00,,30.6,64.0,0.0,12.1,222.0,1007.1,540.0
2025-04-10 13:00:00,,30.6,67.0,0.0,11.6,258.0,1008.2,665.0
2025-04-10 14:00:00,,30.1,67.0,0.1,4.4,263.0,1008.9,695.0
2025-04-10 15:00:00,,29.3,70.0,0.1,3.1,187.0,1008.8,355.0
2025-04-10 16:00:00,,29.2,70.0,0.0,3.9,202.0,1008.2,265.0
2025-04-10 17:00:00,,29.3,68.0,0.0,3.1,239.0,1007.6,245.0
2025-04-10 18:00:00,,29.3,66.0,0.0,2.9,338.0,1006.9,700.0
2025-04-10 19:00:00,,29.2,66.0,0.0,5.0,21.0,1006.5,685.0
2025-04-10 20:00:00,,28.9,67.0,0.0,4.6,36.0,1006.5,605.0
2025-04-10 21:00:00,,28.7,68.0,0.0,3.8,31.0,1006.9,380.0
2025-04-10 22:00:00,,28.5,69.0,0.0,3.3,49.0,1007.4,290.0
2025-04-10 23:00:00,,28.9,68.0,0.0,3.4,72.0,1008.3,395.0
2025-04-11 00:00:00,,30.0,64.0,0.0,4.0,93.0,1009.2,760.0
2025-04-11 01:00:00,,31.1,59.0,0.0,3.2,106.0,1009.6,1015.0
2025-04-11 02:00:00,,32.4,53.0,0.0,4.5,113.0,1009.3,1275.0
2025-04-11 03:00:00,,33.0,50.0,0.0,4.0,117.0,1008.7,1315.0
2025-04-11 04:00:00,,34.0,46.0,0.0,4.7,157.0,1007.8,1390.0
2025-04-11 05:00:00,,34.7,44.0,0.0,6.9,171.0,1006.3,1430.0
2025-04-11 06:00:00,,35.5,42.0,0.0,9.7,161.0,1004.9,1600.0
2025-04-11 07:00:00,,35.9,39.0,0.0,13.3,142.0,1004.3,1750.0
2025-04-11 08:00:00,,35.4,41.0,0.0,16.7,128.0,1004.1,1655.0
2025-04-11 09:00:00,,34.1,44.0,0.0,18.3,119.0,1004.7,1075.0
2025-04-11 10:00:00,,32.4,52.0,0.0,17.5,116.0,1005.5,680.0
2025-04-11 11:00:00,,30.8,60.0,0.0,16.5,114.0,1006.4,660.0
2025-04-11 12:00:00,,30.1,64.0,0.0,13.9,117.0,1007.3,590.0
2025-04-11 13:00:00,,30.1,64.0,0.0,10.2,126.0,1008.0,490.0
2025-04-11 14:00:00,,29.7,68.0,0.0,11.5,134.0,1008.9,500.0
2025-04-11 15:00:00,,29.2,70.0,0.0,13.5,128.0,1008.9,525.0
2025-04-11 16:00:00,,28.9,70.0,0.0,12.8,119.0,1008.3,515.0
2025-04-11 17:00:00,,28.7,71.0,0.0,10.2,111.0,1007.8,495.0
2025-04-11 18:00:00,,28.3,73.0,0.0,8.0,100.0,1007.5,500.0
2025-04-11 19:00:00,,28.1,74.0,0.0,5.1,86.0,1007.2,490.0
2025-04-11 20:00:00,,27.8,74.0,0.0,4.2,85.0,1007.4,535.0
2025-04-11 21:00:00,,27.9,73.0,0.0,3.1,100.0,1008.0,490.0
2025-04-11 22:00:00,,27.8,74.0,0.0,3.9,118.0,1008.8,410.0
2025-04-11 23:00:00,,28.4,71.0,0.0,3.7,61.0,1009.3,455.0
2025-04-12 00:00:00,,29.5,66.0,0.0,3.4,84.0,1010.0,765.0
2025-04-12 01:00:00,,31.6,56.0,0.0,4.2,130.0,1010.1,1050.0
2025-04-12 02:00:00,,33.0,51.0,0.0,5.1,170.0,1009.6,1265.0
2025-04-12 03:00:00,,33.8,48.0,0.0,5.8,210.0,1008.9,1355.0
2025-04-12 04:00:00,,34.6,44.0,0.0,6.1,214.0,1008.2,1395.0
2025-04-12 05:00:00,,35.5,40.0,0.0,8.6,188.0,1007.1,1485.0
2025-04-12 06:00:00,,36.0,39.0,0.0,11.1,166.0,1006.2,1535.0
2025-04-12 07:00:00,,36.2,38.0,0.0,12.1,157.0,1005.5,1645.0
2025-04-12 08:00:00,,35.4,41.0,0.0,15.1,155.0,1005.6,1555.0
2025-04-12 09:00:00,,33.3,51.0,0.3,16.7,130.0,1006.6,855.0
2025-04-12 10:00:00,,32.4,54.0,0.0,17.2,122.0,1007.7,855.0
2025-04-12 11:00:00,,30.8,62.0,0.0,15.1,118.0,1008.5,660.0
2025-04-12 12:00:00,,30.2,65.0,0.0,12.7,123.0,1008.9,535.0
2025-04-12 13:00:00,,31.0,62.0,0.0,11.2,125.0,1009.9,495.0
2025-04-12 14:00:00,,30.6,65.0,0.0,10.2,136.0,1010.2,485.0
2025-04-12 15:00:00,,30.0,69.0,0.0,11.6,137.0,1010.1,470.0
2025-04-12 16:00:00,,29.4,71.0,0.0,9.4,116.0,1009.3,440.0
2025-04-12 17:00:00,,29.1,72.0,0.0,6.1,102.0,1008.6,410.0
2025-04-12 18:00:00,,28.8,72.0,0.0,5.1,100.0,1008.2,360.0
2025-04-12 19:00:00,,28.6,73.0,0.0,4.1,113.0,1008.3,270.0
2025-04-12 20:00:00,,28.5,73.0,0.0,3.1,140.0,1008.4,225.0
2025-04-12 21:00:00,,28.5,73.0,0.0,2.6,129.0,1008.8,215.0
2025-04-12 22:00:00,,28.4,74.0,0.0,2.1,128.0,1009.6,185.0
2025-04-12 23:00:00,,28.8,72.0,0.0,1.5,45.0,1010.1,255.0
2025-04-13 00:00:00,,30.0,67.0,0.0,1.3,225.0,1010.6,555.0
2025-04-13 01:00:00,,31.6,59.0,0.0,1.1,288.0,1010.6,915.0
2025-04-13 02:00:00,,32.7,55.0,0.0,3.8,275.0,1010.0,1080.0
2025-04-13 03:00:00,,33.4,53.0,0.0,6.8,273.0,1009.5,1155.0
2025-04-13 04:00:00,,33.8,53.0,0.1,6.7,272.0,1008.8,1230.0
2025-04-13 05:00:00,,33.6,54.0,0.0,7.3,226.0,1007.8,785.0
2025-04-13 06:00:00,,33.0,56.0,0.1,5.7,44.0,1006.8,905.0
2025-04-13 07:00:00,,33.0,54.0,0.0,9.7,112.0,1006.4,780.0
2025-04-13 08:00:00,,31.5,58.0,0.0,4.5,137.0,1006.8,360.0
2025-04-13 09:00:00,,30.6,64.0,0.4,7.5,291.0,1006.7,315.0
2025-04-13 10:00:00,,30.0,68.0,0.0,3.8,295.0,1007.0,180.0
2025-04-13 11:00:00,,29.9,70.0,0.0,4.1,331.0,1007.7,225.0
2025-04-13 12:00:00,,29.9,70.0,0.0,1.0,292.0,1008.3,125.0
2025-04-13 13:00:00,,30.3,66.0,0.0,2.7,176.0,1008.9,485.0
2025-04-13 14:00:00,,30.1,68.0,0.0,2.9,133.0,1009.1,575.0
2025-04-13 15:00:00,,29.9,70.0,0.0,4.7,140.0,1009.0,540.0
2025-04-13 16:00:00,,29.7,72.0,0.0,4.9,147.0,1008.4,470.0
2025-04-13 17:00:00,,29.4,74.0,0.0,3.3,126.0,1008.1,410.0
2025-04-13 18:00:00,,29.0,76.0,0.0,5.5,134.0,1007.7,405.0
2025-04-13 19:00:00,,28.7,77.0,0.0,6.9,129.0,1007.2,360.0
2025-04-13 20:00:00,,28.2,79.0,0.0,7.0,119.0,1007.1,280.0
2025-04-13 21:00:00,,27.7,80.0,0.0,7.6,115.0,1007.3,265.0
2025-04-13 22:00:00,,27.2,81.0,0.0,8.5,119.0,1007.7,290.0
2025-04-13 23:00:00,,27.8,76.0,0.0,7.9,111.0,1008.6,360.0
2025-04-14 00:00:00,,29.4,66.0,0.0,7.0,93.0,1009.6,555.0
2025-04-14 01:00:00,,30.6,61.0,0.2,2.2,35.0,1010.2,900.0
2025-04-14 02:00:00,,31.9,56.0,0.1,1.7,342.0,1010.0,1140.0
2025-04-14 03:00:00,,32.4,53.0,0.1,3.7,284.0,1009.5,1000.0
2025-04-14 04:00:00,,33.1,51.0,0.1,4.1,272.0,1008.6,1010.0
2025-04-14 05:00:00,,33.7,49.0,0.1,5.6,272.0,1007.3,1100.0
2025-04-14 06:00:00,,34.3,47.0,0.0,6.7,275.0,1006.1,1165.0
2025-04-14 07:00:00,,34.5,46.0,0.0,9.1,278.0,1005.3,1270.0
2025-04-14 08:00:00,,34.2,45.0,0.0,10.9,278.0,1005.2,335.0
2025-04-14 09:00:00,,33.6,47.0,0.0,9.0,260.0,1005.2,210.0
2025-04-14 10:00:00,,32.7,52.0,0.0,8.5,245.0,1006.0,190.0
2025-04-14 11:00:00,,31.6,64.0,0.0,13.1,222.0,1006.7,310.0
2025-04-14 12:00:00,,30.9,65.0,0.0,14.1,211.0,1007.6,355.0
2025-04-14 13:00:00,,30.9,63.0,0.0,8.1,211.0,1008.3,370.0
2025-04-14 14:00:00,,30.3,66.0,0.1,1.9,304.0,1009.1,90.0
2025-04-14 15:00:00,,29.7,67.0,0.2,4.0,93.0,1009.2,355.0
2025-04-14 16:00:00,,29.6,68.0,0.0,4.8,112.0,1008.9,300.0
2025-04-14 17:00:00,,29.4,68.0,0.0,6.2,128.0,1008.2,275.0
2025-04-14 18:00:00,,29.3,69.0,0.0,4.5,124.0,1008.0,290.0
2025-04-14 19:00:00,,29.0,71.0,0.0,2.7,32.0,1007.5,450.0
2025-04-14 20:00:00,,28.7,73.0,0.0,4.2,18.0,1007.6,245.0
2025-04-14 21:00:00,,28.2,75.0,0.0,4.8,27.0,1007.7,205.0
2025-04-14 22:00:00,,27.9,76.0,0.0,5.5,13.0,1007.9,185.0
2025-04-14 23:00:00,,28.2,73.0,0.0,5.8,7.0,1008.5,240.0
2025-04-15 00:00:00,,29.4,69.0,0.0,4.7,4.0,1008.9,515.0
2025-04-15 01:00:00,,30.7,59.0,0.0,4.8,340.0,1009.5,750.0
2025-04-15 02:00:00,,31.9,53.0,0.0,6.0,323.0,1009.3,1045.0
2025-04-15 03:00:00,,32.9,50.0,0.0,6.4,302.0,1009.0,1155.0
2025-04-15 04:00:00,,33.5,49.0,0.0,8.6,270.0,1008.1,1095.0
2025-04-15 05:00:00,,33.8,48.0,0.0,8.6,259.0,1007.0,1050.0
2025-04-15 06:00:00,,34.3,46.0,0.0,8.9,249.0,1006.0,1115.0
2025-04-15 07:00:00,,34.1,47.0,0.0,8.7,256.0,1005.4,980.0
2025-04-15 08:00:00,,34.1,49.0,0.0,12.9,237.0,1005.2,955.0
2025-04-15 09:00:00,,32.4,59.0,0.8,10.3,239.0,1005.7,345.0
2025-04-15 10:00:00,,31.2,60.0,0.8,5.5,171.0,1006.9,860.0
2025-04-15 11:00:00,,30.4,64.0,0.1,3.1,24.0,1007.7,610.0
2025-04-15 12:00:00,,30.1,65.0,0.0,5.3,12.0,1007.9,450.0
2025-04-15 13:00:00,,29.9,64.0,0.0,4.0,126.0,1008.6,180.0
2025-04-15 14:00:00,,29.6,66.0,0.1,6.5,93.0,1009.3,415.0
2025-04-15 15:00:00,,29.3,68.0,0.0,4.1,103.0,1009.1,360.0
2025-04-15 16:00:00,,28.8,72.0,0.0,3.4,137.0,1008.7,450.0
2025-04-15 17:00:00,,28.5,74.0,0.0,5.4,146.0,1008.3,480.0
2025-04-15 18:00:00,,28.5,75.0,0.0,5.2,115.0,1007.8,535.0
2025-04-15 19:00:00,,28.1,77.0,0.0,4.7,72.0,1007.3,370.0
2025-04-15 20:00:00,,27.6,80.0,0.0,5.2,41.0,1007.4,280.0
2025-04-15 21:00:00,,27.1,83.0,0.0,4.7,9.0,1007.7,235.0
2025-04-15 22:00:00,,27.0,84.0,0.0,3.6,351.0,1008.2,210.0
2025-04-15 23:00:00,,27.5,80.0,0.0,2.2,5.0,1008.8,255.0
2025-04-16 00:00:00,,28.7,74.0,0.0,1.9,61.0,1009.5,610.0
2025-04-16 01:00:00,,30.6,63.0,0.0,3.2,106.0,1009.4,935.0
2025-04-16 02:00:00,,32.3,53.0,0.0,4.3,138.0,1009.0,1280.0
2025-04-16 03:00:00,,33.9,45.0,0.0,6.1,183.0,1008.5,1585.0
2025-04-16 04:00:00,,34.2,44.0,0.0,8.1,215.0,1008.0,1460.0
2025-04-16 05:00:00,,34.8,41.0,0.0,7.9,201.0,1007.0,1485.0
2025-04-16 06:00:00,,35.7,33.0,0.0,8.3,178.0,1006.2,1660.0
2025-04-16 07:00:00,,35.9,27.0,0.0,10.8,150.0,1005.8,1605.0
2025-04-16 08:00:00,,35.9,26.0,0.0,11.4,147.0,1005.4,1570.0
2025-04-16 09:00:00,,34.6,30.0,0.0,8.1,215.0,1005.9,1090.0
2025-04-16 10:00:00,,33.2,38.0,0.0,6.8,207.0,1006.9,605.0
2025-04-16 11:00:00,,32.4,39.0,0.0,7.0,181.0,1007.8,680.0
2025-04-16 12:00:00,,31.5,43.0,0.0,6.6,167.0,1008.2,545.0
2025-04-16 13:00:00,,31.1,47.0,0.0,5.8,112.0,1009.0,480.0
2025-04-16 14:00:00,,30.2,57.0,0.0,9.4,128.0,1009.6,535.0
2025-04-16 15:00:00,,29.4,66.0,0.0,10.9,126.0,1009.6,535.0
2025-04-16 16:00:00,,28.9,68.0,0.0,9.8,121.0,1009.3,490.0
2025-04-16 17:00:00,,28.5,68.0,0.0,7.7,114.0,1008.7,445.0
2025-04-16 18:00:00,,28.1,68.0,0.0,4.5,83.0,1008.2,360.0
2025-04-16 19:00:00,,27.7,69.0,0.0,3.0,38.0,1007.9,240.0
2025-04-16 20:00:00,,27.3,73.0,0.0,2.3,4.0,1008.0,190.0
2025-04-16 21:00:00,,27.0,76.0,0.0,2.6,348.0,1008.4,165.0
2025-04-16 22:00:00,,26.8,77.0,0.0,2.5,352.0,1008.8,150.0
2025-04-16 23:00:00,,27.4,74.0,0.0,2.2,351.0,1009.3,170.0
2025-04-17 00:00:00,,29.0,64.0,0.0,2.2,14.0,1010.2,520.0
2025-04-17 01:00:00,,31.2,54.0,0.0,2.5,60.0,1010.4,1150.0
2025-04-17 02:00:00,,33.1,46.0,0.0,3.5,192.0,1010.0,1565.0
2025-04-17 03:00:00,,33.8,44.0,0.0,6.5,238.0,1009.8,1560.0
2025-04-17 04:00:00,,34.0,44.0,0.0,8.8,253.0,1009.2,1400.0
2025-04-17 05:00:00,,34.3,43.0,0.0,7.2,264.0,1008.1,1310.0
2025-04-17 06:00:00,,35.1,37.0,0.0,4.0,240.0,1006.8,1515.0
2025-04-17 07:00:00,,35.8,33.0,0.0,5.1,207.0,1006.1,1740.0
2025-04-17 08:00:00,,35.5,33.0,0.0,5.2,205.0,1005.7,1590.0
2025-04-17 09:00:00,,35.1,34.0,0.0,7.9,163.0,1005.8,1450.0
2025-04-17 10:00:00,,33.6,39.0,0.0,9.2,180.0,1006.4,610.0
2025-04-17 11:00:00,,32.5,44.0,0.0,7.3,170.0,1007.2,515.0
2025-04-17 12:00:00,,31.4,53.0,0.0,7.8,140.0,1008.0,495.0
2025-04-17 13:00:00,,30.8,57.0,0.0,10.3,134.0,1008.8,460.0
2025-04-17 14:00:00,,30.1,60.0,0.0,9.4,128.0,1009.1,420.0
2025-04-17 15:00:00,,29.5,64.0,0.0,8.1,137.0,1009.0,360.0
2025-04-17 16:00:00,,28.9,67.0,0.0,7.3,134.0,1008.4,330.0
2025-04-17 17:00:00,,28.5,69.0,0.0,5.4,127.0,1007.9,300.0
2025-04-17 18:00:00,,28.1,70.0,0.0,4.6,132.0,1007.7,255.0
2025-04-17 19:00:00,,27.9,70.0,0.0,5.0,131.0,1007.7,265.0
2025-04-17 20:00:00,,27.6,71.0,0.0,4.6,129.0,1008.0,235.0
2025-04-17 21:00:00,,27.2,74.0,0.0,3.9,118.0,1008.1,200.0
2025-04-17 22:00:00,,26.8,75.0,0.0,3.8,107.0,1008.4,190.0
2025-04-17 23:00:00,,27.4,71.0,0.0,4.0,93.0,1009.0,250.0
2025-04-18 00:00:00,,29.2,61.0,0.0,3.8,73.0,1009.9,405.0
2025-04-18 01:00:00,,31.1,52.0,0.0,2.9,4.0,1010.2,845.0
2025-04-18 02:00:00,,32.9,47.0,0.0,3.3,319.0,1009.6,1390.0
2025-04-18 03:00:00,,34.1,45.0,0.0,7.0,293.0,1009.1,1610.0
2025-04-18 04:00:00,,33.8,50.0,0.0,11.1,262.0,1008.2,600.0
2025-04-18 05:00:00,,33.9,49.0,0.2,11.6,258.0,1007.3,1025.0
2025-04-18 06:00:00,,34.5,48.0,0.1,9.2,264.0,1006.5,1120.0
2025-04-18 07:00:00,,35.1,45.0,0.1,6.1,242.0,1005.8,1505.0
2025-04-18 08:00:00,,35.2,44.0,0.0,5.8,196.0,1005.3,1520.0
2025-04-18 09:00:00,,34.1,47.0,0.2,11.7,148.0,1005.6,885.0
2025-04-18 10:00:00,,32.9,54.0,0.1,15.5,144.0,1006.2,710.0
2025-04-18 11:00:00,,31.8,58.0,0.0,16.0,133.0,1006.8,610.0
2025-04-18 12:00:00,,30.8,62.0,0.0,16.0,130.0,1007.4,555.0
2025-04-18 13:00:00,,30.8,65.0,0.1,11.1,119.0,1008.3,720.0
2025-04-18 14:00:00,,30.2,65.0,0.0,5.2,96.0,1009.0,565.0
2025-04-18 15:00:00,,29.5,67.0,0.0,0.4,63.0,1009.0,405.0
2025-04-18 16:00:00,,29.5,67.0,0.0,1.1,252.0,1008.7,525.0
2025-04-18 17:00:00,,29.1,69.0,0.0,3.8,287.0,1008.1,465.0
2025-04-18 18:00:00,,28.8,73.0,0.0,2.9,259.0,1007.7,490.0
2025-04-18 19:00:00,,28.5,75.0,0.0,3.1,249.0,1007.3,430.0
2025-04-18 20:00:00,,28.5,76.0,0.0,2.9,187.0,1007.5,465.0
2025-04-18 21:00:00,,28.4,74.0,0.0,4.8,151.0,1007.9,525.0
2025-04-18 22:00:00,,28.1,73.0,0.0,7.4,119.0,1008.5,515.0
2025-04-18 23:00:00,,28.4,71.0,0.0,7.9,102.0,1009.1,540.0
2025-04-19 00:00:00,,29.7,66.0,0.0,6.9,104.0,1009.5,775.0
2025-04-19 01:00:00,,31.7,56.0,0.0,5.6,94.0,1009.8,1205.0
2025-04-19 02:00:00,,33.4,48.0,0.0,9.0,123.0,1009.4,1525.0
2025-04-19 03:00:00,,34.6,43.0,0.0,10.8,148.0,1009.0,1725.0
2025-04-19 04:00:00,,35.4,39.0,0.0,10.7,150.0,1008.4,1745.0
2025-04-19 05:00:00,,36.2,31.0,0.0,11.4,147.0,1007.3,1815.0
2025-04-19 06:00:00,,36.6,28.0,0.0,14.4,138.0,1006.3,1785.0
2025-04-19 07:00:00,,36.4,27.0,0.0,18.0,130.0,1005.9,1635.0
2025-04-19 08:00:00,,35.8,28.0,0.0,17.4,121.0,1005.6,1210.0
2025-04-19 09:00:00,,34.8,31.0,0.0,16.0,117.0,1005.7,900.0
2025-04-19 10:00:00,,33.2,38.0,0.0,16.6,108.0,1006.2,655.0
2025-04-19 11:00:00,,32.0,45.0,0.0,13.4,104.0,1006.9,570.0
2025-04-19 12:00:00,,31.3,48.0,0.0,10.4,116.0,1007.4,485.0
2025-04-19 13:00:00,,30.4,55.0,0.0,9.6,116.0,1008.1,535.0
2025-04-19 14:00:00,,29.7,59.0,0.0,10.0,129.0,1008.9,550.0
2025-04-19 15:00:00,,29.2,61.0,0.0,10.7,127.0,1008.9,555.0
2025-04-19 16:00:00,,28.7,62.0,0.0,11.1,124.0,1008.6,550.0
2025-04-19 17:00:00,,28.3,67.0,0.0,10.8,114.0,1008.5,570.0
2025-04-19 18:00:00,,28.0,66.0,0.0,7.7,90.0,1008.0,500.0
2025-04-19 19:00:00,,27.7,65.0,0.0,5.0,60.0,1007.7,350.0
2025-04-19 20:00:00,,27.4,66.0,0.0,4.5,34.0,1008.2,180.0
2025-04-19 21:00:00,,27.0,69.0,0.0,3.1,66.0,1008.5,105.0
2025-04-19 22:00:00,,26.7,70.0,0.0,2.7,67.0,1008.8,80.0
2025-04-19 23:00:00,,27.6,65.0,0.0,0.9,53.0,1009.5,210.0
2025-04-20 00:00:00,,29.1,59.0,0.0,1.5,76.0,1010.2,565.0
2025-04-20 01:00:00,,31.0,52.0,0.0,1.0,329.0,1010.3,920.0
2025-04-20 02:00:00,,33.4,45.0,0.0,0.5,315.0,1009.9,1405.0
2025-04-20 03:00:00,,34.9,38.0,0.0,2.5,278.0,1009.3,1780.0
2025-04-20 04:00:00,,35.4,39.0,0.0,7.4,256.0,1008.6,1680.0
2025-04-20 05:00:00,,34.8,45.0,0.5,9.6,254.0,1007.6,995.0
2025-04-20 06:00:00,,34.8,46.0,0.5,5.9,256.0,1006.7,1110.0
2025-04-20 07:00:00,,35.5,44.0,0.0,7.6,188.0,1006.1,1760.0
2025-04-20 08:00:00,,35.7,43.0,0.0,9.5,143.0,1005.7,1820.0
2025-04-20 09:00:00,,34.8,45.0,0.0,9.5,126.0,1006.3,1575.0
2025-04-20 10:00:00,,32.8,55.0,0.1,16.3,131.0,1007.2,695.0
2025-04-20 11:00:00,,31.4,60.0,0.0,16.0,124.0,1007.9,615.0
2025-04-20 12:00:00,,30.5,65.0,0.0,16.5,127.0,1008.6,620.0
2025-04-20 13:00:00,,30.4,65.0,0.0,14.7,133.0,1009.5,550.0
2025-04-20 14:00:00,,29.9,69.0,0.0,14.6,130.0,1010.2,565.0
2025-04-20 15:00:00,,29.6,70.0,0.0,13.9,128.0,1010.4,575.0
2025-04-20 16:00:00,,29.3,72.0,0.0,12.2,121.0,1010.0,565.0
2025-04-20 17:00:00,,29.0,72.0,0.0,9.7,109.0,1009.5,495.0
2025-04-20 18:00:00,,29.0,70.0,0.0,5.6,94.0,1008.9,395.0
2025-04-20 19:00:00,,28.9,70.0,0.0,3.4,47.0,1008.6,410.0
2025-04-20 20:00:00,,28.7,71.0,0.0,0.7,104.0,1008.7,345.0
2025-04-20 21:00:00,,28.5,72.0,0.0,2.9,169.0,1009.3,335.0
2025-04-20 22:00:00,,28.3,74.0,0.0,5.2,155.0,1009.6,365.0
2025-04-20 23:00:00,,28.7,72.0,0.0,6.3,127.0,1010.2,485.0
2025-04-21 00:00:00,,30.0,65.0,0.0,6.9,105.0,1010.7,700.0
2025-04-21 01:00:00,,32.0,55.0,0.1,10.0,99.0,1010.8,1130.0
2025-04-21 02:00:00,,33.3,49.0,0.1,10.4,113.0,1010.4,1420.0
2025-04-21 03:00:00,,34.2,46.0,0.3,9.6,118.0,1010.1,1560.0
2025-04-21 04:00:00,,35.1,42.0,0.5,6.2,128.0,1009.0,1730.0
2025-04-21 05:00:00,,36.2,37.0,0.1,4.7,176.0,1007.8,1915.0
2025-04-21 06:00:00,,36.3,36.0,0.0,7.0,183.0,1006.6,1950.0
2025-04-21 07:00:00,,35.4,41.0,0.0,9.2,157.0,1006.4,1380.0
2025-04-21 08:00:00,,35.3,41.0,0.1,12.0,144.0,1006.2,1670.0
2025-04-21 09:00:00,,34.8,42.0,0.0,14.5,126.0,1006.4,1380.0
2025-04-21 10:00:00,,33.7,44.0,0.0,13.4,117.0,1007.2,895.0
2025-04-21 11:00:00,,32.5,50.0,0.0,11.0,116.0,1008.0,625.0
2025-04-21 12:00:00,,31.3,57.0,0.0,11.2,125.0,1008.8,460.0
2025-04-21 13:00:00,,30.9,63.0,0.0,9.0,136.0,1009.6,400.0
2025-04-21 14:00:00,,29.9,70.0,0.0,10.9,151.0,1010.2,415.0
2025-04-21 15:00:00,,29.3,74.0,0.0,12.8,141.0,1010.5,455.0
2025-04-21 16:00:00,,28.9,75.0,0.0,13.5,135.0,1010.2,455.0
2025-04-21 17:00:00,,28.5,75.0,0.0,11.4,129.0,1009.8,395.0
2025-04-21 18:00:00,,28.1,75.0,0.0,9.8,118.0,1009.6,330.0
2025-04-21 19:00:00,,27.6,75.0,0.0,7.7,99.0,1009.4,260.0
2025-04-21 20:00:00,,27.3,75.0,0.0,4.0,93.0,1009.5,195.0
2025-04-21 21:00:00,,27.1,76.0,0.0,3.7,145.0,1009.8,195.0
2025-04-21 22:00:00,,27.0,77.0,0.0,3.5,141.0,1010.1,205.0
2025-04-21 23:00:00,,27.7,72.0,0.0,1.9,107.0,1010.7,250.0
2025-04-22 00:00:00,,29.4,61.0,0.0,3.1,90.0,1011.1,515.0
2025-04-22 01:00:00,,31.4,52.0,0.0,2.8,15.0,1011.1,735.0
2025-04-22 02:00:00,,33.1,45.0,0.0,4.0,309.0,1010.7,1280.0
2025-04-22 03:00:00,,34.1,44.0,0.0,7.1,280.0,1009.8,1375.0
2025-04-22 04:00:00,,34.5,44.0,0.0,9.3,255.0,1009.0,1305.0
2025-04-22 05:00:00,,34.5,46.0,0.0,10.6,231.0,1007.8,1095.0
2025-04-22 06:00:00,,35.1,42.0,0.0,10.1,209.0,1006.6,1090.0
2025-04-22 07:00:00,,35.7,38.0,0.0,11.3,179.0,1005.8,1160.0
2025-04-22 08:00:00,,35.4,36.0,0.0,13.5,166.0,1005.4,1045.0
2025-04-22 09:00:00,,34.5,42.0,0.0,16.2,148.0,1005.5,815.0
2025-04-22 10:00:00,,33.3,47.0,0.0,16.1,119.0,1006.0,560.0
2025-04-22 11:00:00,,32.3,53.0,0.0,9.7,138.0,1006.8,505.0
2025-04-22 12:00:00,,31.2,61.0,0.0,9.1,172.0,1007.5,495.0
2025-04-22 13:00:00,,31.2,59.0,0.0,8.0,198.0,1008.7,515.0
2025-04-22 14:00:00,,30.7,62.0,0.0,5.8,189.0,1009.1,405.0
2025-04-22 15:00:00,,30.4,64.0,0.0,4.1,193.0,1009.1,345.0
2025-04-22 16:00:00,,30.2,65.0,0.0,3.8,199.0,1008.7,365.0
2025-04-22 17:00:00,,30.0,67.0,0.0,3.6,210.0,1008.4,520.0
2025-04-22 18:00:00,,29.8,68.0,0.0,4.9,186.0,1008.1,575.0
2025-04-22 19:00:00,,29.4,71.0,0.0,6.9,163.0,1007.5,465.0
2025-04-22 20:00:00,,28.9,74.0,0.0,6.3,145.0,1007.3,330.0
2025-04-22 21:00:00,,28.6,76.0,0.0,4.8,103.0,1007.9,335.0
2025-04-22 22:00:00,,28.5,74.0,0.0,3.8,45.0,1008.6,410.0
2025-04-22 23:00:00,,29.0,71.0,0.0,2.2,35.0,1009.2,490.0
2025-04-23 00:00:00,,30.2,64.0,0.0,0.4,27.0,1009.8,660.0
2025-04-23 01:00:00,,31.3,60.0,0.1,2.7,318.0,1010.3,960.0
2025-04-23 02:00:00,,32.6,54.0,0.0,3.6,288.0,1010.0,1075.0
2025-04-23 03:00:00,,33.7,50.0,0.0,5.8,263.0,1009.2,1250.0
2025-04-23 04:00:00,,34.3,48.0,0.0,7.5,262.0,1008.5,1280.0
2025-04-23 05:00:00,,35.1,45.0,0.0,7.6,270.0,1006.9,1395.0
2025-04-23 06:00:00,,35.5,44.0,0.0,8.1,274.0,1005.7,1470.0
2025-04-23 07:00:00,,35.6,43.0,0.0,8.8,268.0,1004.8,240.0
2025-04-23 08:00:00,,34.8,49.0,0.1,9.8,252.0,1004.4,265.0
2025-04-23 09:00:00,,33.1,58.0,0.4,9.8,232.0,1004.9,390.0
2025-04-23 10:00:00,,32.6,60.0,0.0,12.3,219.0,1005.4,380.0
2025-04-23 11:00:00,,32.1,61.0,0.0,14.2,209.0,1006.5,765.0
2025-04-23 12:00:00,,31.4,64.0,0.0,12.5,188.0,1007.4,650.0
2025-04-23 13:00:00,,30.9,67.0,0.0,10.3,182.0,1008.0,640.0
2025-04-23 14:00:00,,30.4,71.0,0.1,10.4,154.0,1008.8,705.0
2025-04-23 15:00:00,,30.0,73.0,0.2,11.4,118.0,1008.8,630.0
2025-04-23 16:00:00,,29.6,75.0,0.0,10.1,114.0,1008.4,460.0
2025-04-23 17:00:00,,29.2,77.0,0.0,7.8,128.0,1007.9,365.0
2025-04-23 18:00:00,,28.8,79.0,0.0,7.1,142.0,1007.5,380.0
2025-04-23 19:00:00,,28.4,81.0,0.0,7.4,146.0,1007.1,400.0
2025-04-23 20:00:00,,27.9,83.0,0.0,7.5,136.0,1007.3,375.0
2025-04-23 21:00:00,,27.6,83.0,0.0,6.9,131.0,1007.7,310.0
2025-04-23 22:00:00,,27.4,82.0,0.0,5.7,131.0,1008.2,250.0
2025-04-23 23:00:00,,28.0,76.0,0.0,4.6,116.0,1008.9,285.0
2025-04-24 00:00:00,,29.6,66.0,0.0,2.4,103.0,1009.5,480.0
2025-04-24 01:00:00,,31.4,58.0,0.0,0.5,315.0,1010.1,975.0
2025-04-24 02:00:00,,32.6,52.0,0.0,2.2,284.0,1009.9,1270.0
2025-04-24 03:00:00,,33.5,48.0,0.0,3.3,261.0,1009.4,1420.0
2025-04-24 04:00:00,,33.8,47.0,0.0,5.6,230.0,1008.3,1385.0
2025-04-24 05:00:00,,34.3,44.0,0.0,7.7,219.0,1007.1,1280.0
2025-04-24 06:00:00,,35.2,37.0,0.0,8.1,217.0,1006.2,1260.0
2025-04-24 07:00:00,,36.0,31.0,0.0,9.6,201.0,1005.2,1435.0
2025-04-24 08:00:00,,35.8,29.0,0.0,11.7,195.0,1004.8,1165.0
2025-04-24 09:00:00,,34.9,33.0,0.0,14.5,163.0,1004.8,855.0
2025-04-24 10:00:00,,33.7,40.0,0.0,17.5,138.0,1005.6,700.0
2025-04-24 11:00:00,,32.2,47.0,0.0,12.1,152.0,1006.6,555.0
2025-04-24 12:00:00,,31.1,54.0,0.0,11.6,143.0,1007.3,485.0
2025-04-24 13:00:00,,31.1,54.0,0.0,7.6,144.0,1008.3,520.0
2025-04-24 14:00:00,,30.5,59.0,0.0,7.4,146.0,1009.0,520.0
2025-04-24 15:00:00,,29.9,62.0,0.0,8.1,141.0,1009.2,500.0
2025-04-24 16:00:00,,29.5,63.0,0.0,7.1,128.0,1009.1,435.0
2025-04-24 17:00:00,,29.1,65.0,0.0,6.0,131.0,1009.0,365.0
2025-04-24 18:00:00,,28.7,66.0,0.0,4.2,130.0,1008.3,305.0
2025-04-24 19:00:00,,28.4,66.0,0.0,1.3,82.0,1008.1,255.0
2025-04-24 20:00:00,,28.1,66.0,0.0,1.4,40.0,1008.2,230.0
2025-04-24 21:00:00,,27.8,66.0,0.0,1.0,68.0,1008.5,205.0
2025-04-24 22:00:00,,27.6,66.0,0.0,1.8,96.0,1009.0,165.0
2025-04-24 23:00:00,,28.3,62.0,0.0,2.3,141.0,1009.6,190.0
2025-04-25 00:00:00,,30.1,51.0,0.0,3.0,147.0,1010.0,610.0
2025-04-25 01:00:00,,31.9,48.0,0.0,0.5,315.0,1010.1,1065.0
2025-04-25 02:00:00,,33.3,41.0,0.0,3.4,252.0,1010.1,1350.0
2025-04-25 03:00:00,,33.8,42.0,0.0,7.2,258.0,1009.5,1360.0
2025-04-25 04:00:00,,34.2,42.0,0.0,7.7,261.0,1008.7,1245.0
2025-04-25 05:00:00,,34.7,41.0,0.0,7.4,257.0,1007.8,1285.0
2025-04-25 06:00:00,,34.5,42.0,0.1,7.1,229.0,1007.0,1170.0
2025-04-25 07:00:00,,34.6,42.0,0.0,6.9,197.0,1006.4,1080.0
2025-04-25 08:00:00,,34.8,41.0,0.0,10.5,188.0,1006.1,1215.0
2025-04-25 09:00:00,,34.1,47.0,0.1,16.9,158.0,1006.1,925.0
2025-04-25 10:00:00,,32.9,51.0,0.0,18.5,155.0,1006.7,795.0
2025-04-25 11:00:00,,31.8,54.0,0.0,16.8,142.0,1007.6,690.0
2025-04-25 12:00:00,,30.8,61.0,0.0,13.8,143.0,1008.6,615.0
2025-04-25 13:00:00,,30.9,58.0,0.0,9.2,152.0,1009.6,530.0
2025-04-25 14:00:00,,30.5,59.0,0.0,6.8,130.0,1010.6,530.0
2025-04-25 15:00:00,,30.1,58.0,0.0,7.3,83.0,1010.8,520.0
2025-04-25 16:00:00,,29.3,61.0,0.0,6.1,66.0,1010.4,335.0
2025-04-25 17:00:00,,28.7,63.0,0.0,4.9,129.0,1009.7,235.0
2025-04-25 18:00:00,,28.3,67.0,0.0,7.3,128.0,1009.1,300.0
2025-04-25 19:00:00,,27.9,70.0,0.0,9.0,103.0,1008.5,315.0
2025-04-25 20:00:00,,27.6,73.0,0.0,8.3,103.0,1008.7,300.0
2025-04-25 21:00:00,,27.3,74.0,0.0,7.1,100.0,1009.0,265.0
2025-04-25 22:00:00,,27.1,76.0,0.0,7.0,100.0,1009.5,250.0
2025-04-25 23:00:00,,27.9,71.0,0.0,5.8,95.0,1010.0,320.0
2025-04-26 00:00:00,,29.3,63.0,0.0,3.2,93.0,1010.6,560.0
2025-04-26 01:00:00,,31.7,52.0,0.0,4.0,120.0,1011.0,1240.0
2025-04-26 02:00:00,,33.7,42.0,0.0,3.6,135.0,1010.6,1765.0
2025-04-26 03:00:00,,35.2,35.0,0.0,3.5,145.0,1009.9,2145.0
2025-04-26 04:00:00,,35.7,32.0,0.0,2.5,291.0,1009.0,2225.0
2025-04-26 05:00:00,,36.3,30.0,0.0,4.4,19.0,1008.0,2260.0
2025-04-26 06:00:00,,36.5,30.0,0.0,5.1,8.0,1007.1,2240.0
2025-04-26 07:00:00,,36.4,30.0,0.0,8.1,32.0,1006.6,2200.0
2025-04-26 08:00:00,,35.9,29.0,0.0,13.1,61.0,1006.3,1955.0
2025-04-26 09:00:00,,34.9,29.0,0.0,16.2,81.0,1006.5,1570.0
2025-04-26 10:00:00,,33.2,33.0,0.0,14.8,91.0,1007.5,1180.0
2025-04-26 11:00:00,,31.5,45.0,0.0,13.6,101.0,1008.7,890.0
2025-04-26 12:00:00,,30.1,56.0,0.0,13.8,110.0,1009.6,760.0
2025-04-26 13:00:00,,29.9,57.0,0.0,12.4,116.0,1010.5,675.0
2025-04-26 14:00:00,,29.2,62.0,0.0,13.0,114.0,1011.1,615.0
2025-04-26 15:00:00,,28.9,64.0,0.0,12.8,112.0,1011.1,660.0
2025-04-26 16:00:00,,28.6,66.0,0.0,10.4,107.0,1010.1,660.0
2025-04-26 17:00:00,,28.4,67.0,0.0,6.5,92.0,1009.2,610.0
2025-04-26 18:00:00,,28.2,67.0,0.0,3.9,56.0,1008.8,560.0
2025-04-26 19:00:00,,28.0,66.0,0.0,4.2,7.0,1008.3,440.0
2025-04-26 20:00:00,,27.7,68.0,0.0,5.2,4.0,1008.4,315.0
2025-04-26 21:00:00,,27.3,70.0,0.0,4.2,10.0,1008.8,180.0
2025-04-26 22:00:00,,27.2,71.0,0.0,2.9,11.0,1009.4,145.0
2025-04-26 23:00:00,,28.1,67.0,0.0,1.3,74.0,1010.2,505.0
2025-04-27 00:00:00,,29.1,63.0,0.0,2.0,100.0,1010.7,920.0
2025-04-27 01:00:00,,31.1,53.0,0.0,4.3,66.0,1010.6,1250.0
2025-04-27 02:00:00,,33.3,44.0,0.0,4.0,36.0,1009.9,1630.0
2025-04-27 03:00:00,,35.0,38.0,0.0,2.1,322.0,1009.2,1945.0
2025-04-27 04:00:00,,35.8,36.0,0.0,3.8,262.0,1007.8,2090.0
2025-04-27 05:00:00,,35.9,35.0,0.0,5.9,270.0,1006.6,2130.0
2025-04-27 06:00:00,,35.1,39.0,0.3,6.5,273.0,1005.8,1985.0
2025-04-27 07:00:00,,35.4,39.0,0.2,2.9,270.0,1005.0,2050.0
2025-04-27 08:00:00,,35.4,37.0,0.0,3.2,146.0,1004.8,2060.0
2025-04-27 09:00:00,,34.5,36.0,0.0,11.0,87.0,1005.1,1775.0
2025-04-27 10:00:00,,32.6,38.0,0.0,14.3,95.0,1005.9,870.0
2025-04-27 11:00:00,,31.0,47.0,0.0,12.7,115.0,1006.8,660.0
2025-04-27 12:00:00,,29.8,55.0,0.0,11.9,124.0,1007.6,560.0
2025-04-27 13:00:00,,30.1,55.0,0.0,12.2,124.0,1008.5,635.0
2025-04-27 14:00:00,,29.7,57.0,0.0,7.9,123.0,1009.3,620.0
2025-04-27 15:00:00,,29.6,58.0,0.0,5.9,113.0,1009.2,730.0
2025-04-27 16:00:00,,29.4,60.0,0.0,5.2,86.0,1008.7,785.0
2025-04-27 17:00:00,,28.9,63.0,0.0,2.7,62.0,1008.4,490.0
2025-04-27 18:00:00,,28.4,63.0,0.0,4.8,13.0,1007.8,380.0
2025-04-27 19:00:00,,27.9,63.0,0.0,7.4,6.0,1007.2,320.0
2025-04-27 20:00:00,,27.5,64.0,0.0,7.1,7.0,1007.3,320.0
2025-04-27 21:00:00,,27.4,65.0,0.0,4.5,7.0,1007.8,265.0
2025-04-27 22:00:00,,27.4,66.0,0.0,3.5,9.0,1008.1,260.0
2025-04-27 23:00:00,,27.9,65.0,0.0,1.8,45.0,1008.3,265.0
2025-04-28 00:00:00,,29.4,60.0,0.0,4.5,143.0,1008.9,500.0
2025-04-28 01:00:00,,30.7,59.0,0.0,6.9,149.0,1009.4,890.0
2025-04-28 02:00:00,,31.8,56.0,0.0,3.4,180.0,1008.4,1020.0
2025-04-28 03:00:00,,33.1,53.0,0.0,6.1,208.0,1007.8,1345.0
2025-04-28 04:00:00,,33.6,53.0,0.0,7.2,231.0,1007.0,1410.0
2025-04-28 05:00:00,,33.4,53.0,0.0,9.8,212.0,1006.0,995.0
2025-04-28 06:00:00,,32.1,57.0,0.0,7.5,101.0,1005.3,565.0
2025-04-28 07:00:00,,32.7,55.0,0.1,6.9,85.0,1005.1,975.0
2025-04-28 08:00:00,,30.9,60.0,1.4,8.7,76.0,1005.0,465.0
2025-04-28 09:00:00,,31.2,61.0,0.1,5.7,41.0,1005.2,570.0
2025-04-28 10:00:00,,30.8,63.0,0.0,3.4,84.0,1005.8,535.0
2025-04-28 11:00:00,,30.8,62.0,0.2,3.2,109.0,1006.6,565.0
2025-04-28 12:00:00,,30.7,63.0,0.0,5.6,132.0,1007.2,775.0
2025-04-28 13:00:00,,30.7,66.0,0.0,7.4,135.0,1007.5,605.0
2025-04-28 14:00:00,,29.9,69.0,0.0,7.3,123.0,1008.3,475.0
2025-04-28 15:00:00,,29.1,74.0,0.1,4.2,70.0,1008.4,265.0
2025-04-28 16:00:00,,28.8,75.0,0.0,5.2,241.0,1007.9,295.0
2025-04-28 17:00:00,,28.4,76.0,0.0,1.9,229.0,1007.0,305.0
2025-04-28 18:00:00,,28.6,74.0,0.0,1.6,180.0,1006.4,320.0
2025-04-28 19:00:00,,28.6,72.0,0.0,1.7,131.0,1006.1,375.0
2025-04-28 20:00:00,,28.2,75.0,0.0,3.6,57.0,1006.2,280.0
2025-04-28 21:00:00,,27.8,79.0,0.0,4.8,22.0,1006.5,240.0
2025-04-28 22:00:00,,27.4,82.0,0.0,2.2,35.0,1007.0,190.0
2025-04-28 23:00:00,,27.6,80.0,0.0,1.4,90.0,1007.6,250.0
2025-04-29 00:00:00,,28.8,73.0,0.0,1.3,146.0,1007.9,440.0
2025-04-29 01:00:00,,30.1,67.0,0.0,2.6,335.0,1008.2,630.0
2025-04-29 02:00:00,,31.5,58.0,0.1,1.5,346.0,1007.9,925.0
2025-04-29 03:00:00,,33.0,53.0,0.1,0.6,288.0,1007.5,1290.0
2025-04-29 04:00:00,,34.0,49.0,0.0,2.7,250.0,1006.8,1635.0
2025-04-29 05:00:00,,33.9,45.0,0.1,5.1,162.0,1006.1,1355.0
2025-04-29 06:00:00,,33.8,46.0,0.5,6.2,64.0,1005.4,1095.0
2025-04-29 07:00:00,,34.5,45.0,0.0,5.4,88.0,1004.8,1655.0
2025-04-29 08:00:00,,32.8,50.0,0.1,11.3,136.0,1005.0,690.0
2025-04-29 09:00:00,,32.2,54.0,0.2,8.8,85.0,1005.3,680.0
2025-04-29 10:00:00,,31.9,57.0,0.0,8.4,125.0,1006.3,880.0
2025-04-29 11:00:00,,30.4,64.0,0.0,5.1,86.0,1007.8,510.0
2025-04-29 12:00:00,,29.9,68.0,0.0,7.9,117.0,1008.6,585.0
2025-04-29 13:00:00,,29.9,66.0,0.0,0.9,323.0,1008.9,175.0
2025-04-29 14:00:00,,29.7,66.0,0.0,3.3,131.0,1009.3,585.0
2025-04-29 15:00:00,,29.4,67.0,0.0,4.0,122.0,1009.3,530.0
2025-04-29 16:00:00,,29.2,68.0,0.0,4.7,133.0,1009.0,540.0
2025-04-29 17:00:00,,28.7,70.0,0.0,4.8,119.0,1008.5,370.0
2025-04-29 18:00:00,,28.4,72.0,0.0,6.1,109.0,1008.2,330.0
2025-04-29 19:00:00,,28.1,73.0,0.0,5.4,111.0,1007.8,275.0
2025-04-29 20:00:00,,28.1,74.0,0.0,6.3,103.0,1007.8,330.0
2025-04-29 21:00:00,,27.9,75.0,0.0,5.5,107.0,1008.0,165.0
2025-04-29 22:00:00,,27.6,77.0,0.0,4.7,81.0,1008.2,115.0
2025-04-29 23:00:00,,28.2,73.0,0.0,3.1,80.0,1008.8,510.0
2025-04-30 00:00:00,,29.1,69.0,0.0,1.1,90.0,1009.3,625.0
2025-04-30 01:00:00,,31.1,58.0,0.0,2.2,76.0,1009.5,925.0
2025-04-30 02:00:00,,32.8,51.0,0.1,2.2,66.0,1009.0,1250.0
2025-04-30 03:00:00,,34.1,44.0,0.1,0.4,270.0,1008.6,1515.0
2025-04-30 04:00:00,,34.7,42.0,0.2,1.8,259.0,1007.6,1665.0
2025-04-30 05:00:00,,35.0,41.0,0.1,1.3,270.0,1006.5,1745.0
2025-04-30 06:00:00,,34.9,41.0,0.2,1.3,286.0,1005.9,1690.0
2025-04-30 07:00:00,,34.8,42.0,0.2,0.9,259.0,1005.8,1665.0
2025-04-30 08:00:00,,34.5,43.0,0.1,5.4,120.0,1005.5,1565.0
2025-04-30 09:00:00,,33.9,45.0,0.2,9.4,121.0,1005.6,1245.0
2025-04-30 10:00:00,,32.7,51.0,0.4,11.5,99.0,1006.6,1025.0
2025-04-30 11:00:00,,31.6,57.0,0.0,12.5,106.0,1007.5,720.0
2025-04-30 12:00:00,,30.4,64.0,0.0,13.3,117.0,1008.3,585.0
2025-04-30 13:00:00,,30.6,62.0,0.0,7.5,114.0,1009.1,655.0
2025-04-30 14:00:00,,30.3,63.0,0.0,8.0,108.0,1009.6,675.0
2025-04-30 15:00:00,,29.8,65.0,0.0,7.5,110.0,1009.5,530.0
2025-04-30 16:00:00,,29.5,67.0,0.0,6.4,101.0,1009.2,505.0
2025-04-30 17:00:00,,29.1,68.0,0.0,4.2,100.0,1008.8,410.0
2025-04-30 18:00:00,,28.8,69.0,0.0,3.8,90.0,1008.3,355.0
2025-04-30 19:00:00,,28.6,69.0,0.0,2.3,90.0,1007.8,340.0
2025-04-30 20:00:00,,28.3,70.0,0.0,2.6,74.0,1008.2,335.0
2025-04-30 21:00:00,,28.1,71.0,0.0,3.8,59.0,1008.2,265.0
2025-04-30 22:00:00,,28.0,72.0,0.0,3.1,59.0,1008.5,265.0
2025-04-30 23:00:00,,28.7,69.0,0.0,2.9,97.0,1009.2,480.0
2025-05-01 00:00:00,,30.0,64.0,0.0,5.5,103.0,1010.0,875.0
2025-05-01 01:00:00,,31.7,55.0,0.0,3.8,82.0,1010.1,1055.0
2025-05-01 02:00:00,,33.5,48.0,0.0,3.1,159.0,1009.7,1425.0
2025-05-01 03:00:00,,34.1,46.0,0.1,3.5,219.0,1009.2,1575.0
2025-05-01 04:00:00,,34.6,45.0,0.1,3.3,261.0,1008.5,1630.0
2025-05-01 05:00:00,,35.3,43.0,0.0,3.1,257.0,1007.3,1730.0
2025-05-01 06:00:00,,35.4,43.0,0.0,7.3,230.0,1006.0,1710.0
2025-05-01 07:00:00,,35.5,42.0,0.0,6.8,205.0,1005.8,1850.0
2025-05-01 08:00:00,,35.3,41.0,0.0,3.8,163.0,1005.5,1820.0
2025-05-01 09:00:00,,33.8,46.0,0.3,9.2,47.0,1006.1,980.0
2025-05-01 10:00:00,,33.1,49.0,0.3,5.0,345.0,1006.8,575.0
2025-05-01 11:00:00,,31.1,59.0,0.0,9.9,292.0,1008.1,295.0
2025-05-01 12:00:00,,30.7,62.0,0.0,4.2,288.0,1008.8,185.0
2025-05-01 13:00:00,,31.4,56.0,0.2,7.7,330.0,1009.5,495.0
2025-05-01 14:00:00,,29.5,65.0,0.1,8.8,19.0,1010.1,285.0
2025-05-01 15:00:00,,29.5,64.0,0.0,6.7,358.0,1009.9,235.0
2025-05-01 16:00:00,,28.9,69.0,0.0,7.1,6.0,1009.3,350.0
2025-05-01 17:00:00,,28.4,74.0,0.0,7.6,352.0,1008.5,285.0
2025-05-01 18:00:00,,27.9,76.0,0.0,7.6,355.0,1008.0,250.0
2025-05-01 19:00:00,,27.7,78.0,0.0,5.2,16.0,1007.4,210.0
2025-05-01 20:00:00,,27.7,78.0,0.0,2.3,4.0,1007.3,205.0
2025-05-01 21:00:00,,27.7,78.0,0.0,1.2,333.0,1007.5,215.0
2025-05-01 22:00:00,,27.7,78.0,0.0,1.1,279.0,1007.8,240.0
2025-05-01 23:00:00,,28.3,75.0,0.0,0.2,270.0,1008.2,345.0
2025-05-02 00:00:00,,29.6,69.0,0.0,1.0,68.0,1008.2,535.0
2025-05-02 01:00:00,,31.6,58.0,0.0,0.5,45.0,1008.5,905.0
2025-05-02 02:00:00,,33.0,50.0,0.1,0.9,349.0,1008.5,1210.0
2025-05-02 03:00:00,,34.1,46.0,0.0,3.0,284.0,1007.8,1420.0
2025-05-02 04:00:00,,35.0,43.0,0.0,5.2,258.0,1006.9,1655.0
2025-05-02 05:00:00,,35.6,42.0,0.0,7.2,266.0,1005.8,1845.0
2025-05-02 06:00:00,,35.2,48.0,0.0,9.8,277.0,1004.8,335.0
2025-05-02 07:00:00,,34.5,51.0,0.0,5.5,279.0,1004.5,590.0
2025-05-02 08:00:00,,34.6,46.0,0.2,5.3,342.0,1004.6,1540.0
2025-05-02 09:00:00,,33.9,45.0,0.1,8.3,112.0,1004.8,915.0
2025-05-02 10:00:00,,33.2,51.0,0.0,14.5,120.0,1005.6,1080.0
2025-05-02 11:00:00,,31.9,56.0,0.0,15.6,113.0,1006.5,860.0
2025-05-02 12:00:00,,31.1,59.0,0.0,12.6,107.0,1007.0,820.0
2025-05-02 13:00:00,,31.2,58.0,0.0,5.7,108.0,1007.8,725.0
2025-05-02 14:00:00,,30.8,60.0,0.0,6.9,118.0,1008.4,715.0
2025-05-02 15:00:00,,30.4,62.0,0.0,6.6,111.0,1008.0,645.0
2025-05-02 16:00:00,,30.1,63.0,0.0,6.8,115.0,1007.6,645.0
2025-05-02 17:00:00,,29.6,66.0,0.0,4.8,121.0,1006.9,545.0
2025-05-02 18:00:00,,29.5,67.0,0.0,5.4,120.0,1006.6,520.0
2025-05-02 19:00:00,,29.1,68.0,0.0,8.0,121.0,1006.7,615.0
2025-05-02 20:00:00,,28.6,70.0,0.0,6.3,105.0,1006.5,480.0
2025-05-02 21:00:00,,28.2,72.0,0.0,8.0,113.0,1006.8,410.0
2025-05-02 22:00:00,,28.1,72.0,0.0,7.6,126.0,1007.0,330.0
2025-05-02 23:00:00,,28.7,69.0,0.0,5.0,131.0,1007.8,400.0
2025-05-03 00:00:00,,29.7,65.0,0.0,6.7,142.0,1008.7,745.0
2025-05-03 01:00:00,,31.6,57.0,0.0,5.3,145.0,1008.7,1135.0
2025-05-03 02:00:00,,32.8,53.0,0.0,8.7,112.0,1008.3,1400.0
2025-05-03 03:00:00,,34.0,49.0,0.0,9.4,119.0,1007.9,1575.0
2025-05-03 04:00:00,,34.4,47.0,0.0,8.1,135.0,1007.1,1650.0
2025-05-03 05:00:00,,34.6,45.0,0.0,5.9,137.0,1006.1,1610.0
2025-05-03 06:00:00,,35.0,43.0,0.0,4.0,150.0,1005.0,1650.0
2025-05-03 07:00:00,,35.1,42.0,0.0,3.1,208.0,1004.3,1745.0
2025-05-03 08:00:00,,34.5,42.0,0.0,4.5,187.0,1004.2,1490.0
2025-05-03 09:00:00,,33.5,46.0,0.0,3.1,62.0,1004.8,1100.0
2025-05-03 10:00:00,,32.7,49.0,0.0,4.2,102.0,1005.7,690.0
2025-05-03 11:00:00,,32.3,52.0,0.0,5.2,117.0,1006.0,785.0
2025-05-03 12:00:00,,31.4,58.0,0.0,10.4,116.0,1006.3,680.0
2025-05-03 13:00:00,,30.7,61.0,0.0,3.5,279.0,1007.2,160.0
2025-05-03 14:00:00,,30.2,66.0,0.0,3.2,243.0,1007.2,205.0
2025-05-03 15:00:00,,29.8,67.0,0.0,5.4,186.0,1007.6,555.0
2025-05-03 16:00:00,,29.4,70.0,0.0,6.1,148.0,1007.6,540.0
2025-05-03 17:00:00,,29.0,71.0,0.0,8.1,118.0,1007.0,475.0
2025-05-03 18:00:00,,28.8,71.0,0.0,4.9,100.0,1006.2,425.0
2025-05-03 19:00:00,,28.8,72.0,0.0,3.1,66.0,1006.1,550.0
2025-05-03 20:00:00,,28.7,72.0,0.0,5.1,135.0,1006.0,525.0
2025-05-03 21:00:00,,28.4,72.0,0.0,7.4,124.0,1006.2,430.0
2025-05-03 22:00:00,,27.9,72.0,0.0,6.2,123.0,1006.3,395.0
2025-05-03 23:00:00,,28.4,70.0,0.0,5.0,120.0,1006.9,445.0
2025-05-04 00:00:00,,29.5,66.0,0.0,4.0,120.0,1006.9,825.0
2025-05-04 01:00:00,,32.1,56.0,0.0,10.0,113.0,1006.7,1325.0
2025-05-04 02:00:00,,33.5,52.0,0.0,11.8,110.0,1005.9,1475.0
2025-05-04 03:00:00,,34.6,48.0,0.0,14.2,116.0,1005.8,1700.0
2025-05-04 04:00:00,,32.3,55.0,0.5,15.6,97.0,1005.7,1055.0
2025-05-04 05:00:00,,33.3,53.0,0.0,15.8,114.0,1005.2,1445.0
2025-05-04 06:00:00,,32.8,54.0,0.0,11.7,100.0,1004.3,1300.0
2025-05-04 07:00:00,,31.0,62.0,2.1,13.8,154.0,1004.8,635.0
2025-05-04 08:00:00,,28.4,78.0,3.4,4.8,61.0,1005.3,470.0
2025-05-04 09:00:00,,28.6,77.0,0.0,4.4,78.0,1005.4,515.0
2025-05-04 10:00:00,,27.7,81.0,0.0,8.1,347.0,1006.2,265.0
2025-05-04 11:00:00,,27.1,84.0,0.1,5.1,51.0,1006.9,185.0
2025-05-04 12:00:00,,27.2,84.0,0.1,2.8,72.0,1007.5,145.0
2025-05-04 13:00:00,,27.5,86.0,0.6,2.9,158.0,1007.6,180.0
2025-05-04 14:00:00,,27.4,88.0,0.3,2.8,130.0,1008.2,225.0
2025-05-04 15:00:00,,27.5,87.0,0.0,4.5,133.0,1008.1,315.0
2025-05-04 16:00:00,,27.6,86.0,0.0,4.3,105.0,1007.3,350.0
2025-05-04 17:00:00,,25.6,90.0,4.1,4.7,2.0,1008.0,115.0
2025-05-04 18:00:00,,25.5,90.0,4.2,3.4,84.0,1007.3,115.0
2025-05-04 19:00:00,,25.5,91.0,0.1,2.7,42.0,1006.9,130.0
2025-05-04 20:00:00,,25.8,90.0,0.0,4.7,81.0,1006.9,185.0
2025-05-04 21:00:00,,25.6,91.0,0.0,3.1,69.0,1007.0,130.0
2025-05-04 22:00:00,,25.7,90.0,0.0,4.2,78.0,1007.0,185.0
2025-05-04 23:00:00,,26.4,87.0,0.0,4.3,95.0,1007.4,280.0
2025-05-05 00:00:00,,27.3,85.0,0.0,4.9,88.0,1007.8,490.0
2025-05-05 01:00:00,,30.2,70.0,0.1,7.2,127.0,1007.8,785.0
2025-05-05 02:00:00,,31.5,64.0,0.2,10.2,139.0,1007.6,1005.0
2025-05-05 03:00:00,,32.6,61.0,0.1,12.0,145.0,1007.0,1245.0
2025-05-05 04:00:00,,32.3,62.0,0.0,14.3,157.0,1006.3,1190.0
2025-05-05 05:00:00,,32.2,62.0,0.9,15.4,148.0,1005.9,625.0
2025-05-05 06:00:00,,31.4,67.0,0.1,10.6,146.0,1005.0,825.0
2025-05-05 07:00:00,,30.8,69.0,0.1,5.5,189.0,1004.8,630.0
2025-05-05 08:00:00,,29.5,75.0,0.1,4.3,268.0,1004.8,380.0
2025-05-05 09:00:00,,28.4,79.0,0.6,3.1,183.0,1005.6,250.0
2025-05-05 10:00:00,,27.9,81.0,0.6,2.7,98.0,1006.3,265.0
2025-05-05 11:00:00,,27.5,83.0,0.1,2.3,203.0,1006.8,285.0
2025-05-05 12:00:00,,27.7,82.0,0.1,5.1,144.0,1007.9,410.0
2025-05-05 13:00:00,,26.4,89.0,2.7,6.1,177.0,1008.2,220.0
2025-05-05 14:00:00,,26.4,90.0,0.0,6.2,116.0,1008.4,195.0
2025-05-05 15:00:00,,26.4,90.0,0.2,3.1,100.0,1008.4,180.0
2025-05-05 16:00:00,,26.4,89.0,0.0,2.8,55.0,1007.3,150.0
2025-05-05 17:00:00,,26.4,89.0,0.0,4.0,36.0,1006.9,125.0
2025-05-05 18:00:00,,26.5,88.0,0.0,2.6,39.0,1006.2,115.0
2025-05-05 19:00:00,,26.4,89.0,0.0,2.7,67.0,1005.8,115.0
2025-05-05 20:00:00,,26.4,89.0,0.0,3.7,76.0,1006.3,115.0
2025-05-05 21:00:00,,26.3,89.0,0.0,3.3,81.0,1006.6,95.0
2025-05-05 22:00:00,,26.4,89.0,0.0,3.8,87.0,1006.9,100.0
2025-05-05 23:00:00,,27.3,86.0,0.0,3.3,119.0,1007.9,290.0
2025-05-06 00:00:00,,28.4,82.0,0.0,6.0,127.0,1008.0,455.0
2025-05-06 01:00:00,,29.9,72.0,0.1,4.8,143.0,1008.5,640.0
2025-05-06 02:00:00,,30.9,69.0,0.0,5.9,180.0,1008.0,770.0
2025-05-06 03:00:00,,31.5,66.0,0.0,4.7,230.0,1007.4,880.0
2025-05-06 04:00:00,,31.7,66.0,0.0,6.7,254.0,1007.0,980.0
2025-05-06 05:00:00,,31.0,67.0,2.2,9.6,247.0,1006.3,485.0
2025-05-06 06:00:00,,30.7,73.0,1.5,3.2,267.0,1005.6,520.0
2025-05-06 07:00:00,,30.7,72.0,0.1,6.4,234.0,1005.2,585.0
2025-05-06 08:00:00,,29.5,72.0,4.8,4.9,129.0,1005.4,305.0
2025-05-06 09:00:00,,28.6,79.0,0.2,6.5,93.0,1005.9,470.0
2025-05-06 10:00:00,,26.9,86.0,3.3,5.2,149.0,1006.7,260.0
2025-05-06 11:00:00,,27.1,84.0,0.1,1.1,162.0,1007.4,200.0
2025-05-06 12:00:00,,27.3,85.0,0.0,3.6,57.0,1007.7,180.0
2025-05-06 13:00:00,,26.6,87.0,0.8,7.5,105.0,1008.6,190.0
2025-05-06 14:00:00,,25.6,90.0,0.3,9.6,123.0,1008.9,150.0
2025-05-06 15:00:00,,25.6,90.0,0.0,6.1,114.0,1008.2,135.0
2025-05-06 16:00:00,,25.6,90.0,0.0,2.1,105.0,1007.6,105.0
2025-05-06 17:00:00,,25.8,88.0,0.0,0.3,315.0,1007.0,50.0
2025-05-06 18:00:00,,26.0,87.0,0.0,1.7,342.0,1006.5,60.0
2025-05-06 19:00:00,,26.0,87.0,0.0,3.3,54.0,1005.4,70.0
2025-05-06 20:00:00,,25.9,88.0,0.0,4.8,63.0,1005.2,90.0
2025-05-06 21:00:00,,25.9,88.0,0.0,4.0,63.0,1005.4,90.0
2025-05-06 22:00:00,,26.1,87.0,0.0,2.8,63.0,1005.6,75.0
2025-05-06 23:00:00,,26.9,84.0,0.0,1.6,84.0,1006.5,140.0
2025-05-07 00:00:00,,28.2,81.0,0.0,2.8,140.0,1007.2,420.0
2025-05-07 01:00:00,,29.6,77.0,0.0,3.2,124.0,1007.7,575.0
2025-05-07 02:00:00,,30.5,72.0,0.4,6.3,141.0,1007.3,760.0
2025-05-07 03:00:00,,31.1,72.0,0.2,7.3,155.0,1006.9,895.0
2025-05-07 04:00:00,,31.4,69.0,0.0,9.0,164.0,1005.9,860.0
2025-05-07 05:00:00,,31.8,66.0,0.0,7.8,151.0,1005.0,795.0
2025-05-07 06:00:00,,30.8,69.0,0.0,2.9,187.0,1004.8,875.0
2025-05-07 07:00:00,,28.2,81.0,3.3,3.8,59.0,1005.3,275.0
2025-05-07 08:00:00,,27.5,85.0,1.0,3.2,133.0,1004.6,290.0
2025-05-07 09:00:00,,27.7,82.0,0.0,5.6,195.0,1004.9,365.0
2025-05-07 10:00:00,,27.7,82.0,0.0,1.3,124.0,1005.8,365.0
2025-05-07 11:00:00,,27.6,83.0,0.0,2.6,115.0,1006.6,315.0
2025-05-07 12:00:00,,27.5,84.0,0.0,3.5,99.0,1007.4,305.0
2025-05-07 13:00:00,,26.3,90.0,0.1,3.3,216.0,1008.0,195.0
2025-05-07 14:00:00,,26.4,90.0,0.0,2.4,54.0,1008.7,175.0
2025-05-07 15:00:00,,26.2,91.0,0.0,5.0,38.0,1008.6,180.0
2025-05-07 16:00:00,,26.1,91.0,0.0,3.1,40.0,1007.7,135.0
2025-05-07 17:00:00,,26.1,92.0,0.0,3.5,55.0,1006.9,125.0
2025-05-07 18:00:00,,25.9,93.0,0.0,4.5,43.0,1006.1,125.0
2025-05-07 19:00:00,,25.8,94.0,0.0,4.0,54.0,1005.7,125.0
2025-05-07 20:00:00,,25.6,93.0,0.0,4.9,57.0,1006.0,135.0
2025-05-07 21:00:00,,25.6,93.0,0.0,4.4,19.0,1006.5,115.0
2025-05-07 22:00:00,,25.6,93.0,0.0,4.7,4.0,1006.9,115.0
2025-05-07 23:00:00,,26.4,89.0,0.0,3.6,3.0,1007.4,195.0
2025-05-08 00:00:00,,27.4,85.0,0.0,1.9,319.0,1008.1,315.0
2025-05-08 01:00:00,,28.4,83.0,0.2,2.2,312.0,1008.2,375.0
2025-05-08 02:00:00,,28.7,82.0,0.2,3.3,186.0,1007.8,560.0
2025-05-08 03:00:00,,29.4,80.0,0.2,2.6,168.0,1007.4,730.0
2025-05-08 04:00:00,,29.8,78.0,0.3,7.1,190.0,1006.4,740.0
2025-05-08 05:00:00,,30.1,73.0,0.4,10.0,160.0,1005.7,755.0
2025-05-08 06:00:00,,30.4,68.0,0.3,11.3,126.0,1005.1,930.0
2025-05-08 07:00:00,,29.7,72.0,0.1,11.5,117.0,1005.3,770.0
2025-05-08 08:00:00,,29.6,73.0,0.2,8.1,85.0,1005.1,765.0
2025-05-08 09:00:00,,27.5,82.0,3.7,6.0,115.0,1006.6,315.0
2025-05-08 10:00:00,,27.2,85.0,0.7,5.0,92.0,1007.0,310.0
2025-05-08 11:00:00,,26.8,90.0,0.0,5.4,50.0,1007.3,255.0
2025-05-08 12:00:00,,26.6,91.0,0.0,2.3,61.0,1008.0,115.0
2025-05-08 13:00:00,,28.7,84.0,0.0,4.9,57.0,1008.1,220.0
2025-05-08 14:00:00,,28.4,86.0,0.0,1.3,8.0,1008.9,190.0
2025-05-08 15:00:00,,28.1,86.0,0.0,3.4,84.0,1008.1,250.0
2025-05-08 16:00:00,,27.8,85.0,0.0,6.0,136.0,1007.2,280.0
2025-05-08 17:00:00,,27.6,85.0,0.0,6.7,121.0,1006.9,275.0
2025-05-08 18:00:00,,27.4,84.0,0.0,7.8,132.0,1006.5,275.0
2025-05-08 19:00:00,,27.1,86.0,0.0,9.0,123.0,1006.1,295.0
2025-05-08 20:00:00,,26.9,87.0,0.0,8.5,126.0,1006.4,300.0
2025-05-08 21:00:00,,26.8,86.0,0.0,7.9,114.0,1006.7,285.0
2025-05-08 22:00:00,,26.8,86.0,0.0,7.3,100.0,1007.6,255.0
2025-05-08 23:00:00,,27.7,81.0,0.0,6.3,121.0,1008.3,430.0
2025-05-09 00:00:00,,28.6,79.0,0.0,8.3,112.0,1008.8,590.0
2025-05-09 01:00:00,,29.5,75.0,0.3,6.0,119.0,1008.9,555.0
2025-05-09 02:00:00,,30.6,71.0,0.0,7.1,109.0,1009.0,945.0
2025-05-09 03:00:00,,31.6,66.0,0.0,7.7,118.0,1008.7,1225.0
2025-05-09 04:00:00,,31.5,67.0,0.0,4.0,148.0,1008.4,1115.0
2025-05-09 05:00:00,,30.6,71.0,0.0,6.7,243.0,1007.7,540.0
2025-05-09 06:00:00,,30.5,74.0,0.0,4.1,285.0,1006.7,715.0
2025-05-09 07:00:00,,29.7,78.0,0.1,0.7,104.0,1006.8,570.0
2025-05-09 08:00:00,,29.8,75.0,0.3,6.9,7.0,1006.4,465.0
2025-05-09 09:00:00,,29.3,77.0,0.0,4.1,75.0,1006.4,445.0
2025-05-09 10:00:00,,29.3,75.0,0.0,3.8,109.0,1006.8,395.0
2025-05-09 11:00:00,,28.7,79.0,0.0,5.0,154.0,1007.4,320.0
2025-05-09 12:00:00,,28.3,82.0,0.0,5.6,174.0,1008.1,270.0
2025-05-09 13:00:00,,29.0,79.0,0.0,4.3,204.0,1007.9,125.0
2025-05-09 14:00:00,,29.0,82.0,0.0,3.6,183.0,1008.2,160.0
2025-05-09 15:00:00,,28.6,84.0,0.0,5.5,117.0,1008.4,220.0
2025-05-09 16:00:00,,28.1,86.0,0.0,6.3,85.0,1008.1,190.0
2025-05-09 17:00:00,,27.8,88.0,0.0,5.9,90.0,1007.6,120.0
2025-05-09 18:00:00,,27.5,87.0,0.0,6.6,103.0,1007.1,115.0
2025-05-09 19:00:00,,27.6,83.0,0.0,6.1,113.0,1006.8,140.0
2025-05-09 20:00:00,,27.6,82.0,0.0,6.8,107.0,1006.9,230.0
2025-05-09 21:00:00,,27.4,81.0,0.0,7.9,90.0,1007.2,305.0
2025-05-09 22:00:00,,27.0,84.0,0.0,4.8,63.0,1007.6,215.0
2025-05-09 23:00:00,,27.7,82.0,0.0,3.1,31.0,1008.5,310.0
2025-05-10 00:00:00,,28.8,78.0,0.0,1.9,56.0,1008.7,605.0
2025-05-10 01:00:00,,30.5,65.0,0.1,9.5,109.0,1008.5,985.0
2025-05-10 02:00:00,,31.6,59.0,0.1,12.0,130.0,1008.0,1190.0
2025-05-10 03:00:00,,32.2,58.0,0.2,12.1,138.0,1007.5,1245.0
2025-05-10 04:00:00,,33.0,54.0,0.1,12.8,149.0,1006.8,1430.0
2025-05-10 05:00:00,,33.9,47.0,0.0,13.4,151.0,1006.0,1630.0
2025-05-10 06:00:00,,34.4,44.0,0.0,10.0,160.0,1005.0,1700.0
2025-05-10 07:00:00,,34.5,43.0,0.0,5.9,198.0,1004.1,1700.0
2025-05-10 08:00:00,,34.2,43.0,0.0,3.3,257.0,1003.7,1670.0
2025-05-10 09:00:00,,33.3,50.0,0.0,5.8,300.0,1003.9,305.0
2025-05-10 10:00:00,,32.1,57.0,0.1,9.6,311.0,1005.0,395.0
2025-05-10 11:00:00,,31.2,63.0,0.3,7.4,293.0,1006.0,415.0
2025-05-10 12:00:00,,30.3,68.0,0.1,10.9,241.0,1007.1,455.0
2025-05-10 13:00:00,,30.6,65.0,0.1,8.3,224.0,1007.4,350.0
2025-05-10 14:00:00,,30.3,67.0,0.0,10.6,194.0,1007.8,405.0
2025-05-10 15:00:00,,29.7,71.0,0.0,9.6,175.0,1008.0,480.0
2025-05-10 16:00:00,,28.8,75.0,0.0,4.7,152.0,1007.6,355.0
2025-05-10 17:00:00,,28.7,75.0,0.0,3.1,3.0,1007.2,340.0
2025-05-10 18:00:00,,28.2,77.0,0.0,0.9,259.0,1006.8,450.0
2025-05-10 19:00:00,,28.0,78.0,0.1,2.4,103.0,1006.1,185.0
2025-05-10 20:00:00,,27.8,79.0,0.0,3.1,111.0,1005.9,330.0
2025-05-10 21:00:00,,27.6,79.0,0.0,2.5,94.0,1006.1,190.0
2025-05-10 22:00:00,,27.6,79.0,0.0,3.6,60.0,1006.5,175.0
2025-05-10 23:00:00,,28.4,75.0,0.0,4.4,69.0,1007.1,365.0
2025-05-11 00:00:00,,29.5,69.0,0.0,2.4,63.0,1007.4,685.0
2025-05-11 01:00:00,,31.0,59.0,0.0,1.8,45.0,1007.5,895.0
2025-05-11 02:00:00,,32.3,53.0,0.0,2.9,187.0,1007.1,1140.0
2025-05-11 03:00:00,,33.2,50.0,0.0,5.9,198.0,1006.8,1245.0
2025-05-11 04:00:00,,33.8,46.0,0.0,7.8,202.0,1006.2,1230.0
2025-05-11 05:00:00,,34.1,45.0,0.0,6.3,195.0,1005.2,1335.0
2025-05-11 06:00:00,,34.1,46.0,0.2,8.0,211.0,1004.1,1335.0
2025-05-11 07:00:00,,33.0,53.0,0.2,13.4,233.0,1003.9,780.0
2025-05-11 08:00:00,,30.6,67.0,1.0,9.7,158.0,1004.2,570.0
2025-05-11 09:00:00,,30.5,63.0,0.0,10.0,139.0,1004.3,595.0
2025-05-11 10:00:00,,30.6,63.0,0.0,7.8,127.0,1004.8,475.0
2025-05-11 11:00:00,,30.3,65.0,0.0,4.7,152.0,1005.5,380.0
2025-05-11 12:00:00,,29.7,69.0,0.0,5.6,211.0,1006.4,395.0
2025-05-11 13:00:00,,29.8,68.0,0.0,4.4,173.0,1007.0,510.0
2025-05-11 14:00:00,,29.3,70.0,0.0,1.4,270.0,1007.4,295.0
2025-05-11 15:00:00,,29.4,69.0,0.0,1.4,130.0,1007.3,330.0
2025-05-11 16:00:00,,29.5,69.0,0.0,2.3,148.0,1006.8,375.0
2025-05-11 17:00:00,,29.4,71.0,0.0,2.6,219.0,1006.2,540.0
2025-05-11 18:00:00,,28.8,74.0,0.1,3.5,294.0,1006.2,530.0
2025-05-11 19:00:00,,27.3,76.0,0.0,8.4,34.0,1005.9,205.0
2025-05-11 20:00:00,,26.9,77.0,0.2,1.5,263.0,1006.5,205.0
2025-05-11 21:00:00,,26.9,77.0,0.1,3.5,69.0,1006.4,115.0
2025-05-11 22:00:00,,27.1,76.0,0.0,2.3,67.0,1006.5,135.0
2025-05-11 23:00:00,,27.9,73.0,0.0,3.1,66.0,1007.1,305.0
2025-05-12 00:00:00,,29.2,68.0,0.0,1.9,61.0,1007.4,455.0
2025-05-12 01:00:00,,31.7,59.0,0.1,0.8,225.0,1007.5,945.0
2025-05-12 02:00:00,,32.7,55.0,0.0,3.5,201.0,1006.9,1120.0
2025-05-12 03:00:00,,33.5,52.0,0.0,7.8,188.0,1006.6,1250.0
2025-05-12 04:00:00,,34.2,48.0,0.0,7.9,196.0,1005.8,1275.0
2025-05-12 05:00:00,,34.9,45.0,0.0,8.0,208.0,1004.8,1470.0
2025-05-12 06:00:00,,31.3,65.0,4.5,14.3,221.0,1004.4,420.0
2025-05-12 07:00:00,,32.0,65.0,0.7,4.5,230.0,1004.0,695.0
2025-05-12 08:00:00,,31.1,69.0,0.1,7.0,201.0,1004.0,725.0
2025-05-12 09:00:00,,30.2,71.0,0.9,8.4,223.0,1004.5,525.0
2025-05-12 10:00:00,,27.9,81.0,3.1,4.1,232.0,1005.7,285.0
2025-05-12 11:00:00,,26.7,84.0,9.0,4.2,168.0,1006.8,195.0
2025-05-12 12:00:00,,26.7,86.0,0.5,7.3,42.0,1007.8,345.0
2025-05-12 13:00:00,,27.6,83.0,0.2,3.1,336.0,1007.8,260.0
2025-05-12 14:00:00,,25.8,89.0,5.6,7.8,347.0,1009.2,220.0
2025-05-12 15:00:00,,25.2,91.0,0.9,10.6,42.0,1009.5,260.0
2025-05-12 16:00:00,,25.4,91.0,0.9,5.0,15.0,1008.7,195.0
2025-05-12 17:00:00,,25.4,90.0,0.4,3.1,336.0,1008.5,195.0
2025-05-12 18:00:00,,25.0,92.0,3.9,6.0,9.0,1008.3,185.0
2025-05-12 19:00:00,,24.5,94.0,1.7,8.6,68.0,1008.3,185.0
2025-05-12 20:00:00,,24.7,92.0,0.0,5.6,92.0,1008.1,150.0
2025-05-12 21:00:00,,25.1,90.0,0.0,3.7,129.0,1008.3,180.0
2025-05-12 22:00:00,,25.7,86.0,0.0,3.4,84.0,1008.5,175.0
2025-05-12 23:00:00,,26.5,85.0,0.0,3.6,93.0,1009.2,230.0
2025-05-13 00:00:00,,27.7,83.0,0.0,5.7,131.0,1009.3,540.0
2025-05-13 01:00:00,,28.9,76.0,0.0,3.2,117.0,1009.9,505.0
2025-05-13 02:00:00,,30.1,72.0,0.0,5.9,137.0,1009.6,860.0
2025-05-13 03:00:00,,30.9,69.0,0.1,7.5,147.0,1009.3,915.0
2025-05-13 04:00:00,,31.7,66.0,0.1,7.3,169.0,1008.7,1100.0
2025-05-13 05:00:00,,31.9,63.0,0.0,6.7,178.0,1007.9,1045.0
2025-05-13 06:00:00,,32.5,60.0,0.0,4.0,144.0,1006.9,1160.0
2025-05-13 07:00:00,,32.9,57.0,0.0,2.8,191.0,1006.5,1260.0
2025-05-13 08:00:00,,31.5,62.0,0.1,2.5,278.0,1007.0,625.0
2025-05-13 09:00:00,,28.1,76.0,1.6,10.3,353.0,1008.3,335.0
2025-05-13 10:00:00,,26.7,85.0,1.4,4.0,342.0,1008.5,285.0
2025-05-13 11:00:00,,26.9,84.0,0.0,4.0,144.0,1008.6,255.0
2025-05-13 12:00:00,,26.9,84.0,0.0,3.7,104.0,1009.2,235.0
2025-05-13 13:00:00,,26.3,87.0,0.2,2.0,10.0,1010.6,290.0
2025-05-13 14:00:00,,26.3,88.0,0.0,3.4,357.0,1010.8,305.0
2025-05-13 15:00:00,,26.1,90.0,0.0,4.6,64.0,1010.5,175.0
2025-05-13 16:00:00,,26.0,89.0,0.0,7.1,96.0,1009.4,190.0
2025-05-13 17:00:00,,26.1,88.0,0.0,7.6,115.0,1008.5,215.0
2025-05-13 18:00:00,,26.4,88.0,0.0,6.9,121.0,1007.8,265.0
2025-05-13 19:00:00,,26.7,88.0,0.0,5.2,110.0,1007.4,270.0
2025-05-13 20:00:00,,26.5,89.0,0.0,4.5,50.0,1007.6,90.0
2025-05-13 21:00:00,,25.9,92.0,0.0,6.4,32.0,1008.0,115.0
2025-05-13 22:00:00,,25.3,94.0,0.0,7.7,9.0,1008.5,130.0
2025-05-13 23:00:00,,25.6,93.0,0.0,7.4,6.0,1009.1,145.0
2025-05-14 00:00:00,,27.1,85.0,0.0,6.0,351.0,1009.6,205.0
2025-05-14 01:00:00,,28.9,79.0,0.0,4.3,332.0,1010.2,350.0
2025-05-14 02:00:00,,30.7,68.0,0.1,2.2,351.0,1010.1,745.0
2025-05-14 03:00:00,,32.2,61.0,0.1,1.6,333.0,1009.6,1170.0
2025-05-14 04:00:00,,32.7,59.0,0.2,3.1,306.0,1008.9,1215.0
2025-05-14 05:00:00,,32.3,64.0,0.0,7.0,293.0,1008.1,315.0
2025-05-14 06:00:00,,31.7,68.0,3.4,10.1,282.0,1007.5,250.0
2025-05-14 07:00:00,,30.8,72.0,0.6,8.8,285.0,1007.3,260.0
2025-05-14 08:00:00,,30.3,71.0,0.3,6.4,333.0,1006.9,310.0
2025-05-14 09:00:00,,30.5,68.0,0.0,4.5,304.0,1006.7,150.0
2025-05-14 10:00:00,,29.5,73.0,0.2,3.6,297.0,1007.4,85.0
2025-05-14 11:00:00,,29.1,78.0,0.1,6.9,210.0,1008.3,70.0
2025-05-14 12:00:00,,29.0,81.0,0.0,5.1,225.0,1008.9,90.0
2025-05-14 13:00:00,,29.3,79.0,0.0,6.2,131.0,1009.5,420.0
2025-05-14 14:00:00,,28.8,77.0,0.0,9.7,118.0,1009.6,405.0
2025-05-14 15:00:00,,28.2,79.0,0.0,10.4,127.0,1009.6,265.0
2025-05-14 16:00:00,,27.9,80.0,0.0,10.2,121.0,1009.2,315.0
2025-05-14 17:00:00,,27.7,79.0,0.0,10.2,120.0,1008.7,305.0
2025-05-14 18:00:00,,27.6,79.0,0.0,9.6,111.0,1008.2,355.0
2025-05-14 19:00:00,,27.1,81.0,0.0,7.9,93.0,1007.9,290.0
2025-05-14 20:00:00,,26.7,84.0,0.0,5.5,73.0,1008.0,115.0
2025-05-14 21:00:00,,26.3,89.0,0.0,4.5,43.0,1008.1,70.0
2025-05-14 22:00:00,,26.2,91.0,0.0,3.7,23.0,1008.2,55.0
2025-05-14 23:00:00,,27.2,84.0,0.0,2.3,29.0,1009.0,155.0
2025-05-15 00:00:00,,28.1,79.0,0.0,1.5,315.0,1009.4,400.0
2025-05-15 01:00:00,,29.5,72.0,0.0,4.0,39.0,1009.8,705.0
2025-05-15 02:00:00,,30.8,67.0,0.1,2.3,32.0,1009.9,1025.0
2025-05-15 03:00:00,,32.0,63.0,0.0,2.5,30.0,1009.2,1430.0
2025-05-15 04:00:00,,32.3,60.0,0.0,4.4,30.0,1008.7,1415.0
2025-05-15 05:00:00,,32.1,63.0,0.0,6.7,340.0,1008.0,890.0
2025-05-15 06:00:00,,30.8,71.0,5.7,7.4,321.0,1007.4,410.0
2025-05-15 07:00:00,,30.7,73.0,0.3,4.8,329.0,1007.2,340.0
2025-05-15 08:00:00,,29.7,74.0,1.7,9.6,322.0,1007.0,310.0
2025-05-15 09:00:00,,28.6,80.0,0.0,5.9,297.0,1007.3,160.0
2025-05-15 10:00:00,,28.5,81.0,0.0,4.2,280.0,1007.3,120.0
2025-05-15 11:00:00,,28.4,83.0,0.0,5.0,257.0,1007.9,115.0
2025-05-15 12:00:00,,28.5,86.0,0.0,3.1,225.0,1008.5,55.0
2025-05-15 13:00:00,,29.3,81.0,0.0,2.9,94.0,1009.4,85.0
2025-05-15 14:00:00,,29.1,80.0,0.0,6.0,131.0,1009.9,185.0
2025-05-15 15:00:00,,28.8,77.0,0.0,7.6,128.0,1010.1,245.0
2025-05-15 16:00:00,,28.4,78.0,0.0,7.0,125.0,1009.8,225.0
2025-05-15 17:00:00,,28.1,78.0,0.0,8.1,122.0,1009.5,235.0
2025-05-15 18:00:00,,27.7,80.0,0.0,6.6,107.0,1009.1,180.0
2025-05-15 19:00:00,,27.3,81.0,0.0,5.4,116.0,1008.8,165.0
2025-05-15 20:00:00,,27.2,80.0,0.0,6.1,130.0,1008.8,195.0
2025-05-15 21:00:00,,27.0,81.0,0.0,6.1,118.0,1008.8,210.0
2025-05-15 22:00:00,,26.9,82.0,0.0,4.1,103.0,1008.9,150.0
2025-05-15 23:00:00,,27.5,79.0,0.0,1.8,45.0,1009.3,305.0
2025-05-16 00:00:00,,28.3,78.0,0.0,0.5,180.0,1009.7,400.0
2025-05-16 01:00:00,,31.0,66.0,0.0,3.8,131.0,1009.8,1075.0
2025-05-16 02:00:00,,33.0,54.0,0.0,11.9,120.0,1009.4,1490.0
2025-05-16 03:00:00,,34.0,49.0,0.0,14.4,124.0,1008.5,1655.0
2025-05-16 04:00:00,,34.6,47.0,0.0,16.2,122.0,1007.7,1730.0
2025-05-16 05:00:00,,35.0,45.0,0.0,16.1,124.0,1007.0,1740.0
2025-05-16 06:00:00,,35.1,43.0,0.0,15.0,125.0,1006.3,1735.0
2025-05-16 07:00:00,,35.1,43.0,0.0,13.3,122.0,1005.7,1745.0
2025-05-16 08:00:00,,34.7,44.0,0.0,11.9,122.0,1005.6,1670.0
2025-05-16 09:00:00,,33.4,48.0,0.1,12.8,116.0,1006.0,1145.0
2025-05-16 10:00:00,,32.7,51.0,0.0,13.7,111.0,1006.6,1040.0
2025-05-16 11:00:00,,31.5,56.0,0.0,13.8,111.0,1007.5,755.0
2025-05-16 12:00:00,,30.3,63.0,0.0,11.2,120.0,1008.3,615.0
2025-05-16 13:00:00,,30.1,65.0,0.0,8.7,122.0,1008.9,630.0
2025-05-16 14:00:00,,29.9,67.0,0.0,8.4,132.0,1009.7,660.0
2025-05-16 15:00:00,,29.6,69.0,0.0,9.7,130.0,1010.0,685.0
2025-05-16 16:00:00,,29.1,70.0,0.0,9.6,116.0,1009.4,550.0
2025-05-16 17:00:00,,28.9,70.0,0.0,7.5,107.0,1008.8,450.0
2025-05-16 18:00:00,,28.7,72.0,0.0,5.2,61.0,1008.3,215.0
2025-05-16 19:00:00,,28.2,77.0,0.0,5.2,22.0,1008.1,215.0
2025-05-16 20:00:00,,27.6,82.0,0.0,4.8,20.0,1008.2,155.0
2025-05-16 21:00:00,,27.1,85.0,0.0,2.8,11.0,1008.2,80.0
2025-05-16 22:00:00,,27.2,83.0,0.0,1.6,360.0,1008.4,65.0
2025-05-16 23:00:00,,28.3,77.0,0.0,3.5,111.0,1009.0,465.0
2025-05-17 00:00:00,,29.9,66.0,0.0,6.1,113.0,1009.2,705.0
2025-05-17 01:00:00,,32.1,55.0,0.1,5.2,112.0,1009.7,1055.0
2025-05-17 02:00:00,,33.8,46.0,0.2,7.4,104.0,1009.6,1430.0
2025-05-17 03:00:00,,34.3,45.0,0.3,9.2,110.0,1009.2,1600.0
2025-05-17 04:00:00,,34.5,45.0,0.1,7.7,54.0,1008.5,1640.0
2025-05-17 05:00:00,,35.4,43.0,0.0,4.8,34.0,1007.4,1815.0
2025-05-17 06:00:00,,35.6,42.0,0.0,3.3,167.0,1006.5,1920.0
2025-05-17 07:00:00,,35.6,41.0,0.0,5.9,160.0,1006.0,1885.0
2025-05-17 08:00:00,,35.2,42.0,0.0,2.2,346.0,1005.7,1720.0
2025-05-17 09:00:00,,34.5,43.0,0.0,1.8,294.0,1005.9,1615.0
2025-05-17 10:00:00,,33.2,46.0,0.0,2.6,196.0,1006.6,1060.0
2025-05-17 11:00:00,,32.2,50.0,0.0,7.5,136.0,1007.6,920.0
2025-05-17 12:00:00,,31.1,58.0,0.0,10.7,115.0,1008.4,730.0
2025-05-17 13:00:00,,30.5,61.0,0.0,8.9,97.0,1009.1,725.0
2025-05-17 14:00:00,,30.1,64.0,0.0,8.4,100.0,1009.4,675.0
2025-05-17 15:00:00,,30.1,64.0,0.0,8.0,110.0,1009.6,720.0
2025-05-17 16:00:00,,29.8,65.0,0.0,9.3,114.0,1009.1,735.0
2025-05-17 17:00:00,,29.4,68.0,0.0,9.5,117.0,1009.0,685.0
2025-05-17 18:00:00,,29.0,68.0,0.0,6.7,98.0,1008.7,520.0
2025-05-17 19:00:00,,28.6,70.0,0.0,5.2,78.0,1008.3,350.0
2025-05-17 20:00:00,,28.2,72.0,0.0,3.8,49.0,1008.5,220.0
2025-05-17 21:00:00,,27.9,74.0,0.0,2.0,63.0,1008.4,100.0
2025-05-17 22:00:00,,27.8,74.0,0.0,4.0,95.0,1008.5,110.0
2025-05-17 23:00:00,,28.8,69.0,0.0,5.1,122.0,1008.9,455.0
2025-05-18 00:00:00,,30.0,64.0,0.0,5.6,107.0,1009.3,745.0
2025-05-18 01:00:00,,32.4,52.0,0.1,10.9,97.0,1009.6,1205.0
2025-05-18 02:00:00,,34.1,46.0,0.1,11.7,108.0,1009.1,1530.0
2025-05-18 03:00:00,,35.2,42.0,0.2,12.6,114.0,1008.7,1700.0
2025-05-18 04:00:00,,36.1,38.0,0.1,8.9,135.0,1008.1,1955.0
2025-05-18 05:00:00,,36.2,36.0,0.0,4.9,213.0,1007.2,2010.0
2025-05-18 06:00:00,,36.1,36.0,0.0,5.3,237.0,1006.4,2005.0
2025-05-18 07:00:00,,35.7,37.0,0.0,3.1,220.0,1005.7,1965.0
2025-05-18 08:00:00,,35.1,39.0,0.0,3.6,174.0,1005.4,1715.0
2025-05-18 09:00:00,,34.7,41.0,0.0,10.9,130.0,1005.7,1680.0
2025-05-18 10:00:00,,33.6,45.0,0.0,15.3,114.0,1006.2,1180.0
2025-05-18 11:00:00,,32.0,51.0,0.0,16.6,110.0,1006.9,895.0
2025-05-18 12:00:00,,31.0,58.0,0.0,14.0,112.0,1007.7,785.0
2025-05-18 13:00:00,,30.8,59.0,0.0,10.9,114.0,1008.6,810.0
2025-05-18 14:00:00,,30.4,63.0,0.0,12.4,118.0,1009.0,795.0
2025-05-18 15:00:00,,30.0,66.0,0.0,12.7,111.0,1009.0,715.0
2025-05-18 16:00:00,,29.7,67.0,0.0,10.3,101.0,1008.3,640.0
2025-05-18 17:00:00,,29.6,65.0,0.0,7.5,82.0,1007.8,655.0
2025-05-18 18:00:00,,29.4,65.0,0.0,4.3,66.0,1007.6,655.0
2025-05-18 19:00:00,,28.9,67.0,0.0,3.6,53.0,1007.6,180.0
2025-05-18 20:00:00,,28.4,70.0,0.0,3.5,51.0,1007.7,130.0
2025-05-18 21:00:00,,28.0,72.0,0.0,4.0,54.0,1007.6,145.0
2025-05-18 22:00:00,,27.8,73.0,0.0,4.6,48.0,1007.8,170.0
2025-05-18 23:00:00,,28.7,68.0,0.0,3.9,74.0,1008.2,470.0
2025-05-19 00:00:00,,30.2,62.0,0.0,4.0,93.0,1008.1,790.0
2025-05-19 01:00:00,,32.7,52.0,0.0,10.0,111.0,1008.8,1375.0
2025-05-19 02:00:00,,34.0,47.0,0.0,13.4,116.0,1008.3,1530.0
2025-05-19 03:00:00,,35.4,43.0,0.0,15.2,119.0,1007.5,1765.0
2025-05-19 04:00:00,,36.4,40.0,0.0,15.4,125.0,1006.7,1970.0
2025-05-19 05:00:00,,36.4,39.0,0.0,14.3,126.0,1005.8,1925.0
2025-05-19 06:00:00,,36.6,38.0,0.0,13.5,123.0,1004.9,1925.0
2025-05-19 07:00:00,,36.4,38.0,0.0,15.9,127.0,1004.1,1880.0
2025-05-19 08:00:00,,35.9,40.0,0.0,17.1,129.0,1004.1,1785.0
2025-05-19 09:00:00,,34.6,45.0,0.0,18.9,120.0,1004.4,1385.0
2025-05-19 10:00:00,,33.1,51.0,0.0,17.5,116.0,1005.1,1020.0
2025-05-19 11:00:00,,31.6,58.0,0.0,15.9,112.0,1006.1,870.0
2025-05-19 12:00:00,,30.7,63.0,0.0,15.4,113.0,1006.9,775.0
2025-05-19 13:00:00,,30.6,63.0,0.0,11.7,113.0,1007.9,650.0
2025-05-19 14:00:00,,30.2,66.0,0.0,11.6,118.0,1008.5,585.0
2025-05-19 15:00:00,,29.9,67.0,0.0,11.1,122.0,1008.6,610.0
2025-05-19 16:00:00,,29.7,68.0,0.0,10.3,128.0,1008.2,615.0
2025-05-19 17:00:00,,29.5,67.0,0.0,7.5,111.0,1007.9,605.0
2025-05-19 18:00:00,,29.5,67.0,0.0,4.8,101.0,1007.6,615.0
2025-05-19 19:00:00,,29.5,67.0,0.0,4.2,102.0,1007.5,605.0
2025-05-19 20:00:00,,29.1,68.0,0.0,4.8,112.0,1007.3,565.0
2025-05-19 21:00:00,,28.6,70.0,0.0,5.8,95.0,1007.4,550.0
2025-05-19 22:00:00,,28.4,71.0,0.0,4.8,70.0,1007.6,500.0
2025-05-19 23:00:00,,29.1,68.0,0.0,1.0,149.0,1008.4,570.0
2025-05-20 00:00:00,,30.3,63.0,0.0,3.3,131.0,1008.6,820.0
2025-05-20 01:00:00,,32.7,52.0,0.0,7.1,126.0,1008.7,1335.0
2025-05-20 02:00:00,,34.1,47.0,0.1,10.3,121.0,1008.4,1600.0
2025-05-20 03:00:00,,35.2,44.0,0.2,13.4,110.0,1007.9,1780.0
2025-05-20 04:00:00,,36.2,40.0,0.0,15.4,122.0,1007.1,1945.0
2025-05-20 05:00:00,,36.3,40.0,0.0,17.2,122.0,1006.3,1895.0
2025-05-20 06:00:00,,36.3,39.0,0.0,15.6,125.0,1005.5,1900.0
2025-05-20 07:00:00,,36.2,39.0,0.0,15.7,123.0,1005.1,1965.0
2025-05-20 08:00:00,,35.6,40.0,0.0,15.1,115.0,1005.1,1765.0
2025-05-20 09:00:00,,34.6,44.0,0.0,16.5,120.0,1005.2,1555.0
2025-05-20 10:00:00,,32.9,52.0,0.0,15.5,116.0,1006.2,975.0
2025-05-20 11:00:00,,31.5,58.0,0.0,13.7,112.0,1007.2,960.0
2025-05-20 12:00:00,,30.3,64.0,0.0,12.6,112.0,1007.9,825.0
2025-05-20 13:00:00,,30.7,60.0,0.0,8.3,112.0,1008.4,715.0
2025-05-20 14:00:00,,30.1,65.0,0.0,9.4,110.0,1008.8,695.0
2025-05-20 15:00:00,,29.9,66.0,0.0,8.1,96.0,1008.9,680.0
2025-05-20 16:00:00,,29.7,66.0,0.0,8.7,103.0,1008.6,720.0
2025-05-20 17:00:00,,29.4,68.0,0.0,10.9,110.0,1008.2,685.0
2025-05-20 18:00:00,,28.9,69.0,0.0,11.0,114.0,1008.0,610.0
2025-05-20 19:00:00,,28.7,70.0,0.0,10.7,110.0,1007.7,670.0
2025-05-20 20:00:00,,28.3,71.0,0.0,10.0,118.0,1007.8,590.0
2025-05-20 21:00:00,,28.0,72.0,0.0,10.2,126.0,1007.8,525.0
2025-05-20 22:00:00,,27.9,72.0,0.0,9.1,120.0,1008.2,465.0
2025-05-20 23:00:00,,28.7,68.0,0.0,7.9,117.0,1009.0,590.0
2025-05-21 00:00:00,,30.0,63.0,0.0,8.9,130.0,1009.4,895.0
2025-05-21 01:00:00,,31.9,55.0,0.0,10.1,136.0,1009.8,1260.0
2025-05-21 02:00:00,,32.9,52.0,0.0,13.1,142.0,1009.5,1265.0
2025-05-21 03:00:00,,33.5,50.0,0.0,14.1,145.0,1008.7,1250.0
2025-05-21 04:00:00,,34.3,47.0,0.0,14.3,147.0,1007.8,1350.0
2025-05-21 05:00:00,,35.2,44.0,0.0,15.4,153.0,1006.9,1505.0
2025-05-21 06:00:00,,35.3,43.0,0.0,16.6,154.0,1005.4,1490.0
2025-05-21 07:00:00,,35.2,42.0,0.0,18.5,151.0,1004.7,1295.0
2025-05-21 08:00:00,,35.1,42.0,0.1,19.0,147.0,1004.4,1290.0
2025-05-21 09:00:00,,34.3,42.0,0.0,12.6,163.0,1004.8,1180.0
2025-05-21 10:00:00,,33.5,44.0,0.0,9.3,156.0,1005.5,930.0
2025-05-21 11:00:00,,32.5,49.0,0.0,10.5,131.0,1006.2,645.0
2025-05-21 12:00:00,,31.9,52.0,0.0,11.6,109.0,1007.2,575.0
2025-05-21 13:00:00,,31.4,55.0,0.0,8.8,113.0,1007.8,540.0
2025-05-21 14:00:00,,31.0,59.0,0.0,8.2,122.0,1008.0,575.0
2025-05-21 15:00:00,,30.5,61.0,0.0,4.2,115.0,1008.0,650.0
2025-05-21 16:00:00,,30.1,62.0,0.0,4.4,142.0,1007.5,650.0
2025-05-21 17:00:00,,29.8,62.0,0.0,5.5,142.0,1007.0,595.0
2025-05-21 18:00:00,,29.6,63.0,0.0,5.9,130.0,1006.5,540.0
2025-05-21 19:00:00,,29.3,64.0,0.0,5.8,116.0,1006.2,490.0
2025-05-21 20:00:00,,29.0,66.0,0.0,6.8,112.0,1006.3,405.0
2025-05-21 21:00:00,,28.6,70.0,0.0,7.7,118.0,1006.6,335.0
2025-05-21 22:00:00,,28.4,72.0,0.0,8.6,126.0,1006.8,330.0
2025-05-21 23:00:00,,29.0,67.0,0.0,8.7,120.0,1007.2,500.0
2025-05-22 00:00:00,,30.4,61.0,0.0,8.9,118.0,1007.1,790.0
2025-05-22 01:00:00,,32.3,54.0,0.0,8.3,114.0,1007.3,1210.0
2025-05-22 02:00:00,,34.4,44.0,0.0,10.1,112.0,1006.5,1640.0
2025-05-22 03:00:00,,35.2,43.0,0.1,9.3,140.0,1005.7,1780.0
2025-05-22 04:00:00,,35.4,42.0,0.3,5.0,210.0,1005.0,1720.0
2025-05-22 05:00:00,,35.6,41.0,0.0,4.7,261.0,1004.0,1795.0
2025-05-22 06:00:00,,36.1,40.0,0.0,5.2,270.0,1002.9,1920.0
2025-05-22 07:00:00,,35.6,42.0,0.0,9.4,262.0,1002.6,1580.0
2025-05-22 08:00:00,,33.6,52.0,0.6,7.7,282.0,1002.6,165.0
2025-05-22 09:00:00,,34.3,49.0,0.0,3.1,273.0,1002.5,1200.0
2025-05-22 10:00:00,,34.2,44.0,0.0,7.4,202.0,1003.3,1180.0
2025-05-22 11:00:00,,33.1,49.0,0.0,12.1,147.0,1004.5,740.0
2025-05-22 12:00:00,,32.1,53.0,0.0,14.2,114.0,1005.5,620.0
2025-05-22 13:00:00,,31.6,58.0,0.0,14.5,120.0,1006.2,630.0
2025-05-22 14:00:00,,30.7,62.0,0.0,6.2,22.0,1007.1,760.0
2025-05-22 15:00:00,,29.4,70.0,0.0,6.1,326.0,1007.0,270.0
2025-05-22 16:00:00,,29.0,72.0,0.0,6.0,314.0,1006.3,305.0
2025-05-22 17:00:00,,28.7,72.0,0.0,3.9,313.0,1005.8,260.0
2025-05-22 18:00:00,,28.9,71.0,0.0,2.2,346.0,1005.6,335.0
2025-05-22 19:00:00,,28.8,70.0,0.0,2.0,10.0,1005.2,390.0
2025-05-22 20:00:00,,28.7,70.0,0.0,1.4,67.0,1005.4,415.0
2025-05-22 21:00:00,,28.5,71.0,0.0,2.6,129.0,1005.5,475.0
2025-05-22 22:00:00,,28.5,71.0,0.0,6.2,112.0,1005.9,580.0
2025-05-22 23:00:00,,29.1,68.0,0.0,9.3,103.0,1006.5,705.0
2025-05-23 00:00:00,,30.3,63.0,0.0,9.0,106.0,1006.5,940.0
2025-05-23 01:00:00,,32.5,51.0,0.0,9.0,113.0,1006.4,1335.0
2025-05-23 02:00:00,,34.1,44.0,0.0,9.7,132.0,1005.9,1625.0
2025-05-23 03:00:00,,35.0,40.0,0.0,10.6,152.0,1005.2,1815.0
2025-05-23 04:00:00,,35.5,40.0,0.1,9.6,175.0,1004.5,1790.0
2025-05-23 05:00:00,,35.5,40.0,0.3,9.1,202.0,1003.7,1520.0
2025-05-23 06:00:00,,35.8,37.0,0.0,6.0,190.0,1002.8,1775.0
2025-05-23 07:00:00,,36.2,34.0,0.0,4.3,185.0,1002.5,1955.0
2025-05-23 08:00:00,,36.1,32.0,0.0,4.9,188.0,1002.3,2035.0
2025-05-23 09:00:00,,35.7,31.0,0.0,6.9,149.0,1002.8,1810.0
2025-05-23 10:00:00,,34.6,34.0,0.0,11.7,131.0,1003.6,800.0
2025-05-23 11:00:00,,33.1,44.0,0.0,12.1,128.0,1004.7,605.0
2025-05-23 12:00:00,,32.0,52.0,0.0,11.1,122.0,1005.6,610.0
2025-05-23 13:00:00,,31.5,55.0,0.0,8.7,130.0,1006.3,500.0
2025-05-23 14:00:00,,30.8,60.0,0.0,8.6,149.0,1006.8,495.0
2025-05-23 15:00:00,,30.2,64.0,0.0,6.3,165.0,1006.9,515.0
2025-05-23 16:00:00,,29.8,67.0,0.0,4.9,147.0,1006.7,490.0
2025-05-23 17:00:00,,29.7,65.0,0.0,2.7,82.0,1006.7,465.0
2025-05-23 18:00:00,,29.3,67.0,0.0,5.0,358.0,1006.5,520.0
2025-05-23 19:00:00,,28.8,71.0,0.0,4.0,352.0,1006.6,530.0
2025-05-23 20:00:00,,28.7,72.0,0.0,1.6,354.0,1006.6,570.0
2025-05-23 21:00:00,,28.7,70.0,0.0,2.6,129.0,1006.7,565.0
2025-05-23 22:00:00,,28.6,69.0,0.0,3.9,124.0,1006.7,435.0
2025-05-23 23:00:00,,29.1,66.0,0.0,4.6,116.0,1007.3,480.0
2025-05-24 00:00:00,,30.4,60.0,0.0,6.1,113.0,1007.2,850.0
2025-05-24 01:00:00,,32.4,53.0,0.0,7.8,124.0,1007.2,1280.0
2025-05-24 02:00:00,,33.5,49.0,0.0,8.6,144.0,1007.1,1470.0
2025-05-24 03:00:00,,34.6,45.0,0.1,8.3,146.0,1006.4,1650.0
2025-05-24 04:00:00,,35.5,42.0,0.0,7.9,153.0,1005.5,1790.0
2025-05-24 05:00:00,,35.9,40.0,0.1,6.1,182.0,1004.9,1950.0
2025-05-24 06:00:00,,36.1,38.0,0.0,5.1,198.0,1004.0,1995.0
2025-05-24 07:00:00,,36.1,36.0,0.0,6.0,197.0,1003.7,1935.0
2025-05-24 08:00:00,,35.9,37.0,0.0,12.0,150.0,1003.9,1775.0
2025-05-24 09:00:00,,35.0,40.0,0.0,15.4,123.0,1004.4,1530.0
2025-05-24 10:00:00,,33.6,45.0,0.0,11.5,107.0,1005.6,1280.0
2025-05-24 11:00:00,,32.5,50.0,0.0,12.9,99.0,1006.7,920.0
2025-05-24 12:00:00,,31.7,55.0,0.0,9.4,72.0,1007.6,830.0
2025-05-24 13:00:00,,30.9,60.0,0.0,14.7,102.0,1008.1,755.0
2025-05-24 14:00:00,,30.8,59.0,0.0,11.9,105.0,1009.0,780.0
2025-05-24 15:00:00,,30.5,58.0,0.0,3.8,87.0,1009.3,865.0
2025-05-24 16:00:00,,30.2,59.0,0.0,1.0,59.0,1009.2,895.0
2025-05-24 17:00:00,,29.9,59.0,0.0,3.4,87.0,1008.5,855.0
2025-05-24 18:00:00,,29.7,61.0,0.0,5.0,60.0,1007.9,860.0
2025-05-24 19:00:00,,29.2,64.0,0.0,4.9,90.0,1007.4,820.0
2025-05-24 20:00:00,,28.8,67.0,0.0,6.5,98.0,1007.5,650.0
2025-05-24 21:00:00,,28.4,70.0,0.0,5.7,99.0,1007.5,455.0
2025-05-24 22:00:00,,28.2,70.0,0.0,4.5,88.0,1007.7,410.0
2025-05-24 23:00:00,,28.9,67.0,0.0,3.5,75.0,1008.4,455.0
2025-05-25 00:00:00,,30.1,62.0,0.0,4.5,95.0,1008.8,790.0
2025-05-25 01:00:00,,32.4,51.0,0.0,2.6,102.0,1009.0,1315.0
2025-05-25 02:00:00,,33.6,47.0,0.0,4.1,178.0,1008.8,1600.0
2025-05-25 03:00:00,,34.2,47.0,0.0,4.5,223.0,1008.3,1650.0
2025-05-25 04:00:00,,34.5,47.0,0.0,6.9,255.0,1007.6,1480.0
2025-05-25 05:00:00,,34.3,47.0,0.0,8.8,255.0,1006.8,1270.0
2025-05-25 06:00:00,,34.7,45.0,0.0,6.2,248.0,1006.0,1280.0
2025-05-25 07:00:00,,35.0,43.0,0.2,4.5,194.0,1005.7,1620.0
2025-05-25 08:00:00,,34.9,43.0,0.2,9.3,117.0,1005.5,1725.0
2025-05-25 09:00:00,,33.2,48.0,0.5,4.8,124.0,1006.3,1020.0
2025-05-25 10:00:00,,32.3,55.0,0.2,14.1,128.0,1007.0,820.0
2025-05-25 11:00:00,,31.7,59.0,0.0,15.5,122.0,1007.7,780.0
2025-05-25 12:00:00,,31.0,61.0,0.0,15.2,114.0,1008.4,760.0
2025-05-25 13:00:00,,31.1,60.0,0.0,13.5,117.0,1008.7,810.0
2025-05-25 14:00:00,,30.5,63.0,0.0,14.6,116.0,1009.0,810.0
2025-05-25 15:00:00,,30.0,67.0,0.0,14.3,109.0,1009.2,775.0
2025-05-25 16:00:00,,29.6,69.0,0.0,12.7,103.0,1008.4,700.0
2025-05-25 17:00:00,,29.4,69.0,0.0,8.6,89.0,1007.9,685.0
2025-05-25 18:00:00,,29.2,69.0,0.0,5.1,82.0,1007.6,575.0
2025-05-25 19:00:00,,29.0,69.0,0.0,4.0,87.0,1007.2,520.0
2025-05-25 20:00:00,,28.7,71.0,0.0,5.6,115.0,1007.4,595.0
2025-05-25 21:00:00,,28.3,74.0,0.0,8.4,118.0,1007.6,565.0
2025-05-25 22:00:00,,28.4,74.0,0.0,7.8,99.0,1007.7,590.0
2025-05-25 23:00:00,,29.1,70.0,0.0,6.6,79.0,1008.2,650.0
2025-05-26 00:00:00,,30.5,62.0,0.0,7.1,96.0,1008.7,930.0
2025-05-26 01:00:00,,32.7,52.0,0.1,9.6,99.0,1008.9,1355.0
2025-05-26 02:00:00,,33.8,48.0,0.4,11.5,113.0,1009.0,1540.0
2025-05-26 03:00:00,,35.1,44.0,0.6,11.2,112.0,1008.4,1745.0
2025-05-26 04:00:00,,35.6,42.0,0.2,7.5,136.0,1007.6,1835.0
2025-05-26 05:00:00,,35.0,43.0,0.1,7.9,41.0,1007.1,1700.0
2025-05-26 06:00:00,,34.7,45.0,0.0,4.3,158.0,1006.5,1730.0
2025-05-26 07:00:00,,34.7,45.0,0.0,10.4,159.0,1005.7,1710.0
2025-05-26 08:00:00,,34.4,46.0,0.1,10.3,137.0,1005.5,1590.0
2025-05-26 09:00:00,,34.3,46.0,0.0,8.2,126.0,1005.6,1625.0
2025-05-26 10:00:00,,32.7,50.0,0.1,6.7,96.0,1006.5,1055.0
2025-05-26 11:00:00,,31.4,55.0,0.2,3.4,43.0,1007.7,735.0
2025-05-26 12:00:00,,30.7,59.0,0.0,4.6,321.0,1008.4,310.0
2025-05-26 13:00:00,,31.3,58.0,0.0,5.2,104.0,1008.8,865.0
2025-05-26 14:00:00,,30.5,61.0,0.0,2.3,148.0,1009.3,535.0
2025-05-26 15:00:00,,30.4,62.0,0.0,3.4,122.0,1009.4,695.0
2025-05-26 16:00:00,,30.1,63.0,0.0,2.5,86.0,1008.8,875.0
2025-05-26 17:00:00,,29.6,65.0,0.0,4.0,87.0,1008.1,555.0
2025-05-26 18:00:00,,29.5,66.0,0.0,7.3,100.0,1007.9,910.0
2025-05-26 19:00:00,,28.9,67.0,0.0,9.9,94.0,1007.5,790.0
2025-05-26 20:00:00,,28.5,69.0,0.0,9.6,102.0,1007.2,705.0
2025-05-26 21:00:00,,28.2,71.0,0.0,6.7,95.0,1007.6,640.0
2025-05-26 22:00:00,,28.3,70.0,0.0,5.4,82.0,1007.9,705.0
2025-05-26 23:00:00,,29.0,67.0,0.0,5.1,96.0,1008.4,780.0
2025-05-27 00:00:00,,30.5,61.0,0.0,11.3,91.0,1008.5,1065.0
2025-05-27 01:00:00,,32.7,52.0,0.0,11.2,100.0,1008.3,1365.0
2025-05-27 02:00:00,,34.1,48.0,0.0,13.7,108.0,1008.0,1545.0
2025-05-27 03:00:00,,35.5,44.0,0.0,13.6,112.0,1007.5,1725.0
2025-05-27 04:00:00,,36.2,42.0,0.0,13.8,117.0,1006.7,1880.0
2025-05-27 05:00:00,,36.5,40.0,0.0,11.2,134.0,1006.1,1920.0
2025-05-27 06:00:00,,34.4,44.0,0.5,10.9,106.0,1005.5,1035.0
2025-05-27 07:00:00,,35.6,40.0,0.0,8.7,97.0,1004.7,1670.0
2025-05-27 08:00:00,,35.4,41.0,0.0,9.0,143.0,1004.6,1730.0
2025-05-27 09:00:00,,34.3,44.0,0.1,9.7,105.0,1005.1,1330.0
2025-05-27 10:00:00,,33.7,47.0,0.0,9.3,100.0,1005.9,1375.0
2025-05-27 11:00:00,,32.4,54.0,0.0,11.7,104.0,1006.6,930.0
2025-05-27 12:00:00,,31.1,61.0,0.0,14.4,112.0,1007.9,730.0
2025-05-27 13:00:00,,31.1,58.0,0.0,6.5,95.0,1008.2,565.0
2025-05-27 14:00:00,,30.7,61.0,0.0,8.9,117.0,1008.7,680.0
2025-05-27 15:00:00,,30.3,64.0,0.0,9.6,128.0,1008.6,700.0
2025-05-27 16:00:00,,29.1,70.0,0.0,12.4,123.0,1008.4,445.0
2025-05-27 17:00:00,,28.8,72.0,0.0,12.1,125.0,1008.5,395.0
2025-05-27 18:00:00,,28.4,74.0,0.0,11.3,127.0,1007.8,435.0
2025-05-27 19:00:00,,28.0,76.0,0.0,10.0,113.0,1007.4,460.0
2025-05-27 20:00:00,,28.1,74.0,0.0,6.0,117.0,1007.3,400.0
2025-05-27 21:00:00,,28.1,74.0,0.0,4.5,106.0,1007.0,380.0
2025-05-27 22:00:00,,28.2,73.0,0.0,6.7,109.0,1007.4,390.0
2025-05-27 23:00:00,,28.7,70.0,0.0,8.8,137.0,1008.2,505.0
2025-05-28 00:00:00,,29.8,65.0,0.0,11.7,128.0,1008.6,850.0
2025-05-28 01:00:00,,30.1,65.0,0.3,12.1,122.0,1009.3,885.0
2025-05-28 02:00:00,,30.9,62.0,0.1,14.3,127.0,1009.1,1010.0
2025-05-28 03:00:00,,31.5,58.0,0.0,15.0,120.0,1008.6,970.0
2025-05-28 04:00:00,,31.5,59.0,0.0,14.5,127.0,1007.5,980.0
2025-05-28 05:00:00,,32.7,55.0,0.0,14.8,138.0,1006.5,1165.0
2025-05-28 06:00:00,,33.2,52.0,0.0,15.1,145.0,1005.5,1290.0
2025-05-28 07:00:00,,33.1,52.0,0.0,11.6,150.0,1005.0,1220.0
2025-05-28 08:00:00,,33.1,52.0,0.0,12.5,145.0,1004.9,1185.0
2025-05-28 09:00:00,,31.1,62.0,0.4,16.4,126.0,1005.8,640.0
2025-05-28 10:00:00,,30.9,63.0,0.0,14.6,123.0,1006.3,720.0
2025-05-28 11:00:00,,30.3,66.0,0.0,15.0,123.0,1007.3,755.0
2025-05-28 12:00:00,,29.6,68.0,0.0,11.8,123.0,1008.2,625.0
2025-05-28 13:00:00,,30.6,63.0,0.0,9.9,142.0,1008.9,805.0
2025-05-28 14:00:00,,30.4,64.0,0.0,9.1,150.0,1009.6,750.0
2025-05-28 15:00:00,,30.3,63.0,0.0,9.9,148.0,1010.0,785.0
2025-05-28 16:00:00,,30.0,64.0,0.0,9.1,163.0,1008.9,735.0
2025-05-28 17:00:00,,29.7,65.0,0.0,5.8,187.0,1008.5,730.0
2025-05-28 18:00:00,,29.4,66.0,0.0,4.0,162.0,1007.7,710.0
2025-05-28 19:00:00,,29.4,66.0,0.0,4.2,216.0,1007.4,820.0
2025-05-28 20:00:00,,28.8,69.0,0.0,5.2,268.0,1008.2,530.0
2025-05-28 21:00:00,,28.4,73.0,0.0,4.4,339.0,1007.7,410.0
2025-05-28 22:00:00,,28.2,76.0,0.0,6.1,315.0,1008.3,415.0
2025-05-28 23:00:00,,28.5,75.0,0.0,3.3,354.0,1008.7,550.0
2025-05-29 00:00:00,,29.3,70.0,0.0,1.4,310.0,1009.1,790.0
2025-05-29 01:00:00,,30.0,67.0,0.0,6.2,291.0,1010.2,845.0
2025-05-29 02:00:00,,31.0,62.0,0.0,9.0,271.0,1010.2,1045.0
2025-05-29 03:00:00,,30.6,63.0,0.1,12.8,250.0,1010.0,840.0
2025-05-29 04:00:00,,31.3,56.0,0.0,9.6,258.0,1009.5,875.0
2025-05-29 05:00:00,,31.1,57.0,0.0,9.2,244.0,1008.6,785.0
2025-05-29 06:00:00,,31.3,57.0,0.0,7.7,270.0,1007.8,595.0
2025-05-29 07:00:00,,31.2,59.0,0.0,10.4,279.0,1006.9,545.0
2025-05-29 08:00:00,,30.5,64.0,0.0,10.8,260.0,1006.9,580.0
2025-05-29 09:00:00,,30.3,67.0,0.0,14.3,242.0,1007.2,635.0
2025-05-29 10:00:00,,29.8,71.0,0.0,16.1,240.0,1007.3,615.0
2025-05-29 11:00:00,,29.8,71.0,0.0,12.2,233.0,1007.7,555.0
2025-05-29 12:00:00,,29.9,70.0,0.0,8.9,241.0,1008.6,515.0
2025-05-29 13:00:00,,29.7,68.0,0.0,10.1,251.0,1009.5,630.0
2025-05-29 14:00:00,,29.5,70.0,0.0,9.0,255.0,1009.3,705.0
2025-05-29 15:00:00,,29.4,71.0,0.0,6.8,259.0,1008.9,615.0
2025-05-29 16:00:00,,29.4,72.0,0.0,6.5,257.0,1008.6,580.0
2025-05-29 17:00:00,,29.3,73.0,0.0,7.7,245.0,1008.3,555.0
2025-05-29 18:00:00,,29.2,73.0,0.0,7.3,250.0,1008.1,575.0
2025-05-29 19:00:00,,29.2,73.0,0.0,8.3,243.0,1008.0,640.0
2025-05-29 20:00:00,,29.2,73.0,0.0,9.6,256.0,1007.8,750.0
2025-05-29 21:00:00,,29.0,74.0,0.0,11.0,247.0,1007.9,755.0
2025-05-29 22:00:00,,29.1,73.0,0.0,10.5,231.0,1007.9,730.0
2025-05-29 23:00:00,,29.8,70.0,0.0,10.3,237.0,1008.7,780.0
2025-05-30 00:00:00,,29.9,69.0,0.0,14.5,255.0,1009.2,815.0
2025-05-30 01:00:00,,29.8,68.0,0.0,5.2,272.0,1009.7,855.0
2025-05-30 02:00:00,,30.6,65.0,0.0,7.8,283.0,1009.8,995.0
2025-05-30 03:00:00,,31.3,61.0,0.0,10.0,277.0,1009.3,985.0
2025-05-30 04:00:00,,31.4,61.0,0.0,10.6,267.0,1009.0,870.0
2025-05-30 05:00:00,,31.8,60.0,0.0,17.3,251.0,1008.6,970.0
2025-05-30 06:00:00,,31.3,64.0,0.0,17.0,257.0,1008.0,880.0
2025-05-30 07:00:00,,30.7,66.0,0.0,16.3,263.0,1007.8,850.0
2025-05-30 08:00:00,,29.3,72.0,0.3,13.2,267.0,1007.8,605.0
2025-05-30 09:00:00,,29.4,73.0,0.1,9.7,251.0,1007.7,635.0
2025-05-30 10:00:00,,29.2,75.0,0.2,9.7,243.0,1007.7,590.0
2025-05-30 11:00:00,,29.1,76.0,0.2,9.7,251.0,1008.4,600.0
2025-05-30 12:00:00,,29.2,76.0,0.2,9.7,254.0,1009.4,635.0
2025-05-30 13:00:00,,27.9,78.0,0.5,6.5,275.0,1010.6,500.0
2025-05-30 14:00:00,,27.8,79.0,0.4,5.0,291.0,1010.6,450.0
2025-05-30 15:00:00,,27.6,81.0,0.2,4.4,333.0,1010.4,400.0
2025-05-30 16:00:00,,27.5,82.0,0.0,1.3,8.0,1010.0,360.0
2025-05-30 17:00:00,,27.4,82.0,0.1,2.2,42.0,1009.6,305.0
2025-05-30 18:00:00,,27.2,84.0,0.4,2.3,29.0,1009.0,225.0
2025-05-30 19:00:00,,26.8,86.0,0.4,1.4,67.0,1008.4,180.0
2025-05-30 20:00:00,,26.7,88.0,0.1,0.5,45.0,1008.1,145.0
2025-05-30 21:00:00,,26.7,87.0,0.3,1.5,216.0,1008.2,110.0
2025-05-30 22:00:00,,26.9,88.0,0.6,2.7,208.0,1008.2,250.0
2025-05-30 23:00:00,,27.1,88.0,0.9,0.7,270.0,1008.6,270.0
2025-05-31 00:00:00,,27.1,88.0,0.5,7.0,267.0,1009.3,375.0
2025-05-31 01:00:00,,27.7,85.0,1.5,3.8,155.0,1009.7,305.0
2025-05-31 02:00:00,,28.1,84.0,0.6,5.3,252.0,1009.9,525.0
2025-05-31 03:00:00,,29.0,79.0,0.5,9.4,241.0,1009.4,670.0
2025-05-31 04:00:00,,30.0,73.0,0.2,13.4,248.0,1008.8,795.0
2025-05-31 05:00:00,,30.4,71.0,0.1,14.5,245.0,1008.0,815.0
2025-05-31 06:00:00,,30.2,72.0,0.1,14.2,243.0,1007.3,745.0
2025-05-31 07:00:00,,30.3,71.0,0.0,16.0,249.0,1007.0,745.0
2025-05-31 08:00:00,,28.7,79.0,1.2,18.8,238.0,1007.2,605.0
2025-05-31 09:00:00,,27.6,84.0,0.1,15.6,241.0,1007.5,450.0
2025-05-31 10:00:00,,28.0,81.0,0.1,14.8,246.0,1008.0,585.0
2025-05-31 11:00:00,,27.1,86.0,1.1,14.1,238.0,1008.8,465.0
2025-05-31 12:00:00,,27.3,87.0,0.2,13.5,224.0,1008.9,520.0
2025-05-31 13:00:00,,26.4,95.0,2.1,1.5,306.0,1009.9,65.0
2025-05-31 14:00:00,,26.2,94.0,0.5,2.3,23.0,1010.1,85.0
2025-05-31 15:00:00,,26.0,95.0,0.4,1.3,98.0,1009.5,80.0
2025-05-31 16:00:00,,26.1,95.0,0.1,3.5,141.0,1009.0,120.0
2025-05-31 17:00:00,,26.3,96.0,0.2,7.0,180.0,1008.7,250.0
2025-05-31 18:00:00,,26.4,95.0,0.0,6.0,189.0,1008.0,265.0
2025-05-31 19:00:00,,26.1,95.0,0.1,5.8,178.0,1007.6,210.0
2025-05-31 20:00:00,,26.3,94.0,0.0,5.1,163.0,1007.3,205.0
2025-05-31 21:00:00,,26.0,95.0,0.0,3.1,126.0,1007.0,110.0
2025-05-31 22:00:00,,26.4,92.0,0.0,3.9,124.0,1007.3,110.0
2025-05-31 23:00:00,,27.2,87.0,0.0,4.1,124.0,1008.1,275.0
2025-06-01 00:00:00,,28.0,83.0,0.1,4.8,225.0,1009.2,535.0
2025-06-01 01:00:00,,29.4,75.0,0.1,2.1,165.0,1009.0,830.0
2025-06-01 02:00:00,,30.4,67.0,0.0,10.1,230.0,1008.8,955.0
2025-06-01 03:00:00,,29.5,76.0,1.3,15.3,245.0,1008.7,700.0
2025-06-01 04:00:00,,29.6,77.0,0.0,13.8,250.0,1008.1,675.0
2025-06-01 05:00:00,,29.6,76.0,0.0,16.4,246.0,1007.5,775.0
2025-06-01 06:00:00,,29.7,76.0,0.1,20.3,240.0,1006.7,810.0
2025-06-01 07:00:00,,29.5,78.0,0.0,17.9,251.0,1005.9,810.0
2025-06-01 08:00:00,,30.1,74.0,0.0,18.1,242.0,1005.6,895.0
2025-06-01 09:00:00,,29.7,76.0,0.0,19.0,239.0,1005.9,835.0
2025-06-01 10:00:00,,29.2,80.0,0.0,18.3,232.0,1006.6,740.0
2025-06-01 11:00:00,,28.7,81.0,0.0,16.8,237.0,1007.3,705.0
2025-06-01 12:00:00,,27.1,86.0,0.4,19.9,250.0,1008.3,580.0
2025-06-01 13:00:00,,28.6,82.0,0.0,14.6,241.0,1008.3,650.0
2025-06-01 14:00:00,,28.2,84.0,0.0,15.8,243.0,1008.6,565.0
2025-06-01 15:00:00,,27.9,84.0,0.0,19.6,243.0,1008.9,660.0
2025-06-01 16:00:00,,27.7,84.0,0.0,17.9,236.0,1008.5,610.0
2025-06-01 17:00:00,,27.6,85.0,0.0,13.0,231.0,1007.2,580.0
2025-06-01 18:00:00,,27.4,87.0,0.0,11.0,236.0,1006.9,530.0
2025-06-01 19:00:00,,27.6,87.0,0.0,9.0,235.0,1006.6,545.0
2025-06-01 20:00:00,,27.6,87.0,0.0,11.2,235.0,1006.4,540.0
2025-06-01 21:00:00,,27.6,84.0,0.1,14.2,241.0,1006.3,580.0
2025-06-01 22:00:00,,27.7,86.0,0.1,14.8,228.0,1006.1,620.0
2025-06-01 23:00:00,,27.7,84.0,0.1,16.3,239.0,1007.0,615.0
2025-06-02 00:00:00,,28.4,82.0,0.1,16.9,242.0,1007.3,730.0
2025-06-02 01:00:00,,30.3,71.0,0.1,16.5,230.0,1006.9,930.0
2025-06-02 02:00:00,,30.9,69.0,0.2,16.0,237.0,1006.8,970.0
2025-06-02 03:00:00,,30.4,71.0,0.3,16.9,242.0,1006.9,760.0
2025-06-02 04:00:00,,31.2,69.0,0.8,23.6,252.0,1006.4,775.0
2025-06-02 05:00:00,,30.4,75.0,1.5,21.3,237.0,1005.5,780.0
2025-06-02 06:00:00,,29.6,77.0,0.8,25.4,235.0,1005.3,945.0
2025-06-02 07:00:00,,29.6,77.0,0.1,20.7,239.0,1004.6,945.0
2025-06-02 08:00:00,,29.1,77.0,0.3,22.8,237.0,1004.8,865.0
2025-06-02 09:00:00,,28.0,82.0,0.6,22.9,233.0,1004.9,710.0
2025-06-02 10:00:00,,27.7,82.0,0.1,18.6,234.0,1005.5,755.0
2025-06-02 11:00:00,,27.9,82.0,0.1,20.6,236.0,1006.3,685.0
2025-06-02 12:00:00,,27.1,84.0,1.1,20.4,243.0,1007.3,635.0
2025-06-02 13:00:00,,26.9,86.0,0.3,15.2,241.0,1008.5,595.0
2025-06-02 14:00:00,,27.0,86.0,0.0,9.1,229.0,1008.0,435.0
2025-06-02 15:00:00,,27.1,86.0,0.0,8.2,238.0,1007.8,460.0
2025-06-02 16:00:00,,27.0,89.0,0.0,8.5,216.0,1007.0,405.0
2025-06-02 17:00:00,,26.6,91.0,0.1,10.9,216.0,1006.3,430.0
2025-06-02 18:00:00,,26.5,91.0,0.1,12.3,215.0,1005.4,490.0
2025-06-02 19:00:00,,26.6,90.0,0.0,13.5,211.0,1005.4,535.0
2025-06-02 20:00:00,,26.8,88.0,0.1,8.7,207.0,1005.2,470.0
2025-06-02 21:00:00,,26.7,89.0,0.0,10.3,213.0,1005.4,500.0
2025-06-02 22:00:00,,27.0,89.0,0.0,10.8,213.0,1005.5,545.0
2025-06-02 23:00:00,,27.6,86.0,0.0,11.7,214.0,1006.0,645.0
2025-06-03 00:00:00,,28.5,80.0,0.1,15.7,224.0,1006.5,715.0
2025-06-03 01:00:00,,29.8,74.0,0.2,14.7,233.0,1006.7,885.0
2025-06-03 02:00:00,,30.6,70.0,0.1,16.3,242.0,1006.6,895.0
2025-06-03 03:00:00,,30.7,71.0,0.0,18.3,247.0,1006.3,840.0
2025-06-03 04:00:00,,30.8,72.0,0.1,19.1,247.0,1005.6,755.0
2025-06-03 05:00:00,,30.5,73.0,0.7,23.9,247.0,1005.1,795.0
2025-06-03 06:00:00,,29.0,77.0,4.9,23.6,249.0,1005.3,635.0
2025-06-03 07:00:00,,29.1,79.0,0.1,16.3,236.0,1004.6,620.0
2025-06-03 08:00:00,,29.0,80.0,0.0,17.1,236.0,1004.2,710.0
2025-06-03 09:00:00,,28.8,80.0,0.0,17.6,244.0,1004.7,625.0
2025-06-03 10:00:00,,28.4,83.0,0.3,14.8,247.0,1005.7,595.0
2025-06-03 11:00:00,,28.1,84.0,0.0,11.8,227.0,1006.1,445.0
2025-06-03 12:00:00,,27.8,86.0,0.0,13.5,234.0,1006.9,505.0
2025-06-03 13:00:00,,28.1,86.0,0.0,8.1,225.0,1007.9,490.0
2025-06-03 14:00:00,,27.2,90.0,0.7,2.9,240.0,1008.3,290.0
2025-06-03 15:00:00,,27.4,92.0,0.1,7.0,238.0,1008.2,430.0
2025-06-03 16:00:00,,25.8,94.0,4.0,0.6,124.0,1008.1,35.0
2025-06-03 17:00:00,,26.1,93.0,0.0,3.7,219.0,1007.3,300.0
2025-06-03 18:00:00,,26.3,92.0,0.1,5.3,225.0,1006.1,360.0
2025-06-03 19:00:00,,26.3,92.0,0.0,8.5,238.0,1005.9,395.0
2025-06-03 20:00:00,,26.9,90.0,0.0,10.9,214.0,1006.0,475.0
2025-06-03 21:00:00,,26.8,91.0,0.0,10.1,197.0,1006.3,415.0
2025-06-03 22:00:00,,26.7,91.0,0.0,9.6,196.0,1007.0,450.0
2025-06-03 23:00:00,,27.4,86.0,0.1,8.2,203.0,1007.5,500.0
2025-06-04 00:00:00,,28.7,79.0,0.0,11.6,222.0,1007.8,660.0
2025-06-04 01:00:00,,30.2,74.0,0.0,5.6,230.0,1007.3,730.0
2025-06-04 02:00:00,,30.4,73.0,0.2,11.2,237.0,1007.6,720.0
2025-06-04 03:00:00,,30.8,71.0,0.2,10.8,240.0,1007.1,725.0
2025-06-04 04:00:00,,30.7,74.0,0.1,15.5,250.0,1006.9,720.0
2025-06-04 05:00:00,,30.5,74.0,0.1,17.1,248.0,1006.5,605.0
2025-06-04 06:00:00,,30.2,75.0,0.1,21.0,239.0,1006.2,810.0
2025-06-04 07:00:00,,29.6,77.0,1.7,13.6,233.0,1005.4,685.0
2025-06-04 08:00:00,,29.8,75.0,0.2,15.6,235.0,1005.5,775.0
2025-06-04 09:00:00,,27.7,86.0,3.9,15.5,241.0,1006.7,590.0
2025-06-04 10:00:00,,26.3,90.0,4.9,13.0,269.0,1008.3,520.0
2025-06-04 11:00:00,,26.8,85.0,0.1,6.6,237.0,1008.4,485.0
2025-06-04 12:00:00,,26.9,89.0,0.0,2.9,330.0,1008.9,380.0
2025-06-04 13:00:00,,26.9,90.0,0.1,5.9,153.0,1009.5,195.0
2025-06-04 14:00:00,,27.0,90.0,0.0,3.0,218.0,1009.5,185.0
2025-06-04 15:00:00,,27.2,88.0,0.0,10.5,231.0,1009.8,525.0
2025-06-04 16:00:00,,27.1,88.0,0.0,7.0,222.0,1009.4,370.0
2025-06-04 17:00:00,,27.0,89.0,0.0,5.2,224.0,1008.2,360.0
2025-06-04 18:00:00,,26.7,90.0,0.0,7.9,200.0,1007.4,310.0
2025-06-04 19:00:00,,26.5,91.0,0.0,7.7,189.0,1007.4,315.0
2025-06-04 20:00:00,,26.3,92.0,0.0,5.6,151.0,1007.4,195.0
2025-06-04 21:00:00,,26.2,92.0,0.0,3.7,133.0,1007.3,135.0
2025-06-04 22:00:00,,26.3,92.0,0.0,3.1,114.0,1007.5,115.0
2025-06-04 23:00:00,,26.8,89.0,0.0,4.0,90.0,1007.9,190.0
2025-06-05 00:00:00,,27.5,86.0,0.0,2.6,102.0,1008.2,320.0
2025-06-05 01:00:00,,29.5,79.0,0.0,2.4,193.0,1007.8,615.0
2025-06-05 02:00:00,,30.3,74.0,0.0,5.6,277.0,1007.9,785.0
2025-06-05 03:00:00,,30.5,74.0,0.0,8.1,288.0,1007.9,595.0
2025-06-05 04:00:00,,30.7,74.0,0.0,8.6,272.0,1007.4,470.0
2025-06-05 05:00:00,,30.9,74.0,0.0,11.3,248.0,1006.6,530.0
2025-06-05 06:00:00,,30.9,74.0,0.0,11.2,244.0,1005.7,620.0
2025-06-05 07:00:00,,31.2,71.0,0.1,9.6,233.0,1005.4,830.0
2025-06-05 08:00:00,,30.2,71.0,0.1,8.0,230.0,1005.7,725.0
2025-06-05 09:00:00,,27.1,84.0,7.6,5.7,242.0,1007.1,215.0
2025-06-05 10:00:00,,26.8,87.0,0.2,5.2,117.0,1007.6,280.0
2025-06-05 11:00:00,,26.5,89.0,0.1,8.2,41.0,1007.6,200.0
2025-06-05 12:00:00,,26.7,88.0,0.0,2.7,180.0,1008.7,170.0
2025-06-05 13:00:00,,26.3,93.0,2.7,5.6,75.0,1008.9,135.0
2025-06-05 14:00:00,,25.8,94.0,0.1,8.2,68.0,1009.3,245.0
2025-06-05 15:00:00,,26.2,86.0,0.0,1.3,34.0,1008.6,90.0
2025-06-05 16:00:00,,26.2,87.0,0.0,3.5,102.0,1007.6,105.0
2025-06-05 17:00:00,,26.4,85.0,0.0,2.0,350.0,1007.0,120.0
2025-06-05 18:00:00,,26.4,86.0,0.0,1.6,117.0,1006.7,90.0
2025-06-05 19:00:00,,26.4,88.0,0.0,1.8,180.0,1006.7,105.0
2025-06-05 20:00:00,,25.5,90.0,0.4,10.7,210.0,1007.6,320.0
2025-06-05 21:00:00,,25.6,90.0,0.4,1.9,236.0,1007.3,190.0
2025-06-05 22:00:00,,25.9,89.0,0.0,4.7,83.0,1007.1,185.0
2025-06-05 23:00:00,,26.6,87.0,0.0,2.5,210.0,1008.0,285.0
2025-06-06 00:00:00,,27.6,83.0,0.0,0.8,117.0,1008.0,515.0
2025-06-06 01:00:00,,29.5,75.0,0.0,1.3,304.0,1007.7,580.0
2025-06-06 02:00:00,,30.2,74.0,0.0,3.5,305.0,1007.5,680.0
2025-06-06 03:00:00,,30.8,72.0,0.0,5.3,280.0,1006.9,695.0
2025-06-06 04:00:00,,31.2,72.0,0.0,7.9,267.0,1006.3,625.0
2025-06-06 05:00:00,,31.4,72.0,0.1,8.3,254.0,1005.3,575.0
2025-06-06 06:00:00,,30.8,74.0,0.6,4.3,298.0,1005.2,450.0
2025-06-06 07:00:00,,29.5,76.0,1.6,1.7,283.0,1005.2,445.0
2025-06-06 08:00:00,,29.3,79.0,0.1,1.8,101.0,1004.6,405.0
2025-06-06 09:00:00,,29.2,79.0,0.2,5.0,210.0,1005.0,315.0
2025-06-06 10:00:00,,26.3,89.0,10.9,6.9,9.0,1006.2,205.0
2025-06-06 11:00:00,,25.9,88.0,0.4,3.0,25.0,1006.7,185.0
2025-06-06 12:00:00,,25.3,92.0,1.8,6.7,59.0,1007.4,120.0
2025-06-06 13:00:00,,27.5,87.0,0.0,9.0,301.0,1007.5,360.0
2025-06-06 14:00:00,,27.2,88.0,0.3,7.3,344.0,1008.0,360.0
2025-06-06 15:00:00,,26.7,90.0,0.1,6.7,344.0,1007.7,310.0
2025-06-06 16:00:00,,26.3,93.0,0.0,5.6,354.0,1007.1,250.0
2025-06-06 17:00:00,,26.1,93.0,0.0,5.5,351.0,1006.4,215.0
2025-06-06 18:00:00,,25.9,93.0,0.0,5.2,356.0,1005.9,185.0
2025-06-06 19:00:00,,25.7,93.0,0.0,4.7,2.0,1005.7,175.0
2025-06-06 20:00:00,,25.6,93.0,0.0,4.0,21.0,1005.8,170.0
2025-06-06 21:00:00,,25.4,94.0,0.0,4.9,17.0,1005.7,165.0
2025-06-06 22:00:00,,25.2,95.0,0.0,4.2,12.0,1006.1,135.0
2025-06-06 23:00:00,,25.8,93.0,0.0,4.5,2.0,1006.7,175.0
2025-06-07 00:00:00,,26.6,89.0,0.0,5.0,2.0,1007.0,255.0
2025-06-07 01:00:00,,28.2,81.0,0.0,4.4,308.0,1007.1,420.0
2025-06-07 02:00:00,,28.9,77.0,0.0,5.4,300.0,1007.4,550.0
2025-06-07 03:00:00,,29.5,75.0,0.1,5.8,272.0,1006.6,585.0
2025-06-07 04:00:00,,29.8,75.0,0.2,6.7,250.0,1005.9,475.0
2025-06-07 05:00:00,,27.6,83.0,3.1,7.2,118.0,1005.7,260.0
2025-06-07 06:00:00,,28.2,84.0,0.4,1.4,50.0,1004.7,215.0
2025-06-07 07:00:00,,28.1,82.0,1.6,5.1,274.0,1004.6,590.0
2025-06-07 08:00:00,,27.8,80.0,0.5,5.6,255.0,1004.5,370.0
2025-06-07 09:00:00,,27.9,79.0,0.1,5.7,224.0,1004.9,540.0
2025-06-07 10:00:00,,27.5,82.0,0.1,5.6,268.0,1005.4,375.0
2025-06-07 11:00:00,,26.9,84.0,0.7,0.7,180.0,1005.6,35.0
2025-06-07 12:00:00,,27.0,85.0,0.0,1.4,67.0,1006.2,300.0
2025-06-07 13:00:00,,26.2,90.0,1.3,4.8,214.0,1006.3,180.0
2025-06-07 14:00:00,,26.1,90.0,0.1,3.1,332.0,1006.7,155.0
2025-06-07 15:00:00,,26.1,91.0,0.1,2.5,21.0,1006.4,150.0
2025-06-07 16:00:00,,26.1,92.0,0.2,3.1,353.0,1006.1,185.0
2025-06-07 17:00:00,,26.2,87.0,0.2,4.3,336.0,1005.4,220.0
2025-06-07 18:00:00,,25.8,91.0,0.1,6.6,325.0,1004.9,240.0
2025-06-07 19:00:00,,25.7,91.0,1.6,6.3,321.0,1004.5,235.0
2025-06-07 20:00:00,,25.1,95.0,1.4,8.4,337.0,1004.6,255.0
2025-06-07 21:00:00,,24.8,96.0,1.7,8.3,5.0,1004.5,250.0
2025-06-07 22:00:00,,24.7,95.0,1.3,8.4,16.0,1005.0,260.0
2025-06-07 23:00:00,,25.1,92.0,0.4,6.5,23.0,1005.6,240.0
2025-06-08 00:00:00,,25.2,93.0,2.2,6.4,32.0,1005.9,225.0
2025-06-08 01:00:00,,26.9,84.0,0.0,4.3,268.0,1005.7,405.0
2025-06-08 02:00:00,,27.6,81.0,0.0,5.3,294.0,1005.6,470.0
2025-06-08 03:00:00,,28.2,81.0,0.0,5.5,251.0,1005.2,590.0
2025-06-08 04:00:00,,28.4,79.0,0.1,8.2,247.0,1004.3,535.0
2025-06-08 05:00:00,,28.5,80.0,0.0,6.8,235.0,1003.4,480.0
2025-06-08 06:00:00,,28.4,81.0,0.0,9.2,225.0,1002.8,540.0
2025-06-08 07:00:00,,28.7,76.0,0.0,11.1,241.0,1002.3,620.0
2025-06-08 08:00:00,,27.3,83.0,1.6,10.6,226.0,1002.5,495.0
2025-06-08 09:00:00,,27.0,85.0,0.6,11.8,227.0,1002.6,460.0
2025-06-08 10:00:00,,26.8,89.0,1.2,6.8,241.0,1003.3,285.0
2025-06-08 11:00:00,,26.4,92.0,0.9,5.3,235.0,1004.2,345.0
2025-06-08 12:00:00,,26.5,92.0,0.2,4.8,243.0,1004.6,370.0
2025-06-08 13:00:00,,27.0,90.0,0.1,7.5,220.0,1004.4,480.0
2025-06-08 14:00:00,,27.1,86.0,0.1,8.7,223.0,1005.2,525.0
2025-06-08 15:00:00,,27.1,85.0,0.1,9.2,227.0,1005.2,580.0
2025-06-08 16:00:00,,27.0,87.0,0.0,9.4,209.0,1004.7,545.0
2025-06-08 17:00:00,,26.7,86.0,0.1,9.1,214.0,1003.9,530.0
2025-06-08 18:00:00,,26.4,88.0,0.0,7.9,193.0,1003.1,455.0
2025-06-08 19:00:00,,26.2,89.0,0.0,9.0,186.0,1002.8,410.0
2025-06-08 20:00:00,,26.0,90.0,0.2,8.5,207.0,1003.0,415.0
2025-06-08 21:00:00,,26.1,90.0,0.1,5.9,180.0,1003.4,335.0
2025-06-08 22:00:00,,25.9,92.0,0.0,5.6,184.0,1003.3,305.0
2025-06-08 23:00:00,,26.9,86.0,0.1,2.9,173.0,1003.7,425.0
2025-06-09 00:00:00,,27.6,83.0,0.1,6.9,208.0,1003.8,495.0
2025-06-09 01:00:00,,29.4,75.0,0.1,6.5,231.0,1003.7,715.0
2025-06-09 02:00:00,,29.9,72.0,0.1,8.8,226.0,1003.3,755.0
2025-06-09 03:00:00,,30.2,71.0,0.5,8.7,238.0,1002.8,785.0
2025-06-09 04:00:00,,29.9,73.0,0.6,11.5,243.0,1001.9,615.0
2025-06-09 05:00:00,,30.1,73.0,0.5,15.5,231.0,1001.5,745.0
2025-06-09 06:00:00,,29.9,74.0,0.4,16.4,227.0,1001.3,835.0
2025-06-09 07:00:00,,29.4,73.0,0.7,18.2,223.0,1000.8,830.0
2025-06-09 08:00:00,,28.5,79.0,1.8,16.0,221.0,1000.7,790.0
2025-06-09 09:00:00,,27.6,82.0,1.3,14.7,211.0,1001.3,620.0
2025-06-09 10:00:00,,26.4,87.0,1.4,10.4,214.0,1002.1,530.0
2025-06-09 11:00:00,,26.7,89.0,1.5,9.1,205.0,1002.3,505.0
2025-06-09 12:00:00,,26.9,88.0,0.0,10.5,192.0,1002.3,540.0
2025-06-09 13:00:00,,26.8,91.0,0.2,9.6,140.0,1003.4,350.0
2025-06-09 14:00:00,,27.0,89.0,0.1,8.2,154.0,1003.4,435.0
2025-06-09 15:00:00,,27.1,87.0,0.0,6.7,182.0,1003.7,495.0
2025-06-09 16:00:00,,26.9,86.0,0.0,8.4,189.0,1002.6,485.0
2025-06-09 17:00:00,,26.9,85.0,0.0,9.2,177.0,1002.0,430.0
2025-06-09 18:00:00,,26.7,87.0,0.0,4.1,142.0,1001.5,195.0
2025-06-09 19:00:00,,26.7,87.0,0.0,2.7,113.0,1001.2,75.0
2025-06-09 20:00:00,,26.5,89.0,0.0,2.3,72.0,1000.9,65.0
2025-06-09 21:00:00,,26.4,89.0,0.0,3.4,65.0,1001.2,55.0
2025-06-09 22:00:00,,26.5,89.0,0.0,3.0,65.0,1001.7,45.0
2025-06-09 23:00:00,,27.5,84.0,0.8,4.5,293.0,1002.4,155.0
2025-06-10 00:00:00,,27.1,84.0,0.7,6.3,215.0,1002.8,380.0
2025-06-10 01:00:00,,29.5,74.0,0.1,6.1,156.0,1003.3,655.0
2025-06-10 02:00:00,,30.1,72.0,0.0,7.9,176.0,1003.3,930.0
2025-06-10 03:00:00,,29.3,73.0,0.2,11.4,229.0,1003.0,500.0
2025-06-10 04:00:00,,27.7,84.0,0.4,15.1,229.0,1002.7,415.0
2025-06-10 05:00:00,,27.7,83.0,0.5,17.4,216.0,1002.4,410.0
2025-06-10 06:00:00,,28.0,83.0,2.4,11.0,210.0,1002.1,370.0
2025-06-10 07:00:00,,27.8,84.0,0.7,6.5,222.0,1001.2,335.0
2025-06-10 08:00:00,,27.8,79.0,3.8,9.0,224.0,1001.4,435.0
2025-06-10 09:00:00,,26.5,88.0,3.0,12.6,217.0,1001.7,460.0
2025-06-10 10:00:00,,26.4,91.0,2.6,8.9,209.0,1002.6,425.0
2025-06-10 11:00:00,,26.1,93.0,1.3,8.3,200.0,1002.6,380.0
2025-06-10 12:00:00,,26.1,93.0,0.4,4.5,185.0,1003.4,330.0
2025-06-10 13:00:00,,26.5,92.0,0.2,3.2,106.0,1003.8,60.0
2025-06-10 14:00:00,,26.2,93.0,0.1,2.9,101.0,1004.0,50.0
2025-06-10 15:00:00,,26.1,94.0,1.7,2.6,102.0,1003.9,45.0
2025-06-10 16:00:00,,26.1,93.0,0.2,3.9,106.0,1003.6,55.0
2025-06-10 17:00:00,,25.8,95.0,0.1,2.7,113.0,1003.1,40.0
2025-06-10 18:00:00,,26.0,92.0,0.0,1.5,83.0,1002.7,40.0
2025-06-10 19:00:00,,26.0,93.0,0.1,2.3,209.0,1001.5,45.0
2025-06-10 20:00:00,,25.9,93.0,0.1,2.3,180.0,1001.5,35.0
2025-06-10 21:00:00,,25.8,94.0,0.1,2.1,128.0,1002.1,35.0
2025-06-10 22:00:00,,26.3,91.0,0.0,5.6,84.0,1002.9,95.0
2025-06-10 23:00:00,,26.7,91.0,0.9,2.5,98.0,1003.5,85.0
2025-06-11 00:00:00,,27.3,87.0,0.2,3.3,193.0,1003.6,330.0
2025-06-11 01:00:00,,26.8,90.0,2.7,3.8,185.0,1004.2,595.0
2025-06-11 02:00:00,,26.7,90.0,1.7,4.9,208.0,1004.3,410.0
2025-06-11 03:00:00,,27.5,84.0,1.4,9.5,209.0,1004.2,655.0
2025-06-11 04:00:00,,27.4,85.0,1.0,10.8,216.0,1003.6,770.0
2025-06-11 05:00:00,,27.7,83.0,0.9,13.4,212.0,1003.3,850.0
2025-06-11 06:00:00,,27.7,81.0,1.7,14.5,216.0,1002.8,820.0
2025-06-11 07:00:00,,27.1,87.0,4.3,15.1,225.0,1002.6,735.0
2025-06-11 08:00:00,,27.0,86.0,2.0,16.0,219.0,1002.7,670.0
2025-06-11 09:00:00,,26.8,90.0,2.0,13.4,206.0,1003.2,635.0
2025-06-11 10:00:00,,26.5,91.0,1.4,9.2,211.0,1003.6,580.0
2025-06-11 11:00:00,,26.4,93.0,0.8,7.9,215.0,1003.9,335.0
2025-06-11 12:00:00,,26.3,95.0,0.5,2.5,188.0,1004.3,45.0
2025-06-11 13:00:00,,26.8,87.0,0.4,15.5,224.0,1005.1,550.0
2025-06-11 14:00:00,,26.6,91.0,0.4,12.3,212.0,1005.5,475.0
2025-06-11 15:00:00,,26.7,90.0,0.6,9.6,208.0,1005.4,520.0
2025-06-11 16:00:00,,26.6,90.0,0.4,9.5,213.0,1005.1,440.0
2025-06-11 17:00:00,,26.6,91.0,0.4,5.8,200.0,1004.7,335.0
2025-06-11 18:00:00,,26.3,93.0,0.6,6.4,142.0,1004.2,205.0
2025-06-11 19:00:00,,26.1,94.0,0.7,6.4,135.0,1004.4,245.0
2025-06-11 20:00:00,,26.1,94.0,1.2,4.4,111.0,1004.4,165.0
2025-06-11 21:00:00,,26.1,93.0,2.2,4.7,133.0,1004.6,280.0
2025-06-11 22:00:00,,26.4,90.0,0.2,6.3,165.0,1005.6,350.0
2025-06-11 23:00:00,,26.2,91.0,3.2,5.2,200.0,1006.3,465.0
2025-06-12 00:00:00,,27.0,85.0,3.1,8.9,205.0,1007.0,530.0
2025-06-12 01:00:00,,26.8,84.0,0.7,7.7,177.0,1007.3,560.0
2025-06-12 02:00:00,,27.5,83.0,0.8,5.8,180.0,1007.6,550.0
2025-06-12 03:00:00,,27.7,82.0,0.5,5.1,153.0,1007.8,490.0
2025-06-12 04:00:00,,27.8,83.0,0.4,7.9,145.0,1007.2,590.0
2025-06-12 05:00:00,,28.4,81.0,0.2,9.4,154.0,1006.8,600.0
2025-06-12 06:00:00,,28.4,81.0,0.3,8.9,152.0,1006.8,540.0
2025-06-12 07:00:00,,28.0,83.0,0.4,9.5,144.0,1006.4,535.0
2025-06-12 08:00:00,,27.7,85.0,0.2,8.9,137.0,1006.5,475.0
2025-06-12 09:00:00,,27.5,87.0,0.2,8.7,143.0,1006.8,410.0
2025-06-12 10:00:00,,27.5,87.0,0.0,8.3,156.0,1007.4,405.0
2025-06-12 11:00:00,,27.3,88.0,0.2,10.1,153.0,1007.9,395.0
2025-06-12 12:00:00,,27.2,88.0,0.1,11.0,146.0,1008.3,375.0
2025-06-12 13:00:00,,27.5,86.0,0.0,8.3,160.0,1009.0,350.0
2025-06-12 14:00:00,,27.5,87.0,0.0,7.4,162.0,1009.4,335.0
2025-06-12 15:00:00,,27.3,88.0,0.1,7.2,162.0,1009.9,310.0
2025-06-12 16:00:00,,27.2,89.0,0.0,6.7,149.0,1009.8,260.0
2025-06-12 17:00:00,,27.1,89.0,0.0,7.4,124.0,1009.1,265.0
2025-06-12 18:00:00,,27.0,90.0,0.0,7.2,129.0,1008.7,330.0
2025-06-12 19:00:00,,27.0,90.0,0.0,8.8,136.0,1008.1,365.0
2025-06-12 20:00:00,,27.0,90.0,0.0,10.2,141.0,1007.9,420.0
2025-06-12 21:00:00,,26.9,90.0,0.0,8.7,135.0,1007.9,385.0
2025-06-12 22:00:00,,26.9,90.0,0.0,6.7,146.0,1008.5,310.0
2025-06-12 23:00:00,,27.3,88.0,0.0,9.6,140.0,1009.1,390.0
2025-06-13 00:00:00,,27.7,86.0,0.0,8.9,144.0,1009.6,415.0
2025-06-13 01:00:00,,28.9,80.0,0.0,8.7,140.0,1010.2,505.0
2025-06-13 02:00:00,,29.6,76.0,0.0,6.5,132.0,1010.5,575.0
2025-06-13 03:00:00,,30.6,71.0,0.0,5.6,138.0,1010.4,715.0
2025-06-13 04:00:00,,31.2,67.0,0.0,4.7,140.0,1010.0,780.0
2025-06-13 05:00:00,,31.4,65.0,0.1,4.9,152.0,1009.7,800.0
2025-06-13 06:00:00,,31.3,66.0,0.1,5.2,182.0,1009.0,760.0
2025-06-13 07:00:00,,31.1,67.0,0.0,3.9,158.0,1008.2,650.0
2025-06-13 08:00:00,,31.3,66.0,0.0,2.7,127.0,1007.9,635.0
2025-06-13 09:00:00,,31.2,65.0,0.0,3.4,115.0,1008.1,575.0
2025-06-13 10:00:00,,30.0,72.0,0.6,8.1,95.0,1009.1,475.0
2025-06-13 11:00:00,,29.1,77.0,0.0,11.4,111.0,1009.8,500.0
2025-06-13 12:00:00,,28.2,81.0,0.0,9.6,123.0,1010.3,345.0
2025-06-13 13:00:00,,28.8,79.0,0.0,7.0,108.0,1010.9,175.0
2025-06-13 14:00:00,,28.5,79.0,0.0,5.6,105.0,1011.2,125.0
2025-06-13 15:00:00,,28.1,79.0,0.0,6.3,103.0,1011.0,125.0
2025-06-13 16:00:00,,27.8,78.0,0.0,6.5,118.0,1010.5,135.0
2025-06-13 17:00:00,,27.6,82.0,0.0,7.3,140.0,1010.1,200.0
2025-06-13 18:00:00,,27.6,84.0,0.0,3.6,110.0,1009.0,135.0
2025-06-13 19:00:00,,27.3,85.0,0.0,4.5,130.0,1008.9,140.0
2025-06-13 20:00:00,,27.2,87.0,0.0,3.7,141.0,1008.6,155.0
2025-06-13 21:00:00,,27.0,88.0,0.0,4.0,111.0,1008.2,150.0
2025-06-13 22:00:00,,26.8,90.0,0.0,6.0,100.0,1008.1,165.0
2025-06-13 23:00:00,,27.5,88.0,0.0,6.8,108.0,1008.7,260.0
2025-06-14 00:00:00,,28.4,86.0,0.0,6.3,125.0,1008.9,330.0
2025-06-14 01:00:00,,29.4,79.0,0.0,2.7,188.0,1009.6,250.0
2025-06-14 02:00:00,,31.2,67.0,0.1,4.7,118.0,1009.5,825.0
2025-06-14 03:00:00,,32.1,62.0,0.1,2.7,86.0,1009.1,1010.0
2025-06-14 04:00:00,,32.5,61.0,0.0,1.9,299.0,1008.3,1135.0
2025-06-14 05:00:00,,32.4,63.0,0.0,3.4,295.0,1007.7,1075.0
2025-06-14 06:00:00,,32.8,60.0,0.1,2.3,270.0,1007.1,1065.0
2025-06-14 07:00:00,,33.0,58.0,0.2,3.2,236.0,1006.4,1095.0
2025-06-14 08:00:00,,32.6,60.0,0.0,5.0,199.0,1006.3,1050.0
2025-06-14 09:00:00,,32.0,64.0,0.1,8.8,168.0,1006.5,860.0
2025-06-14 10:00:00,,30.9,72.0,0.0,12.4,152.0,1006.9,690.0
2025-06-14 11:00:00,,29.9,76.0,0.0,15.2,134.0,1007.6,505.0
2025-06-14 12:00:00,,29.2,79.0,0.0,14.4,131.0,1008.5,410.0
2025-06-14 13:00:00,,29.5,78.0,0.0,12.1,137.0,1008.8,380.0
2025-06-14 14:00:00,,29.3,79.0,0.0,11.0,138.0,1009.7,370.0
2025-06-14 15:00:00,,29.0,81.0,0.0,10.3,133.0,1009.5,415.0
2025-06-14 16:00:00,,28.4,82.0,0.0,12.1,127.0,1009.2,375.0
2025-06-14 17:00:00,,27.9,83.0,0.0,9.2,121.0,1008.6,285.0
2025-06-14 18:00:00,,27.7,84.0,0.0,2.6,39.0,1008.4,245.0
2025-06-14 19:00:00,,27.3,86.0,0.0,4.6,26.0,1008.0,185.0
2025-06-14 20:00:00,,26.7,90.0,0.0,3.3,351.0,1008.0,140.0
2025-06-14 21:00:00,,26.6,90.0,0.0,3.1,315.0,1008.0,120.0
2025-06-14 22:00:00,,26.5,91.0,0.0,2.1,340.0,1008.3,110.0
2025-06-14 23:00:00,,26.8,91.0,0.0,2.1,52.0,1008.6,125.0
2025-06-15 00:00:00,,28.2,83.0,0.1,4.5,119.0,1009.0,420.0
2025-06-15 01:00:00,,30.3,70.0,0.0,8.3,138.0,1008.6,710.0
2025-06-15 02:00:00,,31.2,66.0,0.0,8.9,146.0,1008.5,830.0
2025-06-15 03:00:00,,31.8,63.0,0.0,9.7,146.0,1007.9,875.0
2025-06-15 04:00:00,,32.4,59.0,0.0,10.4,150.0,1007.2,925.0
2025-06-15 05:00:00,,33.1,55.0,0.0,9.3,156.0,1006.6,975.0
2025-06-15 06:00:00,,33.4,53.0,0.0,8.0,162.0,1005.8,1015.0
2025-06-15 07:00:00,,33.6,51.0,0.0,8.9,161.0,1005.6,1140.0
2025-06-15 08:00:00,,31.0,60.0,0.3,15.7,171.0,1006.4,635.0
2025-06-15 09:00:00,,30.4,65.0,0.2,6.8,148.0,1006.4,585.0
2025-06-15 10:00:00,,30.2,68.0,0.0,8.3,136.0,1007.2,545.0
2025-06-15 11:00:00,,29.7,70.0,0.0,7.7,150.0,1007.8,450.0
2025-06-15 12:00:00,,29.6,73.0,0.0,6.6,137.0,1008.3,490.0
2025-06-15 13:00:00,,26.7,82.0,0.1,1.6,297.0,1009.5,180.0
2025-06-15 14:00:00,,26.8,82.0,0.1,4.0,216.0,1010.2,370.0
2025-06-15 15:00:00,,26.3,83.0,0.2,6.3,141.0,1010.4,265.0
2025-06-15 16:00:00,,26.1,84.0,0.0,5.0,109.0,1009.7,220.0
2025-06-15 17:00:00,,26.0,85.0,0.0,4.5,83.0,1009.3,220.0
2025-06-15 18:00:00,,25.8,86.0,0.0,4.7,58.0,1008.6,165.0
2025-06-15 19:00:00,,25.8,86.0,0.0,4.8,34.0,1008.1,120.0
2025-06-15 20:00:00,,25.8,87.0,0.0,4.1,52.0,1008.2,100.0
2025-06-15 21:00:00,,25.8,88.0,0.0,4.5,61.0,1008.6,85.0
2025-06-15 22:00:00,,26.0,88.0,0.0,3.8,59.0,1008.8,70.0
2025-06-15 23:00:00,,26.9,84.0,0.0,3.2,47.0,1009.1,115.0
2025-06-16 00:00:00,,28.2,78.0,0.0,2.5,69.0,1009.4,405.0
2025-06-16 01:00:00,,30.4,66.0,0.0,3.5,111.0,1009.8,725.0
2025-06-16 02:00:00,,31.4,61.0,0.1,7.0,132.0,1009.5,945.0
2025-06-16 03:00:00,,32.4,58.0,0.0,9.3,133.0,1009.0,1095.0
2025-06-16 04:00:00,,32.6,57.0,0.0,10.3,137.0,1008.3,1150.0
2025-06-16 05:00:00,,32.5,59.0,0.0,10.3,123.0,1007.8,1215.0
2025-06-16 06:00:00,,31.0,64.0,0.1,6.8,112.0,1007.3,655.0
2025-06-16 07:00:00,,31.9,59.0,0.0,3.8,135.0,1006.9,1060.0
2025-06-16 08:00:00,,31.1,62.0,0.0,9.0,133.0,1007.2,815.0
2025-06-16 09:00:00,,29.6,71.0,0.1,4.5,130.0,1007.9,615.0
2025-06-16 10:00:00,,29.6,70.0,0.0,5.6,123.0,1007.9,700.0
2025-06-16 11:00:00,,29.4,72.0,0.0,6.3,129.0,1008.0,710.0
2025-06-16 12:00:00,,29.3,74.0,0.0,7.3,123.0,1008.6,670.0
2025-06-16 13:00:00,,29.4,73.0,0.0,9.5,166.0,1009.4,490.0
2025-06-16 14:00:00,,29.0,75.0,0.0,8.4,149.0,1009.8,460.0
2025-06-16 15:00:00,,28.5,76.0,0.3,9.3,126.0,1009.9,495.0
2025-06-16 16:00:00,,27.6,83.0,0.0,9.8,120.0,1009.4,420.0
2025-06-16 17:00:00,,27.5,84.0,0.3,7.4,131.0,1009.4,360.0
2025-06-16 18:00:00,,27.2,85.0,0.6,4.3,118.0,1008.9,265.0
2025-06-16 19:00:00,,27.1,84.0,0.8,3.8,82.0,1008.8,235.0
2025-06-16 20:00:00,,26.7,88.0,0.2,4.6,26.0,1008.7,240.0
2025-06-16 21:00:00,,26.1,91.0,0.2,6.8,11.0,1009.1,230.0
2025-06-16 22:00:00,,26.1,91.0,0.0,5.6,6.0,1009.3,190.0
2025-06-16 23:00:00,,26.4,88.0,0.0,4.0,10.0,1009.6,205.0
2025-06-17 00:00:00,,27.7,79.0,0.1,1.9,29.0,1010.0,430.0
2025-06-17 01:00:00,,26.6,85.0,1.0,6.1,168.0,1010.5,310.0
2025-06-17 02:00:00,,28.4,76.0,0.3,5.6,115.0,1010.6,520.0
2025-06-17 03:00:00,,29.9,71.0,0.1,4.0,162.0,1009.7,920.0
2025-06-17 04:00:00,,29.8,71.0,0.1,7.9,156.0,1008.9,755.0
2025-06-17 05:00:00,,29.3,72.0,0.2,5.4,140.0,1008.5,730.0
2025-06-17 06:00:00,,28.9,75.0,0.1,6.1,113.0,1008.0,600.0
2025-06-17 07:00:00,,28.5,78.0,0.2,3.8,8.0,1007.5,525.0
2025-06-17 08:00:00,,28.0,80.0,0.2,3.5,285.0,1007.7,330.0
2025-06-17 09:00:00,,27.4,80.0,0.8,6.0,171.0,1008.2,400.0
2025-06-17 10:00:00,,26.7,82.0,1.8,0.8,243.0,1008.7,225.0
2025-06-17 11:00:00,,25.8,88.0,4.5,6.9,81.0,1008.8,240.0
2025-06-17 12:00:00,,25.9,88.0,0.3,4.2,36.0,1009.6,150.0
2025-06-17 13:00:00,,25.8,91.0,0.8,3.1,353.0,1009.6,135.0
2025-06-17 14:00:00,,25.9,90.0,0.3,3.6,27.0,1010.1,205.0
2025-06-17 15:00:00,,25.2,95.0,2.2,6.5,42.0,1010.3,160.0
2025-06-17 16:00:00,,24.7,95.0,2.8,7.4,39.0,1009.9,195.0
2025-06-17 17:00:00,,24.7,97.0,7.3,4.7,18.0,1009.2,135.0
2025-06-17 18:00:00,,24.7,97.0,4.2,5.7,55.0,1009.0,145.0
2025-06-17 19:00:00,,24.5,97.0,1.5,3.6,53.0,1008.7,110.0
2025-06-17 20:00:00,,24.5,95.0,1.1,4.9,84.0,1008.6,200.0
2025-06-17 21:00:00,,24.3,95.0,2.4,4.5,140.0,1008.6,210.0
2025-06-17 22:00:00,,24.7,94.0,0.5,4.6,51.0,1008.9,175.0
2025-06-17 23:00:00,,25.0,93.0,0.2,4.6,39.0,1009.4,165.0
2025-06-18 00:00:00,,25.6,91.0,0.2,6.2,33.0,1009.8,235.0
2025-06-18 01:00:00,,26.5,89.0,0.2,2.1,105.0,1010.2,315.0
2025-06-18 02:00:00,,27.6,86.0,0.6,6.4,142.0,1010.0,600.0
2025-06-18 03:00:00,,28.1,82.0,0.5,8.9,126.0,1009.7,680.0
2025-06-18 04:00:00,,28.5,78.0,0.2,9.2,149.0,1009.5,640.0
2025-06-18 05:00:00,,28.1,79.0,0.2,9.7,121.0,1008.8,500.0
2025-06-18 06:00:00,,27.6,80.0,0.7,11.0,132.0,1008.5,465.0
2025-06-18 07:00:00,,27.1,83.0,0.2,3.3,135.0,1007.8,260.0
2025-06-18 08:00:00,,27.5,83.0,0.1,2.6,164.0,1007.7,295.0
2025-06-18 09:00:00,,27.8,82.0,0.0,2.2,114.0,1008.0,390.0
2025-06-18 10:00:00,,27.6,81.0,0.3,4.3,75.0,1008.6,350.0
2025-06-18 11:00:00,,27.3,85.0,0.0,4.3,73.0,1008.9,270.0
2025-06-18 12:00:00,,27.0,87.0,0.0,3.2,71.0,1009.4,170.0
2025-06-18 13:00:00,,26.2,89.0,1.8,0.9,169.0,1009.6,50.0
2025-06-18 14:00:00,,26.1,90.0,0.0,3.6,33.0,1009.9,125.0
2025-06-18 15:00:00,,25.8,92.0,0.0,5.0,46.0,1009.6,125.0
2025-06-18 16:00:00,,25.8,90.0,0.0,3.7,43.0,1008.9,110.0
2025-06-18 17:00:00,,25.3,93.0,0.0,2.1,52.0,1008.4,85.0
2025-06-18 18:00:00,,25.3,93.0,0.0,0.6,72.0,1007.8,25.0
2025-06-18 19:00:00,,25.4,92.0,0.0,0.7,166.0,1007.7,25.0
2025-06-18 20:00:00,,25.0,94.0,0.0,2.7,122.0,1007.7,65.0
2025-06-18 21:00:00,,25.4,93.0,0.0,4.6,116.0,1007.8,80.0
2025-06-18 22:00:00,,25.3,93.0,0.0,6.1,92.0,1008.4,115.0
2025-06-18 23:00:00,,26.0,90.0,0.0,4.5,61.0,1009.1,170.0
2025-06-19 00:00:00,,27.1,84.0,0.0,3.6,41.0,1009.3,350.0
2025-06-19 01:00:00,,28.4,81.0,0.1,2.3,356.0,1009.4,435.0
2025-06-19 02:00:00,,29.3,74.0,0.3,6.3,90.0,1009.4,740.0
2025-06-19 03:00:00,,30.6,67.0,0.0,9.3,114.0,1008.8,975.0
2025-06-19 04:00:00,,31.4,63.0,0.0,14.2,116.0,1008.2,1120.0
2025-06-19 05:00:00,,31.8,62.0,0.0,14.0,118.0,1007.1,1185.0
2025-06-19 06:00:00,,31.8,61.0,0.0,13.9,121.0,1006.6,1135.0
2025-06-19 07:00:00,,31.8,62.0,0.0,13.1,122.0,1005.9,1060.0
2025-06-19 08:00:00,,31.7,62.0,0.0,11.9,124.0,1005.9,1050.0
2025-06-19 09:00:00,,30.8,67.0,0.1,6.4,115.0,1006.5,795.0
2025-06-19 10:00:00,,29.9,71.0,0.0,4.0,87.0,1007.4,385.0
2025-06-19 11:00:00,,29.1,77.0,0.0,3.5,125.0,1007.9,180.0
2025-06-19 12:00:00,,28.4,81.0,0.0,3.7,141.0,1008.7,260.0
2025-06-19 13:00:00,,28.8,81.0,0.1,3.2,207.0,1009.2,85.0
2025-06-19 14:00:00,,28.6,81.0,0.0,4.7,148.0,1009.7,195.0
2025-06-19 15:00:00,,28.3,80.0,0.0,2.6,106.0,1009.5,145.0
2025-06-19 16:00:00,,27.6,84.0,0.0,2.3,108.0,1009.0,65.0
2025-06-19 17:00:00,,27.1,87.0,0.0,2.9,101.0,1008.0,65.0
2025-06-19 18:00:00,22.5,26.8,90.0,0.0,2.6,51.0,1007.8,60.0
2025-06-19 19:00:00,24.7,26.3,94.0,0.0,5.1,354.0,1007.7,120.0
2025-06-19 20:00:00,15.0,26.0,94.0,0.0,3.6,351.0,1007.9,120.0
2025-06-19 21:00:00,23.2,25.8,95.0,0.0,1.4,360.0,1008.2,40.0
2025-06-19 22:00:00,23.4,25.7,96.0,0.0,2.7,138.0,1008.5,70.0
2025-06-19 23:00:00,24.6,26.3,91.0,0.0,0.7,346.0,1008.4,170.0
2025-06-20 00:00:00,21.9,27.3,85.0,0.0,2.6,129.0,1008.8,315.0
2025-06-20 01:00:00,19.9,28.8,79.0,0.1,7.0,116.0,1009.1,510.0
2025-06-20 02:00:00,12.6,29.6,74.0,0.1,8.7,130.0,1009.0,660.0
2025-06-20 03:00:00,8.61,29.8,72.0,0.0,9.8,125.0,1008.9,735.0
2025-06-20 04:00:00,12.7,30.2,68.0,0.1,9.5,127.0,1008.3,710.0
2025-06-20 05:00:00,,30.7,65.0,0.0,9.3,133.0,1007.5,780.0
2025-06-20 06:00:00,15.1,31.6,62.0,0.0,8.8,149.0,1007.0,925.0
2025-06-20 07:00:00,,30.8,65.0,0.0,5.2,96.0,1006.8,850.0
2025-06-20 08:00:00,,30.5,67.0,0.0,2.4,42.0,1006.5,755.0
2025-06-20 09:00:00,11.0,29.6,69.0,0.4,3.3,13.0,1007.0,355.0
2025-06-20 10:00:00,16.1,28.2,77.0,0.0,6.4,133.0,1007.9,200.0
2025-06-20 11:00:00,,28.0,78.0,0.0,4.2,162.0,1008.1,160.0
2025-06-20 12:00:00,,27.9,79.0,0.0,3.0,104.0,1008.7,130.0
2025-06-20 13:00:00,,28.7,79.0,0.0,2.8,15.0,1009.0,245.0
2025-06-20 14:00:00,14.0,27.0,86.0,1.4,9.6,3.0,1010.1,185.0
2025-06-20 15:00:00,,26.1,89.0,0.6,5.1,10.0,1010.0,115.0
2025-06-20 16:00:00,20.2,25.5,92.0,1.6,6.7,358.0,1009.9,155.0
2025-06-20 17:00:00,,25.4,90.0,0.9,2.0,350.0,1009.6,110.0
2025-06-20 18:00:00,20.2,25.3,92.0,0.4,5.0,44.0,1008.7,110.0
2025-06-20 19:00:00,19.8,25.1,94.0,0.0,6.7,6.0,1007.9,160.0
2025-06-20 20:00:00,,25.1,93.0,0.0,7.7,11.0,1008.5,215.0
2025-06-20 21:00:00,14.7,24.9,92.0,0.0,6.8,11.0,1008.9,185.0
2025-06-20 22:00:00,16.6,25.1,91.0,0.0,4.0,21.0,1009.0,160.0
2025-06-20 23:00:00,21.8,25.8,89.0,0.0,2.3,4.0,1010.2,175.0
2025-06-21 00:00:00,25.8,26.9,86.0,0.0,2.9,30.0,1010.0,225.0
2025-06-21 01:00:00,22.9,29.2,73.0,0.0,9.9,127.0,1009.7,610.0
2025-06-21 02:00:00,,29.9,71.0,0.1,12.5,130.0,1009.6,755.0
2025-06-21 03:00:00,11.1,30.0,72.0,0.1,12.2,147.0,1008.7,715.0
2025-06-21 04:00:00,,30.5,70.0,0.0,10.0,142.0,1008.0,750.0
2025-06-21 05:00:00,15.5,31.1,67.0,0.0,9.3,156.0,1007.1,785.0
2025-06-21 06:00:00,19.2,31.7,63.0,0.0,7.2,176.0,1006.7,1045.0
2025-06-21 07:00:00,17.9,29.6,73.0,0.5,10.8,223.0,1006.5,340.0
2025-06-21 08:00:00,22.8,29.0,79.0,0.6,4.5,233.0,1007.0,520.0
2025-06-21 09:00:00,16.8,27.5,84.0,0.3,3.3,209.0,1007.6,430.0
2025-06-21 10:00:00,27.5,27.2,83.0,0.2,3.0,194.0,1007.7,340.0
2025-06-21 11:00:00,25.8,27.1,84.0,0.0,5.3,145.0,1008.3,330.0
2025-06-21 12:00:00,24.7,27.3,83.0,0.0,1.5,126.0,1009.4,335.0
2025-06-21 13:00:00,29.7,26.2,87.0,0.3,8.7,354.0,1009.8,220.0
2025-06-21 14:00:00,29.1,24.9,92.0,1.6,11.1,34.0,1010.5,180.0
2025-06-21 15:00:00,33.6,25.0,90.0,0.0,7.6,341.0,1010.1,160.0
2025-06-21 16:00:00,28.6,25.0,90.0,0.0,5.2,344.0,1009.8,190.0
2025-06-21 17:00:00,27.4,25.0,90.0,0.0,6.9,5.0,1009.4,210.0
2025-06-21 18:00:00,25.5,24.9,91.0,0.0,6.3,13.0,1008.9,200.0
2025-06-21 19:00:00,2.2,24.7,91.0,0.0,6.5,13.0,1008.5,190.0
2025-06-21 20:00:00,7.89,24.8,91.0,0.0,4.4,35.0,1008.6,145.0
2025-06-21 21:00:00,18.8,24.9,91.0,0.0,4.4,32.0,1008.3,145.0
2025-06-21 22:00:00,31.1,25.0,91.0,0.0,3.4,18.0,1008.6,150.0
2025-06-21 23:00:00,47.7,25.8,88.0,0.0,3.3,13.0,1009.4,185.0
2025-06-22 00:00:00,53.8,26.9,84.0,0.0,2.1,38.0,1009.2,260.0
2025-06-22 01:00:00,37.8,27.3,81.0,0.0,4.2,353.0,1009.3,275.0
2025-06-22 02:00:00,33.0,28.5,76.0,0.0,3.0,346.0,1009.2,490.0
2025-06-22 03:00:00,36.5,29.3,72.0,0.0,3.5,332.0,1008.7,595.0
2025-06-22 04:00:00,37.4,30.3,68.0,0.1,4.4,302.0,1008.1,815.0
2025-06-22 05:00:00,32.8,30.7,68.0,0.1,5.5,293.0,1007.1,990.0
2025-06-22 06:00:00,30.4,30.4,69.0,0.2,4.7,279.0,1006.7,640.0
2025-06-22 07:00:00,14.5,27.2,84.0,3.0,2.2,189.0,1006.8,305.0
2025-06-22 08:00:00,15.7,27.5,81.0,0.5,3.4,137.0,1006.8,360.0
2025-06-22 09:00:00,15.8,27.3,81.0,0.5,7.7,139.0,1007.0,490.0
2025-06-22 10:00:00,23.4,27.0,84.0,0.4,6.2,168.0,1007.1,380.0
2025-06-22 11:00:00,,26.8,86.0,0.2,6.1,140.0,1007.7,395.0
2025-06-22 12:00:00,25.4,26.8,88.0,0.1,4.6,135.0,1008.0,380.0
2025-06-22 13:00:00,29.5,26.5,95.0,2.0,4.7,176.0,1008.7,245.0
2025-06-22 14:00:00,21.3,26.4,96.0,1.0,4.0,82.0,1008.8,190.0
2025-06-22 15:00:00,18.9,26.4,95.0,1.2,2.3,108.0,1008.8,110.0
2025-06-22 16:00:00,17.2,26.5,93.0,0.8,2.7,180.0,1008.1,155.0
2025-06-22 17:00:00,23.4,26.5,93.0,0.1,4.1,157.0,1007.4,220.0
2025-06-22 18:00:00,20.3,26.3,89.0,0.2,2.0,207.0,1006.7,180.0
2025-06-22 19:00:00,17.1,26.5,87.0,0.2,0.7,104.0,1006.4,135.0
2025-06-22 20:00:00,21.3,25.9,87.0,1.7,1.4,230.0,1006.7,35.0
2025-06-22 21:00:00,20.6,25.5,92.0,1.8,5.0,178.0,1006.6,200.0
2025-06-22 22:00:00,23.4,25.6,91.0,3.2,0.9,233.0,1007.3,70.0
2025-06-22 23:00:00,18.3,25.6,90.0,2.8,2.4,54.0,1007.8,150.0
2025-06-23 00:00:00,22.0,25.9,89.0,0.9,5.0,60.0,1008.0,215.0
2025-06-23 01:00:00,27.1,27.4,82.0,0.0,2.2,66.0,1008.3,355.0
2025-06-23 02:00:00,34.9,28.3,79.0,0.1,1.4,203.0,1008.2,490.0
2025-06-23 03:00:00,37.2,28.2,79.0,0.3,2.6,231.0,1008.2,570.0
2025-06-23 04:00:00,34.2,27.5,84.0,0.8,3.5,204.0,1007.6,310.0
2025-06-23 05:00:00,35.4,27.0,83.0,1.2,5.8,150.0,1007.1,340.0
2025-06-23 06:00:00,28.2,27.6,82.0,1.1,6.3,121.0,1006.4,445.0
2025-06-23 07:00:00,5.46,27.3,84.0,1.0,5.1,135.0,1005.7,400.0
2025-06-23 08:00:00,12.6,27.1,85.0,0.8,5.6,130.0,1005.2,365.0
2025-06-23 09:00:00,17.9,27.0,86.0,0.4,5.0,142.0,1005.2,350.0
2025-06-23 10:00:00,26.0,26.8,85.0,0.3,4.9,156.0,1005.7,290.0
2025-06-23 11:00:00,24.0,26.5,89.0,0.3,6.1,135.0,1006.2,290.0
2025-06-23 12:00:00,,26.5,90.0,0.2,6.2,128.0,1006.4,285.0
2025-06-23 13:00:00,19.4,26.5,91.0,0.0,4.5,133.0,1006.9,245.0
2025-06-23 14:00:00,15.6,26.3,92.0,0.0,3.3,144.0,1007.1,80.0
2025-06-23 15:00:00,,26.0,94.0,0.0,0.7,194.0,1007.3,15.0
2025-06-23 16:00:00,27.3,25.9,94.0,0.0,0.4,207.0,1007.0,10.0
2025-06-23 17:00:00,,25.9,93.0,0.0,3.4,72.0,1006.4,45.0
2025-06-23 18:00:00,,25.6,93.0,0.0,3.8,85.0,1006.2,65.0
2025-06-23 19:00:00,,25.5,93.0,0.0,3.7,113.0,1006.1,70.0
2025-06-23 20:00:00,,25.4,92.0,0.0,5.1,98.0,1006.1,95.0
2025-06-23 21:00:00,25.0,25.5,90.0,0.0,4.5,83.0,1006.4,90.0
2025-06-23 22:00:00,23.2,25.5,89.0,0.0,3.1,77.0,1006.7,70.0
2025-06-23 23:00:00,27.3,26.2,88.0,0.0,3.5,99.0,1007.2,170.0
2025-06-24 00:00:00,23.0,27.4,83.0,0.0,2.6,146.0,1007.8,345.0
2025-06-24 01:00:00,12.7,28.8,77.0,0.0,4.2,137.0,1007.3,590.0
2025-06-24 02:00:00,14.2,30.0,68.0,0.0,7.6,135.0,1007.1,765.0
2025-06-24 03:00:00,,30.7,66.0,0.0,9.8,156.0,1007.1,945.0
2025-06-24 04:00:00,11.2,31.0,65.0,0.0,10.2,152.0,1006.7,1000.0
2025-06-24 05:00:00,14.5,30.0,67.0,0.1,14.5,216.0,1006.4,500.0
2025-06-24 06:00:00,20.9,28.5,81.0,0.5,11.1,222.0,1006.1,475.0
2025-06-24 07:00:00,,28.1,82.0,5.1,8.2,232.0,1006.2,395.0
2025-06-24 08:00:00,,27.6,85.0,0.5,5.1,207.0,1005.7,400.0
2025-06-24 09:00:00,,26.3,85.0,9.6,5.6,158.0,1006.5,185.0
2025-06-24 10:00:00,,25.9,88.0,5.3,4.1,151.0,1007.3,255.0
2025-06-24 11:00:00,24.7,25.7,89.0,0.6,6.5,103.0,1007.5,205.0
2025-06-24 12:00:00,20.6,25.5,91.0,0.0,5.7,72.0,1007.8,150.0
2025-06-24 13:00:00,21.0,26.3,91.0,0.0,2.8,108.0,1008.2,85.0
2025-06-24 14:00:00,10.5,26.0,92.0,0.0,2.7,94.0,1009.0,65.0
2025-06-24 15:00:00,17.7,25.9,92.0,0.0,2.5,82.0,1009.1,55.0
2025-06-24 16:00:00,22.3,26.2,90.0,0.0,4.3,105.0,1008.7,55.0
2025-06-24 17:00:00,22.7,26.3,88.0,0.0,3.6,99.0,1007.8,50.0
2025-06-24 18:00:00,20.8,26.2,88.0,0.0,3.1,97.0,1007.1,45.0
2025-06-24 19:00:00,19.2,25.9,91.0,0.0,1.8,24.0,1007.4,35.0
2025-06-24 20:00:00,18.7,25.2,92.0,0.0,3.3,54.0,1007.2,50.0
2025-06-24 21:00:00,21.3,25.0,92.0,0.1,3.1,90.0,1007.3,70.0
2025-06-24 22:00:00,18.6,25.4,89.0,0.0,5.7,81.0,1007.8,85.0
2025-06-24 23:00:00,26.9,26.1,87.0,0.0,4.9,100.0,1008.0,140.0
2025-06-25 00:00:00,30.3,27.6,80.0,0.0,3.7,137.0,1008.1,325.0
2025-06-25 01:00:00,26.1,29.0,75.0,0.0,2.2,132.0,1008.7,610.0
2025-06-25 02:00:00,17.6,29.8,70.0,0.0,2.3,184.0,1008.6,735.0
2025-06-25 03:00:00,,30.4,68.0,0.0,2.7,217.0,1008.5,780.0
2025-06-25 04:00:00,,30.7,67.0,0.0,4.8,245.0,1007.8,780.0
2025-06-25 05:00:00,19.2,30.7,69.0,0.0,7.8,257.0,1007.1,695.0
2025-06-25 06:00:00,25.6,30.0,70.0,0.2,9.1,260.0,1006.6,290.0
2025-06-25 07:00:00,14.7,29.2,76.0,0.2,4.8,245.0,1006.8,345.0
2025-06-25 08:00:00,15.8,29.6,71.0,0.1,6.7,185.0,1006.6,550.0
2025-06-25 09:00:00,16.2,29.3,70.0,0.3,7.8,193.0,1006.9,640.0
2025-06-25 10:00:00,20.1,28.0,80.0,0.3,7.2,193.0,1007.2,395.0
2025-06-25 11:00:00,32.3,27.2,87.0,0.1,4.7,203.0,1008.2,205.0
2025-06-25 12:00:00,31.1,25.6,93.0,5.2,2.6,254.0,1009.4,65.0
2025-06-25 13:00:00,,28.3,78.0,0.0,5.4,233.0,1009.2,575.0
2025-06-25 14:00:00,,28.3,79.0,0.0,1.0,211.0,1009.6,65.0
2025-06-25 15:00:00,18.5,28.0,81.0,0.0,2.2,228.0,1009.8,70.0
2025-06-25 16:00:00,,27.8,82.0,0.0,1.7,212.0,1009.3,55.0
2025-06-25 17:00:00,,27.5,84.0,0.0,2.2,189.0,1008.5,65.0
2025-06-25 18:00:00,12.9,27.3,83.0,0.1,5.0,232.0,1008.5,165.0
2025-06-25 19:00:00,10.9,26.7,87.0,0.0,6.6,259.0,1007.6,305.0
2025-06-25 20:00:00,,26.6,87.0,0.0,8.7,256.0,1007.7,360.0
2025-06-25 21:00:00,17.1,26.6,87.0,0.0,3.1,234.0,1007.3,305.0
2025-06-25 22:00:00,,26.6,88.0,0.0,4.0,231.0,1007.8,290.0
2025-06-25 23:00:00,27.9,27.3,83.0,0.0,3.4,238.0,1008.3,435.0
2025-06-26 00:00:00,,28.0,79.0,0.1,4.6,231.0,1008.9,540.0
2025-06-26 01:00:00,19.6,28.8,75.0,0.0,3.1,201.0,1009.2,605.0
2025-06-26 02:00:00,16.8,29.4,72.0,0.0,4.8,222.0,1008.8,695.0
2025-06-26 03:00:00,24.0,29.9,70.0,0.0,5.0,235.0,1008.6,760.0
2025-06-26 04:00:00,19.5,30.0,69.0,0.0,8.0,239.0,1008.2,780.0
2025-06-26 05:00:00,27.1,30.3,69.0,0.0,8.3,250.0,1007.4,760.0
2025-06-26 06:00:00,,29.7,73.0,0.4,9.0,213.0,1006.8,565.0
2025-06-26 07:00:00,,28.9,77.0,5.3,4.8,233.0,1006.8,460.0
2025-06-26 08:00:00,12.2,27.6,84.0,0.9,1.9,197.0,1006.7,240.0
2025-06-26 09:00:00,,27.2,82.0,2.6,8.4,203.0,1006.8,370.0
2025-06-26 10:00:00,19.1,26.9,84.0,0.7,12.4,234.0,1007.3,505.0
2025-06-26 11:00:00,,26.8,89.0,0.3,6.9,225.0,1007.5,470.0
2025-06-26 12:00:00,,25.9,91.0,1.3,8.5,232.0,1008.5,320.0
2025-06-26 13:00:00,,26.0,90.0,2.2,7.4,236.0,1008.7,370.0
2025-06-26 14:00:00,,25.6,90.0,4.3,6.5,210.0,1009.5,245.0
2025-06-26 15:00:00,15.5,25.8,91.0,0.2,1.9,236.0,1009.4,85.0
2025-06-26 16:00:00,4.11,25.5,93.0,0.5,4.2,234.0,1008.9,225.0
2025-06-26 17:00:00,1.17,25.8,91.0,0.2,6.0,243.0,1008.6,305.0
2025-06-26 18:00:00,0.665,25.8,91.0,0.4,2.5,278.0,1008.0,160.0
2025-06-26 19:00:00,,25.5,92.0,0.1,0.6,342.0,1007.8,70.0
2025-06-26 20:00:00,,25.4,92.0,0.0,1.8,360.0,1007.6,115.0
2025-06-26 21:00:00,,25.4,93.0,0.0,1.3,360.0,1007.4,80.0
2025-06-26 22:00:00,8.91,25.5,94.0,0.1,2.4,347.0,1007.3,105.0
2025-06-26 23:00:00,12.1,26.0,90.0,0.1,4.0,321.0,1007.7,215.0
2025-06-27 00:00:00,,26.6,88.0,0.2,4.8,307.0,1007.6,320.0
2025-06-27 01:00:00,,28.3,80.0,0.1,6.3,275.0,1008.2,505.0
2025-06-27 02:00:00,21.9,28.5,79.0,0.2,9.7,271.0,1008.4,515.0
2025-06-27 03:00:00,26.0,28.6,79.0,0.1,8.3,256.0,1007.8,495.0
2025-06-27 04:00:00,,28.7,78.0,0.1,12.1,243.0,1007.2,545.0
2025-06-27 05:00:00,10.3,29.0,77.0,0.0,14.9,242.0,1006.2,600.0
2025-06-27 06:00:00,11.5,29.0,80.0,0.1,16.6,236.0,1005.7,635.0
2025-06-27 07:00:00,14.5,29.0,76.0,0.8,15.7,234.0,1005.6,585.0
2025-06-27 08:00:00,12.1,27.5,84.0,3.2,7.6,236.0,1006.0,480.0
2025-06-27 09:00:00,9.23,27.4,83.0,0.3,9.6,230.0,1006.1,505.0
2025-06-27 10:00:00,12.2,27.2,86.0,0.6,7.1,240.0,1006.8,465.0
2025-06-27 11:00:00,15.6,27.4,85.0,0.1,5.1,225.0,1007.0,485.0
2025-06-27 12:00:00,13.1,26.4,91.0,0.5,3.7,247.0,1007.9,185.0
2025-06-27 13:00:00,6.48,25.4,90.0,2.4,5.2,346.0,1008.6,140.0
2025-06-27 14:00:00,9.01,24.5,93.0,6.0,9.6,40.0,1009.2,215.0
2025-06-27 15:00:00,0.363,24.6,91.0,0.2,7.7,65.0,1008.8,165.0
2025-06-27 16:00:00,0.45,24.7,90.0,0.0,2.8,55.0,1008.0,115.0
2025-06-27 17:00:00,2.46,25.0,88.0,0.0,1.9,61.0,1007.3,70.0
2025-06-27 18:00:00,1.97,25.2,87.0,0.0,3.1,357.0,1006.6,135.0
2025-06-27 19:00:00,7.82,25.2,88.0,0.0,4.1,38.0,1006.3,140.0
2025-06-27 20:00:00,19.0,25.1,91.0,0.0,2.6,34.0,1006.1,80.0
2025-06-27 21:00:00,,25.1,90.0,0.0,2.4,54.0,1006.2,45.0
2025-06-27 22:00:00,,25.1,91.0,0.0,1.3,135.0,1006.4,20.0
2025-06-27 23:00:00,,25.9,88.0,0.0,1.1,288.0,1006.6,175.0
2025-06-28 00:00:00,,27.1,84.0,0.0,4.0,288.0,1006.9,360.0
2025-06-28 01:00:00,,27.5,84.0,0.0,4.5,286.0,1007.8,470.0
2025-06-28 02:00:00,,28.4,79.0,0.2,7.0,274.0,1006.9,575.0
2025-06-28 03:00:00,14.7,29.5,73.0,0.1,8.0,260.0,1006.5,655.0
2025-06-28 04:00:00,14.6,29.8,73.0,0.0,10.5,257.0,1005.9,650.0
2025-06-28 05:00:00,11.2,29.2,77.0,0.1,11.8,245.0,1005.3,600.0
2025-06-28 06:00:00,,29.6,74.0,0.1,12.4,240.0,1004.5,730.0
2025-06-28 07:00:00,10.8,29.6,73.0,0.2,11.2,249.0,1004.2,740.0
2025-06-28 08:00:00,,29.4,73.0,0.1,10.2,253.0,1004.0,755.0
2025-06-28 09:00:00,,28.8,76.0,0.1,7.1,280.0,1004.5,620.0
2025-06-28 10:00:00,16.0,27.2,82.0,5.9,1.4,67.0,1004.9,120.0
2025-06-28 11:00:00,22.8,25.5,91.0,2.2,7.4,304.0,1005.8,215.0
2025-06-28 12:00:00,9.83,25.6,90.0,0.4,4.3,343.0,1005.8,165.0
2025-06-28 13:00:00,11.0,27.8,83.0,0.0,7.1,319.0,1005.6,325.0
2025-06-28 14:00:00,14.2,27.2,85.0,0.0,6.5,283.0,1005.6,360.0
2025-06-28 15:00:00,11.9,27.4,84.0,0.0,5.3,262.0,1005.4,380.0
2025-06-28 16:00:00,,27.1,84.0,0.1,7.6,251.0,1004.9,410.0
2025-06-28 17:00:00,9.32,27.0,84.0,0.0,7.2,266.0,1004.5,330.0
2025-06-28 18:00:00,21.2,26.4,87.0,0.1,6.6,296.0,1004.8,300.0
2025-06-28 19:00:00,22.0,26.0,89.0,0.3,2.2,24.0,1004.5,125.0
2025-06-28 20:00:00,23.2,26.0,88.0,0.0,1.6,153.0,1004.2,95.0
2025-06-28 21:00:00,18.9,25.5,91.0,0.1,0.2,270.0,1004.3,60.0
2025-06-28 22:00:00,22.9,26.1,85.0,0.3,0.6,162.0,1004.9,65.0
2025-06-28 23:00:00,,26.5,86.0,0.1,3.5,321.0,1005.5,305.0
2025-06-29 00:00:00,,26.6,86.0,0.2,1.1,270.0,1006.0,345.0
2025-06-29 01:00:00,,27.5,82.0,0.2,3.8,267.0,1005.9,465.0
2025-06-29 02:00:00,,28.2,79.0,0.1,6.2,262.0,1005.8,590.0
2025-06-29 03:00:00,,28.3,79.0,0.1,9.9,255.0,1005.6,625.0
2025-06-29 04:00:00,,27.6,82.0,0.2,10.7,230.0,1005.1,510.0
2025-06-29 05:00:00,,27.3,81.0,0.1,13.4,238.0,1005.0,545.0
2025-06-29 06:00:00,,27.5,81.0,3.5,12.3,236.0,1004.1,555.0
2025-06-29 07:00:00,,27.2,83.0,0.7,14.7,239.0,1003.9,530.0
2025-06-29 08:00:00,,27.5,81.0,0.5,12.2,246.0,1003.6,500.0
2025-06-29 09:00:00,,27.3,82.0,0.3,10.2,244.0,1003.2,465.0
2025-06-29 10:00:00,19.7,27.2,84.0,0.1,8.3,246.0,1003.9,440.0
2025-06-29 11:00:00,18.5,26.8,86.0,0.0,6.6,261.0,1004.6,330.0
2025-06-29 12:00:00,,26.5,90.0,0.2,4.4,263.0,1004.9,275.0
2025-06-29 13:00:00,,27.1,84.0,0.0,3.5,255.0,1005.0,295.0
2025-06-29 14:00:00,,26.4,87.0,1.0,7.1,277.0,1005.5,280.0
2025-06-29 15:00:00,,26.3,89.0,0.0,2.4,257.0,1005.4,215.0
2025-06-29 16:00:00,,26.2,89.0,0.0,5.1,238.0,1004.9,255.0
2025-06-29 17:00:00,,25.7,93.0,0.1,1.9,221.0,1004.8,80.0
2025-06-29 18:00:00,,25.4,94.0,0.1,1.8,204.0,1004.3,65.0
2025-06-29 19:00:00,,25.6,89.0,1.0,0.3,225.0,1004.4,45.0
2025-06-29 20:00:00,,25.3,89.0,3.7,1.5,225.0,1004.5,60.0
2025-06-29 21:00:00,,25.2,90.0,1.8,6.3,217.0,1004.7,240.0
2025-06-29 22:00:00,,25.2,92.0,0.1,4.5,166.0,1004.6,180.0
2025-06-29 23:00:00,,25.9,89.0,0.0,4.5,187.0,1005.1,260.0
2025-06-30 00:00:00,,26.7,85.0,0.1,2.6,196.0,1005.4,270.0
2025-06-30 01:00:00,24.2,28.1,79.0,0.1,2.8,215.0,1005.2,475.0
2025-06-30 02:00:00,26.8,28.7,79.0,0.0,4.7,238.0,1005.3,600.0
2025-06-30 03:00:00,25.8,28.8,79.0,0.1,7.8,244.0,1005.1,655.0
2025-06-30 04:00:00,,28.0,79.0,1.2,15.2,234.0,1004.9,555.0
2025-06-30 05:00:00,,28.4,80.0,0.7,11.1,224.0,1004.6,560.0
2025-06-30 06:00:00,,28.4,78.0,0.1,12.2,233.0,1004.3,590.0
2025-06-30 07:00:00,,26.6,83.0,7.6,15.4,215.0,1004.3,430.0
2025-06-30 08:00:00,18.1,26.5,87.0,1.4,12.1,223.0,1004.7,550.0
2025-06-30 09:00:00,,26.6,86.0,0.6,8.6,206.0,1004.5,410.0
2025-06-30 10:00:00,28.8,26.5,87.0,0.6,7.3,205.0,1004.9,410.0
2025-06-30 11:00:00,,26.0,92.0,0.4,6.0,190.0,1005.2,310.0
2025-06-30 12:00:00,11.5,26.1,91.0,0.1,4.7,180.0,1005.7,290.0
2025-06-30 13:00:00,,26.3,90.0,0.3,6.6,225.0,1006.4,410.0
2025-06-30 14:00:00,,26.1,92.0,0.2,3.7,235.0,1006.6,155.0
2025-06-30 15:00:00,,25.7,94.0,0.2,2.2,228.0,1006.6,50.0
2025-06-30 16:00:00,19.6,25.4,92.0,0.5,1.3,236.0,1006.4,45.0
2025-06-30 17:00:00,,25.4,91.0,0.0,1.8,217.0,1005.8,60.0
2025-06-30 18:00:00,19.3,25.3,92.0,0.0,2.3,212.0,1005.4,80.0
2025-06-30 19:00:00,24.3,25.3,92.0,0.1,3.2,199.0,1005.4,85.0
2025-06-30 20:00:00,24.8,25.0,94.0,0.0,1.8,191.0,1005.7,65.0
2025-06-30 21:00:00,22.6,25.1,93.0,0.0,1.4,203.0,1005.8,50.0
2025-06-30 22:00:00,20.2,25.7,91.0,0.0,1.2,141.0,1006.2,35.0
2025-06-30 23:00:00,23.5,26.5,84.0,0.2,1.5,83.0,1006.8,100.0
2025-07-01 00:00:00,18.4,27.2,83.0,0.0,1.2,129.0,1006.7,425.0
2025-07-01 01:00:00,,28.4,78.0,0.1,3.1,267.0,1007.0,495.0
2025-07-01 02:00:00,24.3,29.0,76.0,0.0,5.2,258.0,1007.2,600.0
2025-07-01 03:00:00,,29.1,77.0,0.2,9.1,261.0,1007.0,645.0
2025-07-01 04:00:00,,28.9,78.0,0.0,8.3,259.0,1006.5,480.0
2025-07-01 05:00:00,,28.7,80.0,0.0,8.4,263.0,1005.9,400.0
2025-07-01 06:00:00,,29.0,80.0,0.0,9.0,255.0,1005.5,440.0
2025-07-01 07:00:00,,29.1,77.0,0.0,10.4,238.0,1005.3,650.0
2025-07-01 08:00:00,16.8,27.6,84.0,0.4,8.0,188.0,1005.4,420.0
2025-07-01 09:00:00,15.4,26.5,87.0,1.0,5.1,163.0,1005.7,170.0
2025-07-01 10:00:00,23.3,26.4,90.0,0.3,3.0,232.0,1006.1,250.0
2025-07-01 11:00:00,30.5,26.7,87.0,0.5,2.2,204.0,1006.3,265.0
2025-07-01 12:00:00,,26.7,89.0,0.2,5.1,234.0,1006.8,340.0
2025-07-01 13:00:00,18.6,27.5,84.0,0.3,7.3,239.0,1007.8,455.0
2025-07-01 14:00:00,,27.2,85.0,0.4,8.0,260.0,1008.2,340.0
2025-07-01 15:00:00,21.9,26.9,87.0,0.3,5.8,261.0,1007.8,275.0
2025-07-01 16:00:00,20.1,26.7,88.0,0.2,4.6,239.0,1007.0,290.0
2025-07-01 17:00:00,10.2,26.8,87.0,0.0,6.7,250.0,1006.5,375.0
2025-07-01 18:00:00,13.7,26.7,88.0,0.0,3.8,270.0,1005.8,140.0
2025-07-01 19:00:00,12.9,26.3,90.0,0.7,5.5,247.0,1005.6,315.0
2025-07-01 20:00:00,13.0,26.1,92.0,0.2,4.2,239.0,1005.6,170.0
2025-07-01 21:00:00,17.0,26.1,91.0,0.3,3.0,245.0,1005.7,165.0
2025-07-01 22:00:00,25.1,26.3,90.0,0.2,6.3,265.0,1005.9,365.0
2025-07-01 23:00:00,15.9,26.9,88.0,0.1,6.9,263.0,1006.5,410.0
2025-07-02 00:00:00,,27.2,84.0,0.1,7.2,270.0,1007.2,420.0
2025-07-02 01:00:00,,28.0,83.0,0.0,2.6,326.0,1007.2,470.0
2025-07-02 02:00:00,,28.7,81.0,0.0,4.2,306.0,1007.3,630.0
2025-07-02 03:00:00,,29.0,79.0,0.2,5.1,287.0,1006.8,680.0
2025-07-02 04:00:00,,29.3,78.0,0.1,8.8,274.0,1006.3,700.0
2025-07-02 05:00:00,17.8,28.4,81.0,0.5,14.0,246.0,1005.8,570.0
2025-07-02 06:00:00,10.0,28.7,79.0,0.1,11.5,247.0,1006.0,690.0
2025-07-02 07:00:00,15.5,27.8,81.0,3.6,12.5,243.0,1005.4,585.0
2025-07-02 08:00:00,17.0,28.2,77.0,0.1,13.3,242.0,1005.2,685.0
2025-07-02 09:00:00,20.5,26.8,86.0,4.0,13.4,241.0,1005.3,485.0
2025-07-02 10:00:00,22.0,27.2,85.0,0.0,10.4,242.0,1005.4,475.0
2025-07-02 11:00:00,12.6,27.0,83.0,0.7,12.2,233.0,1006.1,450.0
2025-07-02 12:00:00,18.5,26.5,89.0,2.0,8.6,239.0,1006.4,355.0
2025-07-02 13:00:00,15.4,27.4,83.0,0.1,9.8,229.0,1007.3,480.0
2025-07-02 14:00:00,9.66,27.2,83.0,0.1,14.8,238.0,1008.0,590.0
2025-07-02 15:00:00,,26.7,86.0,0.0,10.7,233.0,1007.2,455.0
2025-07-02 16:00:00,,26.5,88.0,0.0,12.7,234.0,1007.2,480.0
2025-07-02 17:00:00,,25.6,91.0,4.6,14.4,229.0,1006.5,470.0
2025-07-02 18:00:00,3.41,26.0,89.0,0.2,15.5,234.0,1006.1,530.0
2025-07-02 19:00:00,4.43,26.2,87.0,0.2,15.9,226.0,1005.8,570.0
2025-07-02 20:00:00,,25.7,91.0,1.7,12.5,230.0,1005.7,490.0
2025-07-02 21:00:00,,24.9,91.0,3.1,15.8,225.0,1006.1,545.0
2025-07-02 22:00:00,,25.6,91.0,0.8,12.6,221.0,1006.2,500.0
2025-07-02 23:00:00,,25.9,86.0,0.8,20.1,234.0,1007.1,635.0
2025-07-03 00:00:00,,26.2,87.0,0.3,20.5,224.0,1006.4,645.0
2025-07-03 01:00:00,,26.4,86.0,1.4,17.6,232.0,1007.6,680.0
2025-07-03 02:00:00,,26.7,84.0,0.8,15.5,235.0,1007.4,725.0
2025-07-03 03:00:00,,26.6,81.0,1.1,17.7,237.0,1007.7,605.0
2025-07-03 04:00:00,,26.2,86.0,1.9,18.7,231.0,1007.3,560.0
2025-07-03 05:00:00,18.5,26.7,85.0,1.7,18.1,233.0,1006.6,610.0
2025-07-03 06:00:00,,26.7,86.0,1.5,19.3,238.0,1006.3,595.0
2025-07-03 07:00:00,,26.4,88.0,1.6,22.0,241.0,1005.9,700.0
2025-07-03 08:00:00,11.8,26.5,88.0,1.8,20.7,240.0,1005.2,700.0
2025-07-03 09:00:00,,26.6,88.0,1.3,18.8,240.0,1005.6,680.0
2025-07-03 10:00:00,,26.6,88.0,0.8,16.1,235.0,1005.6,580.0
2025-07-03 11:00:00,,26.3,91.0,0.6,16.3,222.0,1006.2,565.0
2025-07-03 12:00:00,,26.1,92.0,0.3,15.9,233.0,1007.1,535.0
2025-07-03 13:00:00,,26.2,91.0,0.3,4.6,257.0,1007.7,165.0
2025-07-03 14:00:00,,26.2,88.0,0.3,4.7,254.0,1008.4,245.0
2025-07-03 15:00:00,,26.1,88.0,0.3,6.4,252.0,1008.1,300.0
2025-07-03 16:00:00,,25.8,89.0,0.4,12.3,235.0,1007.5,435.0
2025-07-03 17:00:00,9.85,25.7,90.0,0.3,15.3,231.0,1007.1,505.0
2025-07-03 18:00:00,11.9,25.8,89.0,0.1,17.9,225.0,1006.6,580.0
2025-07-03 19:00:00,15.2,26.0,88.0,0.2,16.2,216.0,1005.8,590.0
2025-07-03 20:00:00,,25.8,89.0,0.2,14.4,209.0,1005.8,550.0
2025-07-03 21:00:00,15.6,26.0,89.0,0.1,10.1,209.0,1005.5,515.0
2025-07-03 22:00:00,,26.0,90.0,0.0,9.6,213.0,1006.3,445.0
2025-07-03 23:00:00,14.9,26.6,88.0,0.0,8.7,214.0,1006.5,490.0
2025-07-04 00:00:00,,27.1,85.0,0.1,14.0,233.0,1007.1,610.0
2025-07-04 01:00:00,,28.5,77.0,0.1,7.7,198.0,1007.2,755.0
2025-07-04 02:00:00,15.8,29.3,73.0,0.1,9.7,214.0,1007.2,780.0
2025-07-04 03:00:00,14.0,29.7,71.0,0.5,9.9,222.0,1006.6,720.0
2025-07-04 04:00:00,18.8,30.0,71.0,0.4,10.0,232.0,1005.7,650.0
2025-07-04 05:00:00,,29.5,75.0,0.6,14.0,247.0,1005.0,570.0
2025-07-04 06:00:00,,29.2,77.0,0.8,18.1,233.0,1004.6,640.0
2025-07-04 07:00:00,14.4,29.6,74.0,0.1,19.2,244.0,1004.4,825.0
2025-07-04 08:00:00,14.0,29.4,73.0,2.0,18.4,243.0,1004.6,780.0
2025-07-04 09:00:00,12.4,27.8,82.0,1.2,15.5,244.0,1005.2,625.0
2025-07-04 10:00:00,14.8,26.4,88.0,6.2,15.2,243.0,1006.0,525.0
2025-07-04 11:00:00,15.8,26.2,90.0,1.7,15.3,225.0,1006.6,440.0
2025-07-04 12:00:00,12.3,26.4,89.0,0.2,10.9,231.0,1006.8,540.0
2025-07-04 13:00:00,7.38,27.3,87.0,0.0,4.4,192.0,1007.4,330.0
2025-07-04 14:00:00,9.75,27.0,89.0,0.0,5.1,157.0,1007.4,165.0
2025-07-04 15:00:00,,26.8,90.0,0.0,5.1,174.0,1007.1,200.0
2025-07-04 16:00:00,7.55,26.6,90.0,0.0,4.5,194.0,1006.6,180.0
2025-07-04 17:00:00,9.33,26.6,91.0,0.0,3.6,186.0,1006.0,70.0
2025-07-04 18:00:00,16.8,26.4,91.0,0.0,5.4,140.0,1005.3,115.0
2025-07-04 19:00:00,14.6,26.4,89.0,0.0,5.7,131.0,1005.0,155.0
2025-07-04 20:00:00,,26.3,89.0,0.0,4.5,130.0,1005.0,150.0
2025-07-04 21:00:00,,26.2,90.0,0.0,2.8,140.0,1004.7,105.0
2025-07-04 22:00:00,51.2,26.3,90.0,0.0,3.3,167.0,1004.7,120.0
2025-07-04 23:00:00,28.3,26.9,90.0,0.0,1.5,234.0,1005.5,190.0
2025-07-05 00:00:00,15.3,27.9,84.0,0.0,4.4,261.0,1005.9,385.0
2025-07-05 01:00:00,22.0,29.1,73.0,0.1,9.3,221.0,1006.5,815.0
2025-07-05 02:00:00,15.5,28.5,76.0,0.6,7.8,244.0,1006.9,690.0
2025-07-05 03:00:00,9.83,27.7,79.0,8.2,18.5,235.0,1007.0,500.0
2025-07-05 04:00:00,13.4,26.8,88.0,2.5,15.2,219.0,1006.8,510.0
2025-07-05 05:00:00,19.5,27.0,86.0,1.0,11.7,214.0,1006.4,740.0
2025-07-05 06:00:00,,27.3,83.0,0.9,16.9,227.0,1005.8,655.0
2025-07-05 07:00:00,17.4,27.1,86.0,1.0,16.3,227.0,1005.2,625.0
2025-07-05 08:00:00,21.5,27.2,84.0,0.4,17.0,231.0,1005.2,625.0
2025-07-05 09:00:00,14.4,27.4,83.0,0.2,17.8,226.0,1005.2,615.0
2025-07-05 10:00:00,23.0,27.3,85.0,0.1,16.4,225.0,1005.2,655.0
2025-07-05 11:00:00,23.0,27.2,85.0,0.1,11.4,211.0,1006.1,570.0
2025-07-05 12:00:00,30.9,27.2,85.0,0.0,10.2,194.0,1006.6,610.0
2025-07-05 13:00:00,20.7,27.3,84.0,0.0,6.9,186.0,1007.3,585.0
2025-07-05 14:00:00,23.9,27.1,85.0,0.0,6.5,186.0,1007.3,455.0
2025-07-05 15:00:00,,27.2,84.0,0.0,6.1,194.0,1007.1,505.0
2025-07-05 16:00:00,,27.0,86.0,0.0,6.5,185.0,1006.3,290.0
2025-07-05 17:00:00,,26.7,87.0,0.0,7.2,205.0,1005.8,210.0
2025-07-05 18:00:00,,26.5,88.0,0.0,6.5,194.0,1005.1,225.0
2025-07-05 19:00:00,12.6,26.5,87.0,0.0,6.1,192.0,1005.1,180.0
2025-07-05 20:00:00,12.6,26.4,87.0,0.0,6.0,163.0,1005.4,85.0
2025-07-05 21:00:00,17.9,26.5,86.0,0.0,5.8,154.0,1005.5,105.0
2025-07-05 22:00:00,14.5,26.6,85.0,0.0,3.3,221.0,1006.1,60.0
2025-07-05 23:00:00,,27.1,84.0,0.0,6.0,224.0,1006.8,565.0
2025-07-06 00:00:00,,27.9,80.0,0.0,9.7,219.0,1007.2,615.0
2025-07-06 01:00:00,,28.8,76.0,0.1,6.2,221.0,1008.0,895.0
2025-07-06 02:00:00,14.1,28.8,77.0,0.1,11.5,250.0,1008.3,825.0
2025-07-06 03:00:00,,28.9,76.0,3.1,21.0,239.0,1008.1,760.0
2025-07-06 04:00:00,,27.7,81.0,3.8,18.2,225.0,1007.8,705.0
2025-07-06 05:00:00,,27.9,80.0,0.1,13.7,218.0,1007.2,775.0
2025-07-06 06:00:00,,28.7,76.0,0.2,19.6,227.0,1006.2,810.0
2025-07-06 07:00:00,8.42,29.0,76.0,0.1,20.6,236.0,1005.6,855.0
2025-07-06 08:00:00,12.4,28.7,77.0,0.1,22.2,238.0,1005.7,875.0
2025-07-06 09:00:00,9.68,28.1,79.0,0.1,21.0,239.0,1006.1,775.0
2025-07-06 10:00:00,11.7,27.8,80.0,0.1,21.1,238.0,1006.8,770.0
2025-07-06 11:00:00,17.4,27.1,83.0,0.1,19.8,244.0,1007.6,700.0
2025-07-06 12:00:00,17.9,26.7,85.0,0.2,16.3,235.0,1008.4,580.0
2025-07-06 13:00:00,12.9,27.2,84.0,0.1,14.2,237.0,1008.4,535.0
2025-07-06 14:00:00,22.9,27.1,85.0,0.0,14.5,232.0,1008.6,565.0
2025-07-06 15:00:00,11.7,27.1,85.0,0.1,11.9,222.0,1008.5,545.0
2025-07-06 16:00:00,14.2,26.9,86.0,0.0,13.4,234.0,1008.0,515.0
2025-07-06 17:00:00,7.72,26.8,88.0,0.1,13.6,239.0,1007.2,475.0
2025-07-06 18:00:00,14.5,26.8,88.0,0.0,12.9,230.0,1006.5,475.0
2025-07-06 19:00:00,,26.8,88.0,0.0,13.1,214.0,1006.0,565.0
2025-07-06 20:00:00,,26.7,89.0,0.0,12.7,220.0,1006.1,565.0
2025-07-06 21:00:00,,26.9,88.0,0.0,13.6,224.0,1006.1,615.0
2025-07-06 22:00:00,,27.1,87.0,0.0,15.0,227.0,1006.3,650.0
2025-07-06 23:00:00,26.5,27.8,84.0,0.1,15.2,228.0,1006.8,765.0
2025-07-07 00:00:00,16.3,28.1,81.0,0.2,17.8,227.0,1006.7,765.0
2025-07-07 01:00:00,12.8,28.8,78.0,0.4,19.1,237.0,1007.2,725.0
2025-07-07 02:00:00,,29.3,77.0,0.2,18.8,242.0,1006.8,765.0
2025-07-07 03:00:00,9.57,29.6,75.0,0.1,19.4,245.0,1007.0,815.0
2025-07-07 04:00:00,15.2,29.9,75.0,0.1,20.8,242.0,1007.1,915.0
2025-07-07 05:00:00,20.8,30.0,73.0,0.0,20.7,241.0,1006.7,930.0
2025-07-07 06:00:00,,30.3,70.0,0.0,20.7,244.0,1006.3,1045.0
2025-07-07 07:00:00,,29.6,71.0,0.4,20.2,243.0,1005.5,875.0
2025-07-07 08:00:00,15.8,29.1,76.0,0.0,19.7,249.0,1005.3,835.0
2025-07-07 09:00:00,10.8,29.0,75.0,0.0,20.9,247.0,1005.8,805.0
2025-07-07 10:00:00,20.8,28.3,80.0,0.0,16.9,247.0,1005.9,675.0
2025-07-07 11:00:00,,27.8,82.0,0.0,15.5,250.0,1006.7,615.0
2025-07-07 12:00:00,,27.7,82.0,0.1,14.7,253.0,1007.5,635.0
2025-07-07 13:00:00,,28.5,76.0,0.0,12.3,252.0,1007.4,745.0
2025-07-07 14:00:00,10.2,28.3,77.0,0.0,12.4,248.0,1007.8,760.0
2025-07-07 15:00:00,9.94,28.3,77.0,0.0,12.4,251.0,1007.6,795.0
2025-07-07 16:00:00,9.42,28.2,77.0,0.0,14.3,250.0,1007.0,770.0
2025-07-07 17:00:00,,27.8,80.0,0.1,15.1,248.0,1006.6,740.0
2025-07-07 18:00:00,,27.6,81.0,0.1,16.0,247.0,1006.6,725.0
2025-07-07 19:00:00,,27.4,82.0,0.1,16.6,247.0,1006.1,700.0
2025-07-07 20:00:00,,27.1,84.0,0.2,16.5,248.0,1006.0,700.0
2025-07-07 21:00:00,,27.2,83.0,0.0,15.9,250.0,1006.1,725.0
2025-07-07 22:00:00,,26.9,83.0,0.2,18.0,245.0,1006.4,640.0
2025-07-07 23:00:00,19.8,27.0,83.0,0.1,20.1,246.0,1006.9,680.0
2025-07-08 00:00:00,9.06,27.3,82.0,0.1,18.3,244.0,1006.7,640.0
2025-07-08 01:00:00,,27.9,81.0,0.1,18.0,254.0,1007.5,685.0
2025-07-08 02:00:00,19.5,28.8,77.0,0.1,14.2,252.0,1006.9,690.0
2025-07-08 03:00:00,17.4,29.1,76.0,0.2,17.3,259.0,1006.6,700.0
2025-07-08 04:00:00,10.5,28.9,79.0,0.2,17.6,248.0,1006.3,735.0
2025-07-08 05:00:00,9.5,28.9,78.0,0.2,19.3,242.0,1005.5,695.0
2025-07-08 06:00:00,20.8,29.1,78.0,0.1,17.8,242.0,1004.9,735.0
2025-07-08 07:00:00,18.6,28.9,78.0,0.0,16.2,243.0,1004.6,665.0
2025-07-08 08:00:00,15.2,28.8,77.0,0.1,17.4,251.0,1004.0,700.0
2025-07-08 09:00:00,18.5,27.7,84.0,3.6,10.3,251.0,1004.3,450.0
2025-07-08 10:00:00,,27.3,84.0,0.2,15.3,252.0,1004.7,495.0
2025-07-08 11:00:00,,26.3,90.0,2.2,8.7,243.0,1005.1,305.0
2025-07-08 12:00:00,18.5,26.6,89.0,0.1,11.4,249.0,1005.8,395.0
2025-07-08 13:00:00,13.5,26.9,87.0,0.4,10.6,252.0,1006.7,440.0
2025-07-08 14:00:00,,26.4,88.0,0.1,13.7,275.0,1007.5,570.0
2025-07-08 15:00:00,2.16,25.9,90.0,1.6,9.4,244.0,1007.0,415.0
2025-07-08 16:00:00,,26.0,90.0,0.3,11.0,220.0,1006.7,475.0
2025-07-08 17:00:00,,26.2,87.0,0.1,12.3,238.0,1005.4,530.0
2025-07-08 18:00:00,,26.4,87.0,0.0,14.0,246.0,1004.8,500.0
2025-07-08 19:00:00,,26.1,88.0,0.3,13.5,245.0,1004.7,435.0
2025-07-08 20:00:00,9.57,26.1,89.0,0.5,13.0,237.0,1004.7,460.0
2025-07-08 21:00:00,,26.2,89.0,0.4,13.0,239.0,1004.8,430.0
2025-07-08 22:00:00,,26.1,88.0,0.9,15.0,241.0,1005.3,450.0
2025-07-08 23:00:00,24.1,26.6,88.0,0.4,15.1,242.0,1005.5,525.0
2025-07-09 00:00:00,15.2,26.8,86.0,0.2,14.2,244.0,1005.6,555.0
2025-07-09 01:00:00,13.4,27.7,82.0,0.2,15.6,236.0,1005.8,620.0
2025-07-09 02:00:00,5.62,28.4,77.0,1.3,20.2,244.0,1006.0,770.0
2025-07-09 03:00:00,15.7,28.5,77.0,2.2,21.8,248.0,1005.6,835.0
2025-07-09 04:00:00,17.8,28.1,78.0,0.1,20.0,247.0,1005.2,750.0
2025-07-09 05:00:00,,28.8,75.0,0.1,22.9,247.0,1004.3,855.0
2025-07-09 06:00:00,22.7,29.5,72.0,0.2,19.5,252.0,1003.7,915.0
2025-07-09 07:00:00,,29.4,71.0,0.2,21.2,249.0,1003.1,855.0
2025-07-09 08:00:00,,29.3,72.0,0.0,21.7,246.0,1002.5,845.0
2025-07-09 09:00:00,,28.4,76.0,0.1,21.2,245.0,1002.6,720.0
2025-07-09 10:00:00,25.8,27.8,80.0,0.1,18.6,242.0,1002.9,665.0
2025-07-09 11:00:00,18.4,27.4,81.0,0.3,15.3,248.0,1003.6,610.0
2025-07-09 12:00:00,,27.4,82.0,0.1,14.5,248.0,1004.2,605.0
2025-07-09 13:00:00,,28.4,79.0,0.2,16.0,247.0,1003.7,760.0
2025-07-09 14:00:00,18.4,27.1,82.0,0.2,18.8,240.0,1004.4,625.0
2025-07-09 15:00:00,12.9,26.4,87.0,0.0,19.8,233.0,1004.7,575.0
2025-07-09 16:00:00,,26.6,86.0,0.0,17.2,238.0,1004.6,685.0
2025-07-09 17:00:00,4.9,26.5,88.0,0.1,17.1,235.0,1003.9,615.0
2025-07-09 18:00:00,0.0,26.7,87.0,0.2,18.1,235.0,1003.0,675.0
2025-07-09 19:00:00,3.78,26.8,86.0,0.1,16.8,239.0,1002.2,690.0
2025-07-09 20:00:00,12.7,26.7,86.0,0.3,18.0,241.0,1001.9,670.0
2025-07-09 21:00:00,7.94,26.7,87.0,0.2,19.6,244.0,1001.8,635.0
2025-07-09 22:00:00,14.2,26.3,87.0,0.3,17.1,250.0,1002.7,580.0
2025-07-09 23:00:00,20.2,26.4,87.0,0.6,13.9,236.0,1002.9,555.0
2025-07-10 00:00:00,17.3,27.3,82.0,0.3,19.2,242.0,1003.1,700.0
2025-07-10 01:00:00,8.65,28.8,73.0,0.7,23.3,245.0,1002.7,815.0
2025-07-10 02:00:00,7.12,29.6,70.0,0.6,22.7,247.0,1003.0,955.0
2025-07-10 03:00:00,14.3,29.9,69.0,0.2,22.9,244.0,1003.0,920.0
2025-07-10 04:00:00,12.2,30.0,71.0,0.4,25.0,243.0,1002.8,895.0
2025-07-10 05:00:00,13.0,29.8,72.0,0.0,24.0,243.0,1002.2,860.0
2025-07-10 06:00:00,15.3,29.2,72.0,0.2,27.3,235.0,1001.8,800.0
2025-07-10 07:00:00,8.13,28.7,76.0,0.7,24.5,239.0,1001.3,790.0
2025-07-10 08:00:00,11.5,28.4,79.0,0.3,21.8,239.0,1001.1,740.0
2025-07-10 09:00:00,13.3,28.3,79.0,0.0,19.6,244.0,1000.9,740.0
2025-07-10 10:00:00,17.8,27.6,82.0,0.1,18.8,246.0,1001.6,645.0
2025-07-10 11:00:00,19.6,26.8,83.0,0.4,24.9,237.0,1002.6,675.0
2025-07-10 12:00:00,16.1,25.7,89.0,1.0,13.7,231.0,1003.5,455.0
2025-07-10 13:00:00,12.0,26.3,89.0,0.3,16.6,222.0,1004.3,570.0
2025-07-10 14:00:00,6.36,26.4,89.0,0.1,11.8,226.0,1004.1,465.0
2025-07-10 15:00:00,12.1,26.6,87.0,0.0,14.6,236.0,1004.3,640.0
2025-07-10 16:00:00,11.9,26.7,87.0,0.1,13.4,228.0,1003.8,615.0
2025-07-10 17:00:00,12.3,26.4,89.0,0.1,12.0,216.0,1003.4,550.0
2025-07-10 18:00:00,15.1,26.4,90.0,0.1,13.4,223.0,1002.8,615.0
2025-07-10 19:00:00,11.4,26.5,89.0,0.1,13.0,221.0,1002.4,585.0
2025-07-10 20:00:00,8.91,26.4,89.0,0.1,14.5,217.0,1002.4,610.0
2025-07-10 21:00:00,,26.3,88.0,0.3,13.8,215.0,1002.5,560.0
2025-07-10 22:00:00,,26.3,89.0,0.2,11.5,209.0,1002.7,545.0
2025-07-10 23:00:00,,26.5,88.0,0.3,10.7,222.0,1003.5,550.0
2025-07-11 00:00:00,21.6,27.6,82.0,0.2,14.4,226.0,1003.8,670.0
2025-07-11 01:00:00,14.5,27.9,80.0,0.3,17.1,235.0,1004.5,640.0
2025-07-11 02:00:00,,28.9,77.0,0.2,17.9,236.0,1004.4,740.0
2025-07-11 03:00:00,,29.4,73.0,0.1,20.8,232.0,1004.4,840.0
2025-07-11 04:00:00,21.9,28.5,79.0,2.4,17.7,228.0,1004.5,655.0
2025-07-11 05:00:00,15.0,29.2,75.0,0.1,16.4,234.0,1004.0,715.0
2025-07-11 06:00:00,,29.5,74.0,0.0,17.9,242.0,1003.3,690.0
2025-07-11 07:00:00,,28.8,79.0,0.1,18.0,241.0,1003.1,640.0
2025-07-11 08:00:00,16.6,28.8,78.0,0.1,18.1,233.0,1003.1,715.0
2025-07-11 09:00:00,15.3,27.5,83.0,1.5,15.5,231.0,1003.7,540.0
2025-07-11 10:00:00,18.2,27.5,84.0,0.0,14.3,239.0,1004.0,550.0
2025-07-11 11:00:00,27.2,27.4,85.0,0.0,9.3,243.0,1004.9,475.0
2025-07-11 12:00:00,21.4,27.5,85.0,0.0,7.8,224.0,1005.4,470.0
2025-07-11 13:00:00,19.7,27.9,83.0,0.0,5.2,221.0,1006.0,385.0
2025-07-11 14:00:00,13.6,27.8,84.0,0.0,5.7,259.0,1006.5,380.0
2025-07-11 15:00:00,,27.3,84.0,0.0,9.1,252.0,1007.3,395.0
2025-07-11 16:00:00,13.2,26.8,87.0,0.0,2.7,180.0,1006.2,145.0
2025-07-11 17:00:00,14.7,26.4,90.0,0.1,7.6,223.0,1006.3,240.0
2025-07-11 18:00:00,16.0,26.3,89.0,0.0,5.6,207.0,1005.8,215.0
2025-07-11 19:00:00,,26.2,90.0,0.0,8.0,222.0,1006.1,270.0
2025-07-11 20:00:00,20.5,26.3,90.0,0.0,6.1,183.0,1006.0,260.0
2025-07-11 21:00:00,21.0,26.0,92.0,0.1,6.3,108.0,1006.0,175.0
2025-07-11 22:00:00,26.0,26.0,92.0,0.0,4.5,95.0,1005.9,160.0
2025-07-11 23:00:00,,26.6,90.0,0.0,1.3,188.0,1006.3,190.0
2025-07-12 00:00:00,,27.2,86.0,0.1,4.9,204.0,1007.1,385.0
2025-07-12 01:00:00,21.9,28.2,80.0,0.0,10.7,226.0,1007.7,680.0
2025-07-12 02:00:00,18.3,27.9,75.0,1.2,12.0,238.0,1007.6,535.0
2025-07-12 03:00:00,7.48,28.4,77.0,1.0,11.5,245.0,1007.5,685.0
2025-07-12 04:00:00,12.7,29.2,74.0,0.1,10.4,247.0,1007.0,665.0
2025-07-12 05:00:00,9.14,29.5,73.0,0.0,10.8,260.0,1006.2,725.0
2025-07-12 06:00:00,8.88,29.8,72.0,0.0,9.8,250.0,1005.6,695.0
2025-07-12 07:00:00,11.4,29.7,72.0,0.2,11.2,240.0,1005.1,700.0
2025-07-12 08:00:00,13.0,28.7,76.0,0.2,12.1,224.0,1005.1,530.0
2025-07-12 09:00:00,13.7,28.2,76.0,0.6,11.6,215.0,1005.6,500.0
2025-07-12 10:00:00,14.0,28.0,80.0,0.2,9.0,227.0,1006.1,505.0
2025-07-12 11:00:00,17.6,27.8,83.0,0.0,5.5,212.0,1006.3,475.0
2025-07-12 12:00:00,,27.6,84.0,0.0,7.2,186.0,1006.5,350.0
2025-07-12 13:00:00,13.2,27.7,87.0,0.0,4.1,283.0,1007.0,200.0
2025-07-12 14:00:00,13.3,27.8,86.0,0.0,1.3,8.0,1007.5,125.0
2025-07-12 15:00:00,15.9,27.1,87.0,0.6,2.0,80.0,1007.8,165.0
2025-07-12 16:00:00,14.8,26.8,89.0,0.0,2.2,104.0,1007.4,145.0
2025-07-12 17:00:00,15.1,26.7,90.0,0.0,2.7,110.0,1006.6,140.0
2025-07-12 18:00:00,15.8,26.2,92.0,0.0,2.5,120.0,1006.3,115.0
2025-07-12 19:00:00,12.9,26.1,93.0,0.0,2.7,127.0,1006.1,115.0
2025-07-12 20:00:00,15.2,26.0,93.0,0.0,1.0,149.0,1006.0,65.0
2025-07-12 21:00:00,17.6,25.8,93.0,0.0,1.1,171.0,1006.4,60.0
2025-07-12 22:00:00,18.9,26.2,93.0,0.0,0.3,225.0,1006.5,50.0
2025-07-12 23:00:00,20.9,27.0,89.0,0.0,1.4,140.0,1007.1,220.0
2025-07-13 00:00:00,18.3,27.8,85.0,0.0,2.1,195.0,1007.3,440.0
2025-07-13 01:00:00,,28.9,76.0,0.1,3.2,232.0,1007.5,540.0
2025-07-13 02:00:00,,29.7,72.0,0.1,5.5,247.0,1007.3,680.0
2025-07-13 03:00:00,31.1,30.0,70.0,0.1,7.7,267.0,1006.9,660.0
2025-07-13 04:00:00,15.2,30.4,69.0,0.1,8.8,266.0,1006.5,690.0
2025-07-13 05:00:00,13.2,30.4,70.0,0.1,11.0,251.0,1006.2,755.0
2025-07-13 06:00:00,13.0,30.3,71.0,0.2,12.3,232.0,1005.5,830.0
2025-07-13 07:00:00,,30.2,69.0,0.2,16.1,233.0,1005.4,805.0
2025-07-13 08:00:00,,29.5,73.0,0.1,16.0,225.0,1004.9,565.0
2025-07-13 09:00:00,,29.6,71.0,0.2,13.9,236.0,1004.9,650.0
2025-07-13 10:00:00,12.7,29.1,72.0,0.2,10.8,242.0,1005.4,615.0
2025-07-13 11:00:00,,28.8,76.0,0.0,8.1,233.0,1005.7,600.0
2025-07-13 12:00:00,,28.5,78.0,0.0,9.3,233.0,1005.8,545.0
2025-07-13 13:00:00,,29.0,75.0,0.0,8.5,253.0,1006.4,520.0
2025-07-13 14:00:00,10.0,28.9,76.0,0.0,6.0,260.0,1006.9,390.0
2025-07-13 15:00:00,10.3,28.7,78.0,0.0,3.0,287.0,1006.7,135.0
2025-07-13 16:00:00,,28.4,80.0,0.0,2.3,315.0,1006.3,80.0
2025-07-13 17:00:00,,28.1,83.0,0.0,2.3,309.0,1005.8,75.0
2025-07-13 18:00:00,,27.8,84.0,0.1,2.2,294.0,1005.6,75.0
2025-07-13 19:00:00,,27.5,86.0,0.0,2.9,266.0,1005.6,65.0
2025-07-13 20:00:00,,27.3,86.0,0.1,5.2,248.0,1005.6,175.0
2025-07-13 21:00:00,19.6,27.2,86.0,0.1,6.4,243.0,1005.7,285.0
2025-07-13 22:00:00,,27.2,84.0,0.1,6.3,257.0,1005.8,410.0
2025-07-13 23:00:00,26.9,28.0,79.0,0.1,7.3,253.0,1006.0,505.0
2025-07-14 00:00:00,,28.3,77.0,0.3,10.6,246.0,1006.4,575.0
2025-07-14 01:00:00,,29.2,73.0,0.1,9.7,251.0,1006.6,690.0
2025-07-14 02:00:00,,30.0,69.0,0.1,10.9,251.0,1006.4,750.0
2025-07-14 03:00:00,23.6,30.5,68.0,0.1,11.7,255.0,1006.0,730.0
2025-07-14 04:00:00,14.7,30.7,68.0,0.0,12.7,249.0,1005.7,725.0
2025-07-14 05:00:00,,30.9,67.0,0.2,16.2,240.0,1005.5,760.0
2025-07-14 06:00:00,13.8,31.2,66.0,0.0,19.8,229.0,1004.9,815.0
2025-07-14 07:00:00,,30.6,69.0,0.3,19.6,241.0,1004.0,805.0
2025-07-14 08:00:00,,29.5,74.0,0.8,17.8,249.0,1003.9,615.0
2025-07-14 09:00:00,11.5,29.5,73.0,0.2,12.3,267.0,1004.1,640.0
2025-07-14 10:00:00,11.4,29.1,74.0,0.0,9.4,241.0,1004.4,605.0
2025-07-14 11:00:00,13.0,27.9,80.0,0.6,7.0,266.0,1005.3,325.0
2025-07-14 12:00:00,16.1,28.2,80.0,0.0,5.3,246.0,1005.6,415.0
2025-07-14 13:00:00,13.1,27.4,86.0,0.2,3.6,261.0,1006.0,190.0
2025-07-14 14:00:00,10.5,27.3,86.0,0.6,10.2,224.0,1006.8,380.0
2025-07-14 15:00:00,12.5,27.3,87.0,0.1,11.6,233.0,1006.5,415.0
2025-07-14 16:00:00,11.1,27.1,88.0,0.1,13.1,236.0,1005.8,395.0
2025-07-14 17:00:00,6.2,27.1,88.0,0.0,12.2,239.0,1005.4,415.0
2025-07-14 18:00:00,3.95,27.1,88.0,0.0,10.0,244.0,1005.1,410.0
2025-07-14 19:00:00,4.16,26.9,87.0,0.2,9.8,244.0,1005.1,380.0
2025-07-14 20:00:00,10.8,27.0,86.0,0.1,7.8,251.0,1005.0,410.0
2025-07-14 21:00:00,18.0,26.9,85.0,0.1,9.1,248.0,1005.0,415.0
2025-07-14 22:00:00,,27.0,85.0,0.1,6.8,245.0,1004.9,375.0
2025-07-14 23:00:00,17.5,27.5,81.0,0.1,9.2,254.0,1005.2,435.0
2025-07-15 00:00:00,,28.2,78.0,0.3,9.8,256.0,1005.4,525.0
2025-07-15 01:00:00,,28.8,76.0,0.2,7.2,252.0,1005.6,585.0
2025-07-15 02:00:00,11.8,29.5,75.0,0.1,10.3,243.0,1005.5,715.0
2025-07-15 03:00:00,11.2,29.8,74.0,0.1,11.9,245.0,1005.2,690.0
2025-07-15 04:00:00,12.9,29.8,74.0,0.1,15.2,239.0,1005.0,710.0
2025-07-15 05:00:00,14.2,30.2,73.0,0.2,14.7,235.0,1004.4,750.0
2025-07-15 06:00:00,13.5,28.6,78.0,8.1,20.4,245.0,1004.4,570.0
2025-07-15 07:00:00,14.4,28.2,81.0,2.1,13.5,237.0,1004.1,565.0
2025-07-15 08:00:00,15.6,28.2,81.0,0.3,13.3,237.0,1004.0,550.0
2025-07-15 09:00:00,15.1,28.3,81.0,0.1,12.9,238.0,1004.2,535.0
2025-07-15 10:00:00,15.9,27.6,84.0,1.3,11.0,245.0,1004.6,440.0
2025-07-15 11:00:00,13.8,26.8,87.0,1.1,11.1,239.0,1005.2,425.0
2025-07-15 12:00:00,16.0,26.4,91.0,3.5,9.2,259.0,1005.9,415.0
2025-07-15 13:00:00,,26.8,89.0,1.0,4.1,270.0,1006.2,275.0
2025-07-15 14:00:00,12.1,26.5,89.0,0.5,12.1,237.0,1007.1,395.0
2025-07-15 15:00:00,2.85,26.6,87.0,0.0,11.4,242.0,1006.7,450.0
2025-07-15 16:00:00,3.96,26.7,88.0,0.0,7.5,250.0,1005.7,425.0
2025-07-15 17:00:00,3.41,26.7,88.0,0.0,7.3,242.0,1005.3,415.0
2025-07-15 18:00:00,3.1,26.7,88.0,0.0,6.4,243.0,1005.2,390.0
2025-07-15 19:00:00,2.54,26.6,89.0,0.0,4.2,250.0,1004.8,360.0
2025-07-15 20:00:00,9.48,26.6,89.0,0.0,2.4,279.0,1004.4,295.0
2025-07-15 21:00:00,,26.6,91.0,0.0,0.0,270.0,1004.4,275.0
2025-07-15 22:00:00,13.7,26.7,87.0,0.0,0.9,270.0,1004.9,245.0
2025-07-15 23:00:00,,27.0,86.0,0.0,3.7,325.0,1005.0,325.0
2025-07-16 00:00:00,20.4,27.3,85.0,0.1,5.1,354.0,1005.3,390.0
2025-07-16 01:00:00,19.6,28.2,82.0,0.1,6.4,254.0,1006.0,465.0
2025-07-16 02:00:00,16.6,29.1,79.0,0.1,6.6,237.0,1006.0,595.0
2025-07-16 03:00:00,15.3,29.4,77.0,0.1,7.4,241.0,1005.8,635.0
2025-07-16 04:00:00,12.8,29.6,76.0,0.0,7.7,242.0,1005.2,620.0
2025-07-16 05:00:00,10.2,30.3,72.0,0.0,8.7,232.0,1004.6,755.0
2025-07-16 06:00:00,14.7,29.7,73.0,0.0,11.3,224.0,1003.9,565.0
2025-07-16 07:00:00,14.1,29.0,77.0,0.0,15.0,226.0,1003.3,535.0
2025-07-16 08:00:00,16.4,28.6,79.0,0.0,18.1,236.0,1003.0,505.0
2025-07-16 09:00:00,10.0,28.1,82.0,0.1,14.0,239.0,1003.1,465.0
2025-07-16 10:00:00,19.2,27.1,83.0,0.4,11.4,241.0,1003.9,405.0
2025-07-16 11:00:00,20.7,25.7,90.0,2.2,3.6,311.0,1004.9,180.0
2025-07-16 12:00:00,,26.1,89.0,0.2,4.1,308.0,1005.4,265.0
2025-07-16 13:00:00,11.0,26.6,87.0,1.9,1.3,344.0,1005.0,130.0
2025-07-16 14:00:00,12.6,25.9,90.0,0.7,2.4,73.0,1005.4,115.0
2025-07-16 15:00:00,8.84,26.0,90.0,0.1,0.6,124.0,1005.1,120.0
2025-07-16 16:00:00,11.2,26.0,90.0,0.0,1.7,342.0,1004.5,160.0
2025-07-16 17:00:00,10.3,25.9,91.0,0.0,1.5,353.0,1004.3,195.0
2025-07-16 18:00:00,11.4,26.3,89.0,0.0,1.5,7.0,1004.0,185.0
2025-07-16 19:00:00,20.1,26.3,89.0,0.0,2.1,322.0,1003.7,200.0
2025-07-16 20:00:00,24.1,26.4,89.0,0.0,3.9,286.0,1003.3,255.0
2025-07-16 21:00:00,,26.3,90.0,0.1,4.2,301.0,1002.7,250.0
2025-07-16 22:00:00,34.0,26.2,91.0,0.0,4.0,357.0,1002.6,195.0
2025-07-16 23:00:00,40.3,26.4,90.0,0.0,2.6,344.0,1003.3,195.0
2025-07-17 00:00:00,31.3,27.0,86.0,0.0,2.4,287.0,1003.7,325.0
2025-07-17 01:00:00,,27.5,84.0,0.1,5.2,329.0,1003.9,395.0
2025-07-17 02:00:00,30.4,28.0,82.0,0.1,5.5,333.0,1004.1,450.0
2025-07-17 03:00:00,28.7,28.2,83.0,0.1,5.2,299.0,1003.7,520.0
2025-07-17 04:00:00,26.1,27.5,83.0,0.3,5.5,251.0,1003.1,245.0
2025-07-17 05:00:00,17.9,26.8,85.0,0.3,13.0,251.0,1002.3,315.0
2025-07-17 06:00:00,17.4,27.0,83.0,0.5,10.7,243.0,1001.7,345.0
2025-07-17 07:00:00,11.4,27.1,84.0,0.4,4.9,268.0,1001.2,380.0
2025-07-17 08:00:00,17.4,27.0,85.0,1.4,7.3,250.0,1000.7,355.0
2025-07-17 09:00:00,23.9,27.0,85.0,0.6,6.0,275.0,1000.9,395.0
2025-07-17 10:00:00,25.4,26.9,87.0,0.4,4.6,306.0,1001.4,350.0
2025-07-17 11:00:00,31.2,26.8,89.0,0.5,5.9,256.0,1001.2,415.0
2025-07-17 12:00:00,22.6,26.6,92.0,1.1,5.9,247.0,1001.6,330.0
2025-07-17 13:00:00,23.7,26.2,93.0,2.5,9.2,291.0,1001.4,345.0
2025-07-17 14:00:00,,26.4,91.0,1.0,10.3,270.0,1001.1,415.0
2025-07-17 15:00:00,17.5,26.1,93.0,0.3,5.6,287.0,1001.0,170.0
2025-07-17 16:00:00,18.4,26.1,93.0,0.2,5.4,266.0,1000.2,225.0
2025-07-17 17:00:00,18.5,26.1,93.0,0.3,4.2,275.0,999.4,200.0
2025-07-17 18:00:00,21.3,26.1,94.0,0.5,3.9,248.0,998.9,180.0
2025-07-17 19:00:00,22.4,26.0,94.0,0.6,3.9,233.0,998.4,210.0
2025-07-17 20:00:00,,26.1,93.0,0.8,5.5,229.0,997.9,265.0
2025-07-17 21:00:00,,26.5,90.0,0.3,8.9,232.0,998.1,350.0
2025-07-17 22:00:00,,26.0,90.0,0.6,14.3,237.0,998.5,420.0
2025-07-17 23:00:00,27.7,26.4,90.0,0.3,13.1,257.0,998.9,355.0
2025-07-18 00:00:00,,26.9,89.0,0.5,8.2,244.0,998.9,390.0
2025-07-18 01:00:00,14.9,25.8,95.0,2.5,4.2,250.0,999.8,255.0
2025-07-18 02:00:00,,26.0,94.0,2.9,10.0,247.0,999.9,440.0
2025-07-18 03:00:00,15.4,26.2,94.0,2.1,11.5,261.0,999.1,555.0
2025-07-18 04:00:00,11.2,26.0,87.0,1.4,14.6,274.0,997.8,345.0
2025-07-18 05:00:00,5.84,26.4,87.0,1.0,9.6,265.0,996.9,475.0
2025-07-18 06:00:00,14.1,27.1,84.0,0.8,9.1,231.0,996.8,500.0
2025-07-18 07:00:00,11.5,27.1,86.0,1.5,13.8,241.0,996.4,520.0
2025-07-18 08:00:00,7.75,26.9,87.0,1.6,15.3,249.0,995.8,495.0
2025-07-18 09:00:00,13.9,26.7,90.0,1.5,12.7,257.0,995.7,520.0
2025-07-18 10:00:00,17.0,26.6,90.0,1.2,12.7,252.0,996.5,545.0
2025-07-18 11:00:00,6.7,26.3,92.0,2.2,10.5,257.0,997.1,485.0
2025-07-18 12:00:00,8.34,26.3,88.0,1.0,14.6,252.0,997.7,500.0
2025-07-18 13:00:00,15.0,26.5,87.0,1.5,17.1,268.0,998.0,710.0
2025-07-18 14:00:00,21.7,26.4,90.0,1.3,13.0,253.0,997.9,625.0
2025-07-18 15:00:00,12.1,25.8,93.0,1.0,16.6,230.0,998.0,525.0
2025-07-18 16:00:00,10.7,25.7,91.0,1.0,19.5,234.0,997.4,550.0
2025-07-18 17:00:00,18.0,25.8,88.0,1.1,21.0,234.0,996.5,575.0
2025-07-18 18:00:00,10.9,25.6,87.0,1.4,21.4,228.0,996.3,635.0
2025-07-18 19:00:00,0.65,25.8,90.0,1.1,21.2,230.0,995.6,660.0
2025-07-18 20:00:00,9.03,25.5,90.0,2.1,26.5,235.0,995.6,670.0
2025-07-18 21:00:00,10.9,26.0,91.0,1.8,23.5,236.0,995.6,685.0
2025-07-18 22:00:00,10.1,25.5,91.0,2.3,24.5,235.0,996.1,660.0
2025-07-18 23:00:00,9.7,25.9,90.0,1.2,27.5,226.0,996.7,780.0
2025-07-19 00:00:00,,26.2,89.0,2.1,27.2,221.0,996.9,905.0
2025-07-19 01:00:00,,27.2,83.0,1.2,25.7,246.0,997.8,890.0
2025-07-19 02:00:00,,26.6,83.0,1.5,27.3,241.0,998.5,870.0
2025-07-19 03:00:00,8.3,26.8,85.0,0.8,27.8,233.0,998.3,990.0
2025-07-19 04:00:00,5.29,27.0,86.0,1.3,29.0,236.0,997.8,905.0
2025-07-19 05:00:00,7.86,27.2,86.0,2.6,25.9,240.0,996.9,910.0
2025-07-19 06:00:00,6.74,26.2,90.0,2.5,32.3,238.0,996.9,965.0
2025-07-19 07:00:00,13.6,26.5,89.0,2.1,29.3,231.0,996.9,965.0
2025-07-19 08:00:00,21.8,26.0,86.0,1.7,25.7,232.0,997.7,835.0
2025-07-19 09:00:00,18.6,26.4,87.0,1.9,23.9,220.0,997.9,940.0
2025-07-19 10:00:00,21.6,25.6,90.0,1.3,24.0,220.0,999.0,825.0
2025-07-19 11:00:00,26.0,25.7,89.0,1.2,26.7,229.0,999.9,860.0
2025-07-19 12:00:00,9.62,26.2,89.0,0.6,24.5,230.0,1000.2,900.0
2025-07-19 13:00:00,4.52,26.7,86.0,1.4,19.0,240.0,1000.9,735.0
2025-07-19 14:00:00,11.4,27.1,83.0,0.3,17.4,242.0,1001.4,760.0
2025-07-19 15:00:00,3.98,26.3,85.0,0.6,22.2,233.0,1001.4,695.0
2025-07-19 16:00:00,0.0,25.8,91.0,0.3,15.9,214.0,1001.1,725.0
2025-07-19 17:00:00,,25.6,91.0,1.6,18.0,207.0,1000.9,770.0
2025-07-19 18:00:00,13.5,25.8,90.0,0.7,15.6,204.0,1000.3,795.0
2025-07-19 19:00:00,18.4,25.1,90.0,7.0,16.8,224.0,1000.2,760.0
2025-07-19 20:00:00,21.4,25.3,90.0,0.6,23.5,222.0,1000.6,775.0
2025-07-19 21:00:00,23.0,25.8,90.0,0.4,20.0,213.0,1000.7,830.0
2025-07-19 22:00:00,25.8,25.2,91.0,3.7,21.7,223.0,1001.2,690.0
2025-07-19 23:00:00,,25.9,88.0,1.8,23.6,222.0,1002.0,770.0
2025-07-20 00:00:00,15.5,26.4,87.0,0.3,18.8,207.0,1002.3,805.0
2025-07-20 01:00:00,,28.1,81.0,0.3,20.7,216.0,1002.3,1035.0
2025-07-20 02:00:00,11.5,28.0,80.0,0.2,27.9,225.0,1002.5,975.0
2025-07-20 03:00:00,9.61,28.5,77.0,0.3,28.2,231.0,1002.2,1040.0
2025-07-20 04:00:00,10.8,28.8,76.0,0.3,24.6,226.0,1002.1,1065.0
2025-07-20 05:00:00,13.8,27.3,84.0,4.1,28.4,231.0,1001.7,820.0
2025-07-20 06:00:00,12.0,27.8,79.0,0.4,26.4,227.0,1001.6,860.0
2025-07-20 07:00:00,12.0,28.0,79.0,0.1,27.9,225.0,1000.9,930.0
2025-07-20 08:00:00,,28.4,77.0,0.6,25.1,228.0,1001.0,1030.0
2025-07-20 09:00:00,15.0,27.1,84.0,1.8,22.5,229.0,1001.5,775.0
2025-07-20 10:00:00,,26.9,84.0,0.9,19.3,225.0,1002.4,750.0
2025-07-20 11:00:00,21.4,26.4,88.0,2.0,17.3,225.0,1003.3,640.0
2025-07-20 12:00:00,22.7,25.7,89.0,2.4,20.1,226.0,1004.4,620.0
2025-07-20 13:00:00,25.2,26.8,85.0,0.6,17.6,229.0,1004.1,830.0
2025-07-20 14:00:00,21.7,27.3,81.0,0.2,18.0,220.0,1004.5,940.0
2025-07-20 15:00:00,19.2,27.4,80.0,0.1,19.4,222.0,1004.4,895.0
2025-07-20 16:00:00,,26.7,84.0,0.0,16.8,231.0,1004.2,825.0
2025-07-20 17:00:00,,26.5,87.0,0.0,15.8,221.0,1003.7,785.0
2025-07-20 18:00:00,15.9,26.6,86.0,0.1,15.8,228.0,1003.4,915.0
2025-07-20 19:00:00,16.6,26.1,88.0,1.6,16.4,222.0,1003.3,685.0
2025-07-20 20:00:00,,25.6,88.0,8.0,17.9,225.0,1003.5,650.0
2025-07-20 21:00:00,23.8,25.8,91.0,2.1,11.3,213.0,1003.8,590.0
2025-07-20 22:00:00,25.8,25.4,91.0,1.5,14.4,216.0,1004.8,555.0
2025-07-20 23:00:00,23.2,25.7,91.0,2.3,16.6,227.0,1005.1,570.0
2025-07-21 00:00:00,16.0,26.3,88.0,1.9,18.7,229.0,1005.3,615.0
2025-07-21 01:00:00,,26.5,87.0,5.0,21.0,229.0,1005.1,625.0
2025-07-21 02:00:00,,26.5,86.0,4.3,18.9,227.0,1005.3,585.0
2025-07-21 03:00:00,,26.3,90.0,0.9,13.6,211.0,1004.7,525.0
2025-07-21 04:00:00,,26.9,85.0,3.4,20.9,226.0,1004.6,705.0
2025-07-21 05:00:00,22.6,27.0,83.0,4.2,23.7,233.0,1003.8,780.0
2025-07-21 06:00:00,,26.9,85.0,2.4,21.3,235.0,1003.5,770.0
2025-07-21 07:00:00,,27.0,83.0,5.1,23.4,235.0,1003.4,745.0
2025-07-21 08:00:00,22.7,26.6,85.0,0.7,19.9,236.0,1003.3,745.0
2025-07-21 09:00:00,25.9,26.9,84.0,0.2,17.4,242.0,1003.3,795.0
2025-07-21 10:00:00,32.2,25.9,87.0,6.2,21.8,241.0,1003.7,620.0
2025-07-21 11:00:00,34.4,25.8,88.0,2.0,18.1,242.0,1004.4,580.0
2025-07-21 12:00:00,31.6,26.0,90.0,2.7,16.2,246.0,1004.9,575.0
2025-07-21 13:00:00,23.3,26.0,91.0,1.5,16.4,225.0,1004.8,610.0
2025-07-21 14:00:00,7.48,25.8,91.0,1.6,15.4,228.0,1005.3,590.0
2025-07-21 15:00:00,12.0,25.7,91.0,2.6,17.6,225.0,1005.3,590.0
2025-07-21 16:00:00,12.8,25.7,89.0,4.2,20.0,228.0,1004.6,585.0
2025-07-21 17:00:00,0.157,25.9,90.0,0.6,18.1,240.0,1003.9,595.0
2025-07-21 18:00:00,10.6,26.0,87.0,0.3,17.9,240.0,1003.1,560.0
2025-07-21 19:00:00,4.31,25.8,90.0,1.7,14.7,262.0,1002.8,530.0
2025-07-21 20:00:00,4.46,25.3,91.0,1.3,12.1,272.0,1002.7,375.0
2025-07-21 21:00:00,6.36,24.9,93.0,3.9,6.1,289.0,1002.9,375.0
2025-07-21 22:00:00,11.0,25.1,94.0,0.8,4.2,277.0,1003.1,120.0
2025-07-21 23:00:00,,25.1,96.0,1.1,6.2,291.0,1003.8,275.0
2025-07-22 00:00:00,14.7,25.8,90.0,0.6,3.1,249.0,1003.7,330.0
2025-07-22 01:00:00,12.6,26.5,86.0,0.5,17.9,236.0,1004.0,580.0
2025-07-22 02:00:00,9.14,26.9,84.0,0.3,18.3,241.0,1004.2,690.0
2025-07-22 03:00:00,16.8,27.4,81.0,0.5,20.5,245.0,1003.6,700.0
2025-07-22 04:00:00,17.9,27.6,81.0,0.2,21.0,246.0,1003.1,745.0
2025-07-22 05:00:00,,27.2,82.0,0.3,23.4,244.0,1002.2,645.0
2025-07-22 06:00:00,15.3,27.5,81.0,0.3,22.9,244.0,1001.7,730.0
2025-07-22 07:00:00,16.7,26.6,85.0,0.6,23.7,242.0,1000.9,705.0
2025-07-22 08:00:00,,26.8,87.0,7.9,26.4,242.0,1000.8,730.0
2025-07-22 09:00:00,14.3,26.7,89.0,2.7,19.6,244.0,1001.2,705.0
2025-07-22 10:00:00,,26.3,86.0,1.6,19.1,249.0,1001.6,580.0
2025-07-22 11:00:00,13.4,26.4,87.0,0.5,14.7,251.0,1001.9,590.0
2025-07-22 12:00:00,7.17,26.5,87.0,0.3,14.6,249.0,1002.6,490.0
2025-07-22 13:00:00,17.1,25.9,92.0,1.9,19.3,245.0,1002.7,595.0
2025-07-22 14:00:00,11.7,26.2,90.0,1.4,18.7,254.0,1003.2,630.0
2025-07-22 15:00:00,14.0,26.1,89.0,0.9,19.1,256.0,1002.9,660.0
2025-07-22 16:00:00,13.5,26.1,89.0,0.5,17.2,255.0,1002.4,630.0
2025-07-22 17:00:00,7.93,26.1,88.0,0.4,18.3,244.0,1001.6,650.0
2025-07-22 18:00:00,9.31,25.9,87.0,1.8,22.4,243.0,1001.1,635.0
2025-07-22 19:00:00,11.1,25.2,91.0,1.2,20.9,243.0,1000.5,640.0
2025-07-22 20:00:00,6.35,25.4,91.0,1.8,18.3,245.0,1000.6,620.0
2025-07-22 21:00:00,4.98,25.5,91.0,1.4,19.2,240.0,1000.7,605.0
2025-07-22 22:00:00,10.5,25.3,90.0,1.7,16.3,238.0,1000.7,515.0
2025-07-22 23:00:00,14.3,26.0,90.0,0.6,18.3,240.0,1001.1,615.0
2025-07-23 00:00:00,21.0,26.6,86.0,0.7,20.1,241.0,1001.1,610.0
2025-07-23 01:00:00,17.3,26.2,90.0,2.2,12.8,246.0,1001.2,425.0
2025-07-23 02:00:00,6.36,26.8,87.0,4.1,14.8,231.0,1001.0,500.0
2025-07-23 03:00:00,5.02,27.1,85.0,2.6,21.8,244.0,1000.8,570.0
2025-07-23 04:00:00,10.0,26.6,86.0,1.7,18.5,238.0,1000.4,560.0
2025-07-23 05:00:00,9.43,27.2,83.0,1.9,17.0,246.0,999.5,640.0
2025-07-23 06:00:00,13.6,25.8,91.0,3.2,23.8,245.0,999.0,675.0
2025-07-23 07:00:00,13.0,25.2,92.0,7.3,25.3,246.0,998.7,715.0
2025-07-23 08:00:00,17.9,26.4,91.0,2.6,22.8,231.0,998.0,810.0
2025-07-23 09:00:00,21.9,25.1,93.0,3.2,23.8,242.0,998.3,645.0
2025-07-23 10:00:00,26.9,24.8,93.0,3.0,21.3,240.0,998.8,610.0
2025-07-23 11:00:00,13.8,25.4,92.0,3.8,26.7,242.0,999.3,680.0
2025-07-23 12:00:00,15.5,25.6,92.0,2.1,19.2,242.0,999.7,600.0
2025-07-23 13:00:00,13.4,26.0,91.0,1.5,18.6,237.0,999.8,505.0
2025-07-23 14:00:00,10.9,26.3,89.0,0.9,18.1,235.0,1000.2,540.0
2025-07-23 15:00:00,11.7,25.9,91.0,1.2,22.8,231.0,1000.3,575.0
2025-07-23 16:00:00,7.54,25.6,93.0,1.0,20.5,227.0,999.6,615.0
2025-07-23 17:00:00,9.81,24.9,94.0,3.6,23.3,235.0,999.4,690.0
2025-07-23 18:00:00,0.968,24.8,95.0,3.6,22.6,208.0,998.4,605.0
2025-07-23 19:00:00,0.46,25.1,94.0,4.1,20.8,223.0,998.2,690.0
2025-07-23 20:00:00,2.89,25.3,93.0,4.2,22.2,215.0,998.3,825.0
2025-07-23 21:00:00,11.7,25.5,93.0,4.2,20.7,203.0,998.0,825.0
2025-07-23 22:00:00,19.2,25.4,93.0,4.4,24.7,208.0,998.5,855.0
2025-07-23 23:00:00,,25.6,92.0,3.6,19.2,207.0,998.7,890.0
2025-07-24 00:00:00,,25.9,91.0,2.7,23.2,215.0,999.0,975.0
2025-07-24 01:00:00,15.9,26.4,89.0,0.5,16.3,207.0,999.5,670.0
2025-07-24 02:00:00,15.6,26.8,86.0,0.2,16.3,199.0,999.5,805.0
2025-07-24 03:00:00,15.2,27.4,83.0,1.7,18.6,208.0,999.5,885.0
2025-07-24 04:00:00,13.5,27.0,86.0,3.1,19.5,211.0,998.9,805.0
2025-07-24 05:00:00,11.1,26.0,93.0,6.3,26.9,202.0,998.3,970.0
2025-07-24 06:00:00,15.4,25.6,91.0,4.6,24.0,203.0,998.0,990.0
2025-07-24 07:00:00,15.1,25.8,93.0,3.3,26.1,209.0,997.4,1130.0
2025-07-24 08:00:00,8.83,26.3,90.0,2.4,30.4,218.0,996.9,1045.0
2025-07-24 09:00:00,10.7,26.3,90.0,2.0,29.6,215.0,996.8,970.0
2025-07-24 10:00:00,17.8,26.4,89.0,0.5,31.0,222.0,996.9,1005.0
2025-07-24 11:00:00,8.8,25.9,90.0,0.9,34.0,227.0,997.7,1000.0
2025-07-24 12:00:00,5.8,26.5,88.0,0.8,34.1,226.0,997.9,1025.0
2025-07-24 13:00:00,,25.7,90.0,1.5,26.6,224.0,998.6,970.0
2025-07-24 14:00:00,1.39,26.2,89.0,0.8,26.7,219.0,999.3,905.0
2025-07-24 15:00:00,3.61,25.8,89.0,0.7,28.3,219.0,999.2,790.0
2025-07-24 16:00:00,0.695,25.8,90.0,0.8,26.9,218.0,998.4,840.0
2025-07-24 17:00:00,0.163,25.8,89.0,0.9,25.0,223.0,998.5,845.0
2025-07-24 18:00:00,0.638,25.5,89.0,2.2,28.4,221.0,998.4,780.0
2025-07-24 19:00:00,0.813,25.3,93.0,1.4,29.9,233.0,998.3,765.0
2025-07-24 20:00:00,0.0,26.0,90.0,1.8,30.5,222.0,997.9,820.0
2025-07-24 21:00:00,8.09,26.0,90.0,1.4,26.4,229.0,998.5,755.0
2025-07-24 22:00:00,6.3,26.1,90.0,0.4,29.8,225.0,999.2,755.0
2025-07-24 23:00:00,6.78,26.4,89.0,0.7,24.6,228.0,1000.3,725.0
2025-07-25 00:00:00,11.8,26.8,86.0,0.2,25.6,226.0,1000.9,725.0
2025-07-25 01:00:00,7.56,27.7,84.0,0.1,16.3,228.0,1000.9,560.0
2025-07-25 02:00:00,11.4,28.1,83.0,0.0,21.2,229.0,1001.4,765.0
2025-07-25 03:00:00,13.4,28.3,78.0,0.1,25.7,233.0,1001.7,845.0
2025-07-25 04:00:00,5.55,27.7,82.0,1.1,27.7,234.0,1001.3,790.0
2025-07-25 05:00:00,6.61,28.3,80.0,0.2,27.6,237.0,1000.5,820.0
2025-07-25 06:00:00,17.6,28.3,81.0,0.3,27.9,234.0,1000.4,850.0
2025-07-25 07:00:00,4.98,28.2,81.0,0.3,28.5,237.0,1000.2,900.0
2025-07-25 08:00:00,7.56,27.7,82.0,0.2,27.4,238.0,999.9,855.0
2025-07-25 09:00:00,6.8,27.0,84.0,0.3,30.2,236.0,1000.5,805.0
2025-07-25 10:00:00,16.5,27.1,85.0,0.2,27.3,235.0,1000.9,810.0
2025-07-25 11:00:00,17.5,27.1,84.0,0.1,25.9,231.0,1001.7,795.0
2025-07-25 12:00:00,13.6,26.5,86.0,0.1,22.8,221.0,1002.4,685.0
2025-07-25 13:00:00,6.21,26.6,88.0,0.4,19.6,224.0,1003.1,625.0
2025-07-25 14:00:00,7.24,26.2,90.0,4.1,18.9,217.0,1004.3,600.0
2025-07-25 15:00:00,5.68,26.1,91.0,8.1,19.2,220.0,1004.3,630.0
2025-07-25 16:00:00,9.07,26.2,91.0,0.1,16.1,216.0,1003.9,645.0
2025-07-25 17:00:00,7.17,26.3,89.0,0.1,16.5,216.0,1003.2,710.0
2025-07-25 18:00:00,9.34,26.5,88.0,0.1,18.8,219.0,1002.9,755.0
2025-07-25 19:00:00,,26.5,86.0,0.1,18.2,215.0,1002.5,805.0
2025-07-25 20:00:00,11.3,26.5,85.0,0.1,17.9,211.0,1002.5,805.0
2025-07-25 21:00:00,,26.6,85.0,0.1,21.6,224.0,1002.6,845.0
2025-07-25 22:00:00,,26.6,85.0,0.1,22.5,220.0,1002.9,795.0
2025-07-25 23:00:00,14.6,27.0,85.0,0.1,19.5,223.0,1003.4,865.0
2025-07-26 00:00:00,12.0,27.4,81.0,0.4,25.2,226.0,1004.0,895.0
2025-07-26 01:00:00,,27.6,83.0,1.7,24.2,221.0,1004.3,950.0
2025-07-26 02:00:00,11.2,27.6,86.0,1.3,25.1,229.0,1004.6,900.0
2025-07-26 03:00:00,10.9,27.9,81.0,0.5,24.9,230.0,1004.3,870.0
2025-07-26 04:00:00,13.0,27.9,82.0,0.1,26.5,227.0,1004.0,895.0
2025-07-26 05:00:00,9.74,28.2,78.0,0.3,26.2,234.0,1003.7,945.0
2025-07-26 06:00:00,7.48,27.4,84.0,0.6,27.4,234.0,1003.9,930.0
2025-07-26 07:00:00,,28.2,79.0,0.2,26.8,230.0,1003.4,970.0
2025-07-26 08:00:00,13.8,28.9,75.0,0.2,25.1,235.0,1002.9,1090.0
2025-07-26 09:00:00,24.6,27.9,81.0,0.5,25.9,241.0,1003.4,925.0
2025-07-26 10:00:00,28.4,27.3,84.0,0.2,22.1,235.0,1003.9,920.0
2025-07-26 11:00:00,24.8,27.3,86.0,0.7,23.3,231.0,1004.1,880.0
2025-07-26 12:00:00,31.3,27.3,87.0,0.2,17.6,233.0,1004.7,830.0
2025-07-26 13:00:00,24.1,27.1,86.0,0.1,12.1,237.0,1005.6,755.0
2025-07-26 14:00:00,23.9,27.9,82.0,0.1,18.6,232.0,1006.3,910.0
2025-07-26 15:00:00,21.7,27.7,82.0,0.1,20.5,227.0,1006.4,900.0
2025-07-26 16:00:00,21.5,27.4,83.0,0.1,17.0,219.0,1005.4,775.0
2025-07-26 17:00:00,21.3,27.2,84.0,0.0,15.6,218.0,1005.1,755.0
2025-07-26 18:00:00,22.2,27.1,84.0,0.0,18.2,224.0,1004.6,800.0
2025-07-26 19:00:00,23.7,27.0,84.0,0.0,17.2,213.0,1004.1,780.0
2025-07-26 20:00:00,23.5,26.9,85.0,0.0,15.3,216.0,1004.1,785.0
2025-07-26 21:00:00,23.8,26.8,86.0,0.0,17.2,215.0,1003.9,825.0
2025-07-26 22:00:00,27.5,26.7,86.0,0.0,18.4,213.0,1004.0,830.0
2025-07-26 23:00:00,,27.1,86.0,0.0,17.0,219.0,1004.2,860.0
2025-07-27 00:00:00,19.8,27.8,83.0,0.2,22.5,225.0,1004.4,900.0
2025-07-27 01:00:00,,28.2,80.0,0.4,22.7,227.0,1004.8,900.0
2025-07-27 02:00:00,,28.5,79.0,0.5,25.6,233.0,1004.6,880.0
2025-07-27 03:00:00,11.2,28.9,77.0,0.2,28.1,233.0,1004.1,905.0
2025-07-27 04:00:00,9.98,28.8,79.0,0.3,26.9,235.0,1003.6,960.0
2025-07-27 05:00:00,10.3,29.1,77.0,0.3,28.3,238.0,1003.3,990.0
2025-07-27 06:00:00,15.5,28.7,79.0,0.2,26.9,236.0,1003.1,1010.0
2025-07-27 07:00:00,15.5,28.3,78.0,0.9,26.6,239.0,1002.8,830.0
2025-07-27 08:00:00,13.1,27.7,82.0,0.3,26.9,235.0,1002.5,860.0
2025-07-27 09:00:00,11.4,27.4,84.0,0.2,25.2,235.0,1002.7,800.0
2025-07-27 10:00:00,22.7,27.1,86.0,0.2,22.6,237.0,1003.3,760.0
2025-07-27 11:00:00,20.5,26.7,85.0,0.4,24.8,236.0,1004.4,725.0
2025-07-27 12:00:00,16.3,26.4,88.0,0.3,23.6,230.0,1005.0,735.0
2025-07-27 13:00:00,22.3,26.4,89.0,0.4,24.2,224.0,1005.2,695.0
2025-07-27 14:00:00,,26.4,88.0,0.4,22.7,229.0,1005.4,835.0
2025-07-27 15:00:00,9.74,26.4,88.0,0.3,26.0,235.0,1005.2,825.0
2025-07-27 16:00:00,,26.6,85.0,0.4,23.0,241.0,1004.8,855.0
2025-07-27 17:00:00,20.8,26.4,86.0,1.3,24.1,241.0,1004.3,820.0
2025-07-27 18:00:00,0.07,26.3,88.0,1.7,27.3,236.0,1003.5,870.0
2025-07-27 19:00:00,15.1,26.3,89.0,0.6,26.8,230.0,1002.7,910.0
2025-07-27 20:00:00,14.7,26.4,85.0,0.4,27.9,233.0,1002.7,995.0
2025-07-27 21:00:00,22.1,26.5,85.0,0.7,25.0,234.0,1002.7,1055.0
2025-07-27 22:00:00,16.3,26.3,85.0,0.9,30.1,237.0,1002.6,935.0
2025-07-27 23:00:00,21.2,26.8,83.0,0.6,31.1,238.0,1002.8,1010.0
2025-07-28 00:00:00,24.5,27.1,81.0,0.9,30.7,240.0,1003.7,1005.0
2025-07-28 01:00:00,25.7,27.6,82.0,0.5,30.6,236.0,1003.9,1040.0
2025-07-28 02:00:00,17.6,29.0,72.0,0.3,31.4,242.0,1004.0,1330.0
2025-07-28 03:00:00,19.9,29.1,72.0,0.0,33.6,244.0,1003.9,1295.0
2025-07-28 04:00:00,19.1,29.2,71.0,0.1,33.3,242.0,1003.2,1300.0
2025-07-28 05:00:00,18.5,29.1,72.0,0.1,34.8,242.0,1003.0,1225.0
2025-07-28 06:00:00,,29.2,71.0,0.5,34.2,240.0,1002.6,1305.0
2025-07-28 07:00:00,22.9,28.5,74.0,0.2,32.7,242.0,1002.5,1195.0
2025-07-28 08:00:00,,28.1,79.0,0.3,28.2,245.0,1002.1,1105.0
2025-07-28 09:00:00,26.8,28.1,77.0,0.7,26.8,244.0,1002.5,1100.0
2025-07-28 10:00:00,,27.2,82.0,0.4,25.4,244.0,1003.2,1015.0
2025-07-28 11:00:00,25.2,27.0,82.0,0.2,22.6,249.0,1003.5,985.0
2025-07-28 12:00:00,21.9,26.8,82.0,0.3,24.1,243.0,1004.2,950.0
2025-07-28 13:00:00,21.0,28.5,72.0,0.2,22.6,241.0,1004.2,1385.0
2025-07-28 14:00:00,25.0,28.6,71.0,0.0,24.7,233.0,1004.6,1355.0
2025-07-28 15:00:00,21.5,28.4,72.0,0.1,24.0,233.0,1004.6,1275.0
2025-07-28 16:00:00,19.4,28.0,75.0,0.1,27.7,234.0,1003.9,1130.0
2025-07-28 17:00:00,19.0,28.1,76.0,0.1,27.5,236.0,1003.4,1170.0
2025-07-28 18:00:00,21.2,27.6,80.0,0.2,25.6,232.0,1002.6,1090.0
2025-07-28 19:00:00,18.1,27.6,79.0,0.3,28.9,228.0,1002.3,1135.0
2025-07-28 20:00:00,,27.5,80.0,0.2,29.7,227.0,1002.1,1085.0
2025-07-28 21:00:00,22.6,27.5,80.0,0.2,27.0,231.0,1002.5,1055.0
2025-07-28 22:00:00,,27.2,82.0,0.9,29.2,235.0,1003.1,1035.0
2025-07-28 23:00:00,,27.4,81.0,0.4,28.2,235.0,1003.4,1050.0
2025-07-29 00:00:00,,27.9,79.0,0.3,27.8,237.0,1004.2,1030.0
2025-07-29 01:00:00,20.7,28.3,77.0,0.4,30.9,238.0,1004.3,1055.0
2025-07-29 02:00:00,19.1,28.8,77.0,0.3,29.6,236.0,1004.1,1125.0
2025-07-29 03:00:00,30.2,29.7,72.0,0.2,33.8,237.0,1004.0,1180.0
2025-07-29 04:00:00,22.1,29.7,72.0,0.2,33.1,239.0,1003.5,1185.0
2025-07-29 05:00:00,23.4,29.6,73.0,0.2,32.9,238.0,1003.2,1190.0
2025-07-29 06:00:00,21.2,29.8,71.0,0.1,32.2,234.0,1002.7,1255.0
2025-07-29 07:00:00,,29.7,70.0,0.1,32.5,234.0,1002.3,1285.0
2025-07-29 08:00:00,22.7,29.4,71.0,0.1,31.4,235.0,1002.5,1245.0
2025-07-29 09:00:00,26.1,28.0,77.0,0.4,29.4,242.0,1003.3,1060.0
2025-07-29 10:00:00,21.3,28.2,78.0,0.4,26.5,232.0,1003.3,1165.0
2025-07-29 11:00:00,,27.5,78.0,1.0,24.4,236.0,1004.3,1020.0
2025-07-29 12:00:00,25.4,27.9,78.0,0.3,24.4,230.0,1005.0,1100.0
2025-07-29 13:00:00,,28.5,77.0,0.4,21.9,231.0,1005.1,1185.0
2025-07-29 14:00:00,24.7,28.2,77.0,0.3,21.0,225.0,1005.8,1155.0
2025-07-29 15:00:00,20.4,28.1,78.0,0.4,21.8,231.0,1005.7,1125.0
2025-07-29 16:00:00,20.9,28.2,77.0,0.2,22.4,228.0,1005.2,1175.0
2025-07-29 17:00:00,19.1,28.1,77.0,0.2,21.4,223.0,1004.8,1150.0
2025-07-29 18:00:00,19.5,28.1,76.0,0.1,21.5,216.0,1003.9,1185.0
2025-07-29 19:00:00,20.6,28.1,73.0,0.0,21.5,216.0,1003.5,1185.0
2025-07-29 20:00:00,22.4,28.2,72.0,0.0,22.5,220.0,1003.6,1190.0
2025-07-29 21:00:00,20.8,28.1,72.0,0.0,24.5,220.0,1003.4,1190.0
2025-07-29 22:00:00,,28.1,73.0,0.0,23.6,223.0,1003.7,1190.0
2025-07-29 23:00:00,,28.5,72.0,0.0,22.5,225.0,1004.4,1245.0
2025-07-30 00:00:00,,28.9,73.0,0.0,21.8,223.0,1004.8,1250.0
2025-07-30 01:00:00,,28.9,73.0,0.2,27.7,232.0,1005.3,1135.0
2025-07-30 02:00:00,21.8,29.4,71.0,0.0,26.6,233.0,1005.3,1170.0
2025-07-30 03:00:00,21.2,29.6,72.0,0.1,28.2,236.0,1005.1,1160.0
2025-07-30 04:00:00,17.8,29.9,70.0,0.0,27.8,237.0,1004.8,1185.0
2025-07-30 05:00:00,17.5,29.7,71.0,0.0,28.6,239.0,1004.3,1145.0
2025-07-30 06:00:00,23.0,29.9,70.0,0.0,29.4,237.0,1003.7,1200.0
2025-07-30 07:00:00,23.1,29.7,70.0,0.1,27.6,235.0,1003.5,1195.0
2025-07-30 08:00:00,18.7,29.4,72.0,0.1,27.5,235.0,1003.3,1175.0
2025-07-30 09:00:00,23.3,29.1,73.0,0.2,25.7,234.0,1003.5,1170.0
2025-07-30 10:00:00,24.6,28.5,77.0,0.1,24.1,235.0,1004.5,1030.0
2025-07-30 11:00:00,26.6,28.0,77.0,0.3,22.0,239.0,1005.2,945.0
2025-07-30 12:00:00,24.0,27.4,81.0,0.4,25.4,239.0,1006.3,800.0
2025-07-30 13:00:00,,27.8,78.0,0.9,22.8,231.0,1006.1,980.0
2025-07-30 14:00:00,,28.2,76.0,0.1,22.2,230.0,1006.4,980.0
2025-07-30 15:00:00,18.8,28.4,75.0,0.1,21.8,223.0,1005.8,990.0
2025-07-30 16:00:00,20.6,28.4,73.0,0.0,21.9,221.0,1005.1,1005.0
2025-07-30 17:00:00,17.0,28.4,71.0,0.0,22.2,223.0,1004.4,1070.0
2025-07-30 18:00:00,18.8,28.4,71.0,0.0,20.6,224.0,1004.4,1125.0
2025-07-30 19:00:00,18.4,28.5,68.0,0.0,21.8,221.0,1004.4,1175.0
2025-07-30 20:00:00,17.9,28.3,69.0,0.0,20.5,223.0,1004.4,1210.0
2025-07-30 21:00:00,,28.3,70.0,0.0,19.0,220.0,1004.7,1180.0
2025-07-30 22:00:00,,28.1,72.0,0.0,19.9,224.0,1005.4,1120.0
2025-07-30 23:00:00,24.1,28.6,72.0,0.0,21.0,225.0,1006.0,1155.0
2025-07-31 00:00:00,,28.9,73.0,0.1,22.5,230.0,1006.2,1175.0
2025-07-31 01:00:00,21.8,29.7,68.0,0.0,22.8,224.0,1006.4,1275.0
2025-07-31 02:00:00,19.3,29.9,69.0,0.0,25.4,228.0,1006.2,1175.0
2025-07-31 03:00:00,21.7,30.5,67.0,0.0,23.8,232.0,1005.8,1230.0
2025-07-31 04:00:00,20.5,30.8,65.0,0.0,24.0,232.0,1005.3,1230.0
2025-07-31 05:00:00,18.6,30.7,66.0,0.0,25.1,235.0,1004.6,1220.0
2025-07-31 06:00:00,,30.7,65.0,0.0,24.4,233.0,1004.4,1190.0
2025-07-31 07:00:00,22.6,30.5,66.0,0.0,25.7,236.0,1003.9,1155.0
2025-07-31 08:00:00,24.5,30.2,67.0,0.0,24.7,235.0,1003.8,1155.0
2025-07-31 09:00:00,21.0,29.8,69.0,0.0,24.7,233.0,1004.0,1155.0
2025-07-31 10:00:00,21.5,29.2,72.0,0.1,21.0,231.0,1004.7,1070.0
2025-07-31 11:00:00,24.2,28.6,76.0,0.1,20.8,229.0,1005.4,905.0
2025-07-31 12:00:00,26.7,28.5,77.0,0.2,19.3,230.0,1006.1,875.0
2025-07-31 13:00:00,24.0,28.2,79.0,0.1,16.4,239.0,1006.5,890.0
2025-07-31 14:00:00,21.0,28.5,77.0,0.0,18.6,235.0,1006.8,925.0
2025-07-31 15:00:00,20.3,28.3,77.0,0.0,20.0,237.0,1006.7,915.0
2025-07-31 16:00:00,18.8,28.3,77.0,0.0,19.2,240.0,1006.0,965.0
2025-07-31 17:00:00,15.6,28.4,76.0,0.0,19.4,232.0,1005.5,995.0
2025-07-31 18:00:00,15.4,28.3,77.0,0.0,19.6,234.0,1005.0,980.0
2025-07-31 19:00:00,15.2,28.2,77.0,0.1,20.6,230.0,1004.8,925.0
2025-07-31 20:00:00,19.9,28.2,77.0,0.1,20.2,233.0,1005.1,950.0
2025-07-31 21:00:00,,28.1,78.0,0.0,21.9,234.0,1005.1,925.0
2025-07-31 22:00:00,33.7,28.2,77.0,0.0,21.1,235.0,1005.5,920.0
2025-07-31 23:00:00,26.8,28.5,76.0,0.0,19.1,236.0,1006.1,925.0
2025-08-01 00:00:00,17.6,29.2,74.0,0.0,20.9,238.0,1006.3,1020.0
2025-08-01 01:00:00,22.0,29.9,70.0,0.0,20.6,240.0,1006.6,1045.0
2025-08-01 02:00:00,19.3,30.5,66.0,0.0,21.5,239.0,1006.5,1105.0
2025-08-01 03:00:00,19.7,30.9,65.0,0.0,21.5,238.0,1006.3,1145.0
2025-08-01 04:00:00,20.7,31.1,64.0,0.0,22.0,238.0,1005.7,1090.0
2025-08-01 05:00:00,21.8,31.2,64.0,0.0,22.2,234.0,1005.2,1120.0
2025-08-01 06:00:00,24.2,31.2,63.0,0.0,21.0,234.0,1004.9,1100.0
2025-08-01 07:00:00,21.1,31.0,64.0,0.0,21.0,235.0,1004.7,1050.0
2025-08-01 08:00:00,19.8,30.6,66.0,0.0,21.5,235.0,1004.9,1000.0
2025-08-01 09:00:00,22.9,29.9,69.0,0.0,20.0,235.0,1005.2,895.0
2025-08-01 10:00:00,25.3,29.4,72.0,0.0,17.5,238.0,1005.7,825.0
2025-08-01 11:00:00,25.2,29.1,73.0,0.0,15.6,239.0,1006.3,795.0
2025-08-01 12:00:00,29.9,29.1,74.0,0.0,13.6,235.0,1007.1,795.0
2025-08-01 13:00:00,21.2,29.3,71.0,0.0,13.3,230.0,1007.7,750.0
2025-08-01 14:00:00,19.0,29.1,72.0,0.0,12.5,230.0,1008.1,760.0
2025-08-01 15:00:00,19.6,28.8,74.0,0.0,12.2,225.0,1008.1,735.0
2025-08-01 16:00:00,17.9,28.6,76.0,0.0,11.3,226.0,1007.8,710.0
2025-08-01 17:00:00,18.5,28.4,76.0,0.0,11.2,230.0,1007.2,710.0
2025-08-01 18:00:00,19.1,28.5,74.0,0.0,12.1,232.0,1006.6,715.0
2025-08-01 19:00:00,18.4,28.3,76.0,0.0,11.2,235.0,1006.5,705.0
2025-08-01 20:00:00,22.4,28.2,77.0,0.0,11.1,241.0,1006.6,755.0
2025-08-01 21:00:00,27.7,28.2,78.0,0.0,11.1,239.0,1006.9,795.0
2025-08-01 22:00:00,33.8,28.4,76.0,0.0,11.7,241.0,1007.1,835.0
2025-08-01 23:00:00,24.7,28.9,72.0,0.0,12.9,240.0,1007.2,840.0
2025-08-02 00:00:00,24.5,29.6,69.0,0.0,13.6,241.0,1007.6,905.0
2025-08-02 01:00:00,22.3,30.2,64.0,0.0,15.0,243.0,1008.3,925.0
2025-08-02 02:00:00,20.7,30.7,61.0,0.0,15.7,240.0,1007.9,955.0
2025-08-02 03:00:00,22.3,31.3,56.0,0.0,16.5,240.0,1007.8,965.0
2025-08-02 04:00:00,20.7,31.6,54.0,0.0,16.5,240.0,1007.5,990.0
2025-08-02 05:00:00,26.3,31.8,56.0,0.0,15.4,240.0,1007.0,1025.0
2025-08-02 06:00:00,21.3,31.9,56.0,0.0,14.1,238.0,1006.7,1080.0
2025-08-02 07:00:00,19.9,31.9,56.0,0.0,13.6,235.0,1006.5,1095.0
2025-08-02 08:00:00,,31.7,55.0,0.0,13.8,237.0,1006.4,1090.0
2025-08-02 09:00:00,,31.0,59.0,0.0,14.1,242.0,1006.6,955.0
2025-08-02 10:00:00,21.8,30.4,62.0,0.0,13.6,244.0,1006.9,825.0
2025-08-02 11:00:00,27.5,29.8,65.0,0.0,11.6,246.0,1007.5,665.0
2025-08-02 12:00:00,21.9,29.6,67.0,0.0,9.8,246.0,1008.1,680.0
2025-08-02 13:00:00,20.9,29.4,69.0,0.0,10.1,248.0,1008.9,685.0
2025-08-02 14:00:00,,29.1,71.0,0.0,8.3,240.0,1009.2,590.0
2025-08-02 15:00:00,19.5,28.7,74.0,0.0,7.1,234.0,1008.9,475.0
2025-08-02 16:00:00,17.7,28.5,76.0,0.0,5.7,235.0,1008.4,400.0
2025-08-02 17:00:00,20.6,28.2,78.0,0.0,5.1,225.0,1007.7,315.0
2025-08-02 18:00:00,25.0,27.7,80.0,0.0,5.6,225.0,1007.2,220.0
2025-08-02 19:00:00,21.0,27.3,83.0,0.0,5.1,238.0,1006.9,130.0
2025-08-02 20:00:00,24.2,27.0,85.0,0.0,3.9,248.0,1007.0,50.0
2025-08-02 21:00:00,24.5,26.7,87.0,0.0,2.9,248.0,1006.9,35.0
2025-08-02 22:00:00,25.7,26.6,87.0,0.0,0.9,270.0,1007.2,40.0
2025-08-02 23:00:00,30.3,27.4,83.0,0.0,0.6,252.0,1007.6,205.0
2025-08-03 00:00:00,29.0,28.5,76.0,0.0,3.1,257.0,1008.1,510.0
2025-08-03 01:00:00,,29.9,66.0,0.0,3.8,273.0,1008.8,665.0
2025-08-03 02:00:00,22.5,31.0,58.0,0.0,7.6,262.0,1008.6,870.0
2025-08-03 03:00:00,20.1,31.7,53.0,0.0,9.5,259.0,1008.1,835.0
2025-08-03 04:00:00,,32.0,53.0,0.0,10.2,256.0,1008.1,905.0
2025-08-03 05:00:00,19.4,32.3,55.0,0.0,10.5,243.0,1007.6,1030.0
2025-08-03 06:00:00,,32.6,54.0,0.0,11.5,243.0,1007.3,1080.0
2025-08-03 07:00:00,25.7,32.3,55.0,0.0,11.5,247.0,1006.8,1065.0
2025-08-03 08:00:00,,31.9,57.0,0.0,10.7,250.0,1006.4,1045.0
2025-08-03 09:00:00,,31.2,61.0,0.0,10.9,253.0,1006.8,940.0
2025-08-03 10:00:00,22.8,30.6,63.0,0.0,11.3,252.0,1006.9,815.0
2025-08-03 11:00:00,23.0,30.2,64.0,0.0,10.7,250.0,1007.6,650.0
2025-08-03 12:00:00,19.4,30.0,62.0,0.0,10.0,253.0,1008.2,535.0
2025-08-03 13:00:00,23.5,29.6,71.0,0.0,7.7,237.0,1009.2,370.0
2025-08-03 14:00:00,23.3,29.3,73.0,0.0,6.7,236.0,1009.9,330.0
2025-08-03 15:00:00,20.4,29.0,76.0,0.0,6.8,235.0,1009.6,300.0
2025-08-03 16:00:00,31.2,28.7,78.0,0.0,6.0,237.0,1009.0,280.0
2025-08-03 17:00:00,16.9,28.5,78.0,0.0,3.9,257.0,1008.4,335.0
2025-08-03 18:00:00,,28.3,79.0,0.0,2.2,275.0,1007.9,370.0
2025-08-03 19:00:00,,28.0,80.0,0.0,2.1,308.0,1007.7,295.0
2025-08-03 20:00:00,20.2,27.5,82.0,0.0,1.9,331.0,1007.4,205.0
2025-08-03 21:00:00,19.8,27.2,84.0,0.0,1.4,337.0,1007.6,165.0
2025-08-03 22:00:00,,26.8,86.0,0.0,0.6,304.0,1007.6,45.0
2025-08-03 23:00:00,,27.5,81.0,0.0,1.3,315.0,1008.3,270.0
2025-08-04 00:00:00,26.8,28.6,72.0,0.0,2.0,297.0,1008.5,475.0
2025-08-04 01:00:00,27.9,30.1,63.0,0.0,3.9,286.0,1008.8,620.0
2025-08-04 02:00:00,,31.4,57.0,0.0,6.4,278.0,1008.5,790.0
2025-08-04 03:00:00,,32.2,53.0,0.0,9.5,269.0,1008.0,840.0
2025-08-04 04:00:00,,32.8,47.0,0.0,11.5,268.0,1007.5,770.0
2025-08-04 05:00:00,,33.2,44.0,0.0,9.9,266.0,1007.1,780.0
2025-08-04 06:00:00,,33.3,47.0,0.0,9.7,252.0,1006.8,850.0
2025-08-04 07:00:00,,32.7,53.0,0.0,12.2,243.0,1006.2,760.0
2025-08-04 08:00:00,21.2,32.5,53.0,0.0,13.3,237.0,1006.3,740.0
2025-08-04 09:00:00,33.1,31.9,56.0,0.0,12.1,237.0,1006.6,535.0
2025-08-04 10:00:00,25.2,31.0,62.0,0.0,11.9,235.0,1006.6,385.0
2025-08-04 11:00:00,23.0,30.2,66.0,0.0,10.1,231.0,1007.5,380.0
2025-08-04 12:00:00,21.2,30.0,66.0,0.0,8.3,231.0,1008.2,395.0
2025-08-04 13:00:00,19.7,29.4,72.0,0.0,10.6,228.0,1009.0,310.0
2025-08-04 14:00:00,21.8,29.2,74.0,0.0,8.4,227.0,1009.6,305.0
2025-08-04 15:00:00,,28.8,76.0,0.0,6.9,221.0,1009.2,285.0
2025-08-04 16:00:00,17.5,28.6,78.0,0.0,5.0,226.0,1008.4,270.0
2025-08-04 17:00:00,18.0,28.6,78.0,0.0,1.9,241.0,1007.9,315.0
2025-08-04 18:00:00,19.5,28.6,77.0,0.0,0.6,252.0,1007.2,475.0
2025-08-04 19:00:00,19.6,28.4,77.0,0.0,0.0,270.0,1007.0,410.0
2025-08-04 20:00:00,24.5,28.2,78.0,0.0,0.7,256.0,1006.6,330.0
2025-08-04 21:00:00,29.8,28.1,79.0,0.0,3.6,354.0,1006.8,305.0
2025-08-04 22:00:00,31.3,27.6,81.0,0.0,5.7,13.0,1007.1,240.0
2025-08-04 23:00:00,32.8,28.0,78.0,0.0,6.3,7.0,1008.0,455.0
2025-08-05 00:00:00,,29.1,70.0,0.0,6.8,360.0,1008.4,525.0
2025-08-05 01:00:00,39.0,30.4,65.0,0.0,6.6,344.0,1008.6,760.0
2025-08-05 02:00:00,49.8,31.9,57.0,0.0,6.0,307.0,1008.6,1125.0
2025-08-05 03:00:00,41.1,32.7,54.0,0.0,8.3,275.0,1008.2,1230.0
2025-08-05 04:00:00,43.8,33.0,54.0,0.0,10.5,267.0,1007.7,1270.0
2025-08-05 05:00:00,39.2,33.3,52.0,0.0,12.6,266.0,1007.1,1340.0
2025-08-05 06:00:00,38.8,33.2,49.0,0.0,15.3,257.0,1006.7,690.0
2025-08-05 07:00:00,34.1,29.6,70.0,5.2,3.6,217.0,1007.1,375.0
2025-08-05 08:00:00,42.8,29.5,69.0,1.2,8.9,161.0,1007.1,540.0
2025-08-05 09:00:00,37.0,27.7,81.0,1.6,5.6,121.0,1007.0,265.0
2025-08-05 10:00:00,38.1,27.9,80.0,0.1,5.5,113.0,1007.6,195.0
2025-08-05 11:00:00,60.2,27.8,80.0,0.0,2.2,66.0,1008.8,140.0
2025-08-05 12:00:00,,27.9,81.0,0.0,2.6,16.0,1008.9,295.0
2025-08-05 13:00:00,43.9,28.7,74.0,0.0,7.6,25.0,1008.5,315.0
2025-08-05 14:00:00,37.4,28.0,76.0,0.0,8.5,360.0,1009.4,290.0
2025-08-05 15:00:00,31.2,27.6,78.0,0.0,7.2,341.0,1009.3,245.0
2025-08-05 16:00:00,29.7,27.0,81.0,0.0,8.5,335.0,1008.5,290.0
2025-08-05 17:00:00,,26.7,83.0,0.0,7.2,347.0,1007.7,280.0
2025-08-05 18:00:00,28.1,26.4,84.0,0.0,6.6,344.0,1007.2,265.0
2025-08-05 19:00:00,27.8,26.2,84.0,0.0,6.1,346.0,1007.2,270.0
2025-08-05 20:00:00,25.5,26.1,85.0,0.0,7.3,351.0,1007.1,295.0
2025-08-05 21:00:00,,26.0,85.0,0.0,6.8,348.0,1007.3,300.0
2025-08-05 22:00:00,22.8,26.1,85.0,0.0,8.4,345.0,1007.4,315.0
2025-08-05 23:00:00,26.3,26.4,83.0,0.0,7.1,354.0,1008.0,295.0
2025-08-06 00:00:00,24.5,27.6,76.0,0.0,5.4,354.0,1008.4,355.0
2025-08-06 01:00:00,23.2,28.9,69.0,0.0,7.2,4.0,1008.2,525.0
2025-08-06 02:00:00,22.9,30.5,62.0,0.0,6.7,344.0,1008.1,745.0
2025-08-06 03:00:00,,31.7,58.0,0.0,6.9,315.0,1007.8,1020.0
2025-08-06 04:00:00,18.6,32.3,57.0,0.0,8.7,276.0,1006.8,1270.0
2025-08-06 05:00:00,20.9,29.8,68.0,0.8,1.9,214.0,1006.7,385.0
2025-08-06 06:00:00,24.9,28.9,72.0,0.5,3.5,55.0,1006.4,405.0
2025-08-06 07:00:00,17.0,28.0,76.0,2.0,6.4,58.0,1006.3,355.0
2025-08-06 08:00:00,27.3,27.6,76.0,0.7,10.2,339.0,1006.5,320.0
2025-08-06 09:00:00,34.2,26.9,80.0,0.4,10.0,13.0,1006.6,360.0
2025-08-06 10:00:00,45.3,24.2,92.0,8.1,11.2,18.0,1007.8,310.0
2025-08-06 11:00:00,46.5,24.9,92.0,0.4,7.4,360.0,1007.7,270.0
2025-08-06 12:00:00,42.5,25.1,91.0,0.3,5.6,7.0,1007.9,325.0
2025-08-06 13:00:00,22.1,25.6,86.0,0.1,10.1,355.0,1008.4,455.0
2025-08-06 14:00:00,13.6,25.4,87.0,0.0,7.9,349.0,1008.7,435.0
2025-08-06 15:00:00,7.37,25.4,87.0,0.0,7.6,353.0,1008.3,430.0
2025-08-06 16:00:00,5.97,25.4,88.0,0.0,8.3,355.0,1007.6,440.0
2025-08-06 17:00:00,7.11,25.4,89.0,0.0,8.5,347.0,1006.8,410.0
2025-08-06 18:00:00,7.73,25.5,88.0,0.0,6.9,346.0,1006.3,375.0
2025-08-06 19:00:00,16.2,25.5,88.0,0.0,5.7,349.0,1006.5,330.0
2025-08-06 20:00:00,24.6,25.4,88.0,0.0,4.3,355.0,1006.2,260.0
2025-08-06 21:00:00,,25.4,88.0,0.0,4.4,32.0,1006.2,220.0
2025-08-06 22:00:00,,25.4,88.0,0.0,4.2,10.0,1006.5,195.0
2025-08-06 23:00:00,18.2,25.7,86.0,0.1,4.4,9.0,1007.1,220.0
2025-08-07 00:00:00,25.5,26.2,84.0,0.0,4.2,31.0,1007.9,260.0
2025-08-07 01:00:00,24.7,27.5,78.0,0.2,7.4,256.0,1007.6,485.0
2025-08-07 02:00:00,26.6,28.4,74.0,0.1,7.2,242.0,1007.5,605.0
2025-08-07 03:00:00,18.9,29.4,69.0,0.1,7.0,258.0,1007.3,705.0
2025-08-07 04:00:00,16.1,29.8,67.0,0.0,7.0,271.0,1006.8,660.0
2025-08-07 05:00:00,,30.2,64.0,0.0,8.3,276.0,1006.0,780.0
2025-08-07 06:00:00,18.5,30.3,63.0,0.0,10.3,272.0,1005.1,800.0
2025-08-07 07:00:00,22.5,29.8,67.0,0.0,12.1,263.0,1004.6,725.0
2025-08-07 08:00:00,19.3,29.4,70.0,0.1,10.7,250.0,1004.5,650.0
2025-08-07 09:00:00,23.8,28.8,72.0,0.6,11.4,283.0,1004.7,650.0
2025-08-07 10:00:00,18.2,28.3,73.0,0.4,11.6,283.0,1005.3,665.0
2025-08-07 11:00:00,14.4,27.9,76.0,0.1,9.4,274.0,1006.4,615.0
2025-08-07 12:00:00,20.8,27.8,77.0,0.1,8.8,290.0,1006.8,690.0
2025-08-07 13:00:00,24.4,27.9,77.0,0.0,7.4,331.0,1007.3,585.0
2025-08-07 14:00:00,14.0,27.5,78.0,0.1,9.6,4.0,1007.7,545.0
2025-08-07 15:00:00,8.88,26.8,82.0,0.0,10.5,352.0,1007.3,520.0
2025-08-07 16:00:00,10.5,26.4,83.0,0.0,10.1,357.0,1006.6,475.0
2025-08-07 17:00:00,10.8,26.1,83.0,0.0,9.9,3.0,1006.2,465.0
2025-08-07 18:00:00,3.26,25.9,84.0,0.0,8.6,358.0,1005.9,430.0
2025-08-07 19:00:00,4.67,25.8,84.0,0.0,8.7,352.0,1005.9,390.0
2025-08-07 20:00:00,10.5,25.4,86.0,0.0,8.6,1.0,1006.1,350.0
2025-08-07 21:00:00,15.0,25.1,87.0,0.0,9.2,16.0,1006.4,320.0
2025-08-07 22:00:00,24.4,25.3,85.0,0.0,8.1,18.0,1007.0,290.0
2025-08-07 23:00:00,16.3,25.8,83.0,0.0,5.8,22.0,1007.7,255.0
2025-08-08 00:00:00,24.4,26.9,79.0,0.0,5.4,4.0,1007.9,315.0
2025-08-08 01:00:00,,28.1,74.0,0.0,6.3,333.0,1008.4,530.0
2025-08-08 02:00:00,20.0,29.1,68.0,0.0,5.6,299.0,1008.4,615.0
2025-08-08 03:00:00,,29.9,64.0,0.1,6.1,275.0,1008.3,725.0
2025-08-08 04:00:00,15.4,30.3,63.0,0.1,8.7,274.0,1007.4,690.0
2025-08-08 05:00:00,,30.3,64.0,0.1,10.8,259.0,1006.3,630.0
2025-08-08 06:00:00,,30.5,63.0,0.0,11.4,244.0,1005.6,680.0
2025-08-08 07:00:00,16.4,30.8,61.0,0.0,12.7,230.0,1005.6,775.0
2025-08-08 08:00:00,14.2,30.4,65.0,0.0,15.0,228.0,1005.6,765.0
2025-08-08 09:00:00,17.1,29.5,67.0,0.6,12.1,243.0,1006.1,645.0
2025-08-08 10:00:00,13.8,29.5,66.0,0.0,9.3,243.0,1006.8,750.0
2025-08-08 11:00:00,14.7,28.7,70.0,0.0,9.5,259.0,1007.5,510.0
2025-08-08 12:00:00,9.95,28.0,74.0,0.0,5.1,243.0,1008.4,400.0
2025-08-08 13:00:00,14.4,29.4,64.0,0.0,11.1,253.0,1008.6,845.0
2025-08-08 14:00:00,9.87,29.1,65.0,0.0,9.8,257.0,1009.0,775.0
2025-08-08 15:00:00,8.94,28.8,67.0,0.0,7.9,267.0,1008.5,760.0
2025-08-08 16:00:00,8.2,28.6,69.0,0.0,6.0,280.0,1008.3,575.0
2025-08-08 17:00:00,5.69,28.4,70.0,0.0,3.0,287.0,1007.7,180.0
2025-08-08 18:00:00,7.49,28.1,72.0,0.0,3.2,308.0,1007.4,145.0
2025-08-08 19:00:00,8.36,27.7,76.0,0.0,4.6,342.0,1007.6,200.0
2025-08-08 20:00:00,12.5,27.2,80.0,0.0,4.1,13.0,1007.7,175.0
2025-08-08 21:00:00,14.2,27.1,80.0,0.0,3.5,81.0,1007.9,135.0
2025-08-08 22:00:00,,27.0,80.0,0.0,3.2,124.0,1008.3,125.0
2025-08-08 23:00:00,,27.5,76.0,0.3,3.8,135.0,1008.8,260.0
2025-08-09 00:00:00,24.7,28.2,73.0,0.1,5.8,141.0,1009.5,525.0
2025-08-09 01:00:00,18.2,29.3,65.0,0.0,4.1,218.0,1009.6,780.0
2025-08-09 02:00:00,14.6,30.0,61.0,0.0,5.4,230.0,1009.5,870.0
2025-08-09 03:00:00,17.5,30.7,58.0,0.0,8.2,247.0,1009.0,995.0
2025-08-09 04:00:00,14.2,31.0,56.0,0.0,11.2,254.0,1008.4,1045.0
2025-08-09 05:00:00,17.5,31.4,55.0,0.0,13.5,249.0,1007.4,1065.0
2025-08-09 06:00:00,15.3,31.5,56.0,0.0,13.9,243.0,1006.8,965.0
2025-08-09 07:00:00,24.2,31.2,57.0,0.0,14.7,245.0,1006.5,875.0
2025-08-09 08:00:00,38.9,30.7,60.0,0.0,13.2,244.0,1006.5,855.0
2025-08-09 09:00:00,31.4,30.4,61.0,0.1,10.1,245.0,1006.7,845.0
2025-08-09 10:00:00,19.9,30.1,63.0,0.0,7.8,241.0,1007.3,875.0
2025-08-09 11:00:00,21.6,29.8,65.0,0.0,5.3,232.0,1007.8,855.0
2025-08-09 12:00:00,21.9,29.4,67.0,0.0,5.1,207.0,1008.5,585.0
2025-08-09 13:00:00,14.5,29.9,62.0,0.0,4.3,265.0,1008.8,810.0
2025-08-09 14:00:00,19.7,29.5,64.0,0.0,3.1,234.0,1009.4,370.0
2025-08-09 15:00:00,16.6,29.1,68.0,0.0,0.4,243.0,1009.4,130.0
2025-08-09 16:00:00,17.9,28.7,70.0,0.0,3.4,148.0,1008.9,130.0
2025-08-09 17:00:00,12.7,28.1,75.0,0.0,3.6,153.0,1008.5,130.0
2025-08-09 18:00:00,9.36,27.7,78.0,0.0,2.8,153.0,1007.9,135.0
2025-08-09 19:00:00,14.2,27.6,79.0,0.0,2.7,132.0,1008.0,140.0
2025-08-09 20:00:00,13.7,27.5,80.0,0.0,3.7,151.0,1007.9,195.0
2025-08-09 21:00:00,23.1,27.3,82.0,0.0,3.8,169.0,1008.0,200.0
2025-08-09 22:00:00,24.6,27.3,83.0,0.0,4.1,182.0,1007.9,205.0
2025-08-09 23:00:00,26.7,28.1,74.0,0.0,3.5,171.0,1008.2,340.0
2025-08-10 00:00:00,30.4,29.2,67.0,0.0,3.5,192.0,1008.5,695.0
2025-08-10 01:00:00,31.5,30.5,60.0,0.0,3.8,211.0,1008.7,935.0
2025-08-10 02:00:00,32.8,31.6,55.0,0.0,4.7,247.0,1008.6,1090.0
2025-08-10 03:00:00,,32.4,52.0,0.0,8.7,262.0,1008.2,1220.0
2025-08-10 04:00:00,26.6,32.7,50.0,0.0,11.0,268.0,1007.8,1195.0
2025-08-10 05:00:00,28.4,32.8,50.0,0.0,13.1,262.0,1007.0,845.0
2025-08-10 06:00:00,15.6,32.4,52.0,0.1,15.3,248.0,1006.5,650.0
2025-08-10 07:00:00,18.3,31.2,58.0,0.6,14.7,221.0,1006.4,600.0
2025-08-10 08:00:00,19.0,31.6,55.0,0.3,12.0,219.0,1006.3,830.0
2025-08-10 09:00:00,15.4,29.6,64.0,0.8,12.0,188.0,1006.8,540.0
2025-08-10 10:00:00,13.0,29.3,67.0,0.5,5.7,169.0,1007.3,410.0
2025-08-10 11:00:00,19.0,29.2,69.0,0.0,5.6,182.0,1008.0,435.0
2025-08-10 12:00:00,12.1,28.7,73.0,0.0,3.8,163.0,1009.1,335.0
2025-08-10 13:00:00,11.2,29.3,71.0,0.1,4.0,280.0,1009.0,475.0
2025-08-10 14:00:00,13.5,29.0,71.0,0.0,1.5,14.0,1009.3,440.0
2025-08-10 15:00:00,13.2,29.0,71.0,0.0,3.6,351.0,1009.1,390.0
2025-08-10 16:00:00,10.2,28.9,71.0,0.0,2.9,360.0,1008.5,350.0
2025-08-10 17:00:00,14.0,28.7,72.0,0.0,2.9,349.0,1008.3,385.0
2025-08-10 18:00:00,9.97,28.4,73.0,0.0,1.8,336.0,1007.6,380.0
2025-08-10 19:00:00,19.3,28.3,74.0,0.0,2.3,321.0,1006.8,395.0
2025-08-10 20:00:00,21.3,28.1,75.0,0.0,2.5,4.0,1006.7,270.0
2025-08-10 21:00:00,22.8,27.7,78.0,0.0,2.2,42.0,1006.8,90.0
2025-08-10 22:00:00,27.6,27.3,81.0,0.0,2.8,45.0,1006.9,85.0
2025-08-10 23:00:00,,27.6,79.0,0.0,2.3,61.0,1007.3,150.0
2025-08-11 00:00:00,,28.9,72.0,0.0,0.2,180.0,1007.7,545.0
2025-08-11 01:00:00,,30.8,60.0,0.0,4.4,305.0,1007.5,865.0
2025-08-11 02:00:00,,31.8,56.0,0.1,6.4,299.0,1007.5,1045.0
2025-08-11 03:00:00,37.6,32.5,54.0,0.2,7.7,279.0,1007.2,1155.0
2025-08-11 04:00:00,,32.5,55.0,0.1,10.4,269.0,1006.4,1195.0
2025-08-11 05:00:00,27.5,32.5,55.0,0.2,12.3,273.0,1005.7,1175.0
2025-08-11 06:00:00,31.7,32.6,51.0,0.0,13.8,263.0,1004.9,880.0
2025-08-11 07:00:00,29.6,31.8,55.0,0.1,9.3,242.0,1005.1,665.0
2025-08-11 08:00:00,27.3,30.6,64.0,1.1,12.3,273.0,1005.1,565.0
2025-08-11 09:00:00,21.8,28.7,76.0,2.2,4.4,322.0,1005.2,330.0
2025-08-11 10:00:00,22.1,28.3,77.0,0.0,3.1,54.0,1006.0,490.0
2025-08-11 11:00:00,27.5,26.7,84.0,2.7,5.9,180.0,1007.1,175.0
2025-08-11 12:00:00,34.1,27.2,81.0,0.1,2.2,145.0,1007.1,195.0
2025-08-11 13:00:00,24.3,29.5,70.0,0.0,2.0,333.0,1007.5,505.0
2025-08-11 14:00:00,21.5,29.1,72.0,0.0,3.9,16.0,1007.9,380.0
2025-08-11 15:00:00,19.9,28.4,75.0,0.0,10.1,359.0,1008.4,400.0
2025-08-11 16:00:00,19.5,26.2,84.0,1.2,8.9,352.0,1007.5,225.0
2025-08-11 17:00:00,19.9,26.3,83.0,0.0,7.1,19.0,1007.2,230.0
2025-08-11 18:00:00,21.5,26.4,80.0,0.0,2.6,34.0,1007.1,200.0
2025-08-11 19:00:00,,26.7,76.0,0.0,0.6,214.0,1006.6,160.0
2025-08-11 20:00:00,27.6,26.8,76.0,0.0,2.7,298.0,1006.5,220.0
2025-08-11 21:00:00,,26.6,78.0,0.0,2.8,108.0,1006.8,225.0
2025-08-11 22:00:00,41.0,26.2,80.0,0.0,3.5,78.0,1006.4,190.0
2025-08-11 23:00:00,40.8,26.6,78.0,0.0,3.6,49.0,1006.8,220.0
2025-08-12 00:00:00,24.0,27.7,72.0,0.0,2.4,36.0,1007.0,375.0
2025-08-12 01:00:00,,29.6,71.0,0.1,6.3,342.0,1006.7,655.0
2025-08-12 02:00:00,,30.5,66.0,0.0,7.5,320.0,1006.6,770.0
2025-08-12 03:00:00,30.3,31.0,65.0,0.0,8.9,299.0,1006.4,900.0
2025-08-12 04:00:00,28.6,31.1,66.0,0.0,10.9,277.0,1006.0,700.0
2025-08-12 05:00:00,23.9,31.6,61.0,0.0,10.8,268.0,1005.4,700.0
2025-08-12 06:00:00,23.5,31.1,61.0,0.0,3.9,292.0,1005.0,915.0
2025-08-12 07:00:00,22.2,29.9,68.0,0.1,8.0,284.0,1005.2,770.0
2025-08-12 08:00:00,19.3,28.7,73.0,0.5,7.8,310.0,1005.1,515.0
2025-08-12 09:00:00,22.3,29.1,72.0,0.0,3.9,344.0,1005.5,560.0
2025-08-12 10:00:00,29.6,28.5,73.0,0.1,2.9,338.0,1006.0,425.0
2025-08-12 11:00:00,33.5,25.3,88.0,5.2,11.0,359.0,1007.1,255.0
2025-08-12 12:00:00,28.1,25.9,87.0,0.1,2.9,360.0,1007.1,160.0
2025-08-12 13:00:00,26.8,25.9,83.0,0.0,2.0,10.0,1007.8,190.0
2025-08-12 14:00:00,31.9,26.0,83.0,0.1,0.6,198.0,1007.9,195.0
2025-08-12 15:00:00,31.7,26.2,82.0,0.0,1.6,27.0,1008.1,210.0
2025-08-12 16:00:00,24.7,26.0,84.0,0.0,5.7,18.0,1007.2,190.0
2025-08-12 17:00:00,24.4,25.8,85.0,0.0,2.3,29.0,1006.7,130.0
2025-08-12 18:00:00,26.1,25.9,85.0,0.0,1.3,135.0,1006.2,125.0
2025-08-12 19:00:00,29.2,25.7,85.0,0.0,3.8,41.0,1006.1,115.0
2025-08-12 20:00:00,37.3,25.7,85.0,0.0,3.4,43.0,1006.2,90.0
2025-08-12 21:00:00,34.3,25.5,85.0,0.0,2.2,24.0,1006.0,60.0
2025-08-12 22:00:00,39.5,25.5,86.0,0.0,1.8,294.0,1005.9,70.0
2025-08-12 23:00:00,33.2,26.2,82.0,0.0,2.6,16.0,1006.5,115.0
2025-08-13 00:00:00,23.1,27.5,75.0,0.0,5.1,4.0,1007.0,335.0
2025-08-13 01:00:00,23.0,28.9,69.0,0.0,5.6,327.0,1006.9,590.0
2025-08-13 02:00:00,38.2,29.9,64.0,0.0,5.5,289.0,1006.8,660.0
2025-08-13 03:00:00,28.7,30.8,60.0,0.0,7.9,283.0,1006.6,730.0
2025-08-13 04:00:00,22.7,31.6,55.0,0.0,10.5,265.0,1006.2,835.0
2025-08-13 05:00:00,21.7,31.5,58.0,0.0,11.2,248.0,1005.6,910.0
2025-08-13 06:00:00,27.8,31.6,59.0,0.0,13.5,247.0,1005.1,1115.0
2025-08-13 07:00:00,25.1,30.4,64.0,0.1,13.8,244.0,1005.1,775.0
2025-08-13 08:00:00,25.8,29.8,67.0,0.1,14.7,233.0,1004.9,765.0
2025-08-13 09:00:00,22.1,28.8,70.0,0.1,10.4,247.0,1005.8,685.0
2025-08-13 10:00:00,19.6,27.2,76.0,0.4,7.6,251.0,1006.2,430.0
2025-08-13 11:00:00,22.9,27.3,76.0,0.0,2.3,315.0,1006.9,425.0
2025-08-13 12:00:00,16.7,27.0,79.0,0.1,2.3,39.0,1007.1,325.0
2025-08-13 13:00:00,22.6,27.0,82.0,0.1,4.0,63.0,1007.3,105.0
2025-08-13 14:00:00,20.2,27.1,83.0,0.0,4.3,73.0,1008.0,165.0
2025-08-13 15:00:00,21.5,27.0,85.0,0.2,2.5,98.0,1007.5,135.0
2025-08-13 16:00:00,21.7,26.9,83.0,0.7,4.5,140.0,1006.8,305.0
2025-08-13 17:00:00,25.3,26.8,86.0,0.1,4.3,123.0,1006.3,300.0
2025-08-13 18:00:00,23.9,26.3,85.0,0.4,2.2,114.0,1006.1,90.0
2025-08-13 19:00:00,25.0,26.1,88.0,0.0,1.3,56.0,1005.8,55.0
2025-08-13 20:00:00,25.2,26.2,87.0,0.0,1.8,90.0,1005.6,70.0
2025-08-13 21:00:00,,26.2,88.0,0.0,0.8,207.0,1005.6,15.0
2025-08-13 22:00:00,31.6,26.2,88.0,0.0,2.4,63.0,1006.1,55.0
2025-08-13 23:00:00,31.5,26.3,88.0,0.0,4.0,63.0,1006.7,145.0
2025-08-14 00:00:00,33.3,27.4,82.0,0.0,3.2,90.0,1007.0,365.0
2025-08-14 01:00:00,34.1,28.8,73.0,0.1,4.9,107.0,1006.9,615.0
2025-08-14 02:00:00,28.8,29.6,70.0,0.1,3.9,133.0,1007.3,795.0
2025-08-14 03:00:00,24.2,30.1,69.0,0.0,2.3,176.0,1006.6,915.0
2025-08-14 04:00:00,22.3,30.8,65.0,0.0,4.3,163.0,1006.2,1105.0
2025-08-14 05:00:00,22.9,29.3,71.0,0.1,5.4,138.0,1005.8,525.0
2025-08-14 06:00:00,29.3,28.9,68.0,0.4,11.2,177.0,1006.0,680.0
2025-08-14 07:00:00,24.0,27.5,76.0,0.6,8.6,141.0,1005.8,475.0
2025-08-14 08:00:00,28.7,27.5,76.0,0.6,3.3,81.0,1005.6,520.0
2025-08-14 09:00:00,29.2,26.2,84.0,2.6,3.0,38.0,1005.6,155.0
2025-08-14 10:00:00,35.4,25.9,82.0,1.3,3.1,291.0,1006.5,190.0
2025-08-14 11:00:00,36.0,25.7,86.0,1.8,2.8,305.0,1006.7,235.0
2025-08-14 12:00:00,37.6,25.5,88.0,0.3,2.4,99.0,1007.2,125.0
2025-08-14 13:00:00,34.4,25.5,90.0,0.6,2.7,70.0,1007.4,190.0
2025-08-14 14:00:00,21.8,25.6,88.0,0.4,1.1,18.0,1007.8,190.0
2025-08-14 15:00:00,25.2,25.8,88.0,0.2,3.1,24.0,1007.5,185.0
2025-08-14 16:00:00,25.9,25.6,90.0,0.1,2.9,47.0,1006.9,175.0
2025-08-14 17:00:00,34.9,25.4,91.0,0.2,5.1,42.0,1005.9,175.0
2025-08-14 18:00:00,39.4,25.0,93.0,0.1,6.4,36.0,1005.1,185.0
2025-08-14 19:00:00,32.8,24.9,92.0,0.0,3.8,19.0,1005.0,125.0
2025-08-14 20:00:00,31.3,25.0,91.0,0.0,4.2,25.0,1005.2,125.0
2025-08-14 21:00:00,28.1,24.9,93.0,0.0,5.7,49.0,1005.2,165.0
2025-08-14 22:00:00,,24.9,93.0,0.0,2.4,27.0,1005.5,145.0
2025-08-14 23:00:00,19.5,25.2,91.0,0.0,5.2,61.0,1005.5,180.0
2025-08-15 00:00:00,12.9,26.1,88.0,0.1,4.4,99.0,1005.8,315.0
2025-08-15 01:00:00,16.5,26.5,86.0,0.5,7.4,96.0,1006.3,445.0
2025-08-15 02:00:00,12.2,27.3,83.0,0.6,8.0,117.0,1006.0,485.0
2025-08-15 03:00:00,10.5,28.1,78.0,0.1,9.9,119.0,1005.6,560.0
2025-08-15 04:00:00,12.3,28.7,74.0,0.0,9.3,136.0,1005.1,655.0
2025-08-15 05:00:00,7.3,29.7,70.0,0.1,9.8,150.0,1004.0,790.0
2025-08-15 06:00:00,11.1,29.7,67.0,0.1,11.7,178.0,1003.9,915.0
2025-08-15 07:00:00,23.6,27.8,78.0,0.3,10.6,183.0,1004.0,465.0
2025-08-15 08:00:00,20.2,27.3,81.0,0.6,5.7,145.0,1004.2,385.0
2025-08-15 09:00:00,18.5,27.4,81.0,0.2,2.9,94.0,1004.5,390.0
2025-08-15 10:00:00,12.4,25.6,88.0,5.4,5.5,341.0,1005.4,155.0
2025-08-15 11:00:00,26.8,24.9,91.0,2.7,2.9,240.0,1005.0,90.0
2025-08-15 12:00:00,39.5,25.2,91.0,0.6,3.2,63.0,1005.6,125.0
2025-08-15 13:00:00,18.6,24.8,95.0,2.9,8.1,69.0,1006.8,160.0
2025-08-15 14:00:00,20.4,25.2,92.0,1.7,2.2,55.0,1007.1,95.0
2025-08-15 15:00:00,17.1,25.1,93.0,1.0,3.8,115.0,1007.1,130.0
2025-08-15 16:00:00,16.9,24.9,94.0,0.7,5.5,81.0,1006.1,200.0
2025-08-15 17:00:00,19.3,24.8,91.0,0.2,5.2,88.0,1005.2,185.0
2025-08-15 18:00:00,18.5,24.7,89.0,0.6,1.7,108.0,1005.1,140.0
2025-08-15 19:00:00,18.4,25.0,86.0,0.1,2.9,86.0,1005.0,180.0
2025-08-15 20:00:00,17.6,24.9,87.0,0.0,4.0,58.0,1005.0,150.0
2025-08-15 21:00:00,17.2,24.5,89.0,0.0,5.7,55.0,1004.8,170.0
2025-08-15 22:00:00,24.0,24.6,88.0,0.0,5.3,72.0,1004.9,150.0
2025-08-15 23:00:00,,25.4,87.0,0.0,6.9,83.0,1005.4,290.0
2025-08-16 00:00:00,,26.9,84.0,0.0,9.0,110.0,1005.5,460.0
2025-08-16 01:00:00,,27.6,79.0,0.0,11.6,111.0,1006.7,555.0
2025-08-16 02:00:00,10.9,27.8,79.0,0.3,11.8,126.0,1006.9,590.0
2025-08-16 03:00:00,,28.1,79.0,0.2,7.6,153.0,1006.6,610.0
2025-08-16 04:00:00,,28.6,77.0,0.4,9.3,165.0,1006.1,720.0
2025-08-16 05:00:00,25.4,26.3,87.0,7.4,6.0,224.0,1006.0,300.0
2025-08-16 06:00:00,22.2,27.4,83.0,2.2,4.5,151.0,1005.6,350.0
2025-08-16 07:00:00,20.9,27.3,87.0,1.0,5.1,153.0,1005.2,445.0
2025-08-16 08:00:00,18.4,27.3,84.0,0.7,4.4,150.0,1004.6,385.0
2025-08-16 09:00:00,33.5,27.2,85.0,0.4,3.7,113.0,1004.7,350.0
2025-08-16 10:00:00,46.1,27.0,87.0,0.3,2.5,82.0,1005.6,205.0
2025-08-16 11:00:00,54.5,26.5,89.0,1.4,5.5,144.0,1006.6,240.0
2025-08-16 12:00:00,32.6,26.3,93.0,0.6,3.3,144.0,1007.0,255.0
2025-08-16 13:00:00,25.6,27.0,89.0,0.0,3.2,161.0,1007.6,200.0
2025-08-16 14:00:00,21.6,27.1,88.0,0.0,2.2,95.0,1008.3,110.0
2025-08-16 15:00:00,18.8,26.7,90.0,0.0,4.7,113.0,1007.9,120.0
2025-08-16 16:00:00,11.9,26.5,91.0,0.0,5.0,125.0,1007.7,125.0
2025-08-16 17:00:00,13.8,26.3,92.0,0.0,3.3,135.0,1007.3,80.0
2025-08-16 18:00:00,10.1,26.3,92.0,0.0,3.5,81.0,1006.9,90.0
2025-08-16 19:00:00,17.6,26.2,91.0,0.0,6.4,74.0,1006.6,155.0
2025-08-16 20:00:00,18.2,26.1,89.0,0.0,6.5,82.0,1006.5,150.0
2025-08-16 21:00:00,16.1,26.1,88.0,0.0,3.4,106.0,1007.1,110.0
2025-08-16 22:00:00,,26.2,90.0,0.0,0.2,270.0,1007.9,10.0
2025-08-16 23:00:00,,27.0,86.0,0.0,2.1,232.0,1008.9,290.0
2025-08-17 00:00:00,14.8,27.7,83.0,0.0,3.7,119.0,1009.1,435.0
2025-08-17 01:00:00,8.02,28.4,79.0,0.0,10.1,131.0,1009.6,565.0
2025-08-17 02:00:00,,29.1,77.0,0.1,9.0,150.0,1009.7,690.0
2025-08-17 03:00:00,10.9,29.9,74.0,0.1,6.5,150.0,1009.3,890.0
2025-08-17 04:00:00,9.7,30.5,70.0,0.0,5.9,145.0,1008.9,935.0
2025-08-17 05:00:00,8.74,30.6,69.0,0.2,5.7,191.0,1008.0,905.0
2025-08-17 06:00:00,12.6,29.2,74.0,4.9,14.9,205.0,1008.3,460.0
2025-08-17 07:00:00,11.9,27.5,84.0,0.3,8.5,125.0,1007.9,380.0
2025-08-17 08:00:00,23.1,27.1,85.0,0.1,7.3,115.0,1008.0,360.0
2025-08-17 09:00:00,21.9,27.6,84.0,0.0,6.0,127.0,1008.9,415.0
2025-08-17 10:00:00,19.8,27.2,85.0,1.0,6.0,129.0,1009.4,315.0
2025-08-17 11:00:00,23.7,26.9,88.0,0.0,7.3,136.0,1009.7,290.0
2025-08-17 12:00:00,23.2,27.1,88.0,0.0,5.8,144.0,1010.7,300.0
2025-08-17 13:00:00,18.3,26.5,90.0,0.4,1.3,56.0,1010.9,50.0
2025-08-17 14:00:00,17.1,26.4,91.0,0.0,2.9,83.0,1011.3,70.0
2025-08-17 15:00:00,20.1,26.3,92.0,0.0,6.2,69.0,1011.3,100.0
2025-08-17 16:00:00,16.1,26.2,90.0,0.0,5.8,95.0,1010.8,120.0
2025-08-17 17:00:00,11.4,26.0,88.0,0.0,3.9,106.0,1010.1,110.0
2025-08-17 18:00:00,10.4,25.8,89.0,0.0,3.6,99.0,1009.6,100.0
2025-08-17 19:00:00,13.3,26.0,88.0,0.0,5.2,106.0,1009.3,160.0
2025-08-17 20:00:00,15.6,26.3,86.0,0.0,8.7,98.0,1009.3,225.0
2025-08-17 21:00:00,20.7,26.0,87.0,0.0,9.7,100.0,1009.5,235.0
2025-08-17 22:00:00,,26.0,86.0,0.0,9.1,97.0,1010.2,260.0
2025-08-17 23:00:00,19.9,26.8,84.0,0.0,10.1,112.0,1010.5,480.0
2025-08-18 00:00:00,,28.3,78.0,0.0,13.2,119.0,1010.9,650.0
2025-08-18 01:00:00,,29.7,74.0,0.0,13.4,122.0,1011.3,850.0
2025-08-18 02:00:00,11.6,30.4,72.0,0.0,13.3,131.0,1011.2,920.0
2025-08-18 03:00:00,17.6,30.9,69.0,0.0,10.2,143.0,1010.8,920.0
2025-08-18 04:00:00,,31.4,66.0,0.0,6.7,161.0,1010.3,900.0
2025-08-18 05:00:00,10.1,31.8,64.0,0.0,3.9,204.0,1009.3,935.0
2025-08-18 06:00:00,20.6,31.8,65.0,0.0,5.8,256.0,1008.6,905.0
2025-08-18 07:00:00,23.9,31.4,68.0,0.0,7.0,260.0,1008.1,700.0
2025-08-18 08:00:00,,30.5,73.0,0.1,6.9,250.0,1008.3,260.0
2025-08-18 09:00:00,,29.9,77.0,0.0,5.3,246.0,1008.7,195.0
2025-08-18 10:00:00,,29.5,79.0,0.0,1.2,207.0,1009.9,60.0
2025-08-18 11:00:00,17.4,29.3,80.0,0.0,4.4,353.0,1010.4,280.0
2025-08-18 12:00:00,,28.7,83.0,0.0,1.7,302.0,1011.1,130.0
2025-08-18 13:00:00,21.4,26.2,89.0,2.7,6.4,216.0,1012.3,110.0
2025-08-18 14:00:00,34.3,25.4,91.0,0.6,10.1,354.0,1013.0,270.0
2025-08-18 15:00:00,,24.9,92.0,0.0,3.1,193.0,1012.1,165.0
2025-08-18 16:00:00,,24.8,92.0,0.0,4.4,69.0,1011.1,150.0
2025-08-18 17:00:00,,24.8,92.0,0.0,3.3,241.0,1010.3,145.0
2025-08-18 18:00:00,,25.1,91.0,0.0,4.6,329.0,1009.6,175.0
2025-08-18 19:00:00,18.2,25.1,91.0,0.0,6.7,14.0,1009.2,180.0
2025-08-18 20:00:00,20.7,24.7,92.0,0.0,5.1,23.0,1009.0,135.0
2025-08-18 21:00:00,28.7,24.6,93.0,0.0,4.9,6.0,1009.1,120.0
2025-08-18 22:00:00,23.1,24.4,94.0,0.0,4.8,13.0,1009.0,120.0
2025-08-18 23:00:00,,24.9,95.0,0.0,3.2,34.0,1009.4,115.0
2025-08-19 00:00:00,,26.3,91.0,0.0,2.9,30.0,1010.0,145.0
2025-08-19 01:00:00,14.3,28.1,87.0,0.0,2.8,310.0,1010.2,200.0
2025-08-19 02:00:00,11.4,29.4,77.0,0.0,0.8,45.0,1010.0,565.0
2025-08-19 03:00:00,,30.8,69.0,0.1,2.7,118.0,1009.3,835.0
2025-08-19 04:00:00,,32.0,63.0,0.1,2.3,61.0,1008.8,1050.0
2025-08-19 05:00:00,30.1,32.3,60.0,0.1,1.1,18.0,1007.8,1070.0
2025-08-19 06:00:00,24.5,32.5,58.0,0.2,0.8,315.0,1007.1,1100.0
2025-08-19 07:00:00,18.5,32.0,59.0,0.1,5.3,332.0,1007.1,980.0
2025-08-19 08:00:00,21.8,31.2,62.0,0.2,4.6,318.0,1007.5,735.0
2025-08-19 09:00:00,24.8,30.0,70.0,0.0,7.1,276.0,1008.0,335.0
2025-08-19 10:00:00,21.5,28.6,82.0,0.0,10.1,259.0,1008.4,210.0
2025-08-19 11:00:00,21.2,28.0,85.0,0.0,7.2,242.0,1009.1,180.0
2025-08-19 12:00:00,20.4,28.1,85.0,0.0,2.5,262.0,1009.5,125.0
2025-08-19 13:00:00,13.4,28.5,89.0,0.0,3.7,313.0,1010.3,70.0
2025-08-19 14:00:00,7.68,28.3,89.0,0.0,2.7,20.0,1010.3,370.0
2025-08-19 15:00:00,4.24,28.2,82.0,0.0,1.4,220.0,1010.2,50.0
2025-08-19 16:00:00,6.19,28.1,81.0,0.0,1.0,158.0,1009.3,45.0
2025-08-19 17:00:00,2.49,27.5,84.0,0.0,1.5,36.0,1008.9,35.0
2025-08-19 18:00:00,7.83,27.1,86.0,0.0,1.8,360.0,1008.3,40.0
2025-08-19 19:00:00,11.1,26.7,89.0,0.0,0.9,90.0,1008.1,20.0
2025-08-19 20:00:00,17.1,26.6,89.0,0.0,1.8,96.0,1008.0,40.0
2025-08-19 21:00:00,9.6,26.4,90.0,0.0,4.2,173.0,1007.9,120.0
2025-08-19 22:00:00,17.6,26.4,90.0,0.0,5.5,142.0,1008.2,180.0
2025-08-19 23:00:00,19.6,27.0,83.0,0.0,6.6,119.0,1009.0,270.0
2025-08-20 00:00:00,14.6,27.7,79.0,0.0,6.1,113.0,1009.2,360.0
2025-08-20 01:00:00,9.84,29.2,73.0,0.0,1.5,330.0,1009.7,550.0
2025-08-20 02:00:00,10.0,30.4,68.0,0.0,3.7,29.0,1009.3,805.0
2025-08-20 03:00:00,23.4,31.4,66.0,0.0,4.6,9.0,1008.8,1085.0
2025-08-20 04:00:00,27.2,31.8,64.0,0.1,1.5,324.0,1007.9,1180.0
2025-08-20 05:00:00,17.0,32.3,61.0,0.0,1.3,286.0,1006.9,1250.0
2025-08-20 06:00:00,11.5,32.1,59.0,0.0,0.4,297.0,1006.4,720.0
2025-08-20 07:00:00,12.3,30.5,67.0,0.1,5.5,316.0,1006.4,305.0
2025-08-20 08:00:00,8.82,30.5,70.0,0.0,3.8,289.0,1006.2,200.0
2025-08-20 09:00:00,6.08,30.5,69.0,0.0,3.9,143.0,1006.8,555.0
2025-08-20 10:00:00,15.0,30.3,66.0,0.0,7.6,133.0,1006.9,525.0
2025-08-20 11:00:00,22.6,29.1,73.0,0.0,13.2,129.0,1007.6,400.0
2025-08-20 12:00:00,23.1,28.0,79.0,0.0,15.1,131.0,1008.2,340.0
2025-08-20 13:00:00,17.9,29.4,72.0,0.0,6.0,141.0,1009.0,220.0
2025-08-20 14:00:00,12.8,29.0,73.0,0.0,5.2,149.0,1008.8,210.0
2025-08-20 15:00:00,9.55,28.8,75.0,0.0,4.9,152.0,1009.5,260.0
2025-08-20 16:00:00,15.5,27.5,80.0,2.2,4.5,119.0,1009.1,225.0
2025-08-20 17:00:00,20.7,26.8,84.0,0.6,1.5,69.0,1008.5,115.0
2025-08-20 18:00:00,18.0,25.2,90.0,6.1,8.4,70.0,1009.4,210.0
2025-08-20 19:00:00,22.1,24.8,93.0,8.0,6.4,54.0,1008.8,145.0
2025-08-20 20:00:00,16.3,24.9,95.0,0.2,6.3,15.0,1008.9,230.0
2025-08-20 21:00:00,7.13,25.1,93.0,0.2,4.8,304.0,1008.9,225.0
2025-08-20 22:00:00,,25.4,90.0,0.1,2.9,349.0,1008.7,225.0
2025-08-20 23:00:00,10.3,25.7,88.0,0.1,2.2,99.0,1009.5,240.0
2025-08-21 00:00:00,13.4,25.9,88.0,0.3,2.6,102.0,1009.7,255.0
2025-08-21 01:00:00,15.5,26.4,84.0,1.6,0.5,180.0,1010.2,140.0
2025-08-21 02:00:00,18.9,27.0,83.0,0.5,1.3,352.0,1010.1,200.0
2025-08-21 03:00:00,34.0,28.3,75.0,0.0,3.1,267.0,1009.5,440.0
2025-08-21 04:00:00,21.6,29.1,70.0,0.0,5.6,299.0,1008.8,610.0
2025-08-21 05:00:00,16.8,29.4,69.0,0.0,8.2,303.0,1008.2,655.0
2025-08-21 06:00:00,17.1,29.4,69.0,0.0,7.9,309.0,1007.9,530.0
2025-08-21 07:00:00,22.9,29.0,69.0,0.0,6.6,319.0,1007.3,450.0
2025-08-21 08:00:00,,28.4,72.0,0.2,5.2,329.0,1006.8,385.0
2025-08-21 09:00:00,23.3,27.8,77.0,0.4,4.0,342.0,1007.2,310.0
2025-08-21 10:00:00,19.0,27.3,80.0,0.3,3.9,344.0,1007.2,250.0
2025-08-21 11:00:00,22.5,26.9,84.0,0.2,5.6,315.0,1007.8,360.0
2025-08-21 12:00:00,30.6,26.8,83.0,0.2,7.6,341.0,1008.3,410.0
2025-08-21 13:00:00,18.9,25.7,88.0,1.6,3.3,331.0,1008.7,140.0
2025-08-21 14:00:00,15.9,25.9,87.0,0.0,3.0,346.0,1009.1,155.0
2025-08-21 15:00:00,,25.7,88.0,0.6,5.1,6.0,1008.7,250.0
2025-08-21 16:00:00,7.88,25.5,90.0,0.6,7.0,325.0,1008.4,265.0
2025-08-21 17:00:00,,25.5,91.0,0.3,7.8,322.0,1007.4,330.0
2025-08-21 18:00:00,5.2,24.8,94.0,2.4,8.6,338.0,1007.2,250.0
2025-08-21 19:00:00,3.55,24.3,96.0,2.0,7.8,5.0,1006.7,275.0
2025-08-21 20:00:00,8.98,24.2,96.0,2.7,3.5,332.0,1006.2,190.0
2025-08-21 21:00:00,,24.4,95.0,2.6,1.8,53.0,1006.6,145.0
2025-08-21 22:00:00,20.8,24.6,94.0,2.4,2.4,283.0,1006.5,160.0
2025-08-21 23:00:00,19.4,24.6,94.0,2.4,2.4,318.0,1007.0,60.0
2025-08-22 00:00:00,24.8,24.9,92.0,2.2,2.3,309.0,1007.6,175.0
2025-08-22 01:00:00,,25.9,91.0,1.7,9.4,244.0,1007.0,430.0
2025-08-22 02:00:00,3.01,26.3,85.0,1.0,14.6,238.0,1006.8,525.0
2025-08-22 03:00:00,13.9,26.9,82.0,0.6,11.8,246.0,1006.8,525.0
2025-08-22 04:00:00,12.8,26.7,82.0,3.7,11.8,244.0,1006.6,415.0
2025-08-22 05:00:00,15.7,26.3,85.0,4.8,14.5,217.0,1005.8,415.0
2025-08-22 06:00:00,5.53,26.4,83.0,1.2,17.1,227.0,1005.2,605.0
2025-08-22 07:00:00,7.25,27.0,82.0,0.8,16.7,227.0,1004.8,685.0
2025-08-22 08:00:00,15.1,26.5,85.0,2.4,18.3,223.0,1004.6,600.0
2025-08-22 09:00:00,16.8,25.9,88.0,1.7,16.4,216.0,1004.7,505.0
2025-08-22 10:00:00,14.7,25.4,90.0,2.1,14.0,222.0,1005.1,415.0
2025-08-22 11:00:00,11.4,24.9,92.0,2.8,15.5,205.0,1005.9,520.0
2025-08-22 12:00:00,9.12,24.3,94.0,6.8,14.1,173.0,1006.3,400.0
2025-08-22 13:00:00,9.48,25.4,88.0,0.7,8.2,212.0,1007.4,375.0
2025-08-22 14:00:00,3.99,24.9,91.0,0.4,9.8,200.0,1008.0,345.0
2025-08-22 15:00:00,27.3,24.7,90.0,0.2,12.1,190.0,1008.1,410.0
2025-08-22 16:00:00,2.93,24.8,90.0,0.6,8.5,180.0,1007.9,360.0
2025-08-22 17:00:00,5.2,24.4,92.0,0.2,10.6,141.0,1007.4,320.0
2025-08-22 18:00:00,1.49,24.3,92.0,0.7,9.5,178.0,1006.9,410.0
2025-08-22 19:00:00,7.23,24.5,91.0,0.1,6.8,169.0,1006.2,320.0
2025-08-22 20:00:00,2.9,24.6,91.0,0.0,4.2,137.0,1006.3,200.0
2025-08-22 21:00:00,,24.3,93.0,0.0,2.0,95.0,1006.2,65.0
2025-08-22 22:00:00,19.7,24.6,90.0,0.0,1.8,169.0,1006.4,90.0
2025-08-22 23:00:00,,25.0,90.0,0.2,5.2,121.0,1006.9,160.0
2025-08-23 00:00:00,,25.7,87.0,0.1,4.8,115.0,1007.8,265.0
2025-08-23 01:00:00,,26.8,81.0,0.2,10.6,220.0,1007.8,615.0
2025-08-23 02:00:00,13.2,27.5,78.0,0.7,10.1,235.0,1008.0,550.0
2025-08-23 03:00:00,10.6,27.1,82.0,0.8,12.9,233.0,1008.0,525.0
2025-08-23 04:00:00,7.8,27.1,82.0,0.9,11.0,218.0,1008.0,590.0
2025-08-23 05:00:00,5.47,27.0,80.0,0.5,11.1,231.0,1007.4,620.0
2025-08-23 06:00:00,9.99,27.4,79.0,0.4,9.0,232.0,1006.8,535.0
2025-08-23 07:00:00,12.5,27.6,79.0,0.1,9.5,226.0,1006.3,625.0
2025-08-23 08:00:00,8.26,27.2,80.0,0.0,9.2,235.0,1006.0,510.0
2025-08-23 09:00:00,,26.9,82.0,0.1,7.8,220.0,1006.3,475.0
2025-08-23 10:00:00,16.9,26.8,83.0,0.1,7.3,222.0,1006.9,475.0
2025-08-23 11:00:00,20.1,26.6,84.0,0.1,10.2,225.0,1007.1,505.0
2025-08-23 12:00:00,12.5,26.3,86.0,0.1,8.4,225.0,1007.8,385.0
2025-08-23 13:00:00,12.7,26.9,84.0,0.1,2.9,94.0,1008.6,115.0
2025-08-23 14:00:00,18.1,26.5,87.0,0.0,4.2,95.0,1009.2,110.0
2025-08-23 15:00:00,15.0,26.4,88.0,0.0,2.6,106.0,1008.9,75.0
2025-08-23 16:00:00,19.9,26.3,89.0,0.0,3.5,118.0,1008.4,75.0
2025-08-23 17:00:00,18.1,26.2,89.0,0.0,3.8,115.0,1008.0,80.0
2025-08-23 18:00:00,19.9,26.0,89.0,0.0,4.0,108.0,1007.9,75.0
2025-08-23 19:00:00,19.9,25.9,88.0,0.0,3.7,104.0,1007.4,70.0
2025-08-23 20:00:00,18.1,25.5,91.0,0.0,1.0,149.0,1006.7,30.0
2025-08-23 21:00:00,14.6,25.4,91.0,0.0,0.8,135.0,1007.0,40.0
2025-08-23 22:00:00,22.8,25.2,90.0,0.0,2.6,102.0,1007.5,50.0
2025-08-23 23:00:00,13.2,25.6,90.0,0.0,2.4,77.0,1007.9,65.0
2025-08-24 00:00:00,24.5,27.1,82.0,0.0,1.5,54.0,1008.6,185.0
2025-08-24 01:00:00,27.0,28.3,76.0,0.0,0.6,198.0,1009.3,480.0
2025-08-24 02:00:00,27.8,28.9,73.0,0.2,3.6,243.0,1009.2,695.0
2025-08-24 03:00:00,25.7,29.4,74.0,0.0,6.2,258.0,1008.7,900.0
2025-08-24 04:00:00,35.7,29.9,72.0,0.1,6.0,273.0,1008.3,1025.0
2025-08-24 05:00:00,19.4,30.2,68.0,0.1,6.1,273.0,1007.2,815.0
2025-08-24 06:00:00,,29.3,67.0,0.1,6.5,275.0,1006.4,320.0
2025-08-24 07:00:00,6.64,27.3,78.0,2.9,2.1,160.0,1006.5,280.0
2025-08-24 08:00:00,16.4,27.1,78.0,0.2,1.2,117.0,1005.9,245.0
2025-08-24 09:00:00,19.1,27.4,78.0,0.0,2.3,4.0,1006.2,260.0
2025-08-24 10:00:00,25.7,27.5,77.0,0.0,1.9,73.0,1006.6,225.0
2025-08-24 11:00:00,34.5,27.3,80.0,0.0,1.5,104.0,1006.9,185.0
2025-08-24 12:00:00,33.9,27.2,81.0,0.0,2.3,61.0,1007.6,110.0
2025-08-24 13:00:00,29.0,27.6,82.0,0.0,4.3,355.0,1007.9,245.0
2025-08-24 14:00:00,29.8,27.1,85.0,0.0,3.6,323.0,1008.2,205.0
2025-08-24 15:00:00,30.0,26.4,88.0,0.0,7.0,325.0,1008.3,245.0
2025-08-24 16:00:00,36.7,26.0,89.0,0.0,8.6,352.0,1007.8,305.0
2025-08-24 17:00:00,,25.5,90.0,0.0,7.2,4.0,1007.2,240.0
2025-08-24 18:00:00,25.4,25.3,90.0,0.0,6.9,15.0,1006.6,200.0
2025-08-24 19:00:00,24.0,25.1,90.0,0.0,6.6,9.0,1006.2,205.0
2025-08-24 20:00:00,24.7,25.2,89.0,0.0,4.3,15.0,1006.3,195.0
2025-08-24 21:00:00,,24.9,89.0,0.0,2.4,27.0,1006.5,80.0
2025-08-24 22:00:00,,25.0,89.0,0.0,4.2,335.0,1006.7,130.0
2025-08-24 23:00:00,27.3,25.5,90.0,0.0,5.2,340.0,1006.5,205.0
2025-08-25 00:00:00,22.4,26.5,86.0,0.0,4.3,360.0,1007.2,275.0
2025-08-25 01:00:00,29.0,27.0,83.0,0.0,5.4,356.0,1007.9,340.0
2025-08-25 02:00:00,24.6,28.1,77.0,0.0,5.4,334.0,1007.7,545.0
2025-08-25 03:00:00,24.3,29.1,72.0,0.0,6.4,281.0,1007.4,765.0
2025-08-25 04:00:00,45.6,29.3,72.0,0.0,7.7,261.0,1006.8,795.0
2025-08-25 05:00:00,21.9,29.1,72.0,0.0,7.5,249.0,1006.2,695.0
2025-08-25 06:00:00,,29.0,71.0,0.0,5.9,225.0,1005.6,590.0
2025-08-25 07:00:00,16.4,27.7,78.0,0.2,3.7,284.0,1005.6,290.0
2025-08-25 08:00:00,,26.7,83.0,1.1,4.1,326.0,1005.5,250.0
2025-08-25 09:00:00,,25.9,85.0,0.6,10.3,12.0,1006.1,300.0
2025-08-25 10:00:00,22.6,25.4,88.0,1.6,8.1,3.0,1006.3,180.0
2025-08-25 11:00:00,24.7,24.9,94.0,3.4,6.8,348.0,1006.7,205.0
2025-08-25 12:00:00,22.0,25.1,94.0,1.6,6.7,352.0,1007.5,280.0
2025-08-25 13:00:00,13.6,25.4,87.0,0.9,11.8,351.0,1007.6,395.0
2025-08-25 14:00:00,16.3,24.5,94.0,4.0,11.2,342.0,1008.3,325.0
2025-08-25 15:00:00,9.9,24.3,94.0,4.7,11.8,331.0,1008.2,325.0
2025-08-25 16:00:00,,24.4,93.0,2.7,13.0,336.0,1007.3,380.0
2025-08-25 17:00:00,6.24,24.3,92.0,2.8,11.8,326.0,1006.6,410.0
2025-08-25 18:00:00,4.94,24.4,91.0,1.6,11.4,323.0,1006.0,410.0
2025-08-25 19:00:00,6.78,24.5,92.0,0.8,11.4,336.0,1005.5,425.0
2025-08-25 20:00:00,17.0,24.2,93.0,1.0,10.3,348.0,1005.6,365.0
2025-08-25 21:00:00,26.6,24.1,92.0,1.3,10.1,2.0,1005.9,295.0
2025-08-25 22:00:00,,23.9,93.0,1.0,8.8,359.0,1005.5,240.0
2025-08-25 23:00:00,,24.2,92.0,1.6,8.1,357.0,1006.2,235.0
2025-08-26 00:00:00,,24.5,92.0,4.2,5.6,2.0,1007.0,230.0
2025-08-26 01:00:00,31.4,25.7,88.0,2.6,0.6,288.0,1006.9,170.0
2025-08-26 02:00:00,30.3,26.1,85.0,1.9,2.3,299.0,1006.8,230.0
2025-08-26 03:00:00,,26.9,83.0,1.3,3.5,255.0,1006.7,350.0
2025-08-26 04:00:00,31.3,26.7,85.0,1.1,5.0,206.0,1006.2,330.0
2025-08-26 05:00:00,,27.1,81.0,1.2,7.1,246.0,1005.5,335.0
2025-08-26 06:00:00,15.5,27.1,78.0,2.3,13.7,232.0,1005.0,415.0
2025-08-26 07:00:00,12.5,26.7,83.0,1.8,7.2,256.0,1004.8,360.0
2025-08-26 08:00:00,11.5,26.8,84.0,1.3,3.7,299.0,1004.3,360.0
2025-08-26 09:00:00,12.0,26.0,86.0,1.4,4.4,291.0,1004.2,205.0
2025-08-26 10:00:00,20.0,25.5,89.0,0.2,3.4,288.0,1004.7,205.0
2025-08-26 11:00:00,17.8,25.1,90.0,0.3,3.4,96.0,1005.1,120.0
2025-08-26 12:00:00,22.4,24.6,93.0,1.2,7.7,81.0,1005.9,145.0
2025-08-26 13:00:00,,25.4,92.0,0.7,2.4,36.0,1005.7,75.0
2025-08-26 14:00:00,,25.4,92.0,0.4,4.1,67.0,1005.9,105.0
2025-08-26 15:00:00,,24.9,96.0,0.2,2.7,94.0,1005.4,75.0
2025-08-26 16:00:00,19.1,24.8,95.0,0.1,4.5,124.0,1004.7,80.0
2025-08-26 17:00:00,21.2,24.7,95.0,0.0,3.5,125.0,1004.3,70.0
2025-08-26 18:00:00,,24.8,95.0,0.0,3.9,156.0,1003.9,95.0
2025-08-26 19:00:00,13.2,24.8,95.0,0.0,4.0,159.0,1003.5,105.0
2025-08-26 20:00:00,12.0,24.7,93.0,0.1,7.4,180.0,1003.2,225.0
2025-08-26 21:00:00,15.7,24.3,96.0,0.1,2.7,188.0,1003.3,160.0
2025-08-26 22:00:00,,24.4,95.0,0.0,3.5,156.0,1003.5,90.0
2025-08-26 23:00:00,19.4,25.3,91.0,0.1,4.1,131.0,1004.0,170.0
2025-08-27 00:00:00,24.4,26.1,88.0,0.0,4.4,142.0,1004.3,305.0
2025-08-27 01:00:00,23.2,27.6,84.0,0.1,3.4,162.0,1004.2,385.0
2025-08-27 02:00:00,15.2,28.5,80.0,0.0,5.3,208.0,1004.0,665.0
2025-08-27 03:00:00,16.4,29.4,75.0,0.1,4.8,222.0,1003.7,725.0
2025-08-27 04:00:00,18.3,29.7,72.0,0.1,6.4,254.0,1002.8,720.0
2025-08-27 05:00:00,11.7,29.5,76.0,0.0,10.1,245.0,1001.8,555.0
2025-08-27 06:00:00,,29.5,72.0,0.1,12.0,230.0,1001.5,685.0
2025-08-27 07:00:00,,28.1,79.0,0.5,13.5,194.0,1001.7,455.0
2025-08-27 08:00:00,14.0,28.0,80.0,0.1,10.5,215.0,1001.8,430.0
2025-08-27 09:00:00,22.5,26.6,85.0,5.1,8.5,175.0,1002.5,305.0
2025-08-27 10:00:00,21.4,26.5,85.0,0.2,4.0,120.0,1003.2,225.0
2025-08-27 11:00:00,,26.2,88.0,0.1,4.2,78.0,1003.7,180.0
2025-08-27 12:00:00,,26.1,89.0,0.1,5.3,66.0,1004.2,155.0
2025-08-27 13:00:00,27.9,26.0,92.0,0.1,4.1,119.0,1004.4,170.0
2025-08-27 14:00:00,25.6,26.0,89.0,0.0,2.1,121.0,1004.6,205.0
2025-08-27 15:00:00,20.1,26.0,87.0,0.1,5.7,131.0,1004.7,445.0
2025-08-27 16:00:00,18.4,26.0,88.0,0.0,8.1,96.0,1003.8,460.0
2025-08-27 17:00:00,,25.8,88.0,0.0,6.3,72.0,1003.1,375.0
2025-08-27 18:00:00,8.49,25.4,92.0,0.0,7.3,46.0,1003.2,355.0
2025-08-27 19:00:00,3.8,25.4,91.0,0.0,5.8,54.0,1002.7,345.0
2025-08-27 20:00:00,12.5,25.7,89.0,0.1,6.0,100.0,1002.4,405.0
2025-08-27 21:00:00,,25.9,88.0,0.0,8.0,110.0,1003.0,340.0
2025-08-27 22:00:00,17.3,25.9,89.0,0.0,7.9,101.0,1003.3,270.0
2025-08-27 23:00:00,19.5,26.4,87.0,0.0,7.5,105.0,1003.8,335.0
2025-08-28 00:00:00,14.4,27.4,83.0,0.1,10.2,127.0,1004.5,495.0
2025-08-28 01:00:00,10.5,28.7,79.0,0.1,8.1,114.0,1004.4,590.0
2025-08-28 02:00:00,12.2,29.3,75.0,0.3,9.4,145.0,1004.2,635.0
2025-08-28 03:00:00,,30.1,74.0,0.0,7.5,150.0,1004.0,790.0
2025-08-28 04:00:00,,30.9,70.0,0.0,7.9,153.0,1003.4,1060.0
2025-08-28 05:00:00,,29.0,78.0,0.4,3.5,189.0,1003.2,610.0
2025-08-28 06:00:00,21.8,27.8,80.0,1.3,7.6,121.0,1003.0,470.0
2025-08-28 07:00:00,22.5,27.7,79.0,0.6,7.0,154.0,1003.0,535.0
2025-08-28 08:00:00,,26.5,85.0,2.9,6.4,155.0,1003.6,255.0
2025-08-28 09:00:00,13.4,26.8,84.0,0.7,4.0,108.0,1003.7,190.0
2025-08-28 10:00:00,,26.6,85.0,0.4,2.6,155.0,1004.2,210.0
2025-08-28 11:00:00,22.2,26.6,88.0,0.1,5.6,163.0,1004.6,320.0
2025-08-28 12:00:00,21.1,26.4,89.0,0.2,6.6,169.0,1005.3,280.0
2025-08-28 13:00:00,20.8,25.3,95.0,1.0,5.2,121.0,1006.3,195.0
2025-08-28 14:00:00,23.0,25.6,93.0,0.5,6.1,150.0,1006.6,250.0
2025-08-28 15:00:00,13.9,25.6,92.0,0.6,5.7,99.0,1006.3,225.0
2025-08-28 16:00:00,10.4,24.9,94.0,0.2,9.2,84.0,1005.8,205.0
2025-08-28 17:00:00,12.0,24.7,92.0,0.0,5.8,95.0,1005.5,125.0
2025-08-28 18:00:00,9.06,24.8,91.0,0.0,5.3,123.0,1004.8,120.0
2025-08-28 19:00:00,8.49,24.6,92.0,0.0,3.0,76.0,1004.7,85.0
2025-08-28 20:00:00,11.1,24.6,92.0,0.0,0.4,63.0,1005.0,40.0
2025-08-28 21:00:00,12.7,24.4,94.0,0.0,2.4,48.0,1005.3,50.0
2025-08-28 22:00:00,,24.7,92.0,0.0,3.9,56.0,1005.6,60.0
2025-08-28 23:00:00,29.9,25.5,90.0,0.0,3.8,73.0,1006.3,85.0
2025-08-29 00:00:00,26.2,26.8,84.0,0.0,3.8,90.0,1007.0,230.0
2025-08-29 01:00:00,,27.5,80.0,0.0,1.1,360.0,1007.6,315.0
2025-08-29 02:00:00,35.2,28.2,78.0,0.0,2.4,228.0,1007.6,515.0
2025-08-29 03:00:00,,28.9,74.0,0.0,2.7,212.0,1007.1,560.0
2025-08-29 04:00:00,,29.3,74.0,0.5,4.7,227.0,1006.7,665.0
2025-08-29 05:00:00,,29.3,73.0,0.1,8.3,246.0,1005.6,685.0
2025-08-29 06:00:00,21.8,28.5,76.0,7.0,9.8,220.0,1006.0,360.0
2025-08-29 07:00:00,17.4,27.8,84.0,0.2,4.4,207.0,1006.2,365.0
2025-08-29 08:00:00,26.3,27.6,81.0,1.5,5.2,149.0,1006.4,285.0
2025-08-29 09:00:00,20.7,26.8,87.0,0.8,4.6,132.0,1007.1,190.0
2025-08-29 10:00:00,21.7,26.3,91.0,1.2,4.1,124.0,1007.0,170.0
2025-08-29 11:00:00,16.6,26.1,94.0,0.2,3.3,131.0,1007.1,125.0
2025-08-29 12:00:00,22.9,25.9,94.0,0.1,5.6,92.0,1007.7,180.0
2025-08-29 13:00:00,19.2,26.1,92.0,0.0,1.4,50.0,1008.4,60.0
2025-08-29 14:00:00,28.9,26.2,90.0,0.0,3.5,66.0,1009.1,85.0
2025-08-29 15:00:00,43.8,26.1,91.0,0.1,3.4,65.0,1009.3,85.0
2025-08-29 16:00:00,42.6,25.7,95.0,0.6,5.4,111.0,1008.7,140.0
2025-08-29 17:00:00,49.6,25.4,93.0,1.8,6.7,104.0,1008.1,215.0
2025-08-29 18:00:00,53.0,25.3,94.0,0.2,3.5,141.0,1007.9,140.0
2025-08-29 19:00:00,53.7,25.2,95.0,0.2,3.9,77.0,1007.5,95.0
2025-08-29 20:00:00,55.3,24.7,95.0,0.1,2.4,63.0,1007.8,85.0
2025-08-29 21:00:00,51.9,24.8,93.0,0.5,4.0,80.0,1008.0,95.0
2025-08-29 22:00:00,38.4,24.6,91.0,0.2,4.9,94.0,1007.5,100.0
2025-08-29 23:00:00,29.2,25.6,88.0,0.0,3.8,79.0,1008.3,110.0
2025-08-30 00:00:00,27.0,26.7,85.0,0.0,4.9,80.0,1008.8,260.0
2025-08-30 01:00:00,24.8,28.5,78.0,0.3,1.3,352.0,1009.3,500.0
2025-08-30 02:00:00,,29.1,75.0,0.3,1.4,220.0,1009.1,615.0
2025-08-30 03:00:00,11.1,29.6,72.0,0.1,2.7,228.0,1008.4,640.0
2025-08-30 04:00:00,25.4,30.0,73.0,0.2,3.3,234.0,1007.6,770.0
2025-08-30 05:00:00,46.1,29.8,75.0,0.0,2.4,207.0,1006.4,695.0
2025-08-30 06:00:00,28.0,29.7,77.0,0.2,1.2,117.0,1006.0,695.0
2025-08-30 07:00:00,12.1,29.8,76.0,0.2,4.5,263.0,1006.0,735.0
2025-08-30 08:00:00,,27.4,82.0,10.5,14.1,235.0,1006.6,265.0
2025-08-30 09:00:00,,26.7,88.0,2.5,7.7,162.0,1006.7,220.0
2025-08-30 10:00:00,,26.1,88.0,0.3,6.2,134.0,1008.0,225.0
2025-08-30 11:00:00,38.6,25.6,91.0,2.3,4.5,137.0,1007.8,190.0
2025-08-30 12:00:00,37.3,25.4,92.0,0.1,4.7,86.0,1008.5,180.0
2025-08-30 13:00:00,,26.8,87.0,0.6,4.2,149.0,1008.1,215.0
2025-08-30 14:00:00,26.3,26.6,88.0,0.4,3.1,140.0,1008.9,195.0
2025-08-30 15:00:00,26.8,26.3,93.0,1.0,4.2,140.0,1008.3,165.0
2025-08-30 16:00:00,26.8,26.1,93.0,0.0,3.7,169.0,1007.7,170.0
2025-08-30 17:00:00,24.6,25.8,95.0,0.0,2.6,146.0,1007.0,145.0
2025-08-30 18:00:00,24.2,25.7,94.0,0.0,1.3,124.0,1006.5,80.0
2025-08-30 19:00:00,25.1,25.4,96.0,0.0,2.0,170.0,1006.4,50.0
2025-08-30 20:00:00,23.8,25.4,95.0,0.0,1.3,236.0,1006.3,30.0
2025-08-30 21:00:00,22.2,25.5,93.0,0.0,1.2,39.0,1006.4,55.0
2025-08-30 22:00:00,20.6,25.6,92.0,0.0,2.3,342.0,1006.5,115.0
2025-08-30 23:00:00,26.5,26.4,87.0,0.3,3.9,313.0,1006.8,225.0
2025-08-31 00:00:00,27.8,27.0,84.0,0.2,3.0,308.0,1007.4,395.0
2025-08-31 01:00:00,32.2,27.3,85.0,0.2,5.0,322.0,1007.5,385.0
2025-08-31 02:00:00,33.5,27.8,85.0,0.2,5.2,301.0,1007.6,500.0
2025-08-31 03:00:00,,28.1,83.0,0.2,7.0,252.0,1007.7,550.0
2025-08-31 04:00:00,43.2,26.8,86.0,4.2,7.3,226.0,1007.1,335.0
2025-08-31 05:00:00,37.4,26.7,86.0,0.7,4.2,187.0,1006.0,270.0
2025-08-31 06:00:00,,27.4,84.0,0.4,5.5,218.0,1006.2,430.0
2025-08-31 07:00:00,22.0,27.3,83.0,0.6,5.9,247.0,1005.3,430.0
2025-08-31 08:00:00,23.4,27.3,83.0,0.3,7.1,232.0,1004.5,395.0
2025-08-31 09:00:00,16.8,27.5,82.0,0.1,8.4,233.0,1004.7,465.0
2025-08-31 10:00:00,,26.5,87.0,1.3,6.7,246.0,1005.5,245.0
2025-08-31 11:00:00,22.2,25.9,91.0,1.0,6.7,199.0,1005.6,220.0
2025-08-31 12:00:00,21.4,26.1,92.0,0.1,3.0,194.0,1005.9,170.0
2025-08-31 13:00:00,14.8,25.8,96.0,0.1,1.8,354.0,1006.7,45.0
2025-08-31 14:00:00,12.7,25.8,95.0,0.1,3.6,198.0,1006.7,190.0
2025-08-31 15:00:00,12.2,25.8,95.0,0.1,2.6,214.0,1006.2,135.0
2025-08-31 16:00:00,7.08,25.4,94.0,2.7,2.3,328.0,1006.2,45.0
2025-08-31 17:00:00,6.18,24.9,96.0,4.0,3.9,53.0,1005.4,70.0
2025-08-31 18:00:00,10.5,24.8,96.0,0.1,4.8,31.0,1004.6,145.0
2025-08-31 19:00:00,14.1,24.6,96.0,0.0,5.7,24.0,1004.8,155.0
2025-08-31 20:00:00,12.2,24.5,95.0,0.0,6.5,3.0,1004.8,200.0
2025-08-31 21:00:00,19.0,24.1,95.0,0.2,4.0,32.0,1005.2,135.0
2025-08-31 22:00:00,16.9,24.2,94.0,0.0,3.9,13.0,1005.0,115.0
2025-08-31 23:00:00,23.9,25.1,92.0,0.0,4.4,7.0,1005.6,180.0
2025-09-01 00:00:00,21.6,25.8,89.0,0.0,3.2,341.0,1005.8,255.0
2025-09-01 01:00:00,,25.1,94.0,1.8,4.4,333.0,1006.5,175.0
2025-09-01 02:00:00,25.4,26.2,87.0,0.7,5.6,312.0,1006.2,285.0
2025-09-01 03:00:00,29.7,26.9,84.0,0.1,6.3,309.0,1006.2,430.0
2025-09-01 04:00:00,25.8,27.4,81.0,0.0,7.8,293.0,1005.3,505.0
2025-09-01 05:00:00,26.1,27.5,82.0,0.0,9.8,278.0,1004.8,520.0
2025-09-01 06:00:00,23.1,27.6,81.0,0.0,10.8,252.0,1004.2,540.0
2025-09-01 07:00:00,28.7,26.9,84.0,0.0,9.7,242.0,1003.9,415.0
2025-09-01 08:00:00,30.6,26.7,85.0,0.1,9.5,243.0,1003.6,365.0
2025-09-01 09:00:00,,25.8,89.0,3.1,8.3,219.0,1004.4,320.0
2025-09-01 10:00:00,24.2,25.7,91.0,1.0,6.2,188.0,1004.6,235.0
2025-09-01 11:00:00,22.2,25.6,93.0,0.1,1.9,229.0,1005.0,115.0
2025-09-01 12:00:00,19.6,25.7,91.0,0.2,2.5,176.0,1005.5,75.0
2025-09-01 13:00:00,14.4,25.0,91.0,4.1,2.8,108.0,1006.2,85.0
2025-09-01 14:00:00,12.9,25.0,93.0,1.3,2.3,180.0,1006.3,100.0
2025-09-01 15:00:00,12.1,25.0,96.0,1.7,3.1,183.0,1006.2,140.0
2025-09-01 16:00:00,11.7,25.2,96.0,0.9,1.1,189.0,1005.4,50.0
2025-09-01 17:00:00,,25.3,95.0,0.6,1.1,180.0,1005.2,60.0
2025-09-01 18:00:00,13.7,25.2,92.0,2.9,3.0,295.0,1005.0,65.0
2025-09-01 19:00:00,9.36,25.3,92.0,0.7,3.3,279.0,1005.0,200.0
2025-09-01 20:00:00,14.5,25.2,93.0,0.1,1.1,279.0,1004.7,100.0
2025-09-01 21:00:00,17.3,25.2,93.0,0.0,3.1,234.0,1005.1,130.0
2025-09-01 22:00:00,17.1,25.5,94.0,0.0,1.9,253.0,1005.3,50.0
2025-09-01 23:00:00,24.3,26.1,90.0,0.1,1.9,236.0,1005.8,260.0
2025-09-02 00:00:00,,26.5,87.0,0.2,3.9,257.0,1006.3,235.0
2025-09-02 01:00:00,11.1,26.7,84.0,0.3,11.1,243.0,1007.3,505.0
2025-09-02 02:00:00,,27.4,80.0,0.6,13.1,247.0,1007.3,555.0
2025-09-02 03:00:00,10.9,26.9,84.0,1.4,10.2,229.0,1006.9,475.0
2025-09-02 04:00:00,,27.7,81.0,0.4,12.6,243.0,1006.4,525.0
2025-09-02 05:00:00,13.4,28.1,78.0,0.1,14.6,246.0,1005.5,585.0
2025-09-02 06:00:00,5.78,28.4,77.0,0.0,15.6,243.0,1004.8,625.0
2025-09-02 07:00:00,12.9,28.2,78.0,0.0,16.2,241.0,1004.5,590.0
2025-09-02 08:00:00,11.9,28.2,78.0,0.1,17.4,238.0,1004.8,680.0
2025-09-02 09:00:00,14.4,27.7,80.0,0.1,15.9,231.0,1005.4,670.0
2025-09-02 10:00:00,12.2,27.4,81.0,0.0,16.9,232.0,1006.0,660.0
2025-09-02 11:00:00,11.5,26.9,86.0,0.0,16.2,230.0,1006.2,560.0
2025-09-02 12:00:00,16.5,26.8,86.0,0.0,13.8,235.0,1006.8,565.0
2025-09-02 13:00:00,7.87,26.9,86.0,0.3,11.6,227.0,1007.6,465.0
2025-09-02 14:00:00,1.63,26.7,87.0,0.2,11.2,230.0,1007.8,450.0
2025-09-02 15:00:00,,26.6,86.0,0.1,12.1,235.0,1007.7,435.0
2025-09-02 16:00:00,5.33,26.5,88.0,0.0,11.3,236.0,1007.5,435.0
2025-09-02 17:00:00,3.16,26.2,88.0,0.3,12.7,235.0,1007.0,430.0
2025-09-02 18:00:00,1.5,26.3,85.0,0.2,13.4,235.0,1006.6,450.0
2025-09-02 19:00:00,5.62,26.0,88.0,0.3,12.7,239.0,1006.3,400.0
2025-09-02 20:00:00,7.49,26.2,88.0,0.2,12.3,240.0,1006.0,445.0
2025-09-02 21:00:00,16.2,26.1,89.0,0.2,13.2,242.0,1006.0,470.0
2025-09-02 22:00:00,15.2,26.2,89.0,0.1,11.5,243.0,1006.2,460.0
2025-09-02 23:00:00,21.8,26.8,84.0,0.2,11.7,238.0,1006.7,550.0
2025-09-03 00:00:00,14.5,27.4,81.0,0.1,12.8,235.0,1007.3,595.0
2025-09-03 01:00:00,10.4,28.0,78.0,0.2,11.5,239.0,1007.8,680.0
2025-09-03 02:00:00,7.83,28.2,78.0,0.1,11.5,243.0,1007.9,650.0
2025-09-03 03:00:00,,28.5,78.0,1.0,14.7,255.0,1007.7,645.0
2025-09-03 04:00:00,9.52,27.7,83.0,1.1,15.7,231.0,1007.3,515.0
2025-09-03 05:00:00,,28.1,79.0,0.1,16.4,231.0,1006.4,700.0
2025-09-03 06:00:00,,28.4,80.0,0.1,14.7,229.0,1005.6,710.0
2025-09-03 07:00:00,21.6,28.6,77.0,0.1,13.8,231.0,1005.5,750.0
2025-09-03 08:00:00,12.8,28.4,79.0,0.1,15.7,238.0,1005.0,730.0
2025-09-03 09:00:00,13.3,28.0,79.0,0.0,17.1,236.0,1005.4,665.0
2025-09-03 10:00:00,,27.5,84.0,0.0,14.6,240.0,1006.0,585.0
2025-09-03 11:00:00,12.8,27.3,82.0,0.0,15.0,241.0,1006.8,575.0
2025-09-03 12:00:00,9.23,27.2,84.0,0.0,13.9,236.0,1007.4,540.0
2025-09-03 13:00:00,14.2,27.5,82.0,0.0,13.0,235.0,1007.6,640.0
2025-09-03 14:00:00,10.7,27.2,84.0,0.0,12.9,240.0,1007.8,570.0
2025-09-03 15:00:00,46.2,26.8,86.0,0.1,12.2,244.0,1007.8,480.0
2025-09-03 16:00:00,4.02,26.5,86.0,0.2,11.9,245.0,1007.4,455.0
2025-09-03 17:00:00,5.94,26.6,85.0,0.3,12.9,245.0,1007.0,500.0
2025-09-03 18:00:00,3.72,26.7,85.0,0.2,11.1,238.0,1006.4,440.0
2025-09-03 19:00:00,8.01,26.4,86.0,0.3,12.6,244.0,1006.2,475.0
2025-09-03 20:00:00,10.9,26.1,86.0,0.7,10.9,251.0,1006.2,345.0
2025-09-03 21:00:00,14.5,25.7,91.0,2.4,11.2,258.0,1006.6,320.0
2025-09-03 22:00:00,22.9,25.7,92.0,0.6,10.7,256.0,1006.9,355.0
2025-09-03 23:00:00,21.7,26.1,91.0,1.4,7.6,248.0,1007.0,380.0
2025-09-04 00:00:00,15.8,26.9,86.0,0.1,12.6,239.0,1007.8,510.0
2025-09-04 01:00:00,13.9,28.2,77.0,0.4,18.4,245.0,1008.1,710.0
2025-09-04 02:00:00,10.1,28.4,77.0,0.1,17.6,247.0,1007.6,685.0
2025-09-04 03:00:00,,28.8,77.0,0.1,18.7,249.0,1007.4,710.0
2025-09-04 04:00:00,9.02,28.9,76.0,0.0,20.0,247.0,1006.4,745.0
2025-09-04 05:00:00,,28.7,77.0,0.0,19.7,249.0,1005.9,815.0
2025-09-04 06:00:00,,28.2,79.0,0.0,17.1,246.0,1005.4,735.0
2025-09-04 07:00:00,6.75,28.7,77.0,0.2,14.0,240.0,1005.4,735.0
2025-09-04 08:00:00,8.48,28.1,80.0,0.2,13.6,238.0,1005.1,635.0
2025-09-04 09:00:00,,28.2,81.0,0.1,12.3,238.0,1005.4,650.0
2025-09-04 10:00:00,11.9,28.1,80.0,0.0,13.1,236.0,1005.8,650.0
2025-09-04 11:00:00,14.5,27.1,84.0,0.6,12.5,242.0,1006.7,485.0
2025-09-04 12:00:00,13.7,27.0,85.0,0.1,11.0,246.0,1007.4,470.0
2025-09-04 13:00:00,8.92,27.5,81.0,0.0,14.3,239.0,1007.6,600.0
2025-09-04 14:00:00,15.3,26.8,85.0,0.1,11.7,253.0,1007.9,390.0
2025-09-04 15:00:00,32.0,26.9,86.0,0.0,10.8,246.0,1007.5,495.0
2025-09-04 16:00:00,4.34,26.7,87.0,0.0,9.6,242.0,1007.0,450.0
2025-09-04 17:00:00,3.77,26.5,87.0,0.0,11.8,237.0,1007.0,530.0
2025-09-04 18:00:00,8.86,25.9,88.0,1.6,11.4,244.0,1006.7,420.0
2025-09-04 19:00:00,4.96,26.0,89.0,0.3,13.7,213.0,1006.0,535.0
2025-09-04 20:00:00,8.34,25.8,90.0,0.4,14.1,211.0,1005.8,530.0
2025-09-04 21:00:00,6.69,25.8,90.0,0.4,12.0,204.0,1005.7,510.0
2025-09-04 22:00:00,,25.9,90.0,0.2,11.8,201.0,1005.7,485.0
2025-09-04 23:00:00,14.8,26.5,88.0,0.1,11.2,206.0,1006.6,545.0
2025-09-05 00:00:00,,26.6,87.0,0.1,11.8,206.0,1007.1,590.0
2025-09-05 01:00:00,11.2,26.3,87.0,1.1,11.1,205.0,1007.9,700.0
2025-09-05 02:00:00,11.3,26.3,86.0,0.8,10.3,199.0,1007.9,615.0
2025-09-05 03:00:00,3.49,26.9,82.0,0.6,16.3,224.0,1008.1,755.0
2025-09-05 04:00:00,,26.8,83.0,0.2,15.8,230.0,1007.4,665.0
2025-09-05 05:00:00,14.1,27.6,78.0,0.2,18.7,230.0,1006.7,745.0
2025-09-05 06:00:00,,27.4,79.0,0.1,17.2,227.0,1006.1,735.0
2025-09-05 07:00:00,,27.4,79.0,0.0,15.7,226.0,1005.5,790.0
2025-09-05 08:00:00,15.7,27.3,80.0,0.0,13.1,232.0,1005.5,780.0
2025-09-05 09:00:00,26.2,27.2,80.0,0.3,14.2,231.0,1005.8,675.0
2025-09-05 10:00:00,13.2,25.5,88.0,3.0,12.6,227.0,1006.6,460.0
2025-09-05 11:00:00,14.5,25.2,92.0,3.5,10.3,199.0,1007.3,435.0
2025-09-05 12:00:00,10.2,25.1,91.0,1.4,7.3,191.0,1007.9,265.0
2025-09-05 13:00:00,10.9,26.0,92.0,0.0,6.7,182.0,1007.9,285.0
2025-09-05 14:00:00,14.4,25.4,95.0,0.0,5.2,158.0,1008.7,185.0
2025-09-05 15:00:00,19.7,25.6,93.0,0.1,3.5,125.0,1008.5,115.0
2025-09-05 16:00:00,23.1,25.4,94.0,0.1,4.9,84.0,1007.7,85.0
2025-09-05 17:00:00,26.5,25.4,93.0,0.0,2.9,86.0,1007.2,45.0
2025-09-05 18:00:00,21.4,25.5,93.0,0.0,1.3,106.0,1007.0,25.0
2025-09-05 19:00:00,7.11,25.5,92.0,0.2,6.4,140.0,1006.6,210.0
2025-09-05 20:00:00,8.87,25.5,92.0,0.9,6.2,144.0,1006.4,210.0
2025-09-05 21:00:00,,25.3,94.0,0.8,3.4,155.0,1006.5,180.0
2025-09-05 22:00:00,11.7,25.4,93.0,0.3,5.7,125.0,1006.8,210.0
2025-09-05 23:00:00,,26.0,92.0,0.3,7.8,128.0,1007.5,250.0
2025-09-06 00:00:00,,26.7,89.0,0.2,8.3,129.0,1007.9,360.0
2025-09-06 01:00:00,12.2,27.0,88.0,0.2,3.9,158.0,1009.1,400.0
2025-09-06 02:00:00,16.4,27.9,83.0,0.1,5.3,204.0,1009.2,630.0
2025-09-06 03:00:00,21.1,28.4,78.0,0.1,8.8,242.0,1009.7,770.0
2025-09-06 04:00:00,19.6,28.1,79.0,6.0,12.8,246.0,1009.0,455.0
2025-09-06 05:00:00,,27.0,80.0,6.7,9.4,220.0,1008.7,390.0
2025-09-06 06:00:00,,26.7,83.0,1.4,8.1,167.0,1007.9,305.0
2025-09-06 07:00:00,19.5,26.6,86.0,1.0,6.5,120.0,1007.3,260.0
2025-09-06 08:00:00,22.3,26.2,89.0,0.6,6.7,124.0,1007.0,230.0
2025-09-06 09:00:00,22.3,26.0,90.0,0.4,6.6,133.0,1007.1,220.0
2025-09-06 10:00:00,19.7,26.0,90.0,0.3,4.9,129.0,1007.4,195.0
2025-09-06 11:00:00,30.3,25.8,92.0,0.2,3.0,128.0,1008.2,155.0
2025-09-06 12:00:00,33.4,25.7,93.0,0.3,3.4,122.0,1009.1,120.0
2025-09-06 13:00:00,30.6,25.7,90.0,0.1,3.5,62.0,1010.0,70.0
2025-09-06 14:00:00,27.9,25.4,89.0,0.1,2.7,62.0,1010.5,65.0
2025-09-06 15:00:00,31.3,25.2,89.0,0.0,2.2,42.0,1010.2,50.0
2025-09-06 16:00:00,28.2,24.9,89.0,0.0,2.0,63.0,1009.4,40.0
2025-09-06 17:00:00,28.5,24.9,88.0,0.0,1.5,36.0,1008.6,35.0
2025-09-06 18:00:00,26.6,24.7,90.0,0.0,1.4,40.0,1008.1,35.0
2025-09-06 19:00:00,24.9,24.5,88.0,0.0,1.8,90.0,1007.9,40.0
2025-09-06 20:00:00,26.2,24.6,84.0,0.0,4.0,98.0,1007.7,60.0
2025-09-06 21:00:00,22.7,25.2,81.0,0.0,5.4,94.0,1008.2,90.0
2025-09-06 22:00:00,24.9,25.3,80.0,0.0,5.6,84.0,1008.3,85.0
2025-09-06 23:00:00,,26.0,79.0,0.0,5.4,105.0,1008.8,145.0
2025-09-07 00:00:00,,27.4,79.0,0.0,6.1,114.0,1009.3,385.0
2025-09-07 01:00:00,,28.5,76.0,0.0,8.7,138.0,1009.7,590.0
2025-09-07 02:00:00,13.0,29.0,76.0,0.0,8.5,136.0,1009.6,680.0
2025-09-07 03:00:00,16.5,30.1,71.0,0.0,9.8,137.0,1009.2,815.0
2025-09-07 04:00:00,18.8,30.5,69.0,0.0,10.5,142.0,1008.5,785.0
2025-09-07 05:00:00,12.2,31.2,66.0,0.0,10.2,154.0,1007.7,940.0
2025-09-07 06:00:00,15.6,30.7,68.0,0.0,8.5,162.0,1007.4,865.0
2025-09-07 07:00:00,19.2,30.8,68.0,0.0,6.7,175.0,1006.9,935.0
2025-09-07 08:00:00,22.2,27.8,84.0,1.7,6.6,209.0,1007.5,290.0
2025-09-07 09:00:00,,27.8,83.0,0.0,2.7,270.0,1007.6,325.0
2025-09-07 10:00:00,17.3,27.6,84.0,0.1,2.2,279.0,1008.3,300.0
2025-09-07 11:00:00,22.6,27.0,87.0,1.2,1.4,310.0,1009.1,120.0
2025-09-07 12:00:00,17.9,26.8,90.0,0.0,0.6,108.0,1009.6,85.0
2025-09-07 13:00:00,17.1,26.5,90.0,0.4,5.0,41.0,1010.5,130.0
2025-09-07 14:00:00,19.0,26.3,90.0,0.0,3.7,14.0,1011.0,85.0
2025-09-07 15:00:00,21.4,26.2,91.0,0.0,3.1,320.0,1011.0,60.0
2025-09-07 16:00:00,,26.2,93.0,0.0,3.6,357.0,1010.4,80.0
2025-09-07 17:00:00,17.9,26.0,94.0,0.0,4.2,342.0,1009.8,95.0
2025-09-07 18:00:00,23.8,25.7,95.0,0.1,5.1,27.0,1009.4,115.0
2025-09-07 19:00:00,25.5,25.3,96.0,0.0,6.1,34.0,1009.1,95.0
2025-09-07 20:00:00,,25.1,95.0,0.1,4.2,43.0,1009.0,65.0
2025-09-07 21:00:00,25.3,25.3,93.0,0.0,4.2,40.0,1009.2,65.0
2025-09-07 22:00:00,,25.3,92.0,0.0,4.0,60.0,1009.6,65.0
2025-09-07 23:00:00,42.7,25.9,90.0,0.0,3.8,109.0,1010.3,100.0
2025-09-08 00:00:00,36.8,27.2,86.0,0.3,7.8,127.0,1010.8,420.0
2025-09-08 01:00:00,28.8,27.3,85.0,0.2,2.0,80.0,1011.1,340.0
2025-09-08 02:00:00,29.7,28.2,79.0,0.0,3.1,126.0,1011.1,495.0
2025-09-08 03:00:00,31.2,28.9,76.0,0.1,2.6,74.0,1011.2,615.0
2025-09-08 04:00:00,,29.4,74.0,0.1,2.3,39.0,1010.4,740.0
2025-09-08 05:00:00,53.2,29.7,72.0,0.0,3.9,77.0,1009.5,825.0
2025-09-08 06:00:00,17.3,29.0,74.0,0.2,7.6,121.0,1009.2,560.0
2025-09-08 07:00:00,29.8,28.3,77.0,0.3,5.4,124.0,1008.5,380.0
2025-09-08 08:00:00,28.7,28.0,81.0,0.2,1.0,239.0,1008.9,240.0
2025-09-08 09:00:00,31.4,27.8,84.0,0.6,1.8,96.0,1009.3,290.0
2025-09-08 10:00:00,,27.2,88.0,0.3,5.0,92.0,1010.1,250.0
2025-09-08 11:00:00,,27.0,89.0,0.3,2.8,140.0,1010.4,220.0
2025-09-08 12:00:00,,27.0,88.0,0.3,4.6,162.0,1010.8,205.0
2025-09-08 13:00:00,,26.2,91.0,0.6,1.1,342.0,1012.7,180.0
2025-09-08 14:00:00,,26.3,92.0,0.6,0.4,297.0,1012.6,220.0
2025-09-08 15:00:00,,26.2,90.0,0.3,0.8,207.0,1012.0,215.0
2025-09-08 16:00:00,,25.9,93.0,0.3,1.3,90.0,1011.1,165.0
2025-09-08 17:00:00,24.7,25.7,94.0,0.4,1.8,6.0,1009.9,165.0
2025-09-08 18:00:00,21.2,25.2,94.0,0.0,1.9,287.0,1009.4,190.0
2025-09-08 19:00:00,,25.1,93.0,0.0,0.5,315.0,1009.0,210.0
2025-09-08 20:00:00,,25.1,94.0,0.0,3.8,17.0,1009.1,165.0
2025-09-08 21:00:00,,24.4,95.0,0.0,5.2,31.0,1009.7,145.0
2025-09-08 22:00:00,29.9,23.9,93.0,0.0,4.2,18.0,1009.8,110.0
2025-09-08 23:00:00,,24.7,89.0,0.0,4.2,10.0,1010.1,105.0
2025-09-09 00:00:00,37.9,25.7,89.0,0.0,4.1,29.0,1010.9,150.0
2025-09-09 01:00:00,43.8,27.6,78.0,0.0,4.5,317.0,1011.3,275.0
2025-09-09 02:00:00,47.4,28.3,74.0,0.0,5.1,288.0,1011.2,420.0
2025-09-09 03:00:00,54.0,29.1,70.0,0.0,5.4,270.0,1010.6,590.0
2025-09-09 04:00:00,34.8,28.9,72.0,0.1,8.5,197.0,1010.0,590.0
2025-09-09 05:00:00,33.6,26.5,85.0,5.0,0.3,45.0,1009.6,230.0
2025-09-09 06:00:00,,27.7,84.0,0.3,1.1,270.0,1008.4,170.0
2025-09-09 07:00:00,,28.0,82.0,0.1,3.7,11.0,1008.1,315.0
2025-09-09 08:00:00,24.1,28.4,78.0,0.0,2.3,360.0,1008.0,415.0
2025-09-09 09:00:00,20.7,27.6,76.0,1.2,2.9,83.0,1008.7,105.0
2025-09-09 10:00:00,,26.8,83.0,0.8,3.3,131.0,1008.6,95.0
2025-09-09 11:00:00,22.2,26.3,91.0,0.2,3.1,140.0,1008.6,100.0
2025-09-09 12:00:00,,26.0,94.0,0.0,1.9,131.0,1009.2,85.0
2025-09-09 13:00:00,14.4,26.9,85.0,0.0,5.0,345.0,1009.4,140.0
2025-09-09 14:00:00,,26.6,85.0,0.0,4.4,12.0,1009.9,135.0
2025-09-09 15:00:00,28.3,26.4,88.0,0.0,1.4,360.0,1009.9,35.0
2025-09-09 16:00:00,22.4,26.2,89.0,0.0,2.5,356.0,1009.3,60.0
2025-09-09 17:00:00,21.1,25.8,91.0,0.0,3.1,24.0,1008.8,60.0
2025-09-09 18:00:00,17.2,25.5,93.0,0.0,2.0,5.0,1008.4,35.0
2025-09-09 19:00:00,13.5,25.4,93.0,0.0,2.9,263.0,1007.8,55.0
2025-09-09 20:00:00,15.7,25.5,93.0,0.0,1.3,254.0,1007.9,40.0
2025-09-09 21:00:00,,25.4,93.0,0.0,2.4,312.0,1008.2,40.0
2025-09-09 22:00:00,,25.2,94.0,0.0,4.3,318.0,1008.3,75.0
2025-09-09 23:00:00,,25.7,91.0,0.0,4.2,340.0,1008.9,185.0
2025-09-10 00:00:00,,26.4,87.0,0.0,3.1,306.0,1009.0,265.0
2025-09-10 01:00:00,,25.6,90.0,0.7,2.1,128.0,1010.0,185.0
2025-09-10 02:00:00,,25.9,88.0,0.3,3.1,190.0,1010.0,270.0
2025-09-10 03:00:00,,26.5,85.0,1.3,3.2,180.0,1009.5,315.0
2025-09-10 04:00:00,,26.1,89.0,3.1,4.2,168.0,1008.9,240.0
2025-09-10 05:00:00,,26.4,85.0,1.7,1.5,225.0,1008.3,265.0
2025-09-10 06:00:00,,26.3,86.0,0.3,2.9,191.0,1007.8,285.0
2025-09-10 07:00:00,,26.1,88.0,2.2,1.8,11.0,1007.6,110.0
2025-09-10 08:00:00,,26.1,88.0,0.5,2.7,302.0,1007.0,175.0
2025-09-10 09:00:00,,26.1,88.0,0.0,2.1,322.0,1007.0,180.0
2025-09-10 10:00:00,,25.9,89.0,0.0,2.7,37.0,1007.3,115.0
2025-09-10 11:00:00,,25.8,89.0,0.0,1.0,112.0,1007.5,40.0
2025-09-10 12:00:00,,25.9,89.0,0.0,1.7,167.0,1007.8,105.0
2025-09-10 13:00:00,,26.1,91.0,0.1,4.4,58.0,1008.9,115.0
2025-09-10 14:00:00,,26.0,91.0,0.1,3.0,25.0,1008.8,145.0
2025-09-10 15:00:00,,26.1,87.0,0.1,3.9,326.0,1008.9,230.0
2025-09-10 16:00:00,,26.0,87.0,0.0,3.3,331.0,1008.4,205.0
2025-09-10 17:00:00,,25.8,88.0,0.0,2.5,330.0,1007.5,190.0
2025-09-10 18:00:00,,25.5,90.0,0.0,1.3,56.0,1007.2,145.0
2025-09-10 19:00:00,25.6,25.5,89.0,0.1,4.2,137.0,1006.9,155.0
2025-09-10 20:00:00,29.5,25.4,90.0,0.1,6.1,140.0,1007.2,215.0
2025-09-10 21:00:00,32.0,25.2,88.0,0.6,7.9,120.0,1007.5,245.0
2025-09-10 22:00:00,35.5,24.9,92.0,0.4,1.7,122.0,1007.8,195.0
2025-09-10 23:00:00,33.7,25.3,89.0,0.1,4.9,80.0,1008.6,190.0
2025-09-11 00:00:00,29.9,26.0,86.0,0.0,2.7,70.0,1009.1,230.0
2025-09-11 01:00:00,34.0,27.1,84.0,0.0,4.6,167.0,1009.0,335.0
2025-09-11 02:00:00,33.7,28.2,79.0,0.0,7.2,158.0,1008.5,560.0
2025-09-11 03:00:00,28.5,29.3,73.0,0.0,8.3,112.0,1008.4,790.0
2025-09-11 04:00:00,33.9,29.4,74.0,0.0,8.8,133.0,1007.7,825.0
2025-09-11 05:00:00,,29.2,74.0,0.1,6.9,127.0,1007.0,695.0
2025-09-11 06:00:00,40.8,29.8,71.0,0.1,5.0,88.0,1006.3,830.0
2025-09-11 07:00:00,,30.1,71.0,0.1,4.4,35.0,1005.9,920.0
2025-09-11 08:00:00,19.1,29.5,74.0,0.1,0.7,180.0,1005.7,655.0
2025-09-11 09:00:00,23.4,27.2,81.0,4.8,6.0,80.0,1006.6,150.0
2025-09-11 10:00:00,30.6,25.3,90.0,1.8,7.2,342.0,1007.1,100.0
2025-09-11 11:00:00,44.7,25.0,93.0,0.2,3.3,354.0,1007.4,80.0
2025-09-11 12:00:00,54.5,25.3,93.0,0.0,1.5,339.0,1007.9,75.0
2025-09-11 13:00:00,53.3,26.1,90.0,0.0,4.6,11.0,1009.0,115.0
2025-09-11 14:00:00,47.7,26.1,91.0,0.0,2.8,198.0,1009.1,70.0
2025-09-11 15:00:00,35.8,26.4,89.0,0.0,8.2,142.0,1008.6,225.0
2025-09-11 16:00:00,30.7,26.4,86.0,0.0,9.9,135.0,1008.5,260.0
2025-09-11 17:00:00,9.45,26.3,86.0,0.0,10.1,125.0,1008.1,265.0
2025-09-11 18:00:00,10.4,25.9,88.0,0.0,8.3,110.0,1007.9,185.0
2025-09-11 19:00:00,30.3,25.6,90.0,0.0,4.1,88.0,1007.2,95.0
2025-09-11 20:00:00,33.6,25.5,91.0,0.0,5.6,33.0,1007.3,165.0
2025-09-11 21:00:00,30.0,25.4,91.0,0.0,5.0,35.0,1007.3,185.0
2025-09-11 22:00:00,30.6,25.3,91.0,0.0,3.8,41.0,1007.8,120.0
2025-09-11 23:00:00,39.0,26.1,87.0,0.0,3.7,47.0,1008.6,185.0
2025-09-12 00:00:00,,26.9,85.0,0.0,3.3,126.0,1009.1,220.0
2025-09-12 01:00:00,39.2,28.4,80.0,0.0,2.7,4.0,1009.1,435.0
2025-09-12 02:00:00,19.7,29.2,77.0,0.1,2.1,31.0,1009.4,620.0
2025-09-12 03:00:00,21.7,29.9,76.0,0.3,0.6,288.0,1009.2,940.0
2025-09-12 04:00:00,30.0,29.2,79.0,0.3,2.7,184.0,1008.4,600.0
2025-09-12 05:00:00,23.1,29.0,81.0,0.3,3.6,63.0,1007.8,490.0
2025-09-12 06:00:00,,29.5,79.0,0.3,0.5,225.0,1007.3,670.0
2025-09-12 07:00:00,11.8,28.9,80.0,0.6,2.9,338.0,1007.3,365.0
2025-09-12 08:00:00,19.4,27.3,84.0,6.9,4.8,42.0,1007.2,235.0
2025-09-12 09:00:00,24.7,27.1,85.0,0.4,2.4,27.0,1007.1,125.0
2025-09-12 10:00:00,28.9,27.0,87.0,0.1,3.3,81.0,1007.7,100.0
2025-09-12 11:00:00,44.1,26.5,91.0,0.0,4.1,75.0,1008.6,75.0
2025-09-12 12:00:00,33.7,26.4,91.0,0.0,5.2,16.0,1009.0,115.0
2025-09-12 13:00:00,39.7,26.3,86.0,0.2,6.2,44.0,1009.9,95.0
2025-09-12 14:00:00,48.5,26.2,86.0,0.1,0.6,162.0,1009.9,45.0
2025-09-12 15:00:00,29.8,26.5,86.0,0.0,4.1,203.0,1010.0,105.0
2025-09-12 16:00:00,56.9,26.4,87.0,0.0,2.2,261.0,1009.5,145.0
2025-09-12 17:00:00,31.7,26.2,88.0,0.0,2.8,288.0,1009.0,195.0
2025-09-12 18:00:00,31.2,26.1,90.0,0.0,3.4,342.0,1009.0,195.0
2025-09-12 19:00:00,27.2,25.2,92.0,0.0,5.9,162.0,1009.0,215.0
2025-09-12 20:00:00,23.0,25.0,91.0,0.0,5.3,192.0,1008.2,185.0
2025-09-12 21:00:00,,25.1,90.0,0.0,5.2,168.0,1008.6,180.0
2025-09-12 22:00:00,27.0,25.2,89.0,0.0,3.4,177.0,1008.9,135.0
2025-09-12 23:00:00,,25.7,88.0,0.0,1.2,153.0,1008.9,130.0
2025-09-13 00:00:00,,26.8,85.0,0.0,2.3,176.0,1009.5,355.0
2025-09-13 01:00:00,15.3,27.5,84.0,0.0,3.0,52.0,1010.0,420.0
2025-09-13 02:00:00,18.8,28.5,79.0,0.0,2.3,67.0,1009.8,485.0
2025-09-13 03:00:00,,29.4,77.0,0.1,2.7,132.0,1009.6,730.0
2025-09-13 04:00:00,31.1,29.3,79.0,0.3,2.5,120.0,1008.8,550.0
2025-09-13 05:00:00,22.7,28.8,84.0,0.6,2.2,318.0,1008.0,315.0
2025-09-13 06:00:00,13.2,28.4,86.0,0.7,6.0,21.0,1007.4,295.0
2025-09-13 07:00:00,25.6,28.6,85.0,0.2,2.7,4.0,1006.9,170.0
2025-09-13 08:00:00,19.8,29.5,80.0,2.9,1.9,112.0,1007.2,310.0
2025-09-13 09:00:00,24.3,27.0,86.0,4.8,7.6,346.0,1007.6,190.0
2025-09-13 10:00:00,23.9,26.4,89.0,0.1,5.1,333.0,1007.9,145.0
2025-09-13 11:00:00,22.7,26.0,90.0,0.0,5.5,23.0,1008.3,115.0
2025-09-13 12:00:00,19.7,25.9,90.0,0.0,5.5,351.0,1008.8,165.0
2025-09-13 13:00:00,26.5,26.4,90.0,1.4,6.5,226.0,1009.6,145.0
2025-09-13 14:00:00,35.8,26.4,89.0,0.0,4.7,263.0,1009.3,190.0
2025-09-13 15:00:00,16.0,26.4,90.0,0.0,7.1,344.0,1009.0,295.0
2025-09-13 16:00:00,18.3,26.0,88.0,0.0,8.7,353.0,1008.8,325.0
2025-09-13 17:00:00,40.8,25.6,88.0,0.0,8.2,352.0,1008.1,250.0
2025-09-13 18:00:00,3.49,25.3,90.0,0.1,8.5,2.0,1007.9,230.0
2025-09-13 19:00:00,2.18,25.1,92.0,1.8,8.1,6.0,1007.7,205.0
2025-09-13 20:00:00,1.15,25.0,92.0,0.3,5.9,11.0,1007.6,170.0
2025-09-13 21:00:00,,24.9,93.0,0.4,6.2,343.0,1007.7,195.0
2025-09-13 22:00:00,,24.8,95.0,0.8,9.9,356.0,1007.7,250.0
2025-09-13 23:00:00,12.4,25.2,93.0,0.6,10.3,353.0,1008.2,285.0
2025-09-14 00:00:00,11.5,25.4,93.0,1.6,12.2,1.0,1008.8,325.0
2025-09-14 01:00:00,4.29,26.1,88.0,0.7,11.3,20.0,1009.8,445.0
2025-09-14 02:00:00,16.7,25.7,86.0,1.2,12.1,10.0,1009.7,410.0
2025-09-14 03:00:00,,26.2,86.0,0.9,7.2,27.0,1008.8,360.0
2025-09-14 04:00:00,24.8,26.9,83.0,0.5,4.5,67.0,1008.3,425.0
2025-09-14 05:00:00,22.9,26.8,84.0,0.9,2.8,72.0,1007.4,460.0
2025-09-14 06:00:00,29.4,26.8,83.0,0.6,2.9,133.0,1006.5,430.0
2025-09-14 07:00:00,24.6,27.0,82.0,1.0,1.4,360.0,1006.6,355.0
2025-09-14 08:00:00,40.0,26.7,85.0,0.6,3.0,295.0,1006.6,380.0
2025-09-14 09:00:00,38.1,26.4,86.0,0.3,3.8,329.0,1006.7,335.0
2025-09-14 10:00:00,41.1,26.0,91.0,0.3,1.3,360.0,1007.3,225.0
2025-09-14 11:00:00,62.8,25.7,93.0,0.4,1.7,311.0,1007.6,165.0
2025-09-14 12:00:00,52.4,25.7,94.0,0.5,2.1,290.0,1008.2,150.0
2025-09-14 13:00:00,45.1,26.2,92.0,0.1,2.2,336.0,1008.7,150.0
2025-09-14 14:00:00,51.8,26.0,94.0,0.0,2.7,302.0,1008.7,150.0
2025-09-14 15:00:00,42.1,25.7,95.0,0.0,1.2,321.0,1008.2,115.0
2025-09-14 16:00:00,32.6,25.6,95.0,0.0,0.4,270.0,1008.0,85.0
2025-09-14 17:00:00,32.5,25.6,94.0,0.0,0.2,270.0,1007.3,30.0
2025-09-14 18:00:00,32.4,25.3,95.0,0.0,2.0,275.0,1006.6,120.0
2025-09-14 19:00:00,32.5,25.5,95.0,0.0,5.9,220.0,1006.5,170.0
2025-09-14 20:00:00,33.3,25.4,94.0,0.0,0.2,270.0,1006.8,10.0
2025-09-14 21:00:00,35.7,25.3,94.0,0.0,0.7,14.0,1006.9,30.0
2025-09-14 22:00:00,,25.3,94.0,0.0,1.3,360.0,1007.0,55.0
2025-09-14 23:00:00,45.4,26.0,90.0,0.0,1.1,18.0,1007.5,85.0
2025-09-15 00:00:00,41.2,26.7,87.0,0.0,3.4,93.0,1008.3,245.0
2025-09-15 01:00:00,35.5,27.4,84.0,0.0,2.8,35.0,1009.1,305.0
2025-09-15 02:00:00,33.0,28.5,80.0,0.2,3.8,93.0,1008.9,725.0
2025-09-15 03:00:00,31.1,29.2,79.0,0.1,4.0,153.0,1008.0,780.0
2025-09-15 04:00:00,31.2,29.3,79.0,0.3,6.8,115.0,1007.6,760.0
2025-09-15 05:00:00,,28.3,81.0,0.5,7.2,112.0,1006.5,500.0
2025-09-15 06:00:00,40.3,28.7,77.0,0.0,4.9,98.0,1006.3,585.0
2025-09-15 07:00:00,,29.0,76.0,0.1,7.0,103.0,1005.9,690.0
2025-09-15 08:00:00,,28.4,78.0,0.2,5.2,134.0,1006.3,515.0
2025-09-15 09:00:00,10.3,26.6,89.0,5.0,1.5,69.0,1006.9,95.0
2025-09-15 10:00:00,13.0,26.5,91.0,0.1,1.8,323.0,1007.4,80.0
2025-09-15 11:00:00,17.2,26.3,93.0,0.0,0.5,45.0,1007.8,130.0
2025-09-15 12:00:00,14.3,26.0,93.0,0.1,2.7,23.0,1008.7,125.0
2025-09-15 13:00:00,,25.6,92.0,0.0,2.8,345.0,1008.8,110.0
2025-09-15 14:00:00,9.05,25.7,91.0,0.0,4.5,344.0,1009.1,135.0
2025-09-15 15:00:00,1.13,25.7,89.0,0.0,3.5,351.0,1008.5,155.0
2025-09-15 16:00:00,0.54,25.8,88.0,0.0,1.4,180.0,1007.9,155.0
2025-09-15 17:00:00,0.0,25.9,90.0,0.0,2.3,203.0,1007.4,180.0
2025-09-15 18:00:00,3.85,26.0,90.0,0.0,2.1,160.0,1006.7,230.0
2025-09-15 19:00:00,12.8,25.9,91.0,0.0,1.5,76.0,1006.8,110.0
2025-09-15 20:00:00,22.2,26.0,90.0,0.0,4.1,193.0,1006.1,235.0
2025-09-15 21:00:00,26.3,25.8,91.0,0.0,3.6,127.0,1006.6,160.0
2025-09-15 22:00:00,,25.6,91.0,0.0,1.0,292.0,1006.6,35.0
2025-09-15 23:00:00,26.6,25.9,90.0,0.0,3.9,53.0,1006.9,240.0
2025-09-16 00:00:00,19.4,26.6,87.0,0.0,4.5,76.0,1007.2,330.0
2025-09-16 01:00:00,17.1,27.6,83.0,0.1,5.4,104.0,1008.3,470.0
2025-09-16 02:00:00,33.4,28.2,80.0,0.2,2.7,132.0,1008.0,625.0
2025-09-16 03:00:00,34.3,27.6,83.0,0.3,3.9,338.0,1007.7,340.0
2025-09-16 04:00:00,23.0,25.8,88.0,12.2,7.5,352.0,1007.2,195.0
2025-09-16 05:00:00,17.9,25.6,91.0,2.7,1.9,326.0,1006.4,150.0
2025-09-16 06:00:00,22.9,26.0,90.0,1.6,5.3,308.0,1005.8,250.0
2025-09-16 07:00:00,24.0,25.9,87.0,1.9,9.2,301.0,1005.3,305.0
2025-09-16 08:00:00,31.8,25.8,89.0,1.7,7.2,323.0,1005.3,300.0
2025-09-16 09:00:00,36.2,25.4,94.0,1.4,5.5,347.0,1005.4,245.0
2025-09-16 10:00:00,23.7,25.1,96.0,1.9,4.5,346.0,1005.8,230.0
2025-09-16 11:00:00,29.8,25.1,96.0,0.7,4.3,318.0,1006.4,215.0
2025-09-16 12:00:00,27.1,25.2,95.0,0.3,2.3,337.0,1007.2,190.0
2025-09-16 13:00:00,27.7,25.8,93.0,1.7,1.3,344.0,1007.5,65.0
2025-09-16 14:00:00,30.4,25.6,91.0,0.8,1.8,169.0,1007.5,80.0
2025-09-16 15:00:00,25.3,25.3,95.0,0.1,4.7,171.0,1007.3,125.0
2025-09-16 16:00:00,21.9,25.2,96.0,0.0,6.1,185.0,1006.9,165.0
2025-09-16 17:00:00,20.7,25.3,94.0,0.0,5.2,205.0,1006.3,185.0
2025-09-16 18:00:00,25.9,25.4,94.0,0.2,4.7,176.0,1005.8,180.0
2025-09-16 19:00:00,26.2,25.2,95.0,0.1,3.9,146.0,1005.3,150.0
2025-09-16 20:00:00,31.7,25.0,94.0,0.0,1.5,144.0,1005.3,110.0
2025-09-16 21:00:00,,24.9,94.0,0.1,2.8,153.0,1005.6,115.0
2025-09-16 22:00:00,,25.2,95.0,0.0,3.0,163.0,1005.8,110.0
2025-09-16 23:00:00,28.6,26.4,87.0,0.1,2.6,192.0,1006.5,280.0
2025-09-17 00:00:00,,26.8,84.0,0.0,3.8,225.0,1007.0,415.0
2025-09-17 01:00:00,26.3,26.4,86.0,0.7,5.3,128.0,1007.8,205.0
2025-09-17 02:00:00,24.3,26.5,86.0,0.3,1.7,58.0,1007.4,215.0
2025-09-17 03:00:00,23.4,27.4,82.0,0.1,1.4,140.0,1007.1,385.0
2025-09-17 04:00:00,,27.8,81.0,0.0,1.8,180.0,1006.6,430.0
2025-09-17 05:00:00,25.7,28.2,79.0,0.0,1.9,236.0,1006.0,535.0
2025-09-17 06:00:00,23.8,27.3,81.0,2.3,11.0,240.0,1005.4,320.0
2025-09-17 07:00:00,23.6,26.5,87.0,0.7,6.4,225.0,1005.8,320.0
2025-09-17 08:00:00,22.9,27.1,85.0,0.3,6.7,246.0,1005.6,400.0
2025-09-17 09:00:00,25.4,26.8,84.0,0.5,8.6,210.0,1005.7,390.0
2025-09-17 10:00:00,31.3,26.5,89.0,0.3,4.6,211.0,1006.1,235.0
2025-09-17 11:00:00,42.9,26.2,90.0,0.3,4.3,208.0,1007.0,195.0
2025-09-17 12:00:00,34.4,26.0,91.0,0.4,0.4,207.0,1007.6,45.0
2025-09-17 13:00:00,30.4,26.2,95.0,0.2,1.5,201.0,1007.7,50.0
2025-09-17 14:00:00,111.0,26.0,91.0,0.2,2.3,180.0,1008.2,70.0
2025-09-17 15:00:00,32.5,25.7,94.0,0.0,2.7,113.0,1008.1,75.0
2025-09-17 16:00:00,37.1,25.4,95.0,0.0,2.3,61.0,1008.0,60.0
2025-09-17 17:00:00,14.3,25.0,95.0,0.4,0.5,225.0,1007.5,20.0
2025-09-17 18:00:00,11.6,24.8,96.0,0.8,1.4,67.0,1006.8,45.0
2025-09-17 19:00:00,9.8,25.1,93.0,0.1,0.4,180.0,1006.6,15.0
2025-09-17 20:00:00,11.8,24.9,93.0,0.0,1.0,239.0,1006.5,30.0
2025-09-17 21:00:00,,25.1,93.0,0.0,0.4,27.0,1006.8,60.0
2025-09-17 22:00:00,,25.1,93.0,0.0,4.2,43.0,1007.4,137.5
2025-09-17 23:00:00,22.0,25.6,93.0,0.0,6.1,40.0,1007.9,210.0
2025-09-18 00:00:00,19.8,26.6,88.0,0.0,3.9,22.0,1008.5,405.0
2025-09-18 01:00:00,19.8,27.3,85.0,0.3,1.4,23.0,1009.2,570.0
2025-09-18 02:00:00,23.2,28.6,82.0,0.1,0.2,360.0,1009.1,660.0
2025-09-18 03:00:00,22.6,29.4,78.0,0.1,4.6,259.0,1008.8,665.0
2025-09-18 04:00:00,23.2,30.1,74.0,0.1,6.8,281.0,1008.1,740.0
2025-09-18 05:00:00,14.9,28.7,75.0,3.8,12.2,241.0,1007.6,705.0
2025-09-18 06:00:00,,28.1,82.0,2.3,4.8,228.0,1007.3,540.0
2025-09-18 07:00:00,19.3,27.5,86.0,0.7,2.0,225.0,1007.1,420.0
2025-09-18 08:00:00,27.8,27.4,85.0,0.5,5.7,217.0,1007.1,415.0
2025-09-18 09:00:00,32.9,27.1,84.0,0.1,8.3,231.0,1007.2,330.0
2025-09-18 10:00:00,35.7,26.7,86.0,0.1,6.5,208.0,1007.8,195.0
2025-09-18 11:00:00,38.0,26.6,89.0,0.1,4.0,153.0,1008.6,285.0
2025-09-18 12:00:00,40.7,26.7,88.0,0.0,1.2,129.0,1009.5,325.0
2025-09-18 13:00:00,37.8,26.9,89.0,0.2,0.4,90.0,1010.1,300.0
2025-09-18 14:00:00,29.5,26.6,92.0,0.2,1.9,61.0,1010.3,85.0
2025-09-18 15:00:00,122.0,26.2,94.0,0.1,1.1,99.0,1010.0,255.0
2025-09-18 16:00:00,,25.9,96.0,0.0,2.8,75.0,1009.3,185.0
2025-09-18 17:00:00,18.5,25.5,96.0,0.0,2.3,58.0,1008.7,145.0
2025-09-18 18:00:00,23.6,25.5,96.0,0.0,2.1,31.0,1008.5,215.0
2025-09-18 19:00:00,,25.4,96.0,0.0,1.9,41.0,1007.8,210.0
2025-09-18 20:00:00,22.8,25.5,94.0,0.0,2.9,317.0,1008.0,195.0
2025-09-18 21:00:00,22.4,25.5,94.0,0.0,1.6,354.0,1008.1,180.0
2025-09-18 22:00:00,28.9,25.4,94.0,0.0,1.3,352.0,1008.5,105.0
2025-09-18 23:00:00,,26.6,90.0,0.0,2.9,317.0,1009.3,190.0
2025-09-19 00:00:00,22.4,27.3,87.0,0.1,1.5,225.0,1009.5,460.0
2025-09-19 01:00:00,,28.5,78.0,0.1,10.4,269.0,1010.5,595.0
2025-09-19 02:00:00,21.8,28.8,77.0,0.1,11.9,272.0,1010.4,655.0
2025-09-19 03:00:00,,28.6,80.0,0.2,9.0,267.0,1009.9,650.0
2025-09-19 04:00:00,24.5,28.5,81.0,0.1,8.7,275.0,1009.2,630.0
2025-09-19 05:00:00,16.5,28.5,82.0,0.1,7.0,269.0,1008.1,610.0
2025-09-19 06:00:00,19.9,28.7,80.0,0.2,9.2,239.0,1007.4,575.0
2025-09-19 07:00:00,12.3,28.3,82.0,0.2,7.8,255.0,1007.1,630.0
2025-09-19 08:00:00,12.2,28.2,79.0,1.3,10.3,270.0,1007.5,470.0
2025-09-19 09:00:00,13.3,27.4,83.0,0.8,6.8,287.0,1007.7,455.0
2025-09-19 10:00:00,20.9,26.6,91.0,1.6,6.6,319.0,1008.6,355.0
2025-09-19 11:00:00,32.2,25.5,93.0,2.3,8.2,331.0,1009.7,255.0
2025-09-19 12:00:00,26.6,25.1,94.0,0.7,5.2,44.0,1009.5,195.0
2025-09-19 13:00:00,30.5,27.0,86.0,0.3,6.0,299.0,1010.2,230.0
2025-09-19 14:00:00,,26.2,88.0,0.4,7.6,288.0,1010.3,295.0
2025-09-19 15:00:00,13.3,25.9,87.0,0.2,1.9,319.0,1010.3,290.0
2025-09-19 16:00:00,26.4,26.0,89.0,0.0,5.0,330.0,1009.5,250.0
2025-09-19 17:00:00,9.34,26.0,90.0,0.0,6.5,309.0,1008.5,250.0
2025-09-19 18:00:00,11.4,26.1,90.0,0.1,5.2,295.0,1008.0,235.0
2025-09-19 19:00:00,17.2,25.7,91.0,0.4,1.9,299.0,1007.9,230.0
2025-09-19 20:00:00,24.0,25.6,93.0,0.6,1.5,300.0,1007.8,230.0
2025-09-19 21:00:00,15.8,25.6,92.0,0.2,2.1,345.0,1007.6,190.0
2025-09-19 22:00:00,18.6,25.6,95.0,0.2,1.9,34.0,1007.9,240.0
2025-09-19 23:00:00,18.4,26.3,90.0,0.3,1.8,84.0,1008.3,250.0
2025-09-20 00:00:00,17.0,26.6,89.0,0.1,2.3,212.0,1008.5,465.0
2025-09-20 01:00:00,,27.1,86.0,0.0,2.5,262.0,1008.4,600.0
2025-09-20 02:00:00,5.66,28.4,78.0,0.1,9.2,277.0,1008.7,595.0
2025-09-20 03:00:00,5.69,28.5,78.0,0.2,10.7,275.0,1008.0,665.0
2025-09-20 04:00:00,9.4,28.7,79.0,0.1,11.9,265.0,1007.2,775.0
2025-09-20 05:00:00,,28.5,79.0,0.1,11.9,252.0,1005.9,770.0
2025-09-20 06:00:00,13.1,29.1,76.0,0.0,11.6,248.0,1005.1,580.0
2025-09-20 07:00:00,7.37,29.3,73.0,0.0,11.2,244.0,1004.9,580.0
2025-09-20 08:00:00,14.9,28.8,74.0,0.0,12.3,232.0,1005.0,530.0
2025-09-20 09:00:00,18.3,28.1,79.0,0.0,12.7,230.0,1005.6,480.0
2025-09-20 10:00:00,36.0,28.0,79.0,0.1,11.4,249.0,1005.8,490.0
2025-09-20 11:00:00,27.4,27.4,83.0,0.5,5.6,274.0,1006.8,455.0
2025-09-20 12:00:00,20.4,26.5,90.0,0.8,9.1,292.0,1007.9,370.0
2025-09-20 13:00:00,42.6,25.3,96.0,2.1,6.3,347.0,1007.7,340.0
2025-09-20 14:00:00,57.6,25.3,95.0,0.5,4.7,18.0,1008.1,255.0
2025-09-20 15:00:00,19.6,25.3,94.0,0.3,5.8,360.0,1007.5,240.0
2025-09-20 16:00:00,,25.3,95.0,0.6,6.9,315.0,1007.1,255.0
2025-09-20 17:00:00,22.9,25.6,94.0,0.5,9.3,332.0,1005.8,290.0
2025-09-20 18:00:00,16.3,25.2,96.0,0.3,7.2,335.0,1005.1,295.0
2025-09-20 19:00:00,6.75,24.8,96.0,0.1,7.7,351.0,1004.4,260.0
2025-09-20 20:00:00,9.43,24.5,95.0,0.0,7.0,359.0,1004.4,250.0
2025-09-20 21:00:00,18.0,24.3,95.0,0.0,7.6,1.0,1004.6,230.0
2025-09-20 22:00:00,18.4,24.3,95.0,0.0,6.1,357.0,1004.4,230.0
2025-09-20 23:00:00,15.5,25.1,93.0,0.0,6.8,338.0,1004.9,375.0
2025-09-21 00:00:00,12.0,26.4,87.0,0.1,7.5,340.0,1005.6,420.0
2025-09-21 01:00:00,16.4,27.3,81.0,0.0,5.2,314.0,1006.0,485.0
2025-09-21 02:00:00,16.0,28.2,80.0,0.0,6.7,264.0,1005.6,595.0
2025-09-21 03:00:00,11.3,28.8,78.0,0.0,7.1,254.0,1005.6,720.0
2025-09-21 04:00:00,17.6,29.3,76.0,0.0,9.6,242.0,1004.7,705.0
2025-09-21 05:00:00,6.59,29.1,75.0,0.0,16.0,236.0,1003.6,675.0
2025-09-21 06:00:00,2.84,28.8,75.0,0.3,18.9,239.0,1003.1,675.0
2025-09-21 07:00:00,4.37,27.0,83.0,6.4,17.0,254.0,1003.4,665.0
2025-09-21 08:00:00,5.47,27.1,82.0,0.8,16.5,239.0,1003.1,635.0
2025-09-21 09:00:00,15.3,27.1,82.0,0.1,21.0,238.0,1003.3,545.0
2025-09-21 10:00:00,18.0,26.0,86.0,0.0,17.6,239.0,1003.8,440.0
2025-09-21 11:00:00,13.1,26.3,86.0,0.0,17.1,238.0,1004.5,415.0
2025-09-21 12:00:00,19.0,26.0,88.0,0.0,19.1,232.0,1004.6,425.0
2025-09-21 13:00:00,8.55,26.4,87.0,0.0,14.2,241.0,1004.6,485.0
2025-09-21 14:00:00,3.23,25.6,89.0,1.5,14.9,245.0,1004.8,585.0
2025-09-21 15:00:00,6.75,25.9,90.0,0.1,15.4,249.0,1004.7,670.0
2025-09-21 16:00:00,0.0,26.3,87.0,0.0,15.6,251.0,1004.6,655.0
2025-09-21 17:00:00,,26.1,87.0,0.0,15.8,241.0,1003.4,630.0
2025-09-21 18:00:00,0.683,26.0,86.0,0.0,17.3,247.0,1002.5,720.0
2025-09-21 19:00:00,,26.3,85.0,0.0,15.9,257.0,1001.3,730.0
2025-09-21 20:00:00,0.0,26.4,86.0,0.0,15.5,258.0,1001.0,710.0
2025-09-21 21:00:00,0.0525,26.4,87.0,0.0,17.8,261.0,1001.5,740.0
2025-09-21 22:00:00,6.33,26.1,85.0,0.1,19.7,247.0,1002.0,725.0
2025-09-21 23:00:00,11.1,26.5,82.0,0.2,23.8,245.0,1002.6,710.0
2025-09-22 00:00:00,,26.4,85.0,0.1,27.2,237.0,1003.1,870.0
2025-09-22 01:00:00,7.57,26.7,86.0,1.1,20.6,254.0,1003.4,960.0
2025-09-22 02:00:00,8.73,26.1,87.0,2.1,16.6,252.0,1003.5,1095.0
2025-09-22 03:00:00,16.6,27.2,81.0,1.4,25.4,246.0,1002.6,910.0
2025-09-22 04:00:00,,27.0,81.0,1.7,25.4,243.0,1002.2,970.0
2025-09-22 05:00:00,9.48,26.1,87.0,1.6,24.7,245.0,1001.4,920.0
2025-09-22 06:00:00,,25.8,87.0,1.6,26.9,238.0,1001.3,825.0
2025-09-22 07:00:00,,25.6,88.0,2.5,27.8,235.0,1001.2,825.0
2025-09-22 08:00:00,3.55,26.4,85.0,1.1,29.1,235.0,1000.8,875.0
2025-09-22 09:00:00,1.52,26.1,87.0,1.4,29.0,230.0,1000.4,895.0
2025-09-22 10:00:00,13.1,25.5,88.0,1.9,31.1,231.0,1001.3,910.0
2025-09-22 11:00:00,8.08,25.7,88.0,1.4,34.7,229.0,1002.1,945.0
2025-09-22 12:00:00,9.45,25.6,91.0,1.1,32.4,229.0,1002.5,965.0
2025-09-22 13:00:00,6.89,26.4,90.0,1.4,29.8,226.0,1002.8,985.0
2025-09-22 14:00:00,4.1,26.4,88.0,0.8,27.0,226.0,1003.5,970.0
2025-09-22 15:00:00,3.44,25.9,89.0,0.6,23.7,221.0,1003.3,935.0
2025-09-22 16:00:00,5.27,25.5,88.0,0.6,23.4,223.0,1002.6,940.0
2025-09-22 17:00:00,0.908,25.9,86.0,0.7,22.8,224.0,1003.0,1005.0
2025-09-22 18:00:00,3.9,25.5,90.0,1.0,24.7,216.0,1002.2,940.0
2025-09-22 19:00:00,1.24,25.3,90.0,0.6,22.9,208.0,1001.9,900.0
2025-09-22 20:00:00,3.14,25.1,91.0,0.7,21.5,215.0,1002.2,900.0
2025-09-22 21:00:00,3.55,25.1,90.0,0.3,22.0,213.0,1002.6,855.0
2025-09-22 22:00:00,8.61,25.4,89.0,0.4,22.5,207.0,1002.7,865.0
2025-09-22 23:00:00,11.4,25.0,90.0,3.0,22.8,218.0,1003.8,865.0
2025-09-23 00:00:00,,25.8,91.0,2.6,17.9,208.0,1004.3,890.0
2025-09-23 01:00:00,8.22,25.8,88.0,2.1,21.7,215.0,1004.6,880.0
2025-09-23 02:00:00,3.64,27.9,77.0,1.7,23.3,211.0,1005.0,975.0
2025-09-23 03:00:00,,27.3,80.0,0.6,19.6,219.0,1005.2,1090.0
2025-09-23 04:00:00,8.55,28.1,78.0,0.1,19.2,210.0,1004.1,970.0
2025-09-23 05:00:00,8.88,26.8,82.0,1.3,25.2,226.0,1004.3,955.0
2025-09-23 06:00:00,6.95,26.5,87.0,1.0,16.6,220.0,1003.3,970.0
2025-09-23 07:00:00,13.8,26.3,85.0,0.6,27.1,224.0,1003.7,790.0
2025-09-23 08:00:00,8.97,26.1,87.0,0.9,20.9,213.0,1003.6,750.0
2025-09-23 09:00:00,13.0,26.0,88.0,0.6,18.7,211.0,1003.9,670.0
2025-09-23 10:00:00,4.26,25.6,88.0,0.8,17.8,198.0,1004.5,795.0
2025-09-23 11:00:00,19.3,25.1,90.0,1.2,14.3,192.0,1005.1,790.0
2025-09-23 12:00:00,8.21,25.1,90.0,0.7,12.4,177.0,1005.6,725.0
2025-09-23 13:00:00,12.0,25.4,92.0,1.2,12.8,199.0,1005.8,665.0
2025-09-23 14:00:00,10.2,25.5,91.0,0.5,9.8,186.0,1006.4,595.0
2025-09-23 15:00:00,7.79,25.4,92.0,0.2,5.2,180.0,1006.3,445.0
2025-09-23 16:00:00,7.54,25.2,94.0,1.7,3.6,177.0,1005.8,365.0
2025-09-23 17:00:00,7.28,25.0,94.0,2.2,4.3,152.0,1004.7,195.0
2025-09-23 18:00:00,10.2,25.0,94.0,0.8,2.6,146.0,1004.2,195.0
2025-09-23 19:00:00,10.8,25.0,93.0,0.6,2.2,99.0,1004.0,350.0
2025-09-23 20:00:00,7.65,25.0,93.0,0.0,3.3,139.0,1004.0,380.0
2025-09-23 21:00:00,12.9,24.9,95.0,0.2,3.2,177.0,1004.1,440.0
2025-09-23 22:00:00,,25.2,94.0,0.2,3.2,161.0,1004.1,430.0
2025-09-23 23:00:00,28.4,26.3,90.0,0.1,4.9,141.0,1005.0,450.0
2025-09-24 00:00:00,21.9,26.8,88.0,0.2,5.5,163.0,1005.9,475.0
2025-09-24 01:00:00,17.2,26.5,88.0,0.3,5.2,153.0,1006.2,555.0
2025-09-24 02:00:00,16.2,27.2,84.0,0.2,6.1,150.0,1006.2,685.0
2025-09-24 03:00:00,15.1,28.5,79.0,0.2,3.6,171.0,1006.0,740.0
2025-09-24 04:00:00,18.2,28.4,79.0,0.7,7.3,210.0,1005.1,565.0
2025-09-24 05:00:00,22.3,28.0,83.0,0.5,7.2,177.0,1004.4,585.0
2025-09-24 06:00:00,20.7,27.3,84.0,0.5,6.7,211.0,1004.7,520.0
2025-09-24 07:00:00,23.3,26.7,84.0,3.8,3.9,283.0,1004.4,420.0
2025-09-24 08:00:00,,26.5,87.0,0.2,2.8,198.0,1004.5,355.0
2025-09-24 09:00:00,31.7,26.6,87.0,0.1,0.0,270.0,1004.4,325.0
2025-09-24 10:00:00,36.0,26.4,89.0,0.1,0.3,135.0,1004.9,365.0
2025-09-24 11:00:00,25.4,25.8,89.0,0.5,2.7,20.0,1005.6,390.0
2025-09-24 12:00:00,21.0,25.6,91.0,0.1,1.4,293.0,1006.1,400.0
2025-09-24 13:00:00,35.4,25.5,94.0,0.1,5.0,92.0,1006.8,305.0
2025-09-24 14:00:00,56.9,25.4,92.0,0.1,4.3,92.0,1007.4,230.0
2025-09-24 15:00:00,30.0,25.1,92.0,0.1,1.6,84.0,1006.8,295.0
2025-09-24 16:00:00,26.5,24.9,93.0,0.0,0.5,360.0,1006.4,300.0
2025-09-24 17:00:00,16.7,24.7,93.0,0.0,1.7,18.0,1006.0,265.0
2025-09-24 18:00:00,14.6,24.8,93.0,0.0,2.8,40.0,1005.9,220.0
2025-09-24 19:00:00,6.44,24.9,92.0,0.0,5.2,56.0,1005.8,180.0
2025-09-24 20:00:00,13.2,24.4,93.0,0.0,0.8,63.0,1005.6,160.0
2025-09-24 21:00:00,14.1,24.1,94.0,0.0,1.8,66.0,1006.0,155.0
2025-09-24 22:00:00,19.8,24.7,91.0,0.0,3.1,54.0,1006.7,140.0
2025-09-24 23:00:00,24.1,25.5,90.0,0.0,4.0,36.0,1006.6,145.0
2025-09-25 00:00:00,16.4,26.7,84.0,0.0,3.6,84.0,1007.3,210.0
2025-09-25 01:00:00,14.1,28.2,80.0,0.0,1.8,90.0,1007.8,415.0
2025-09-25 02:00:00,9.17,29.5,70.0,0.0,2.5,176.0,1007.7,625.0
2025-09-25 03:00:00,11.6,30.0,68.0,0.1,4.2,239.0,1007.1,745.0
2025-09-25 04:00:00,,30.3,70.0,0.0,6.9,265.0,1006.4,895.0
2025-09-25 05:00:00,,28.7,75.0,0.9,11.7,236.0,1005.5,960.0
2025-09-25 06:00:00,,28.1,82.0,0.2,6.2,224.0,1005.7,800.0
2025-09-25 07:00:00,,28.5,80.0,0.3,1.9,202.0,1005.6,280.0
2025-09-25 08:00:00,22.6,26.8,84.0,2.5,6.2,142.0,1005.7,515.0
2025-09-25 09:00:00,29.1,26.6,85.0,0.6,3.6,135.0,1005.9,390.0
2025-09-25 10:00:00,20.1,26.3,89.0,0.1,3.6,131.0,1006.6,60.0
2025-09-25 11:00:00,23.7,26.3,89.0,0.0,3.5,129.0,1007.2,135.0
2025-09-25 12:00:00,33.4,26.2,90.0,0.2,3.3,131.0,1007.3,125.0
2025-09-25 13:00:00,76.3,25.8,94.0,1.0,3.3,84.0,1007.4,155.0
2025-09-25 14:00:00,32.3,25.6,93.0,0.9,2.1,52.0,1007.2,160.0
2025-09-25 15:00:00,31.0,25.6,92.0,0.0,2.9,30.0,1007.5,140.0
2025-09-25 16:00:00,29.3,25.5,93.0,0.0,8.5,333.0,1006.3,115.0
2025-09-25 17:00:00,35.2,25.6,91.0,0.0,8.6,350.0,1005.7,180.0
2025-09-25 18:00:00,28.0,25.5,90.0,0.2,9.9,5.0,1005.4,205.0
2025-09-25 19:00:00,27.6,25.1,93.0,0.2,12.2,338.0,1004.2,230.0
2025-09-25 20:00:00,24.4,24.9,94.0,0.1,10.0,345.0,1004.3,300.0
2025-09-25 21:00:00,25.8,24.9,94.0,0.2,12.4,346.0,1004.4,350.0
2025-09-25 22:00:00,28.2,24.5,96.0,6.8,10.4,328.0,1005.1,140.0
2025-09-25 23:00:00,26.4,25.1,94.0,0.1,14.4,340.0,1005.0,210.0
2025-09-26 00:00:00,27.9,25.7,93.0,0.2,10.0,347.0,1005.1,510.0
2025-09-26 01:00:00,32.4,26.0,92.0,8.0,18.7,353.0,1004.8,820.0
2025-09-26 02:00:00,,26.8,87.0,4.4,17.5,2.0,1004.5,1070.0
2025-09-26 03:00:00,,26.8,85.0,4.8,10.2,39.0,1004.2,1110.0
2025-09-26 04:00:00,26.0,27.4,84.0,1.7,5.5,36.0,1003.4,1280.0
2025-09-26 05:00:00,9.44,27.9,82.0,1.5,12.0,16.0,1002.0,1390.0
2025-09-26 06:00:00,1.75,28.1,80.0,0.0,13.4,20.0,1000.8,1345.0
2025-09-26 07:00:00,1.3,28.7,74.0,0.0,16.5,53.0,1000.7,1285.0
2025-09-26 08:00:00,3.6,28.5,74.0,0.1,28.0,68.0,1000.8,1200.0
2025-09-26 09:00:00,7.22,28.3,75.0,0.0,29.5,74.0,1000.8,1085.0
2025-09-26 10:00:00,,28.0,75.0,0.0,32.1,97.0,1001.7,1150.0
2025-09-26 11:00:00,2.78,27.3,78.0,0.0,27.7,105.0,1003.7,1055.0
2025-09-26 12:00:00,6.96,27.2,79.0,0.0,22.0,111.0,1005.3,875.0
2025-09-26 13:00:00,,27.0,77.0,0.0,22.2,103.0,1006.8,810.0
2025-09-26 14:00:00,1.73,26.6,78.0,0.0,23.3,109.0,1007.5,730.0
2025-09-26 15:00:00,3.08,26.3,80.0,0.1,19.7,111.0,1007.7,630.0
2025-09-26 16:00:00,0.95,26.1,81.0,0.0,18.2,108.0,1007.7,570.0
2025-09-26 17:00:00,,26.1,82.0,0.0,15.9,108.0,1007.3,540.0
2025-09-26 18:00:00,0.875,26.0,83.0,0.0,15.5,113.0,1006.7,505.0
2025-09-26 19:00:00,,26.0,84.0,0.0,17.0,111.0,1006.8,500.0
2025-09-26 20:00:00,,25.7,85.0,0.2,17.2,111.0,1007.3,530.0
2025-09-26 21:00:00,1.64,25.8,85.0,0.1,15.5,110.0,1007.8,555.0
2025-09-26 22:00:00,5.12,25.7,86.0,0.0,15.8,113.0,1008.1,470.0
2025-09-26 23:00:00,,26.2,85.0,0.0,14.4,116.0,1008.8,535.0
2025-09-27 00:00:00,,27.2,83.0,0.0,13.0,119.0,1009.5,610.0
2025-09-27 01:00:00,,28.2,79.0,0.1,14.1,127.0,1010.8,620.0
2025-09-27 02:00:00,,28.9,76.0,0.1,12.5,122.0,1010.4,630.0
2025-09-27 03:00:00,,29.5,73.0,0.0,11.8,119.0,1009.4,685.0
2025-09-27 04:00:00,,30.0,72.0,0.0,10.4,138.0,1008.5,840.0
2025-09-27 05:00:00,13.5,30.1,72.0,0.0,9.9,159.0,1007.7,900.0
2025-09-27 06:00:00,,29.9,72.0,0.0,10.3,174.0,1007.4,940.0
2025-09-27 07:00:00,,30.2,70.0,0.0,9.6,163.0,1007.0,1000.0
2025-09-27 08:00:00,,30.2,70.0,0.0,10.4,157.0,1007.4,990.0
2025-09-27 09:00:00,17.4,29.7,74.0,0.0,10.1,141.0,1007.6,590.0
2025-09-27 10:00:00,15.6,28.7,79.0,0.0,12.0,143.0,1008.2,190.0
2025-09-27 11:00:00,17.1,28.1,81.0,0.0,11.7,146.0,1009.0,155.0
2025-09-27 12:00:00,19.4,27.8,82.0,0.0,10.4,148.0,1009.6,160.0
2025-09-27 13:00:00,33.9,27.4,83.0,0.0,8.5,153.0,1010.3,150.0
2025-09-27 14:00:00,31.1,27.3,84.0,0.0,7.1,137.0,1010.3,155.0
2025-09-27 15:00:00,,27.2,85.0,0.0,6.9,131.0,1010.3,160.0
2025-09-27 16:00:00,41.6,27.1,86.0,0.0,6.1,118.0,1009.9,200.0
2025-09-27 17:00:00,35.7,26.4,90.0,0.0,6.2,107.0,1009.3,180.0
2025-09-27 18:00:00,11.1,26.0,91.0,0.0,5.3,114.0,1009.0,155.0
2025-09-27 19:00:00,13.2,25.7,91.0,0.0,4.7,90.0,1008.8,150.0
2025-09-27 20:00:00,15.9,25.5,91.0,0.0,3.0,73.0,1009.3,160.0
2025-09-27 21:00:00,,25.1,93.0,0.0,4.2,70.0,1009.3,170.0
2025-09-27 22:00:00,,25.1,93.0,0.0,4.7,86.0,1009.6,155.0
2025-09-27 23:00:00,24.8,26.1,87.0,0.0,6.2,112.0,1010.1,255.0
2025-09-28 00:00:00,23.4,27.6,82.0,0.0,8.1,115.0,1010.2,425.0
2025-09-28 01:00:00,20.1,28.5,79.0,0.0,2.3,360.0,1011.5,545.0
2025-09-28 02:00:00,28.8,29.4,75.0,0.0,2.1,308.0,1011.4,705.0
2025-09-28 03:00:00,34.6,30.0,75.0,0.1,1.0,338.0,1011.1,780.0
2025-09-28 04:00:00,40.0,30.2,74.0,0.1,3.1,242.0,1010.3,835.0
2025-09-28 05:00:00,30.5,27.9,81.0,2.2,9.9,356.0,1010.1,780.0
2025-09-28 06:00:00,29.0,27.3,84.0,0.1,3.5,325.0,1009.4,750.0
2025-09-28 07:00:00,19.7,28.0,83.0,0.0,2.6,344.0,1008.8,585.0
2025-09-28 08:00:00,22.1,28.4,82.0,0.0,2.9,30.0,1008.6,425.0
2025-09-28 09:00:00,33.8,28.6,80.0,0.0,1.7,347.0,1008.9,310.0
2025-09-28 10:00:00,31.5,28.2,84.0,0.0,3.4,317.0,1009.4,60.0
2025-09-28 11:00:00,46.8,27.8,88.0,0.0,5.0,13.0,1009.9,35.0
2025-09-28 12:00:00,46.3,27.4,89.0,0.0,6.5,48.0,1010.2,40.0
2025-09-28 13:00:00,31.1,26.6,87.0,0.0,5.0,15.0,1010.6,60.0
2025-09-28 14:00:00,32.9,26.6,89.0,0.0,5.4,4.0,1010.6,80.0
2025-09-28 15:00:00,29.3,26.3,89.0,0.1,8.7,330.0,1010.6,95.0
2025-09-28 16:00:00,,25.9,90.0,0.0,8.3,342.0,1009.9,95.0
2025-09-28 17:00:00,,25.4,91.0,0.0,6.7,336.0,1009.4,105.0
2025-09-28 18:00:00,21.8,25.1,93.0,0.0,3.2,3.0,1009.2,120.0
2025-09-28 19:00:00,22.0,25.1,94.0,0.0,2.4,63.0,1009.6,135.0
2025-09-28 20:00:00,14.6,25.3,92.0,0.0,2.9,248.0,1009.2,125.0
2025-09-28 21:00:00,21.3,25.3,93.0,0.0,4.2,50.0,1009.5,135.0
2025-09-28 22:00:00,26.9,25.3,93.0,0.0,3.2,56.0,1009.6,110.0
2025-09-28 23:00:00,11.6,25.8,90.0,0.0,3.5,66.0,1010.1,255.0
2025-09-29 00:00:00,10.4,26.7,87.0,0.0,1.8,96.0,1010.3,440.0
2025-09-29 01:00:00,8.97,28.3,78.0,0.0,3.9,77.0,1010.7,570.0
2025-09-29 02:00:00,19.3,28.6,77.0,0.1,5.3,118.0,1010.5,715.0
2025-09-29 03:00:00,28.1,28.9,77.0,0.3,6.2,128.0,1010.2,700.0
2025-09-29 04:00:00,5.01,28.9,78.0,0.4,4.6,81.0,1009.1,825.0
2025-09-29 05:00:00,9.51,28.3,81.0,0.5,2.7,172.0,1008.6,680.0
2025-09-29 06:00:00,9.71,27.2,83.0,0.3,9.4,133.0,1008.1,420.0
2025-09-29 07:00:00,,26.8,84.0,0.2,5.2,136.0,1008.2,435.0
2025-09-29 08:00:00,21.4,27.1,85.0,0.2,4.2,40.0,1008.3,450.0
2025-09-29 09:00:00,26.0,27.0,87.0,0.0,2.3,39.0,1008.5,400.0
2025-09-29 10:00:00,43.1,26.7,88.0,0.0,7.9,349.0,1009.0,280.0
2025-09-29 11:00:00,35.6,26.3,90.0,0.0,6.3,20.0,1009.1,65.0
2025-09-29 12:00:00,30.9,25.7,91.0,0.0,7.4,6.0,1009.8,70.0
2025-09-29 13:00:00,31.9,26.1,93.0,1.0,4.9,309.0,1010.4,70.0
2025-09-29 14:00:00,38.7,26.1,91.0,0.0,2.3,270.0,1010.1,155.0
2025-09-29 15:00:00,32.3,25.8,91.0,0.0,0.5,360.0,1010.4,170.0
2025-09-29 16:00:00,29.0,25.8,91.0,0.0,0.2,90.0,1009.4,205.0
2025-09-29 17:00:00,29.0,25.2,94.0,0.0,1.9,49.0,1009.0,185.0
2025-09-29 18:00:00,28.3,25.0,96.0,0.0,1.8,143.0,1008.9,205.0
2025-09-29 19:00:00,22.4,25.1,95.0,0.0,2.2,294.0,1007.9,235.0
2025-09-29 20:00:00,22.8,25.1,94.0,0.0,0.4,27.0,1007.7,260.0
2025-09-29 21:00:00,,24.7,96.0,0.1,1.6,63.0,1008.3,260.0
2025-09-29 22:00:00,,24.8,96.0,0.0,0.0,270.0,1008.7,245.0
2025-09-29 23:00:00,40.3,25.7,92.0,0.0,0.3,225.0,1008.9,325.0
2025-09-30 00:00:00,31.1,26.5,88.0,0.0,1.1,198.0,1009.6,490.0
2025-09-30 01:00:00,,27.5,85.0,0.1,1.8,349.0,1009.4,675.0
2025-09-30 02:00:00,42.3,29.1,75.0,0.2,1.7,212.0,1009.2,765.0
2025-09-30 03:00:00,,28.7,75.0,0.3,1.5,210.0,1008.7,795.0
2025-09-30 04:00:00,24.6,28.0,80.0,0.2,4.0,231.0,1007.8,860.0
2025-09-30 05:00:00,14.0,26.9,85.0,3.3,6.9,195.0,1007.4,570.0
2025-09-30 06:00:00,30.9,26.7,87.0,2.7,3.1,130.0,1006.8,515.0
2025-09-30 07:00:00,,26.7,89.0,0.1,3.1,204.0,1006.7,495.0
2025-09-30 08:00:00,37.0,26.8,89.0,0.2,1.5,104.0,1007.1,570.0
2025-09-30 09:00:00,23.6,26.4,91.0,0.5,1.9,287.0,1007.2,500.0
2025-09-30 10:00:00,,26.2,89.0,0.5,2.2,215.0,1007.7,185.0
2025-09-30 11:00:00,15.4,25.6,93.0,5.8,5.0,251.0,1008.6,115.0
2025-09-30 12:00:00,13.2,25.3,94.0,4.1,5.7,281.0,1009.4,120.0
2025-09-30 13:00:00,20.0,25.4,92.0,0.6,5.2,329.0,1009.0,175.0
2025-09-30 14:00:00,,25.0,95.0,0.0,3.1,3.0,1009.1,150.0
2025-09-30 15:00:00,50.1,24.9,95.0,0.0,4.9,33.0,1008.9,110.0
2025-09-30 16:00:00,22.0,24.6,98.0,0.0,3.8,19.0,1008.8,190.0
2025-09-30 17:00:00,54.8,24.7,97.0,0.0,3.4,6.0,1008.2,215.0
2025-09-30 18:00:00,35.0,24.6,97.0,0.0,2.7,360.0,1007.8,240.0
2025-09-30 19:00:00,18.4,24.6,96.0,0.0,2.1,345.0,1007.8,230.0
2025-09-30 20:00:00,22.3,24.3,97.0,0.0,2.3,342.0,1007.7,170.0
2025-09-30 21:00:00,22.3,24.4,97.0,0.0,2.5,330.0,1008.4,230.0
2025-09-30 22:00:00,30.0,24.4,96.0,0.0,3.3,22.0,1008.2,200.0
2025-09-30 23:00:00,31.4,25.2,93.0,0.0,2.1,15.0,1008.7,235.0
2025-10-01 00:00:00,,26.5,87.0,0.0,1.4,337.0,1009.5,375.0
2025-10-01 01:00:00,15.5,27.9,82.0,0.1,0.9,360.0,1009.9,535.0
2025-10-01 02:00:00,17.2,29.1,75.0,0.1,2.0,100.0,1009.6,620.0
2025-10-01 03:00:00,12.2,29.7,73.0,0.6,4.0,162.0,1008.8,710.0
2025-10-01 04:00:00,8.07,30.0,75.0,0.2,7.2,148.0,1007.8,775.0
2025-10-01 05:00:00,11.1,30.0,74.0,0.4,5.5,148.0,1006.9,870.0
2025-10-01 06:00:00,12.9,31.0,70.0,0.2,6.8,163.0,1006.0,835.0
2025-10-01 07:00:00,14.6,31.0,68.0,0.0,5.4,176.0,1005.8,825.0
2025-10-01 08:00:00,7.76,29.3,75.0,0.5,6.3,355.0,1006.8,630.0
2025-10-01 09:00:00,12.5,27.4,89.0,0.1,4.8,27.0,1007.2,250.0
2025-10-01 10:00:00,23.5,25.0,94.0,1.9,5.4,358.0,1008.5,170.0
2025-10-01 11:00:00,53.6,25.7,93.0,0.1,6.9,166.0,1008.8,205.0
2025-10-01 12:00:00,31.6,27.7,88.0,0.0,4.0,330.0,1009.5,175.0
2025-10-01 13:00:00,,27.1,90.0,0.0,6.8,348.0,1009.8,75.0
2025-10-01 14:00:00,23.5,26.8,89.0,0.0,4.1,337.0,1010.0,95.0
2025-10-01 15:00:00,13.1,26.6,89.0,0.0,5.5,302.0,1010.0,110.0
2025-10-01 16:00:00,27.0,26.4,88.0,0.0,6.7,304.0,1009.7,180.0
2025-10-01 17:00:00,28.0,26.1,89.0,0.0,6.2,314.0,1009.0,145.0
2025-10-01 18:00:00,23.7,26.0,92.0,0.0,2.0,5.0,1008.2,65.0
2025-10-01 19:00:00,21.6,26.0,92.0,0.0,3.6,323.0,1007.8,155.0
2025-10-01 20:00:00,26.3,25.8,93.0,0.0,4.5,337.0,1007.7,180.0
2025-10-01 21:00:00,25.8,25.5,94.0,0.0,4.6,349.0,1008.0,175.0
2025-10-01 22:00:00,29.3,25.4,94.0,0.0,4.8,349.0,1008.1,135.0
2025-10-01 23:00:00,28.9,25.7,93.0,0.0,5.9,23.0,1009.3,225.0
2025-10-02 00:00:00,,26.1,92.0,0.0,5.5,343.0,1009.5,335.0
2025-10-02 01:00:00,27.4,27.5,87.0,0.0,4.5,323.0,1009.6,500.0
2025-10-02 02:00:00,26.6,29.0,79.0,0.0,4.8,304.0,1009.7,555.0
2025-10-02 03:00:00,30.5,29.7,74.0,0.2,6.8,295.0,1009.1,615.0
2025-10-02 04:00:00,30.2,29.9,76.0,0.1,9.5,279.0,1008.0,605.0
2025-10-02 05:00:00,25.9,30.0,76.0,0.1,8.2,262.0,1006.9,605.0
2025-10-02 06:00:00,23.3,29.3,72.0,0.1,3.9,24.0,1007.5,570.0
2025-10-02 07:00:00,,28.2,80.0,0.9,7.4,131.0,1007.1,505.0
2025-10-02 08:00:00,21.8,27.9,82.0,0.2,4.3,90.0,1007.0,515.0
2025-10-02 09:00:00,19.3,27.7,82.0,0.1,4.1,345.0,1006.8,315.0
2025-10-02 10:00:00,26.3,27.3,82.0,0.0,4.7,353.0,1006.8,330.0
2025-10-02 11:00:00,28.6,27.1,82.0,0.0,5.3,348.0,1007.1,320.0
2025-10-02 12:00:00,26.9,27.5,83.0,0.0,3.3,354.0,1007.7,210.0
2025-10-02 13:00:00,51.6,27.2,85.0,0.0,5.2,2.0,1008.2,300.0
2025-10-02 14:00:00,,26.8,87.0,0.0,6.5,357.0,1008.1,230.0
2025-10-02 15:00:00,,26.4,88.0,0.3,6.7,355.0,1007.5,260.0
2025-10-02 16:00:00,61.6,26.2,87.0,0.0,6.4,331.0,1007.0,275.0
2025-10-02 17:00:00,24.6,25.9,88.0,0.0,5.6,338.0,1006.0,255.0
2025-10-02 18:00:00,27.4,25.8,90.0,0.1,5.2,354.0,1005.4,275.0
2025-10-02 19:00:00,,25.9,90.0,0.3,1.5,346.0,1004.7,330.0
2025-10-02 20:00:00,19.4,25.9,91.0,0.2,4.8,202.0,1004.1,355.0
2025-10-02 21:00:00,,26.1,91.0,0.2,4.6,219.0,1004.1,410.0
2025-10-02 22:00:00,,26.3,91.0,0.2,8.2,234.0,1004.5,460.0
2025-10-02 23:00:00,21.1,26.5,87.0,1.9,14.3,239.0,1005.5,520.0
2025-10-03 00:00:00,14.9,25.6,91.0,2.7,24.0,229.0,1006.0,560.0
2025-10-03 01:00:00,7.43,25.9,88.0,2.5,28.4,226.0,1006.3,660.0
2025-10-03 02:00:00,11.8,26.1,88.0,1.3,27.3,223.0,1006.7,745.0
2025-10-03 03:00:00,,26.4,87.0,1.6,27.0,224.0,1006.4,790.0
2025-10-03 04:00:00,13.5,26.1,88.0,2.2,27.1,222.0,1006.0,825.0
2025-10-03 05:00:00,13.6,25.7,88.0,2.8,24.9,221.0,1005.9,845.0
2025-10-03 06:00:00,12.4,25.5,88.0,1.9,24.7,224.0,1005.2,815.0
2025-10-03 07:00:00,,25.5,90.0,2.8,21.7,220.0,1005.3,770.0
2025-10-03 08:00:00,,25.6,91.0,3.6,19.1,215.0,1005.1,755.0
2025-10-03 09:00:00,26.3,25.6,92.0,3.6,13.3,201.0,1006.1,700.0
2025-10-03 10:00:00,22.8,25.1,94.0,2.9,12.3,174.0,1007.5,610.0
2025-10-03 11:00:00,36.4,25.2,93.0,1.7,10.7,166.0,1008.6,530.0
2025-10-03 12:00:00,34.6,25.0,93.0,0.7,10.8,118.0,1008.9,520.0
2025-10-03 13:00:00,31.5,24.7,93.0,0.8,9.1,194.0,1009.8,475.0
2025-10-03 14:00:00,,25.1,88.0,0.1,4.6,144.0,1009.6,440.0
2025-10-03 15:00:00,,24.4,92.0,0.8,17.2,243.0,1010.5,315.0
2025-10-03 16:00:00,21.9,24.3,90.0,0.5,8.5,228.0,1009.7,255.0
2025-10-03 17:00:00,17.3,24.6,91.0,0.1,14.5,235.0,1009.7,275.0
2025-10-03 18:00:00,10.2,25.2,92.0,0.3,4.8,228.0,1009.1,260.0
2025-10-03 19:00:00,11.3,25.1,95.0,0.0,3.8,188.0,1008.6,240.0
2025-10-03 20:00:00,20.0,24.8,96.0,0.0,5.6,132.0,1008.0,260.0
2025-10-03 21:00:00,23.1,24.6,94.0,0.0,6.5,109.0,1008.2,225.0
2025-10-03 22:00:00,,24.5,92.0,0.0,4.6,138.0,1008.7,135.0
2025-10-03 23:00:00,,25.8,88.0,0.0,5.2,158.0,1009.6,175.0
2025-10-04 00:00:00,15.6,27.4,83.0,0.0,5.2,149.0,1010.7,345.0
2025-10-04 01:00:00,18.6,28.5,79.0,0.0,5.0,154.0,1011.1,530.0
2025-10-04 02:00:00,15.8,29.6,74.0,0.0,7.0,145.0,1011.2,710.0
2025-10-04 03:00:00,10.6,30.1,72.0,0.2,6.9,137.0,1010.9,730.0
2025-10-04 04:00:00,12.7,30.3,66.0,0.1,11.1,140.0,1009.7,390.0
2025-10-04 05:00:00,11.5,29.0,74.0,0.6,11.2,182.0,1009.4,335.0
2025-10-04 06:00:00,12.6,28.7,77.0,0.0,4.8,200.0,1009.2,355.0
2025-10-04 07:00:00,19.5,28.3,81.0,0.2,6.5,231.0,1009.4,425.0
2025-10-04 08:00:00,,27.2,84.0,0.3,7.7,204.0,1009.4,370.0
2025-10-04 09:00:00,21.8,26.9,84.0,0.1,4.7,189.0,1009.8,335.0
2025-10-04 10:00:00,22.2,26.5,89.0,0.0,4.0,185.0,1010.5,205.0
2025-10-04 11:00:00,21.4,26.3,90.0,0.0,2.8,153.0,1011.0,210.0
2025-10-04 12:00:00,24.8,26.1,92.0,0.0,1.3,146.0,1012.1,160.0
2025-10-04 13:00:00,58.9,25.8,93.0,0.0,3.6,90.0,1011.7,145.0
2025-10-04 14:00:00,46.8,25.4,94.0,0.0,5.3,102.0,1011.7,165.0
2025-10-04 15:00:00,39.5,25.3,93.0,0.0,3.2,133.0,1011.7,195.0
2025-10-04 16:00:00,29.9,25.2,93.0,0.0,5.1,122.0,1011.3,185.0
2025-10-04 17:00:00,43.2,25.2,91.0,0.0,4.9,118.0,1010.8,185.0
2025-10-04 18:00:00,29.2,25.0,91.0,0.0,2.1,75.0,1010.7,185.0
2025-10-04 19:00:00,25.1,24.8,92.0,0.0,1.0,59.0,1010.6,175.0
2025-10-04 20:00:00,24.9,24.7,91.0,0.0,1.8,90.0,1010.2,165.0
2025-10-04 21:00:00,24.0,24.5,90.0,0.0,3.5,102.0,1010.1,170.0
2025-10-04 22:00:00,,24.2,91.0,0.0,3.8,90.0,1010.4,180.0
2025-10-04 23:00:00,,24.9,91.0,0.0,1.6,117.0,1011.3,245.0
2025-10-05 00:00:00,37.3,26.6,86.0,0.0,2.4,42.0,1012.5,340.0
2025-10-05 01:00:00,31.7,27.9,84.0,0.0,0.5,90.0,1012.9,490.0
2025-10-05 02:00:00,37.0,29.0,78.0,0.1,2.0,243.0,1012.7,625.0
2025-10-05 03:00:00,49.4,29.5,76.0,0.1,3.8,259.0,1011.7,735.0
2025-10-05 04:00:00,43.5,29.8,77.0,0.1,6.3,270.0,1010.6,875.0
2025-10-05 05:00:00,21.5,30.0,73.0,0.1,6.5,264.0,1009.6,690.0
2025-10-05 06:00:00,26.1,27.6,80.0,0.0,7.6,82.0,1009.1,615.0
2025-10-05 07:00:00,31.0,28.3,78.0,0.0,3.0,115.0,1008.7,640.0
2025-10-05 08:00:00,28.1,28.7,77.0,0.0,2.5,188.0,1008.8,625.0
2025-10-05 09:00:00,28.5,28.3,77.0,0.0,1.3,196.0,1009.1,565.0
2025-10-05 10:00:00,19.6,28.0,79.0,0.0,5.5,19.0,1009.9,55.0
2025-10-05 11:00:00,16.7,26.8,84.0,0.0,11.5,14.0,1010.3,100.0
2025-10-05 12:00:00,21.2,26.7,85.0,0.0,3.6,27.0,1010.7,135.0
2025-10-05 13:00:00,12.3,26.8,83.0,0.0,4.9,2.0,1011.0,100.0
2025-10-05 14:00:00,19.1,26.4,83.0,0.0,5.7,332.0,1011.0,75.0
2025-10-05 15:00:00,25.3,26.1,84.0,0.0,5.3,342.0,1010.8,70.0
2025-10-05 16:00:00,26.2,26.0,84.0,0.0,4.5,337.0,1010.4,75.0
2025-10-05 17:00:00,,25.8,85.0,0.0,3.3,319.0,1009.5,80.0
2025-10-05 18:00:00,,25.7,87.0,0.0,3.2,344.0,1009.2,75.0
2025-10-05 19:00:00,28.3,25.6,90.0,0.0,3.8,3.0,1009.0,85.0
2025-10-05 20:00:00,23.2,25.4,91.0,0.0,2.7,32.0,1008.5,100.0
2025-10-05 21:00:00,35.5,25.3,91.0,0.0,0.9,37.0,1008.6,125.0
2025-10-05 22:00:00,41.3,25.4,90.0,0.0,1.9,343.0,1009.0,150.0
2025-10-05 23:00:00,34.0,25.9,87.0,0.0,2.7,42.0,1009.7,225.0
2025-10-06 00:00:00,26.2,26.7,85.0,0.0,2.2,5.0,1010.2,335.0
2025-10-06 01:00:00,,28.0,81.0,0.0,2.2,318.0,1010.3,510.0
2025-10-06 02:00:00,24.4,28.9,76.0,0.1,3.8,281.0,1010.1,635.0
2025-10-06 03:00:00,29.7,29.2,74.0,0.3,4.8,292.0,1009.3,720.0
2025-10-06 04:00:00,,29.9,71.0,0.2,4.6,252.0,1008.6,780.0
2025-10-06 05:00:00,,29.9,73.0,0.1,9.1,245.0,1007.9,800.0
2025-10-06 06:00:00,26.5,29.8,72.0,0.5,6.5,268.0,1007.5,855.0
2025-10-06 07:00:00,21.2,29.6,72.0,0.2,4.3,228.0,1007.3,920.0
2025-10-06 08:00:00,19.8,29.4,73.0,0.1,5.6,178.0,1007.4,545.0
2025-10-06 09:00:00,14.5,28.4,77.0,0.0,9.4,180.0,1007.7,260.0
2025-10-06 10:00:00,23.9,26.7,80.0,1.4,3.4,108.0,1008.4,160.0
2025-10-06 11:00:00,29.7,25.8,84.0,3.2,2.0,80.0,1008.7,150.0
2025-10-06 12:00:00,24.7,25.9,86.0,0.0,1.5,144.0,1009.2,80.0
2025-10-06 13:00:00,46.5,26.1,87.0,0.0,1.0,149.0,1009.6,65.0
2025-10-06 14:00:00,31.9,26.4,83.0,0.0,2.5,278.0,1009.7,70.0
2025-10-06 15:00:00,19.7,26.5,84.0,0.0,2.0,280.0,1009.5,60.0
2025-10-06 16:00:00,27.7,26.3,87.0,0.0,1.9,311.0,1009.3,35.0
2025-10-06 17:00:00,25.2,26.2,86.0,0.0,4.7,320.0,1008.9,70.0
2025-10-06 18:00:00,,26.0,86.0,0.0,10.1,360.0,1008.2,140.0
2025-10-06 19:00:00,19.3,25.8,86.0,0.0,9.4,360.0,1007.9,210.0
2025-10-06 20:00:00,23.5,25.6,87.0,0.0,7.2,12.0,1007.3,195.0
2025-10-06 21:00:00,21.2,25.7,87.0,0.0,6.2,21.0,1007.5,175.0
2025-10-06 22:00:00,22.1,25.6,87.0,0.0,5.0,44.0,1008.0,145.0
2025-10-06 23:00:00,,26.2,85.0,0.0,3.6,57.0,1008.8,210.0
2025-10-07 00:00:00,,27.1,82.0,0.0,3.5,118.0,1009.4,480.0
2025-10-07 01:00:00,,28.0,77.0,0.0,2.9,158.0,1009.5,635.0
2025-10-07 02:00:00,,28.8,72.0,0.1,1.8,127.0,1009.1,730.0
2025-10-07 03:00:00,,29.7,67.0,0.2,0.5,225.0,1008.4,830.0
2025-10-07 04:00:00,35.3,30.6,65.0,0.2,3.0,253.0,1007.7,905.0
2025-10-07 05:00:00,35.3,30.7,67.0,0.0,7.0,257.0,1007.1,960.0
2025-10-07 06:00:00,29.3,30.1,69.0,1.1,7.8,230.0,1006.2,955.0
2025-10-07 07:00:00,,29.6,73.0,0.1,7.8,224.0,1005.9,925.0
2025-10-07 08:00:00,25.7,29.2,72.0,0.1,9.0,217.0,1005.9,875.0
2025-10-07 09:00:00,29.2,28.7,73.0,0.0,5.9,220.0,1006.2,300.0
2025-10-07 10:00:00,,28.0,76.0,0.0,4.3,242.0,1006.6,145.0
2025-10-07 11:00:00,30.6,27.9,76.0,0.0,4.5,254.0,1007.2,90.0
2025-10-07 12:00:00,27.7,27.8,78.0,0.0,5.6,276.0,1007.9,100.0
2025-10-07 13:00:00,34.6,27.2,84.0,0.0,7.0,209.0,1008.6,85.0
2025-10-07 14:00:00,29.5,26.4,87.0,0.5,6.3,283.0,1009.4,80.0
2025-10-07 15:00:00,20.6,25.9,88.0,1.1,5.9,243.0,1009.3,115.0
2025-10-07 16:00:00,25.8,25.3,92.0,0.4,1.2,153.0,1009.3,145.0
2025-10-07 17:00:00,20.9,25.3,90.0,0.1,4.4,9.0,1008.1,170.0
2025-10-07 18:00:00,,26.8,86.0,0.5,3.1,324.0,1006.8,195.0
2025-10-07 19:00:00,,26.2,83.0,0.3,12.6,66.0,1006.6,215.0
2025-10-07 20:00:00,9.78,25.9,83.0,0.3,4.5,83.0,1006.5,245.0
2025-10-07 21:00:00,12.0,25.6,86.0,0.1,4.8,105.0,1006.7,250.0
2025-10-07 22:00:00,18.8,25.6,88.0,0.1,5.5,107.0,1006.6,295.0
2025-10-07 23:00:00,34.6,26.2,86.0,0.1,5.2,112.0,1007.4,330.0
2025-10-08 00:00:00,30.9,26.0,87.0,0.0,4.0,126.0,1008.4,475.0
2025-10-08 01:00:00,20.9,26.3,86.0,1.2,5.1,82.0,1008.6,560.0
2025-10-08 02:00:00,27.0,27.0,83.0,0.4,5.1,176.0,1009.2,565.0
2025-10-08 03:00:00,29.0,27.6,79.0,0.2,4.2,160.0,1008.4,595.0
2025-10-08 04:00:00,32.1,28.4,78.0,0.1,1.7,162.0,1007.3,720.0
2025-10-08 05:00:00,,29.1,77.0,0.2,1.3,270.0,1006.2,810.0
2025-10-08 06:00:00,27.1,29.4,76.0,0.1,3.9,286.0,1005.3,785.0
2025-10-08 07:00:00,,27.6,80.0,5.5,4.3,255.0,1005.2,670.0
2025-10-08 08:00:00,42.9,26.2,89.0,3.2,4.3,248.0,1005.1,575.0
2025-10-08 09:00:00,,26.8,86.0,0.0,0.9,233.0,1005.3,505.0
2025-10-08 10:00:00,28.1,26.9,88.0,0.0,3.2,236.0,1005.6,270.0
2025-10-08 11:00:00,,27.1,89.0,0.0,0.7,284.0,1006.3,190.0
2025-10-08 12:00:00,54.2,27.6,82.0,0.0,4.5,241.0,1006.7,140.0
2025-10-08 13:00:00,93.1,27.8,82.0,0.0,4.4,261.0,1007.1,205.0
2025-10-08 14:00:00,38.8,27.7,84.0,0.0,4.2,265.0,1007.2,230.0
2025-10-08 15:00:00,22.3,27.4,87.0,0.0,3.2,270.0,1007.3,155.0
2025-10-08 16:00:00,24.2,26.9,89.0,0.1,3.7,137.0,1007.3,85.0
2025-10-08 17:00:00,43.3,24.1,96.0,5.8,8.5,153.0,1007.0,120.0
2025-10-08 18:00:00,,25.3,87.0,0.5,6.9,185.0,1006.3,215.0
2025-10-08 19:00:00,19.2,25.4,80.0,0.0,5.2,186.0,1006.3,150.0
2025-10-08 20:00:00,,25.3,80.0,0.1,2.9,184.0,1006.4,115.0
2025-10-08 21:00:00,,25.1,82.0,0.0,2.9,248.0,1006.8,95.0
2025-10-08 22:00:00,35.8,25.3,84.0,0.0,0.4,153.0,1007.1,85.0
2025-10-08 23:00:00,,25.7,84.0,0.0,1.8,191.0,1008.0,115.0
2025-10-09 00:00:00,27.3,25.9,87.0,0.0,1.4,180.0,1008.5,210.0
2025-10-09 01:00:00,,26.7,85.0,0.3,3.2,227.0,1009.1,390.0
2025-10-09 02:00:00,16.1,27.8,83.0,0.1,4.2,265.0,1009.1,485.0
2025-10-09 03:00:00,,28.1,83.0,0.1,8.0,242.0,1008.4,535.0
2025-10-09 04:00:00,26.2,28.1,82.0,0.1,8.5,253.0,1007.5,500.0
2025-10-09 05:00:00,32.2,28.3,81.0,0.0,9.4,268.0,1006.8,490.0
2025-10-09 06:00:00,34.4,27.2,83.0,0.4,5.4,304.0,1006.5,400.0
2025-10-09 07:00:00,27.7,27.3,82.0,0.2,3.5,261.0,1006.1,395.0
2025-10-09 08:00:00,,27.1,84.0,0.3,4.6,234.0,1006.3,280.0
2025-10-09 09:00:00,,25.6,90.0,2.4,5.0,206.0,1006.9,185.0
2025-10-09 10:00:00,,25.6,90.0,0.1,5.1,188.0,1007.4,185.0
2025-10-09 11:00:00,26.1,25.4,90.0,0.8,5.2,174.0,1008.0,220.0
2025-10-09 12:00:00,35.7,25.3,93.0,0.3,2.3,94.0,1008.2,85.0
2025-10-09 13:00:00,43.7,25.5,93.0,0.0,2.9,90.0,1008.4,75.0
2025-10-09 14:00:00,38.6,25.3,94.0,0.0,0.4,63.0,1008.9,55.0
2025-10-09 15:00:00,,25.5,94.0,0.4,1.3,360.0,1008.7,55.0
2025-10-09 16:00:00,19.0,25.5,95.0,1.2,1.5,36.0,1008.3,60.0
2025-10-09 17:00:00,15.4,25.5,94.0,0.6,0.4,27.0,1007.5,40.0
2025-10-09 18:00:00,20.8,25.7,92.0,0.0,1.5,111.0,1007.3,50.0
2025-10-09 19:00:00,22.3,25.5,90.0,0.5,4.3,138.0,1007.2,105.0
2025-10-09 20:00:00,20.2,25.0,96.0,0.2,4.0,126.0,1007.4,110.0
2025-10-09 21:00:00,21.8,25.0,96.0,0.1,3.2,117.0,1007.6,100.0
2025-10-09 22:00:00,32.4,25.1,95.0,0.0,4.7,140.0,1007.9,125.0
2025-10-09 23:00:00,35.6,25.7,92.0,0.0,3.6,150.0,1008.5,120.0
2025-10-10 00:00:00,36.5,25.4,89.0,0.1,2.3,113.0,1009.2,150.0
2025-10-10 01:00:00,44.6,26.2,86.0,0.2,4.4,289.0,1009.3,355.0
2025-10-10 02:00:00,49.2,26.8,84.0,0.1,4.8,281.0,1009.3,370.0
2025-10-10 03:00:00,49.7,27.7,83.0,0.3,4.4,308.0,1008.8,535.0
2025-10-10 04:00:00,,28.0,84.0,0.3,5.3,278.0,1008.0,475.0
2025-10-10 05:00:00,,27.9,84.0,0.3,6.7,261.0,1007.0,325.0
2025-10-10 06:00:00,,25.5,90.0,0.4,4.5,175.0,1007.1,115.0
2025-10-10 07:00:00,43.3,26.3,87.0,1.8,3.1,152.0,1006.8,295.0
2025-10-10 08:00:00,,26.5,88.0,0.7,2.1,149.0,1007.3,345.0
2025-10-10 09:00:00,45.9,26.3,87.0,1.4,5.7,215.0,1007.4,225.0
2025-10-10 10:00:00,,24.8,95.0,5.2,5.1,219.0,1008.0,165.0
2025-10-10 11:00:00,,25.2,91.0,0.3,2.7,37.0,1008.5,110.0
2025-10-10 12:00:00,78.5,25.4,94.0,0.0,4.6,59.0,1009.3,150.0
2025-10-10 13:00:00,86.0,25.5,93.0,0.1,2.7,247.0,1009.6,75.0
2025-10-10 14:00:00,43.6,25.4,91.0,0.0,0.6,288.0,1009.8,45.0
2025-10-10 15:00:00,36.3,25.4,93.0,0.0,1.5,324.0,1009.3,70.0
2025-10-10 16:00:00,,25.2,94.0,0.0,2.3,23.0,1008.7,75.0
2025-10-10 17:00:00,,25.0,95.0,0.0,2.3,4.0,1008.1,60.0
2025-10-10 18:00:00,31.3,25.0,96.0,0.0,1.7,72.0,1007.7,45.0
2025-10-10 19:00:00,28.9,24.9,97.0,0.0,2.7,62.0,1007.9,60.0
2025-10-10 20:00:00,29.0,24.5,97.0,0.0,2.2,42.0,1007.9,45.0
2025-10-10 21:00:00,32.9,24.5,96.0,0.0,2.5,21.0,1007.9,45.0
2025-10-10 22:00:00,30.2,24.7,95.0,0.0,3.0,25.0,1008.5,45.0
2025-10-10 23:00:00,,25.4,93.0,0.0,2.2,95.0,1009.2,70.0
2025-10-11 00:00:00,45.8,26.3,88.0,0.0,3.1,28.0,1010.0,155.0
2025-10-11 01:00:00,47.8,27.7,82.0,0.0,1.5,30.0,1009.9,450.0
2025-10-11 02:00:00,32.9,28.7,79.0,0.2,3.4,212.0,1010.1,720.0
2025-10-11 03:00:00,31.9,29.1,76.0,0.3,4.6,228.0,1009.6,815.0
2025-10-11 04:00:00,35.4,29.0,76.0,0.2,4.2,260.0,1008.7,680.0
2025-10-11 05:00:00,22.6,28.5,78.0,0.4,10.6,227.0,1008.0,485.0
2025-10-11 06:00:00,,26.7,85.0,1.2,7.7,189.0,1008.0,355.0
2025-10-11 07:00:00,13.4,27.2,84.0,0.2,2.0,95.0,1007.9,345.0
2025-10-11 08:00:00,,27.6,82.0,0.1,1.7,77.0,1007.9,405.0
2025-10-11 09:00:00,14.7,27.4,83.0,0.0,2.4,13.0,1008.2,430.0
2025-10-11 10:00:00,,27.0,85.0,0.0,5.0,30.0,1008.6,230.0
2025-10-11 11:00:00,,26.6,89.0,0.0,3.8,71.0,1008.9,135.0
2025-10-11 12:00:00,,27.0,86.0,0.0,1.0,22.0,1009.6,115.0
2025-10-11 13:00:00,19.1,27.5,81.0,0.0,1.9,163.0,1009.9,120.0
2025-10-11 14:00:00,,27.4,83.0,0.0,2.6,168.0,1009.9,200.0
2025-10-11 15:00:00,17.8,27.5,82.0,0.0,2.1,121.0,1009.9,280.0
2025-10-11 16:00:00,23.7,26.9,85.0,0.0,5.5,157.0,1009.4,315.0
2025-10-11 17:00:00,,26.7,86.0,0.0,6.8,163.0,1009.4,340.0
2025-10-11 18:00:00,,26.4,88.0,0.1,7.3,152.0,1008.8,340.0
2025-10-11 19:00:00,,26.2,89.0,0.0,6.1,146.0,1008.6,275.0
2025-10-11 20:00:00,20.4,26.0,90.0,0.0,5.4,116.0,1008.8,275.0
2025-10-11 21:00:00,,25.7,91.0,0.0,5.4,82.0,1009.3,245.0
2025-10-11 22:00:00,16.6,25.5,91.0,0.0,5.9,79.0,1009.8,180.0
2025-10-11 23:00:00,19.0,26.0,88.0,0.0,6.6,69.0,1010.0,280.0
2025-10-12 00:00:00,17.0,27.1,86.0,0.0,5.1,42.0,1010.7,245.0
2025-10-12 01:00:00,,27.0,84.0,0.2,6.5,129.0,1011.1,350.0
2025-10-12 02:00:00,15.3,27.9,81.0,0.0,2.9,120.0,1010.7,390.0
2025-10-12 03:00:00,,29.1,77.0,0.0,2.4,99.0,1010.3,630.0
2025-10-12 04:00:00,,29.9,75.0,0.1,2.4,81.0,1009.4,900.0
2025-10-12 05:00:00,,30.1,73.0,0.1,4.4,171.0,1008.3,925.0
2025-10-12 06:00:00,25.8,30.2,69.0,0.3,2.7,302.0,1007.5,875.0
2025-10-12 07:00:00,25.2,29.5,75.0,0.1,4.6,291.0,1007.2,215.0
2025-10-12 08:00:00,26.2,29.4,78.0,0.9,2.3,356.0,1007.3,190.0
2025-10-12 09:00:00,23.7,28.4,80.0,2.1,3.1,216.0,1008.2,215.0
2025-10-12 10:00:00,,27.7,87.0,0.0,2.9,281.0,1008.6,135.0
2025-10-12 11:00:00,,27.6,86.0,0.0,1.9,221.0,1009.3,405.0
2025-10-12 12:00:00,19.8,28.0,85.0,0.0,1.2,207.0,1009.5,35.0
2025-10-12 13:00:00,155.0,28.3,83.0,0.0,0.7,256.0,1009.7,15.0
2025-10-12 14:00:00,34.4,27.6,88.0,0.0,5.2,254.0,1010.4,100.0
2025-10-12 15:00:00,13.6,26.6,89.0,1.5,0.8,27.0,1010.8,60.0
2025-10-12 16:00:00,,26.2,92.0,0.2,4.2,18.0,1009.9,130.0
2025-10-12 17:00:00,6.97,25.7,96.0,0.1,1.8,276.0,1010.0,145.0
2025-10-12 18:00:00,6.99,25.6,93.0,0.4,4.5,104.0,1009.0,175.0
2025-10-12 19:00:00,7.96,25.4,93.0,0.1,1.3,286.0,1009.7,160.0
2025-10-12 20:00:00,5.73,25.5,93.0,0.0,1.7,18.0,1009.6,150.0
2025-10-12 21:00:00,11.5,25.4,93.0,0.0,3.6,327.0,1009.2,180.0
2025-10-12 22:00:00,19.3,25.4,93.0,0.0,4.7,353.0,1009.5,200.0
2025-10-12 23:00:00,24.3,25.8,91.0,0.0,3.6,330.0,1010.2,215.0
2025-10-13 00:00:00,15.9,27.5,86.0,0.0,3.7,227.0,1010.8,295.0
2025-10-13 01:00:00,19.2,28.2,82.0,0.2,3.1,280.0,1010.9,450.0
2025-10-13 02:00:00,17.7,28.7,81.0,0.1,2.9,240.0,1011.0,580.0
2025-10-13 03:00:00,15.8,29.2,78.0,0.2,0.6,236.0,1010.0,680.0
2025-10-13 04:00:00,20.0,29.2,77.0,0.4,3.9,294.0,1009.0,545.0
2025-10-13 05:00:00,,28.5,82.0,0.5,7.0,209.0,1009.1,475.0
2025-10-13 06:00:00,20.8,25.7,91.0,0.8,6.9,323.0,1008.4,165.0
2025-10-13 07:00:00,26.8,26.4,87.0,0.1,4.6,291.0,1007.8,145.0
2025-10-13 08:00:00,21.3,25.8,87.0,3.7,3.1,347.0,1008.4,175.0
2025-10-13 09:00:00,25.8,25.7,89.0,0.1,3.8,41.0,1008.4,165.0
2025-10-13 10:00:00,,25.6,88.0,0.0,2.9,274.0,1008.8,135.0
2025-10-13 11:00:00,19.8,25.5,89.0,0.0,0.9,180.0,1009.2,105.0
2025-10-13 12:00:00,,26.1,92.0,0.0,9.6,220.0,1009.9,205.0
2025-10-13 13:00:00,39.2,25.3,93.0,1.9,6.5,118.0,1010.2,195.0
2025-10-13 14:00:00,17.1,25.4,92.0,0.0,4.6,132.0,1009.8,150.0
2025-10-13 15:00:00,19.7,25.1,94.0,0.0,5.8,95.0,1008.8,105.0
2025-10-13 16:00:00,21.6,25.1,93.0,0.0,3.0,73.0,1008.8,85.0
2025-10-13 17:00:00,14.7,25.2,91.0,0.0,0.4,243.0,1008.2,55.0
2025-10-13 18:00:00,8.93,25.8,92.0,0.0,4.0,360.0,1007.2,60.0
2025-10-13 19:00:00,12.0,26.1,89.0,0.0,6.3,20.0,1007.2,115.0
2025-10-13 20:00:00,15.2,26.1,87.0,0.0,7.1,15.0,1007.2,140.0
2025-10-13 21:00:00,18.6,25.9,88.0,0.0,5.9,31.0,1007.6,125.0
2025-10-13 22:00:00,29.9,25.8,90.0,0.0,3.3,41.0,1007.7,60.0
2025-10-13 23:00:00,26.9,26.3,88.0,0.0,1.1,351.0,1008.1,110.0
2025-10-14 00:00:00,30.9,27.0,86.0,0.0,4.5,353.0,1009.3,220.0
2025-10-14 01:00:00,39.1,27.1,84.0,0.3,2.9,349.0,1009.1,265.0
2025-10-14 02:00:00,21.9,27.1,84.0,0.8,4.0,10.0,1009.0,300.0
2025-10-14 03:00:00,27.4,27.7,81.0,0.1,2.7,340.0,1008.8,410.0
2025-10-14 04:00:00,33.5,28.3,78.0,0.1,3.3,283.0,1007.9,515.0
2025-10-14 05:00:00,,28.4,77.0,0.3,1.3,286.0,1007.2,575.0
2025-10-14 06:00:00,23.9,27.3,85.0,0.3,5.8,231.0,1007.2,315.0
2025-10-14 07:00:00,28.8,27.8,82.0,0.2,5.6,207.0,1006.7,440.0
2025-10-14 08:00:00,29.1,27.3,84.0,0.2,5.7,148.0,1006.7,370.0
2025-10-14 09:00:00,27.8,27.3,84.0,0.0,6.0,189.0,1006.9,320.0
2025-10-14 10:00:00,29.7,27.0,87.0,0.0,3.7,191.0,1007.0,230.0
2025-10-14 11:00:00,38.6,26.8,88.0,0.0,3.9,158.0,1007.5,195.0
2025-10-14 12:00:00,,27.4,89.0,0.0,2.1,128.0,1008.2,85.0
2025-10-14 13:00:00,,27.3,87.0,0.0,6.4,130.0,1008.1,190.0
2025-10-14 14:00:00,76.4,27.1,87.0,0.0,5.0,142.0,1008.2,175.0
2025-10-14 15:00:00,49.8,27.1,86.0,0.0,4.7,130.0,1008.2,175.0
2025-10-14 16:00:00,51.1,26.9,87.0,0.0,4.3,135.0,1008.1,150.0
2025-10-14 17:00:00,29.5,26.6,87.0,0.0,5.1,117.0,1007.3,175.0
2025-10-14 18:00:00,18.0,26.2,90.0,0.0,1.4,203.0,1007.0,50.0
2025-10-14 19:00:00,12.3,26.2,89.0,0.0,3.6,60.0,1007.0,150.0
2025-10-14 20:00:00,20.1,26.0,91.0,0.0,3.1,93.0,1006.9,150.0
2025-10-14 21:00:00,15.1,25.9,90.0,0.0,2.9,133.0,1007.1,125.0
2025-10-14 22:00:00,27.8,25.9,90.0,0.0,2.1,31.0,1007.4,160.0
2025-10-14 23:00:00,26.4,26.0,89.0,0.0,0.3,315.0,1007.9,195.0
2025-10-15 00:00:00,17.0,25.5,92.0,0.0,5.1,132.0,1009.3,160.0
2025-10-15 01:00:00,24.3,25.2,93.0,5.3,3.2,164.0,1009.6,145.0
2025-10-15 02:00:00,29.4,25.2,95.0,2.4,5.4,184.0,1009.1,175.0
2025-10-15 03:00:00,32.9,26.4,85.0,0.7,2.2,305.0,1008.2,340.0
2025-10-15 04:00:00,34.1,27.6,81.0,0.0,2.3,331.0,1007.2,435.0
2025-10-15 05:00:00,35.1,28.4,79.0,0.0,3.4,273.0,1006.3,515.0
2025-10-15 06:00:00,56.6,28.3,79.0,0.2,7.1,246.0,1006.0,470.0
2025-10-15 07:00:00,,27.7,82.0,0.6,6.9,240.0,1005.8,330.0
2025-10-15 08:00:00,29.6,26.6,84.0,1.9,7.6,176.0,1006.7,290.0
2025-10-15 09:00:00,25.4,25.5,90.0,0.1,5.7,58.0,1006.2,195.0
2025-10-15 10:00:00,24.0,25.5,91.0,0.0,7.4,180.0,1007.2,220.0
2025-10-15 11:00:00,22.8,25.7,91.0,0.0,2.9,94.0,1007.4,105.0
2025-10-15 12:00:00,32.8,28.0,83.0,0.0,5.5,153.0,1008.5,165.0
2025-10-15 13:00:00,40.2,27.9,84.0,0.0,6.7,126.0,1008.3,220.0
2025-10-15 14:00:00,45.4,27.2,86.0,0.0,7.3,136.0,1008.3,170.0
2025-10-15 15:00:00,59.3,26.7,86.0,0.0,6.2,120.0,1008.2,155.0
2025-10-15 16:00:00,44.0,26.3,87.0,0.0,6.3,143.0,1007.5,155.0
2025-10-15 17:00:00,46.3,26.1,88.0,0.0,4.8,153.0,1007.2,175.0
2025-10-15 18:00:00,35.1,26.4,86.0,0.0,6.4,115.0,1007.3,170.0
2025-10-15 19:00:00,31.3,26.2,88.0,0.0,4.5,88.0,1006.5,120.0
2025-10-15 20:00:00,28.3,25.9,90.0,0.0,5.1,80.0,1006.8,145.0
2025-10-15 21:00:00,,25.9,89.0,0.0,2.6,115.0,1007.1,75.0
2025-10-15 22:00:00,38.8,25.7,89.0,0.0,4.8,135.0,1007.9,130.0
2025-10-15 23:00:00,,26.4,82.0,0.0,3.7,137.0,1008.3,200.0
2025-10-16 00:00:00,45.4,27.4,82.0,0.0,2.0,350.0,1008.6,275.0
2025-10-16 01:00:00,23.4,28.8,74.0,0.0,4.3,343.0,1008.5,595.0
2025-10-16 02:00:00,,29.6,69.0,0.0,4.0,350.0,1008.4,810.0
2025-10-16 03:00:00,11.7,30.0,66.0,0.0,6.8,42.0,1007.2,940.0
2025-10-16 04:00:00,15.6,31.4,59.0,0.0,6.7,56.0,1006.4,1220.0
2025-10-16 05:00:00,5.13,32.0,57.0,0.0,7.6,72.0,1005.7,1225.0
2025-10-16 06:00:00,7.17,32.2,56.0,0.0,8.9,108.0,1005.2,1275.0
2025-10-16 07:00:00,5.84,32.6,54.0,0.0,8.6,80.0,1004.5,1320.0
2025-10-16 08:00:00,4.92,31.7,56.0,0.0,12.5,57.0,1005.1,1175.0
2025-10-16 09:00:00,21.5,30.4,64.0,0.0,8.4,75.0,1005.5,1090.0
2025-10-16 10:00:00,42.0,29.0,72.0,0.0,8.2,119.0,1006.1,470.0
2025-10-16 11:00:00,24.2,28.1,77.0,0.0,8.3,123.0,1006.7,315.0
2025-10-16 12:00:00,14.3,28.6,78.0,0.0,11.0,115.0,1007.7,320.0
2025-10-16 13:00:00,18.4,28.3,76.0,0.0,8.7,137.0,1007.7,305.0
2025-10-16 14:00:00,22.7,27.5,78.0,0.0,9.7,140.0,1007.7,260.0
2025-10-16 15:00:00,,27.1,81.0,0.0,8.4,135.0,1007.4,230.0
2025-10-16 16:00:00,20.1,27.0,83.0,0.0,5.9,121.0,1007.4,195.0
2025-10-16 17:00:00,,26.9,84.0,0.0,3.5,159.0,1006.7,145.0
2025-10-16 18:00:00,15.9,27.4,82.0,0.0,3.1,257.0,1006.4,155.0
2025-10-16 19:00:00,,27.4,83.0,0.1,1.8,246.0,1006.5,210.0
2025-10-16 20:00:00,2.96,27.2,84.0,0.1,2.0,170.0,1006.4,180.0
2025-10-16 21:00:00,,26.1,90.0,0.3,6.5,8.0,1006.5,225.0
2025-10-16 22:00:00,,25.9,89.0,0.1,4.3,28.0,1006.9,155.0
2025-10-16 23:00:00,,26.7,84.0,0.2,2.7,23.0,1007.8,180.0
2025-10-17 00:00:00,,28.5,78.0,0.0,1.9,112.0,1008.1,295.0
2025-10-17 01:00:00,14.2,29.6,69.0,0.0,3.2,106.0,1008.2,745.0
2025-10-17 02:00:00,12.5,30.5,63.0,0.0,2.7,98.0,1007.9,1015.0
2025-10-17 03:00:00,17.2,31.3,59.0,0.1,5.1,82.0,1007.7,1045.0
2025-10-17 04:00:00,14.5,32.6,54.0,0.1,5.8,51.0,1006.2,1220.0
2025-10-17 05:00:00,7.15,33.4,51.0,0.1,9.1,54.0,1004.9,1280.0
2025-10-17 06:00:00,7.39,33.1,52.0,0.2,10.0,60.0,1004.6,1340.0
2025-10-17 07:00:00,7.24,32.7,53.0,0.3,9.5,53.0,1004.4,1145.0
2025-10-17 08:00:00,8.31,32.2,54.0,0.1,8.7,45.0,1004.7,1100.0
2025-10-17 09:00:00,15.8,30.9,61.0,0.1,5.1,42.0,1004.8,590.0
2025-10-17 10:00:00,22.9,30.6,63.0,0.0,6.5,42.0,1005.2,940.0
2025-10-17 11:00:00,20.8,30.1,65.0,0.0,5.1,54.0,1006.1,995.0
2025-10-17 12:00:00,29.0,29.6,70.0,0.0,9.1,49.0,1006.5,770.0
2025-10-17 13:00:00,13.7,29.8,68.0,0.0,9.3,44.0,1006.8,765.0
2025-10-17 14:00:00,14.3,29.3,70.0,0.0,9.4,29.0,1006.8,665.0
2025-10-17 15:00:00,23.3,28.9,71.0,0.0,7.1,36.0,1006.4,480.0
2025-10-17 16:00:00,11.5,28.3,73.0,0.2,3.2,38.0,1005.6,230.0
2025-10-17 17:00:00,7.01,28.1,75.0,0.0,3.6,84.0,1004.9,210.0
2025-10-17 18:00:00,2.14,28.0,77.0,0.0,4.6,21.0,1004.5,390.0
2025-10-17 19:00:00,5.98,28.0,76.0,0.0,4.2,31.0,1004.4,400.0
2025-10-17 20:00:00,18.0,27.8,77.0,0.0,5.1,4.0,1004.1,400.0
2025-10-17 21:00:00,23.0,27.7,76.0,0.0,7.6,4.0,1004.0,460.0
2025-10-17 22:00:00,33.9,27.7,73.0,0.0,10.1,17.0,1004.9,420.0
2025-10-17 23:00:00,21.7,28.0,70.0,0.1,7.8,5.0,1005.1,415.0
2025-10-18 00:00:00,10.1,29.3,66.0,0.0,9.8,5.0,1005.7,715.0
2025-10-18 01:00:00,7.02,30.9,61.0,0.0,10.1,1.0,1005.7,1070.0
2025-10-18 02:00:00,,30.9,61.0,0.2,16.7,22.0,1005.5,1030.0
2025-10-18 03:00:00,,31.5,59.0,0.1,13.8,32.0,1004.6,1240.0
2025-10-18 04:00:00,7.4,30.9,61.0,0.1,7.9,47.0,1003.8,1035.0
2025-10-18 05:00:00,2.95,31.7,58.0,0.7,4.6,69.0,1002.9,1240.0
2025-10-18 06:00:00,,31.7,57.0,0.0,11.4,59.0,1002.4,1110.0
2025-10-18 07:00:00,6.25,31.6,56.0,0.0,9.7,43.0,1001.6,1145.0
2025-10-18 08:00:00,5.77,30.6,61.0,0.2,15.3,39.0,1001.6,1030.0
2025-10-18 09:00:00,11.9,29.7,68.0,0.0,15.4,29.0,1002.1,925.0
2025-10-18 10:00:00,19.1,28.7,72.0,0.1,13.5,41.0,1002.3,860.0
2025-10-18 11:00:00,22.5,28.3,73.0,0.2,12.7,15.0,1002.7,875.0
2025-10-18 12:00:00,18.9,28.6,69.0,0.2,11.8,12.0,1003.3,870.0
2025-10-18 13:00:00,13.7,28.3,71.0,0.0,12.1,3.0,1003.6,820.0
2025-10-18 14:00:00,1.73,28.1,73.0,0.0,10.5,3.0,1003.2,775.0
2025-10-18 15:00:00,0.673,27.7,76.0,0.3,11.9,357.0,1003.0,680.0
2025-10-18 16:00:00,0.585,26.4,85.0,1.2,14.4,344.0,1002.3,605.0
2025-10-18 17:00:00,0.397,25.3,93.0,3.7,15.0,10.0,1001.4,555.0
2025-10-18 18:00:00,8.59,25.7,87.0,3.3,10.7,331.0,1000.4,475.0
2025-10-18 19:00:00,14.9,25.3,90.0,1.5,7.9,325.0,999.9,335.0
2025-10-18 20:00:00,14.1,25.2,93.0,1.0,7.7,295.0,999.6,330.0
2025-10-18 21:00:00,,25.4,91.0,0.6,9.9,289.0,999.4,440.0
2025-10-18 22:00:00,,25.7,89.0,0.7,14.7,323.0,999.6,555.0
2025-10-18 23:00:00,,25.5,91.0,0.2,13.6,349.0,1000.4,385.0
2025-10-19 00:00:00,,24.8,92.0,0.2,10.1,331.0,1001.1,310.0
2025-10-19 01:00:00,,25.7,91.0,0.9,1.6,360.0,1002.0,310.0
2025-10-19 02:00:00,12.2,26.7,82.0,1.0,11.9,174.0,1002.4,650.0
2025-10-19 03:00:00,10.2,26.3,83.0,1.4,16.9,149.0,1002.6,590.0
2025-10-19 04:00:00,,26.6,81.0,0.4,14.8,147.0,1001.9,665.0
2025-10-19 05:00:00,,26.1,86.0,2.0,15.6,145.0,1001.9,725.0
2025-10-19 06:00:00,14.1,25.7,93.0,3.0,13.8,140.0,1001.5,675.0
2025-10-19 07:00:00,4.34,26.1,92.0,4.0,12.8,141.0,1002.0,615.0
2025-10-19 08:00:00,10.8,25.8,90.0,3.0,11.1,149.0,1002.5,505.0
2025-10-19 09:00:00,17.1,26.1,91.0,1.3,13.8,140.0,1003.2,635.0
2025-10-19 10:00:00,19.8,25.9,92.0,0.8,14.1,134.0,1003.4,545.0
2025-10-19 11:00:00,24.6,25.9,92.0,0.5,12.2,136.0,1004.2,505.0
2025-10-19 12:00:00,22.0,26.1,92.0,0.4,8.9,135.0,1005.8,320.0
2025-10-19 13:00:00,21.8,26.2,92.0,0.0,7.6,128.0,1006.2,230.0
2025-10-19 14:00:00,16.7,26.2,91.0,0.0,7.1,126.0,1006.2,230.0
2025-10-19 15:00:00,13.6,26.3,89.0,0.0,8.4,109.0,1006.0,265.0
2025-10-19 16:00:00,7.78,26.2,88.0,0.0,10.4,110.0,1005.4,315.0
2025-10-19 17:00:00,,26.2,88.0,0.0,11.6,118.0,1005.0,370.0
2025-10-19 18:00:00,,26.5,87.0,0.0,15.1,118.0,1003.8,510.0
2025-10-19 19:00:00,,26.5,87.0,0.0,14.9,122.0,1003.8,510.0
2025-10-19 20:00:00,6.84,26.4,87.0,0.0,12.9,120.0,1003.5,535.0
2025-10-19 21:00:00,,26.4,87.0,0.0,12.9,118.0,1004.0,525.0
2025-10-19 22:00:00,12.7,26.3,87.0,0.0,12.3,120.0,1004.4,540.0
2025-10-19 23:00:00,,26.9,86.0,0.0,10.9,117.0,1005.1,655.0
2025-10-20 00:00:00,17.5,28.3,81.0,0.0,7.2,89.0,1006.1,635.0
2025-10-20 01:00:00,,29.2,75.0,0.0,11.6,122.0,1006.6,730.0
2025-10-20 02:00:00,17.3,29.5,73.0,0.0,12.8,129.0,1006.6,745.0
2025-10-20 03:00:00,17.2,30.6,69.0,0.1,14.0,133.0,1005.6,900.0
2025-10-20 04:00:00,,31.4,66.0,0.0,12.6,133.0,1004.6,1025.0
2025-10-20 05:00:00,,31.9,63.0,0.0,12.1,133.0,1003.8,1110.0
2025-10-20 06:00:00,,32.4,59.0,0.0,10.7,121.0,1003.5,1205.0
2025-10-20 07:00:00,,32.1,59.0,0.0,11.9,120.0,1003.2,1100.0
2025-10-20 08:00:00,,31.3,63.0,0.0,11.6,122.0,1003.4,915.0
2025-10-20 09:00:00,,30.1,71.0,0.0,9.3,133.0,1003.9,605.0
2025-10-20 10:00:00,34.0,29.1,74.0,0.0,10.8,134.0,1004.0,365.0
2025-10-20 11:00:00,33.8,28.4,77.0,0.0,11.1,130.0,1004.8,320.0
2025-10-20 12:00:00,30.2,28.2,79.0,0.0,9.2,132.0,1006.3,315.0
2025-10-20 13:00:00,54.8,27.8,82.0,0.0,6.1,152.0,1007.1,180.0
2025-10-20 14:00:00,26.0,27.2,87.0,0.0,5.5,153.0,1007.5,95.0
2025-10-20 15:00:00,23.4,27.1,87.0,0.0,5.8,144.0,1007.2,95.0
2025-10-20 16:00:00,,26.8,88.0,0.0,6.8,125.0,1006.9,125.0
2025-10-20 17:00:00,,26.5,89.0,0.0,6.8,127.0,1006.3,115.0
2025-10-20 18:00:00,20.7,26.7,89.0,0.0,6.1,133.0,1005.8,115.0
2025-10-20 19:00:00,25.3,26.6,89.0,0.0,5.1,135.0,1005.4,120.0
2025-10-20 20:00:00,29.0,26.5,90.0,0.0,3.9,137.0,1005.4,135.0
2025-10-20 21:00:00,28.1,26.1,93.0,0.0,1.2,141.0,1005.5,25.0
2025-10-20 22:00:00,,26.0,93.0,0.0,0.8,135.0,1005.9,25.0
2025-10-20 23:00:00,,26.6,89.0,0.0,3.1,103.0,1006.5,215.0
2025-10-21 00:00:00,,27.4,87.0,0.0,1.1,180.0,1007.2,240.0
2025-10-21 01:00:00,,28.7,82.0,0.0,1.3,196.0,1007.4,395.0
2025-10-21 02:00:00,20.6,29.8,75.0,0.1,1.9,56.0,1007.4,655.0
2025-10-21 03:00:00,,30.4,71.0,0.2,2.3,315.0,1006.7,735.0
2025-10-21 04:00:00,,30.0,74.0,0.3,3.8,315.0,1005.8,555.0
2025-10-21 05:00:00,14.0,30.2,76.0,0.2,5.1,333.0,1005.0,490.0
2025-10-21 06:00:00,7.29,29.6,78.0,0.1,6.1,23.0,1004.7,260.0
2025-10-21 07:00:00,5.66,30.5,75.0,0.0,1.9,56.0,1004.3,295.0
2025-10-21 08:00:00,5.5,30.5,74.0,0.1,1.5,14.0,1004.2,340.0
2025-10-21 09:00:00,12.4,30.0,76.0,0.2,2.3,315.0,1004.5,205.0
2025-10-21 10:00:00,17.5,29.2,83.0,0.0,4.4,291.0,1005.2,80.0
2025-10-21 11:00:00,27.8,28.7,86.0,0.0,4.1,255.0,1005.7,65.0
2025-10-21 12:00:00,21.9,28.6,85.0,0.0,6.6,135.0,1006.7,135.0
2025-10-21 13:00:00,40.0,28.3,83.0,0.0,7.1,128.0,1007.0,175.0
2025-10-21 14:00:00,85.5,28.0,84.0,0.0,3.5,141.0,1007.3,105.0
2025-10-21 15:00:00,22.0,27.7,86.0,0.0,2.1,232.0,1007.5,75.0
2025-10-21 16:00:00,,27.1,92.0,0.0,4.0,262.0,1007.2,80.0
2025-10-21 17:00:00,18.7,26.8,92.0,0.0,4.9,268.0,1006.2,110.0
2025-10-21 18:00:00,,26.6,92.0,0.0,3.4,245.0,1005.6,70.0
2025-10-21 19:00:00,10.8,26.8,90.0,0.0,3.6,225.0,1005.4,135.0
2025-10-21 20:00:00,12.9,26.7,90.0,0.0,1.5,201.0,1005.3,240.0
2025-10-21 21:00:00,13.3,26.5,90.0,0.0,2.4,103.0,1005.7,200.0
2025-10-21 22:00:00,20.6,26.2,92.0,0.0,2.7,62.0,1006.5,115.0
2025-10-21 23:00:00,27.9,26.6,89.0,0.0,2.6,56.0,1006.7,230.0
2025-10-22 00:00:00,26.4,27.8,85.0,0.0,1.0,329.0,1007.0,280.0
2025-10-22 01:00:00,20.4,29.0,77.0,0.0,1.4,180.0,1007.2,570.0
2025-10-22 02:00:00,,29.8,73.0,0.0,2.9,187.0,1007.2,715.0
2025-10-22 03:00:00,,30.5,70.0,0.0,1.9,253.0,1006.7,890.0
2025-10-22 04:00:00,30.5,30.6,71.0,0.1,4.7,261.0,1006.0,835.0
2025-10-22 05:00:00,24.0,30.8,70.0,0.1,4.7,254.0,1005.0,770.0
2025-10-22 06:00:00,25.7,31.2,69.0,0.4,4.9,303.0,1004.5,660.0
2025-10-22 07:00:00,,30.7,71.0,0.1,7.1,286.0,1004.3,215.0
2025-10-22 08:00:00,20.6,29.9,76.0,0.2,1.4,270.0,1004.9,100.0
2025-10-22 09:00:00,,29.5,78.0,0.1,4.2,175.0,1005.3,165.0
2025-10-22 10:00:00,33.0,28.9,81.0,0.1,3.3,279.0,1005.9,115.0
2025-10-22 11:00:00,36.4,27.5,84.0,0.0,7.4,293.0,1006.4,160.0
2025-10-22 12:00:00,31.6,27.5,86.0,0.0,3.1,83.0,1007.0,65.0
2025-10-22 13:00:00,37.1,27.9,86.0,0.0,0.2,270.0,1007.3,45.0
2025-10-22 14:00:00,39.8,27.7,88.0,0.0,3.6,207.0,1007.5,90.0
2025-10-22 15:00:00,,27.5,89.0,0.0,1.3,236.0,1007.6,80.0
2025-10-22 16:00:00,20.7,27.2,91.0,0.0,2.8,288.0,1007.1,130.0
2025-10-22 17:00:00,19.1,26.9,92.0,0.0,1.3,254.0,1006.3,140.0
2025-10-22 18:00:00,26.0,26.5,87.0,0.0,1.1,270.0,1005.9,155.0
2025-10-22 19:00:00,29.9,26.6,87.0,0.0,1.8,294.0,1005.6,180.0
2025-10-22 20:00:00,25.4,26.6,87.0,0.0,3.4,227.0,1005.7,180.0
2025-10-22 21:00:00,,26.5,87.0,0.0,3.4,223.0,1006.0,215.0
2025-10-22 22:00:00,30.5,26.4,89.0,0.0,1.1,270.0,1006.5,35.0
2025-10-22 23:00:00,,26.9,86.0,0.0,2.2,355.0,1007.2,225.0
2025-10-23 00:00:00,,27.9,81.0,0.0,3.2,47.0,1007.2,350.0
2025-10-23 01:00:00,13.3,28.8,77.0,0.0,2.8,27.0,1007.5,490.0
2025-10-23 02:00:00,17.4,30.0,69.0,0.0,4.9,33.0,1008.0,795.0
2025-10-23 03:00:00,13.2,31.1,64.0,0.1,3.8,41.0,1007.3,975.0
2025-10-23 04:00:00,25.3,31.7,61.0,0.1,2.5,45.0,1006.3,1060.0
2025-10-23 05:00:00,13.5,31.9,59.0,0.1,2.7,180.0,1005.5,1120.0
2025-10-23 06:00:00,12.7,31.4,64.0,0.1,2.9,101.0,1004.8,915.0
2025-10-23 07:00:00,17.6,31.5,62.0,0.1,4.0,122.0,1004.6,905.0
2025-10-23 08:00:00,24.5,31.4,63.0,0.0,1.7,198.0,1004.4,740.0
2025-10-23 09:00:00,18.8,30.3,69.0,0.0,1.7,257.0,1004.8,80.0
2025-10-23 10:00:00,20.0,28.9,83.0,0.0,3.0,295.0,1005.9,60.0
2025-10-23 11:00:00,21.1,27.6,88.0,0.0,8.4,286.0,1006.7,160.0
2025-10-23 12:00:00,25.4,28.1,89.0,0.0,4.5,254.0,1007.1,50.0
2025-10-23 13:00:00,23.9,28.2,88.0,0.0,3.6,153.0,1007.5,155.0
2025-10-23 14:00:00,,27.9,86.0,0.0,7.8,143.0,1007.8,240.0
2025-10-23 15:00:00,16.0,27.5,83.0,0.0,10.9,144.0,1007.8,265.0
2025-10-23 16:00:00,11.3,27.0,82.0,0.0,8.7,122.0,1007.2,230.0
2025-10-23 17:00:00,,26.7,84.0,0.0,6.2,111.0,1006.7,165.0
2025-10-23 18:00:00,,26.6,87.0,0.0,5.5,109.0,1007.0,140.0
2025-10-23 19:00:00,5.18,26.7,85.0,0.0,6.6,123.0,1006.7,230.0
2025-10-23 20:00:00,1.88,26.4,86.0,0.0,6.0,129.0,1006.9,320.0
2025-10-23 21:00:00,,26.2,85.0,0.2,6.3,114.0,1006.7,365.0
2025-10-23 22:00:00,11.7,25.7,89.0,0.4,5.7,72.0,1007.1,275.0
2025-10-23 23:00:00,,25.8,90.0,0.1,6.1,14.0,1007.2,245.0
2025-10-24 00:00:00,,27.5,80.0,0.0,4.1,75.0,1008.2,425.0
2025-10-24 01:00:00,,28.4,75.0,0.1,5.4,84.0,1008.5,635.0
2025-10-24 02:00:00,,29.5,70.0,0.1,5.2,88.0,1008.1,790.0
2025-10-24 03:00:00,,30.9,62.0,0.1,8.1,93.0,1007.4,1040.0
2025-10-24 04:00:00,,31.1,61.0,0.3,7.0,103.0,1006.6,1110.0
2025-10-24 05:00:00,14.5,30.3,65.0,1.3,2.1,59.0,1005.8,805.0
2025-10-24 06:00:00,,29.8,67.0,0.2,3.1,69.0,1005.3,670.0
2025-10-24 07:00:00,,30.6,66.0,0.1,2.8,45.0,1004.7,990.0
2025-10-24 08:00:00,,30.1,69.0,0.6,5.8,7.0,1005.1,470.0
2025-10-24 09:00:00,,27.9,77.0,1.8,4.5,310.0,1006.2,215.0
2025-10-24 10:00:00,,27.3,82.0,0.1,3.4,254.0,1006.7,165.0
2025-10-24 11:00:00,,27.3,82.0,0.1,4.6,291.0,1007.3,155.0
2025-10-24 12:00:00,,26.5,86.0,0.1,6.2,163.0,1008.3,135.0
2025-10-24 13:00:00,,26.8,89.0,0.0,5.4,127.0,1008.9,150.0
2025-10-24 14:00:00,,27.0,88.0,0.0,2.6,146.0,1008.7,140.0
2025-10-24 15:00:00,24.2,26.7,89.0,0.0,1.0,315.0,1008.6,85.0
2025-10-24 16:00:00,,26.6,90.0,0.0,2.6,286.0,1008.3,145.0
2025-10-24 17:00:00,,26.5,89.0,0.3,2.0,275.0,1008.2,40.0
2025-10-24 18:00:00,,26.5,87.0,0.0,1.1,270.0,1007.8,125.0
2025-10-24 19:00:00,,26.3,88.0,0.0,4.5,92.0,1007.7,215.0
2025-10-24 20:00:00,,25.9,91.0,0.0,4.4,58.0,1007.3,185.0
2025-10-24 21:00:00,,25.6,92.0,0.0,3.7,51.0,1007.0,180.0
2025-10-24 22:00:00,,25.5,91.0,0.0,4.0,18.0,1007.0,160.0
2025-10-24 23:00:00,,25.8,90.0,0.0,4.0,360.0,1007.6,190.0
2025-10-25 00:00:00,,26.9,87.0,0.0,6.1,12.0,1009.0,290.0
2025-10-25 01:00:00,,28.1,81.0,0.0,4.0,352.0,1009.3,485.0
2025-10-25 02:00:00,,29.4,73.0,0.1,0.6,56.0,1009.2,670.0
2025-10-25 03:00:00,,30.1,69.0,0.1,1.8,264.0,1008.6,790.0
2025-10-25 04:00:00,,30.6,67.0,0.1,2.2,279.0,1007.7,795.0
2025-10-25 05:00:00,,30.4,69.0,0.1,1.5,256.0,1007.1,675.0
2025-10-25 06:00:00,,30.2,70.0,0.1,2.2,360.0,1006.5,650.0
2025-10-25 07:00:00,,30.6,68.0,0.0,2.5,69.0,1006.3,610.0
2025-10-25 08:00:00,,30.6,68.0,0.0,1.7,328.0,1006.1,655.0
2025-10-25 09:00:00,,29.8,70.0,0.8,3.1,93.0,1007.1,255.0
2025-10-25 10:00:00,,26.4,90.0,3.8,7.8,130.0,1007.9,145.0
2025-10-25 11:00:00,,26.2,87.0,0.3,4.2,175.0,1008.3,105.0
2025-10-25 12:00:00,,28.1,87.0,0.2,5.2,299.0,1008.9,135.0
2025-10-25 13:00:00,,28.1,85.0,0.0,5.9,308.0,1008.9,185.0
2025-10-25 14:00:00,29.5,27.7,87.0,0.0,6.6,305.0,1009.3,275.0
2025-10-25 15:00:00,25.2,27.4,87.0,0.0,3.0,287.0,1009.2,295.0
2025-10-25 16:00:00,,27.4,87.0,0.0,3.3,257.0,1009.0,280.0
2025-10-25 17:00:00,13.7,27.4,87.0,0.0,2.5,249.0,1008.4,280.0
2025-10-25 18:00:00,,27.3,86.0,0.0,4.7,279.0,1007.9,280.0
2025-10-25 19:00:00,,27.2,86.0,0.0,5.8,321.0,1007.6,300.0
2025-10-25 20:00:00,13.7,26.7,90.0,0.0,4.5,5.0,1006.9,210.0
2025-10-25 21:00:00,,26.3,93.0,0.0,3.5,336.0,1007.1,140.0
2025-10-25 22:00:00,20.9,26.3,93.0,0.0,1.2,63.0,1007.8,120.0
2025-10-25 23:00:00,21.1,26.8,91.0,0.0,2.4,132.0,1008.6,180.0
2025-10-26 00:00:00,29.4,27.8,85.0,0.0,3.2,164.0,1008.9,395.0
2025-10-26 01:00:00,30.3,28.9,77.0,0.1,4.6,111.0,1009.7,620.0
2025-10-26 02:00:00,20.4,29.9,73.0,0.2,4.6,103.0,1010.0,805.0
2025-10-26 03:00:00,,30.0,73.0,0.2,4.6,132.0,1009.4,785.0
2025-10-26 04:00:00,11.5,29.4,74.0,0.2,5.4,132.0,1008.6,680.0
2025-10-26 05:00:00,17.0,28.8,78.0,0.3,6.8,130.0,1008.3,565.0
2025-10-26 06:00:00,20.2,28.6,77.0,0.3,3.8,45.0,1008.0,485.0
2025-10-26 07:00:00,,28.6,79.0,0.0,3.1,347.0,1007.4,355.0
2025-10-26 08:00:00,14.8,28.0,79.0,3.0,4.0,10.0,1007.9,305.0
2025-10-26 09:00:00,13.7,27.5,84.0,0.0,4.2,355.0,1008.0,235.0
2025-10-26 10:00:00,12.3,27.2,86.0,0.0,4.3,338.0,1008.2,165.0
2025-10-26 11:00:00,18.8,27.1,87.0,0.0,3.5,336.0,1008.5,160.0
2025-10-26 12:00:00,22.3,27.1,87.0,0.0,4.8,323.0,1009.5,145.0
2025-10-26 13:00:00,40.9,27.2,86.0,0.0,5.7,319.0,1010.2,210.0
2025-10-26 14:00:00,,27.0,89.0,0.0,5.6,318.0,1010.3,230.0
2025-10-26 15:00:00,,26.6,90.0,0.0,4.2,340.0,1010.2,205.0
2025-10-26 16:00:00,14.2,26.3,92.0,0.0,3.7,11.0,1009.6,190.0
2025-10-26 17:00:00,7.86,26.2,93.0,0.0,3.7,43.0,1008.6,185.0
2025-10-26 18:00:00,4.02,26.1,95.0,0.0,2.1,31.0,1007.9,150.0
2025-10-26 19:00:00,2.42,26.0,95.0,0.0,4.2,25.0,1008.4,150.0
2025-10-26 20:00:00,9.19,25.9,95.0,0.0,3.7,29.0,1008.3,130.0
2025-10-26 21:00:00,15.8,25.6,96.0,0.0,4.2,20.0,1008.7,95.0
2025-10-26 22:00:00,25.0,25.6,96.0,0.0,4.2,5.0,1008.9,125.0
2025-10-26 23:00:00,29.0,25.9,92.0,0.0,5.8,20.0,1009.2,185.0
2025-10-27 00:00:00,16.2,27.0,87.0,0.0,3.0,57.0,1009.4,215.0
2025-10-27 01:00:00,21.2,28.3,80.0,0.0,5.7,127.0,1009.6,535.0
2025-10-27 02:00:00,16.4,29.5,74.0,0.0,4.5,130.0,1009.6,830.0
2025-10-27 03:00:00,,30.5,73.0,0.1,2.9,68.0,1008.7,1090.0
2025-10-27 04:00:00,7.65,30.5,73.0,0.3,2.8,191.0,1008.0,745.0
2025-10-27 05:00:00,1.43,28.6,81.0,0.6,7.8,134.0,1007.8,515.0
2025-10-27 06:00:00,1.89,27.3,88.0,0.6,3.3,261.0,1007.5,145.0
2025-10-27 07:00:00,,28.4,85.0,0.0,2.0,275.0,1007.8,215.0
2025-10-27 08:00:00,,28.2,86.0,0.1,2.1,345.0,1007.8,215.0
2025-10-27 09:00:00,,28.2,86.0,0.1,1.2,321.0,1008.1,445.0
2025-10-27 10:00:00,,27.6,89.0,0.1,3.9,37.0,1008.5,135.0
2025-10-27 11:00:00,,27.3,92.0,0.0,4.5,106.0,1008.7,115.0
2025-10-27 12:00:00,,27.2,83.0,0.0,6.0,95.0,1009.1,385.0
2025-10-27 13:00:00,,26.9,85.0,0.7,3.1,126.0,1010.0,155.0
2025-10-27 14:00:00,,26.5,88.0,0.8,4.7,162.0,1009.4,150.0
2025-10-27 15:00:00,,26.3,90.0,0.1,5.5,139.0,1009.1,190.0
2025-10-27 16:00:00,,26.2,90.0,0.0,5.0,111.0,1008.8,175.0
2025-10-27 17:00:00,0.26,26.0,92.0,0.0,5.4,104.0,1008.1,165.0
2025-10-27 18:00:00,,26.4,86.0,0.0,12.1,120.0,1007.3,530.0
2025-10-27 19:00:00,,26.4,86.0,0.0,10.9,117.0,1007.6,485.0
2025-10-27 20:00:00,8.5,26.4,86.0,0.0,9.8,114.0,1008.1,480.0
2025-10-27 21:00:00,12.4,26.3,86.0,0.0,8.8,101.0,1008.4,355.0
2025-10-27 22:00:00,23.8,26.0,88.0,0.0,8.0,81.0,1009.0,260.0
2025-10-27 23:00:00,26.7,26.3,86.0,0.0,5.2,61.0,1009.5,220.0
2025-10-28 00:00:00,,27.5,84.0,0.0,3.5,35.0,1010.3,465.0
2025-10-28 01:00:00,20.2,28.9,78.0,0.0,3.2,63.0,1010.6,620.0
2025-10-28 02:00:00,,30.1,70.0,0.0,3.9,112.0,1010.2,855.0
2025-10-28 03:00:00,14.9,31.0,65.0,0.0,4.4,148.0,1009.3,985.0
2025-10-28 04:00:00,22.6,31.4,64.0,0.0,3.4,205.0,1008.3,995.0
2025-10-28 05:00:00,,31.5,64.0,0.0,4.6,231.0,1007.3,955.0
2025-10-28 06:00:00,,31.3,65.0,0.1,5.0,255.0,1007.2,275.0
2025-10-28 07:00:00,30.4,29.6,76.0,3.2,6.9,340.0,1007.2,275.0
2025-10-28 08:00:00,31.0,29.3,77.0,0.1,4.0,360.0,1007.4,230.0
2025-10-28 09:00:00,31.7,28.9,77.0,0.6,1.1,9.0,1008.1,60.0
2025-10-28 10:00:00,38.1,28.1,85.0,0.5,4.5,323.0,1008.5,130.0
2025-10-28 11:00:00,27.0,28.3,85.0,0.0,4.8,347.0,1009.3,200.0
2025-10-28 12:00:00,33.0,26.6,89.0,0.0,12.4,41.0,1009.7,205.0
2025-10-28 13:00:00,26.0,27.0,85.0,1.1,4.2,335.0,1010.5,115.0
2025-10-28 14:00:00,67.9,25.5,92.0,4.8,3.4,354.0,1011.0,115.0
2025-10-28 15:00:00,,25.6,90.0,0.9,5.4,307.0,1010.7,170.0
2025-10-28 16:00:00,16.5,25.5,92.0,0.2,3.0,322.0,1009.9,280.0
2025-10-28 17:00:00,8.4,25.5,93.0,0.0,3.3,331.0,1009.5,325.0
2025-10-28 18:00:00,27.4,25.9,94.0,0.0,2.1,110.0,1008.7,120.0
2025-10-28 19:00:00,21.8,25.6,95.0,0.0,2.6,129.0,1008.2,140.0
2025-10-28 20:00:00,24.5,25.3,96.0,0.0,2.2,114.0,1008.3,150.0
2025-10-28 21:00:00,24.2,25.3,94.0,0.0,0.4,153.0,1008.6,160.0
2025-10-28 22:00:00,27.9,25.4,93.0,0.0,0.5,45.0,1009.5,150.0
2025-10-28 23:00:00,33.7,26.4,88.0,0.0,0.9,127.0,1010.2,180.0
2025-10-29 00:00:00,,27.0,89.0,0.0,2.9,43.0,1010.3,235.0
2025-10-29 01:00:00,,28.2,84.0,0.1,0.8,63.0,1010.8,340.0
2025-10-29 02:00:00,15.8,29.2,78.0,0.1,2.7,70.0,1010.3,515.0
2025-10-29 03:00:00,28.0,29.9,76.0,0.2,2.6,155.0,1009.5,755.0
2025-10-29 04:00:00,,28.5,80.0,0.5,6.5,82.0,1008.8,420.0
2025-10-29 05:00:00,23.4,29.1,79.0,0.1,6.8,125.0,1007.7,420.0
2025-10-29 06:00:00,,29.1,81.0,0.0,6.7,93.0,1007.4,480.0
2025-10-29 07:00:00,15.2,28.8,80.0,0.0,8.1,143.0,1007.1,515.0
2025-10-29 08:00:00,12.9,29.4,76.0,0.0,4.5,104.0,1007.1,595.0
2025-10-29 09:00:00,16.8,29.0,75.0,0.2,3.1,350.0,1007.1,335.0
2025-10-29 10:00:00,,28.2,83.0,0.0,6.0,311.0,1008.0,245.0
2025-10-29 11:00:00,24.2,27.9,85.0,0.0,6.0,299.0,1008.9,315.0
2025-10-29 12:00:00,,27.9,89.0,0.0,1.7,32.0,1009.7,45.0
2025-10-29 13:00:00,13.1,28.0,88.0,0.1,0.6,214.0,1009.9,15.0
2025-10-29 14:00:00,12.0,27.7,89.0,0.1,1.8,259.0,1009.7,40.0
2025-10-29 15:00:00,7.72,26.5,90.0,2.0,6.5,199.0,1010.0,195.0
2025-10-29 16:00:00,10.5,25.9,90.0,0.2,5.9,169.0,1009.5,205.0
2025-10-29 17:00:00,24.0,25.7,91.0,0.1,7.1,187.0,1009.2,210.0
2025-10-29 18:00:00,18.5,25.2,94.0,0.1,1.2,63.0,1008.5,50.0
2025-10-29 19:00:00,25.9,24.9,94.0,3.2,4.2,31.0,1008.7,190.0
2025-10-29 20:00:00,25.9,24.5,96.0,2.4,1.1,252.0,1008.2,100.0
2025-10-29 21:00:00,,24.5,96.0,0.3,4.1,142.0,1008.8,205.0
2025-10-29 22:00:00,21.8,24.3,97.0,4.5,6.1,146.0,1009.4,145.0
2025-10-29 23:00:00,,25.0,94.0,0.1,4.0,93.0,1009.6,160.0
2025-10-30 00:00:00,,26.3,91.0,0.1,3.8,11.0,1010.1,265.0
2025-10-30 01:00:00,26.9,27.4,87.0,0.1,4.8,11.0,1010.3,390.0
2025-10-30 02:00:00,23.9,28.0,87.0,0.2,2.3,113.0,1010.3,485.0
2025-10-30 03:00:00,,27.9,82.0,1.4,6.4,148.0,1009.8,325.0
2025-10-30 04:00:00,,27.1,86.0,1.9,5.9,166.0,1009.0,365.0
2025-10-30 05:00:00,29.5,27.8,84.0,0.0,2.3,122.0,1007.9,415.0
2025-10-30 06:00:00,37.8,26.6,88.0,0.0,5.7,281.0,1007.2,315.0
2025-10-30 07:00:00,34.8,27.7,82.0,0.0,2.7,278.0,1006.8,355.0
2025-10-30 08:00:00,,27.6,82.0,0.0,2.8,297.0,1007.3,445.0
2025-10-30 09:00:00,,26.4,88.0,0.7,0.8,333.0,1007.5,85.0
2025-10-30 10:00:00,,25.4,93.0,1.8,7.0,342.0,1008.7,205.0
2025-10-30 11:00:00,,24.8,94.0,8.6,3.6,3.0,1009.7,145.0
2025-10-30 12:00:00,,25.5,94.0,0.1,3.8,163.0,1009.7,140.0
2025-10-30 13:00:00,,25.7,93.0,0.0,3.8,352.0,1009.9,235.0
2025-10-30 14:00:00,31.7,25.3,93.0,1.5,3.1,230.0,1010.5,255.0
2025-10-30 15:00:00,24.4,25.4,92.0,0.1,4.2,340.0,1010.3,255.0
2025-10-30 16:00:00,,25.3,93.0,0.2,1.2,309.0,1009.9,220.0
2025-10-30 17:00:00,,25.0,94.0,0.0,6.8,22.0,1008.8,175.0
2025-10-30 18:00:00,37.0,25.8,93.0,0.0,4.5,56.0,1007.7,125.0
2025-10-30 19:00:00,40.0,25.4,94.0,0.0,0.2,90.0,1007.5,45.0
2025-10-30 20:00:00,37.1,25.4,94.0,0.0,0.6,198.0,1007.8,60.0
2025-10-30 21:00:00,31.5,25.8,91.0,0.0,5.1,138.0,1008.1,205.0
2025-10-30 22:00:00,33.0,25.9,91.0,0.0,8.0,104.0,1008.9,290.0
2025-10-30 23:00:00,26.2,26.6,87.0,0.0,8.4,105.0,1010.1,310.0
2025-10-31 00:00:00,17.9,27.8,86.0,0.0,4.0,58.0,1010.1,295.0
2025-10-31 01:00:00,,28.9,81.0,0.0,5.8,64.0,1010.2,610.0
2025-10-31 02:00:00,11.4,30.0,74.0,0.0,7.1,60.0,1010.2,830.0
2025-10-31 03:00:00,40.1,30.4,71.0,0.1,6.3,59.0,1009.2,855.0
2025-10-31 04:00:00,32.7,30.4,70.0,0.1,6.5,77.0,1008.3,850.0
2025-10-31 05:00:00,23.9,31.1,66.0,0.0,6.6,68.0,1007.4,945.0
2025-10-31 06:00:00,22.5,31.3,68.0,0.0,3.7,346.0,1007.1,885.0
2025-10-31 07:00:00,,31.2,68.0,0.1,2.7,307.0,1006.4,590.0
2025-10-31 08:00:00,13.5,30.3,76.0,0.1,3.1,270.0,1007.0,95.0
2025-10-31 09:00:00,21.4,29.1,83.0,0.1,8.3,219.0,1007.7,220.0
2025-10-31 10:00:00,20.3,28.5,86.0,0.0,5.9,215.0,1008.2,160.0
2025-10-31 11:00:00,22.6,28.5,85.0,0.0,4.7,164.0,1009.1,290.0
2025-10-31 12:00:00,40.9,27.9,90.0,0.0,2.5,262.0,1009.5,40.0
2025-10-31 13:00:00,22.2,28.2,90.0,0.0,2.9,133.0,1010.1,50.0
2025-10-31 14:00:00,16.6,28.0,91.0,0.0,7.4,113.0,1010.2,135.0
2025-10-31 15:00:00,10.2,27.9,85.0,0.0,9.7,115.0,1009.7,210.0
2025-10-31 16:00:00,6.65,27.6,84.0,0.0,12.0,122.0,1009.5,270.0
2025-10-31 17:00:00,9.69,27.2,85.0,0.0,12.3,119.0,1009.0,250.0
2025-10-31 18:00:00,9.37,27.0,88.0,0.0,4.7,88.0,1008.3,135.0
2025-10-31 19:00:00,9.54,26.9,89.0,0.0,1.3,344.0,1008.3,30.0
2025-10-31 20:00:00,13.0,26.7,91.0,0.0,0.9,323.0,1008.5,15.0
2025-10-31 21:00:00,15.9,26.5,89.0,0.4,3.4,18.0,1008.8,65.0
2025-10-31 22:00:00,15.9,26.1,91.0,0.0,3.2,357.0,1009.6,75.0
2025-10-31 23:00:00,12.4,26.7,89.0,0.0,2.2,351.0,1011.0,155.0
2025-11-01 00:00:00,14.4,28.0,82.0,0.0,1.5,54.0,1010.7,280.0
2025-11-01 01:00:00,8.47,29.1,79.0,0.1,2.3,90.0,1011.0,625.0
2025-11-01 02:00:00,12.7,30.0,76.0,0.1,3.8,98.0,1010.9,915.0
2025-11-01 03:00:00,10.7,30.4,71.0,0.1,8.6,113.0,1009.8,975.0
2025-11-01 04:00:00,6.87,31.2,65.0,0.1,9.6,116.0,1008.5,1045.0
2025-11-01 05:00:00,12.3,31.2,64.0,0.1,11.1,121.0,1007.6,1040.0
2025-11-01 06:00:00,4.59,32.2,58.0,0.1,8.6,98.0,1007.2,1280.0
2025-11-01 07:00:00,,32.2,56.0,0.0,6.1,90.0,1006.8,1315.0
2025-11-01 08:00:00,,31.5,56.0,0.0,0.7,270.0,1007.6,385.0
2025-11-01 09:00:00,10.1,29.3,77.0,0.0,5.3,305.0,1007.9,90.0
2025-11-01 10:00:00,19.4,28.3,89.0,0.0,4.0,265.0,1008.9,50.0
2025-11-01 11:00:00,38.0,28.0,92.0,0.0,2.1,239.0,1009.9,35.0
2025-11-01 12:00:00,20.1,28.7,78.0,2.0,3.2,183.0,1010.9,135.0
2025-11-01 13:00:00,48.8,27.9,83.0,0.0,5.2,207.0,1011.0,200.0
2025-11-01 14:00:00,17.3,27.1,86.0,0.0,7.7,204.0,1011.2,195.0
2025-11-01 15:00:00,18.9,26.8,87.0,0.0,5.0,182.0,1010.7,235.0
2025-11-01 16:00:00,,26.8,85.0,0.0,4.5,182.0,1010.6,250.0
2025-11-01 17:00:00,10.4,26.5,86.0,0.0,3.8,109.0,1009.5,135.0
2025-11-01 18:00:00,9.69,26.7,86.0,0.0,4.0,100.0,1009.0,95.0
2025-11-01 19:00:00,9.48,26.6,88.0,0.0,3.0,73.0,1008.7,80.0
2025-11-01 20:00:00,9.61,26.4,90.0,0.0,3.3,49.0,1009.0,70.0
2025-11-01 21:00:00,14.4,26.1,93.0,0.0,0.9,127.0,1009.1,25.0
2025-11-01 22:00:00,20.9,26.0,92.0,0.0,3.1,156.0,1009.6,65.0
2025-11-01 23:00:00,11.3,26.6,87.0,0.0,3.1,177.0,1010.7,170.0
2025-11-02 00:00:00,,27.0,87.0,0.0,2.8,342.0,1011.0,230.0
2025-11-02 01:00:00,10.0,28.2,80.0,0.0,0.8,117.0,1011.6,425.0
2025-11-02 02:00:00,,29.1,76.0,0.0,3.9,208.0,1011.0,600.0
2025-11-02 03:00:00,,30.3,72.0,0.0,4.5,233.0,1010.0,905.0
2025-11-02 04:00:00,,31.6,66.0,0.0,1.3,254.0,1008.7,1230.0
2025-11-02 05:00:00,,30.9,67.0,0.1,2.9,191.0,1007.8,840.0
2025-11-02 06:00:00,,30.5,68.0,0.1,2.4,216.0,1007.1,695.0
2025-11-02 07:00:00,,30.9,68.0,0.1,2.9,223.0,1006.7,625.0
2025-11-02 08:00:00,,30.4,70.0,0.3,2.3,270.0,1006.8,515.0
2025-11-02 09:00:00,,29.6,73.0,0.6,0.8,243.0,1007.4,50.0
2025-11-02 10:00:00,,29.2,75.0,0.1,3.5,28.0,1008.3,280.0
2025-11-02 11:00:00,39.5,28.6,79.0,0.0,5.2,22.0,1009.3,200.0
2025-11-02 12:00:00,26.8,28.0,78.0,0.0,8.8,17.0,1009.7,200.0
2025-11-02 13:00:00,,27.9,79.0,0.0,8.3,18.0,1010.3,220.0
2025-11-02 14:00:00,,27.7,80.0,0.0,7.1,15.0,1010.1,170.0
2025-11-02 15:00:00,,27.4,83.0,0.0,3.8,19.0,1010.2,115.0
2025-11-02 16:00:00,5.88,26.4,87.0,0.0,9.1,330.0,1010.2,180.0
2025-11-02 17:00:00,,24.6,93.0,12.3,9.3,344.0,1009.9,155.0
2025-11-02 18:00:00,,24.6,88.0,1.4,13.0,336.0,1009.1,190.0
2025-11-02 19:00:00,,24.2,91.0,4.6,10.2,351.0,1009.1,200.0
2025-11-02 20:00:00,12.2,24.5,92.0,3.5,10.9,17.0,1008.7,190.0
2025-11-02 21:00:00,9.03,24.5,92.0,0.1,8.5,28.0,1009.0,150.0
2025-11-02 22:00:00,,24.7,91.0,0.1,2.4,36.0,1009.2,110.0
2025-11-02 23:00:00,,25.3,89.0,0.0,1.3,16.0,1009.5,150.0
2025-11-03 00:00:00,,25.5,91.0,0.0,1.4,50.0,1010.3,65.0
2025-11-03 01:00:00,,26.4,87.0,0.6,2.7,8.0,1009.8,145.0
2025-11-03 02:00:00,,27.4,84.0,0.1,0.6,214.0,1009.4,245.0
2025-11-03 03:00:00,,28.2,81.0,0.0,2.9,187.0,1009.1,420.0
2025-11-03 04:00:00,,28.9,78.0,0.1,3.1,336.0,1007.8,590.0
2025-11-03 05:00:00,,29.5,74.0,0.1,5.6,15.0,1007.3,1180.0
2025-11-03 06:00:00,21.8,26.2,87.0,0.0,8.6,8.0,1007.7,425.0
2025-11-03 07:00:00,20.7,26.8,84.0,1.2,7.4,334.0,1007.5,175.0
2025-11-03 08:00:00,,26.9,85.0,0.2,3.3,36.0,1007.4,145.0
2025-11-03 09:00:00,21.3,27.2,83.0,0.0,2.9,184.0,1007.6,195.0
2025-11-03 10:00:00,22.5,27.1,85.0,0.0,2.7,238.0,1007.4,140.0
2025-11-03 11:00:00,,27.0,85.0,0.0,2.5,300.0,1008.1,125.0
2025-11-03 12:00:00,,25.4,90.0,0.0,4.9,336.0,1009.3,125.0
2025-11-03 13:00:00,,25.8,87.0,0.1,6.2,44.0,1009.2,390.0
2025-11-03 14:00:00,19.2,25.9,84.0,0.1,10.9,33.0,1008.8,410.0
2025-11-03 15:00:00,,25.8,84.0,0.1,11.4,33.0,1008.6,405.0
2025-11-03 16:00:00,,25.6,85.0,0.2,10.0,28.0,1007.9,435.0
2025-11-03 17:00:00,22.9,25.6,83.0,0.0,12.3,8.0,1006.5,540.0
2025-11-03 18:00:00,20.2,25.6,84.0,0.0,11.7,4.0,1006.3,625.0
2025-11-03 19:00:00,16.2,25.6,85.0,0.1,8.8,356.0,1005.7,470.0
2025-11-03 20:00:00,18.9,25.4,86.0,0.2,9.7,1.0,1005.4,400.0
2025-11-03 21:00:00,21.7,25.4,85.0,0.1,10.6,3.0,1005.3,505.0
2025-11-03 22:00:00,36.1,25.5,84.0,0.0,12.2,8.0,1005.8,610.0
2025-11-03 23:00:00,27.9,25.7,83.0,0.1,13.2,5.0,1006.3,545.0
2025-11-04 00:00:00,26.6,26.0,84.0,0.1,13.4,356.0,1006.5,640.0
2025-11-04 01:00:00,35.5,26.6,82.0,0.0,13.2,357.0,1006.9,640.0
2025-11-04 02:00:00,32.8,27.4,79.0,1.5,14.4,3.0,1006.7,810.0
2025-11-04 03:00:00,27.7,27.5,80.0,1.7,10.8,10.0,1006.0,550.0
2025-11-04 04:00:00,,27.5,81.0,0.1,12.6,355.0,1004.7,445.0
2025-11-04 05:00:00,20.7,27.7,81.0,0.5,10.3,16.0,1004.2,490.0
2025-11-04 06:00:00,,27.4,82.0,0.3,10.6,1.0,1003.8,440.0
2025-11-04 07:00:00,,27.4,82.0,0.2,9.8,353.0,1003.6,330.0
2025-11-04 08:00:00,,27.3,83.0,0.3,10.3,5.0,1003.8,370.0
2025-11-04 09:00:00,,27.1,85.0,0.1,6.7,358.0,1004.0,210.0
2025-11-04 10:00:00,23.2,26.8,89.0,0.0,4.9,360.0,1003.9,95.0
2025-11-04 11:00:00,21.7,26.6,89.0,0.0,5.5,17.0,1004.4,120.0
2025-11-04 12:00:00,14.5,26.1,93.0,0.1,3.6,93.0,1004.4,80.0
2025-11-04 13:00:00,17.3,26.3,93.0,0.0,6.7,36.0,1004.9,130.0
2025-11-04 14:00:00,20.2,26.1,93.0,0.0,8.1,360.0,1004.7,135.0
2025-11-04 15:00:00,13.7,26.1,92.0,0.1,6.3,2.0,1004.5,125.0
2025-11-04 16:00:00,19.2,25.8,94.0,0.2,1.6,360.0,1004.2,70.0
2025-11-04 17:00:00,29.2,25.9,90.0,0.1,6.1,34.0,1003.0,395.0
2025-11-04 18:00:00,38.4,25.9,90.0,0.1,7.5,66.0,1002.5,435.0
2025-11-04 19:00:00,44.7,26.0,87.0,0.0,7.1,75.0,1002.3,595.0
2025-11-04 20:00:00,29.1,26.2,83.0,0.0,8.8,75.0,1002.5,735.0
2025-11-04 21:00:00,20.4,26.2,82.0,0.0,10.4,62.0,1002.8,655.0
2025-11-04 22:00:00,16.3,26.4,81.0,0.0,10.4,79.0,1003.7,615.0
2025-11-04 23:00:00,19.9,26.8,80.0,0.1,10.1,79.0,1004.4,650.0
2025-11-05 00:00:00,9.51,27.3,79.0,0.0,11.5,91.0,1005.0,915.0
2025-11-05 01:00:00,9.21,28.3,77.0,0.0,13.1,102.0,1005.2,975.0
2025-11-05 02:00:00,12.4,29.6,69.0,0.0,17.9,96.0,1005.2,1125.0
2025-11-05 03:00:00,5.78,30.2,68.0,0.1,18.8,100.0,1004.8,1150.0
2025-11-05 04:00:00,6.03,30.2,66.0,0.0,20.4,108.0,1003.5,1130.0
2025-11-05 05:00:00,6.09,30.6,65.0,0.1,19.9,111.0,1002.6,1055.0
2025-11-05 06:00:00,6.64,30.6,64.0,0.0,18.3,113.0,1002.2,1135.0
2025-11-05 07:00:00,12.0,30.2,65.0,0.0,17.8,114.0,1002.3,1055.0
2025-11-05 08:00:00,11.5,29.8,69.0,0.0,15.6,113.0,1002.8,960.0
2025-11-05 09:00:00,18.3,29.2,72.0,0.0,13.5,111.0,1003.3,955.0
2025-11-05 10:00:00,30.1,28.3,76.0,0.0,13.9,109.0,1003.9,725.0
2025-11-05 11:00:00,18.7,27.8,79.0,0.0,13.8,103.0,1004.5,695.0
2025-11-05 12:00:00,9.76,27.6,78.0,0.0,11.6,94.0,1005.4,425.0
2025-11-05 13:00:00,13.2,27.5,78.0,0.0,11.6,105.0,1006.5,500.0
2025-11-05 14:00:00,18.5,27.4,78.0,0.0,12.8,105.0,1006.6,500.0
2025-11-05 15:00:00,5.66,27.2,79.0,0.0,12.3,113.0,1006.4,455.0
2025-11-05 16:00:00,,27.2,80.0,0.0,11.9,121.0,1006.4,510.0
2025-11-05 17:00:00,0.585,27.0,81.0,0.0,11.6,106.0,1006.2,535.0
2025-11-05 18:00:00,0.065,26.8,82.0,0.0,8.7,103.0,1006.2,405.0
2025-11-05 19:00:00,,26.8,82.0,0.0,8.3,106.0,1006.4,405.0
2025-11-05 20:00:00,4.27,26.7,81.0,0.0,8.6,101.0,1006.5,435.0
2025-11-05 21:00:00,,26.5,82.0,0.0,10.0,113.0,1006.7,500.0
2025-11-05 22:00:00,16.5,26.3,83.0,0.0,12.7,113.0,1007.2,485.0
2025-11-05 23:00:00,26.5,26.7,83.0,0.0,10.6,108.0,1007.9,500.0
2025-11-06 00:00:00,16.8,27.9,80.0,0.0,9.2,110.0,1008.5,670.0
2025-11-06 01:00:00,,29.0,75.0,0.0,11.4,117.0,1009.3,820.0
2025-11-06 02:00:00,11.6,29.8,71.0,0.0,14.0,125.0,1009.1,835.0
2025-11-06 03:00:00,,30.6,68.0,0.0,14.6,123.0,1008.2,905.0
2025-11-06 04:00:00,12.7,31.2,65.0,0.0,14.1,129.0,1007.6,1065.0
2025-11-06 05:00:00,12.9,30.7,65.0,0.2,13.6,131.0,1007.0,860.0
2025-11-06 06:00:00,11.4,31.2,66.0,0.1,9.3,143.0,1006.5,975.0
2025-11-06 07:00:00,13.2,30.4,69.0,1.5,8.3,134.0,1006.3,670.0
2025-11-06 08:00:00,15.4,30.1,71.0,0.0,7.5,125.0,1006.5,645.0
2025-11-06 09:00:00,,29.6,77.0,0.0,4.8,127.0,1006.7,455.0
2025-11-06 10:00:00,26.9,29.0,81.0,0.0,3.3,126.0,1007.8,155.0
2025-11-06 11:00:00,,28.7,83.0,0.0,4.0,126.0,1008.4,230.0
2025-11-06 12:00:00,15.1,28.8,79.0,0.0,5.5,171.0,1009.4,245.0
2025-11-06 13:00:00,18.9,28.7,79.0,0.0,4.8,143.0,1010.1,260.0
2025-11-06 14:00:00,16.5,28.1,83.0,0.0,4.6,121.0,1010.4,200.0
2025-11-06 15:00:00,21.1,27.5,86.0,0.0,4.9,82.0,1010.1,150.0
2025-11-06 16:00:00,18.6,27.1,88.0,0.0,3.0,57.0,1009.8,110.0
2025-11-06 17:00:00,21.4,26.7,90.0,0.0,0.4,117.0,1009.2,75.0
2025-11-06 18:00:00,20.1,26.1,93.0,0.0,1.7,49.0,1008.9,70.0
2025-11-06 19:00:00,16.3,26.0,93.0,0.0,1.9,331.0,1008.8,65.0
2025-11-06 20:00:00,19.1,25.7,93.0,0.0,3.3,279.0,1008.6,90.0
2025-11-06 21:00:00,32.3,25.8,92.0,0.0,4.5,272.0,1009.0,130.0
2025-11-06 22:00:00,,25.9,90.0,0.0,4.9,306.0,1009.7,175.0
2025-11-06 23:00:00,,26.0,91.0,0.0,4.9,352.0,1010.2,175.0
2025-11-07 00:00:00,29.9,26.9,87.0,0.0,5.4,346.0,1010.6,250.0
2025-11-07 01:00:00,29.4,28.3,83.0,0.0,4.5,344.0,1011.0,385.0
2025-11-07 02:00:00,31.7,29.6,76.0,0.0,2.7,340.0,1011.0,540.0
2025-11-07 03:00:00,43.4,30.4,70.0,0.1,2.6,304.0,1010.4,695.0
2025-11-07 04:00:00,28.5,30.9,69.0,0.0,3.4,273.0,1009.6,835.0
2025-11-07 05:00:00,30.2,30.6,71.0,0.0,5.2,264.0,1009.0,785.0
2025-11-07 06:00:00,32.9,29.3,72.0,1.1,8.1,294.0,1008.6,395.0
2025-11-07 07:00:00,28.8,30.1,71.0,0.1,3.9,22.0,1007.8,430.0
2025-11-07 08:00:00,31.7,28.7,76.0,0.3,2.6,16.0,1008.6,620.0
2025-11-07 09:00:00,,28.5,76.0,0.1,4.3,62.0,1008.2,315.0
2025-11-07 10:00:00,35.2,28.2,80.0,0.1,4.9,4.0,1009.1,300.0
2025-11-07 11:00:00,41.6,27.8,82.0,0.0,5.4,358.0,1009.4,355.0
2025-11-07 12:00:00,29.8,26.6,90.0,0.0,2.8,117.0,1010.2,55.0
2025-11-07 13:00:00,48.1,26.6,90.0,0.0,1.3,56.0,1010.7,240.0
2025-11-07 14:00:00,57.3,26.4,91.0,0.0,1.1,90.0,1010.3,170.0
2025-11-07 15:00:00,43.9,26.1,91.0,0.0,1.2,129.0,1009.5,160.0
2025-11-07 16:00:00,29.5,26.0,91.0,0.0,0.5,180.0,1009.2,175.0
2025-11-07 17:00:00,27.4,25.8,92.0,0.0,1.7,257.0,1008.3,185.0
2025-11-07 18:00:00,19.7,24.9,96.0,0.0,8.9,34.0,1008.8,280.0
2025-11-07 19:00:00,12.1,25.3,94.0,1.3,4.9,354.0,1008.2,215.0
2025-11-07 20:00:00,4.82,25.1,95.0,0.0,2.7,37.0,1008.0,195.0
2025-11-07 21:00:00,11.0,24.8,97.0,0.0,1.7,103.0,1008.3,125.0
2025-11-07 22:00:00,,24.5,97.0,0.0,1.7,122.0,1008.6,115.0
2025-11-07 23:00:00,,25.5,93.0,0.0,2.2,132.0,1009.1,125.0
2025-11-08 00:00:00,21.1,26.8,89.0,0.0,1.6,276.0,1009.2,255.0
2025-11-08 01:00:00,24.9,28.2,80.0,0.0,4.2,310.0,1009.1,505.0
2025-11-08 02:00:00,,29.4,71.0,0.2,7.3,353.0,1009.0,790.0
2025-11-08 03:00:00,,30.6,65.0,0.1,8.2,338.0,1008.2,960.0
2025-11-08 04:00:00,,31.0,63.0,0.1,10.6,316.0,1006.6,1325.0
2025-11-08 05:00:00,8.83,30.7,67.0,0.1,10.5,305.0,1005.4,890.0
2025-11-08 06:00:00,,30.1,72.0,0.1,9.7,292.0,1005.3,570.0
2025-11-08 07:00:00,22.2,30.4,70.0,0.2,9.6,296.0,1004.5,510.0
2025-11-08 08:00:00,20.2,29.8,71.0,0.0,12.0,306.0,1004.3,560.0
2025-11-08 09:00:00,26.0,29.6,71.0,0.0,7.4,315.0,1004.8,475.0
2025-11-08 10:00:00,19.1,29.0,77.0,0.0,4.5,307.0,1004.9,165.0
2025-11-08 11:00:00,23.8,28.6,80.0,0.0,4.2,306.0,1005.3,100.0
2025-11-08 12:00:00,22.0,28.5,82.0,0.0,4.0,273.0,1004.9,115.0
2025-11-08 13:00:00,20.4,28.2,82.0,0.0,6.0,353.0,1005.2,160.0
2025-11-08 14:00:00,21.2,27.3,81.0,0.0,7.2,3.0,1004.4,175.0
2025-11-08 15:00:00,18.3,26.9,79.0,0.0,8.2,346.0,1003.2,355.0
2025-11-08 16:00:00,16.0,26.6,81.0,0.0,8.3,14.0,1003.3,500.0
2025-11-08 17:00:00,17.4,26.5,81.0,0.0,9.9,351.0,1002.5,605.0
2025-11-08 18:00:00,15.2,26.8,76.0,0.0,10.3,354.0,1002.0,535.0
2025-11-08 19:00:00,8.18,26.6,74.0,0.0,10.5,333.0,1000.5,430.0
2025-11-08 20:00:00,12.1,26.5,68.0,0.0,12.6,349.0,999.8,540.0
2025-11-08 21:00:00,19.3,26.6,65.0,0.0,13.5,329.0,998.8,745.0
2025-11-08 22:00:00,19.3,25.7,75.0,0.9,15.0,318.0,999.3,870.0
2025-11-08 23:00:00,27.6,25.4,79.0,1.1,19.4,329.0,999.2,880.0
2025-11-09 00:00:00,20.0,25.6,78.0,0.9,12.7,324.0,998.9,725.0
2025-11-09 01:00:00,18.6,25.9,83.0,1.2,15.5,313.0,998.4,590.0
2025-11-09 02:00:00,24.8,26.4,83.0,0.4,16.6,319.0,996.9,805.0
2025-11-09 03:00:00,32.9,25.6,87.0,2.4,19.6,324.0,995.8,755.0
2025-11-09 04:00:00,,24.8,91.0,5.3,13.6,321.0,994.9,610.0
2025-11-09 05:00:00,15.6,24.8,91.0,5.0,13.2,301.0,993.0,665.0
2025-11-09 06:00:00,4.94,24.3,93.0,4.1,15.2,299.0,991.8,725.0
2025-11-09 07:00:00,19.9,24.8,94.0,8.5,16.6,272.0,990.0,785.0
2025-11-09 08:00:00,9.6,25.8,90.0,5.1,31.5,273.0,988.5,865.0
2025-11-09 09:00:00,11.1,26.9,85.0,2.3,33.0,277.0,987.5,895.0
2025-11-09 10:00:00,5.26,26.8,87.0,3.9,40.7,271.0,986.8,725.0
2025-11-09 11:00:00,2.44,27.0,87.0,2.6,35.7,251.0,986.4,755.0
2025-11-09 12:00:00,2.99,26.7,89.0,5.8,35.4,248.0,987.5,1005.0
2025-11-09 13:00:00,7.28,26.6,89.0,5.3,35.1,243.0,987.2,1080.0
2025-11-09 14:00:00,2.2,26.8,90.0,5.7,32.2,232.0,987.2,1105.0
2025-11-09 15:00:00,1.83,26.8,90.0,4.0,31.6,225.0,987.6,1140.0
2025-11-09 16:00:00,1.32,27.1,86.0,3.7,31.4,224.0,988.7,1080.0
2025-11-09 17:00:00,0.937,26.4,90.0,2.3,29.1,222.0,989.4,775.0
2025-11-09 18:00:00,0.01,26.4,89.0,2.6,27.6,230.0,990.2,860.0
2025-11-09 19:00:00,0.613,26.8,88.0,2.0,37.1,231.0,990.5,975.0
2025-11-09 20:00:00,0.0,26.2,87.0,1.5,38.7,227.0,991.3,950.0
2025-11-09 21:00:00,3.63,26.1,87.0,2.9,36.9,219.0,992.6,925.0
2025-11-09 22:00:00,4.03,26.2,89.0,1.6,34.2,215.0,994.1,915.0
2025-11-09 23:00:00,10.7,26.1,87.0,1.6,36.5,216.0,995.6,915.0
2025-11-10 00:00:00,3.99,27.5,83.0,1.4,31.9,221.0,996.1,1080.0
2025-11-10 01:00:00,5.94,28.1,81.0,0.2,29.9,226.0,997.2,1100.0
2025-11-10 02:00:00,1.47,28.1,78.0,0.7,33.3,228.0,998.5,1205.0
2025-11-10 03:00:00,4.96,28.4,75.0,0.7,36.2,221.0,998.4,1220.0
2025-11-10 04:00:00,4.0,28.8,75.0,0.8,35.3,223.0,997.9,1190.0
2025-11-10 05:00:00,7.58,27.6,81.0,1.8,36.6,230.0,997.4,1095.0
2025-11-10 06:00:00,8.88,29.2,80.0,0.6,22.0,213.0,997.0,1250.0
2025-11-10 07:00:00,,29.1,80.0,0.4,19.2,205.0,996.9,1120.0
2025-11-10 08:00:00,,28.4,77.0,0.5,27.3,234.0,998.3,1125.0
2025-11-10 09:00:00,12.8,27.5,84.0,1.6,22.9,212.0,998.9,1100.0
2025-11-10 10:00:00,13.3,26.3,86.0,1.4,24.7,233.0,1000.0,955.0
2025-11-10 11:00:00,14.5,26.8,85.0,0.9,24.4,217.0,1000.2,1035.0
2025-11-10 12:00:00,15.9,27.9,78.0,0.6,20.1,225.0,1001.6,1090.0
2025-11-10 13:00:00,13.5,27.6,76.0,0.3,25.3,213.0,1002.4,935.0
2025-11-10 14:00:00,10.4,26.2,84.0,0.7,21.5,222.0,1003.4,880.0
2025-11-10 15:00:00,8.7,26.8,79.0,0.6,24.2,223.0,1003.9,955.0
2025-11-10 16:00:00,6.33,26.1,83.0,0.4,27.8,215.0,1003.6,710.0
2025-11-10 17:00:00,21.8,25.5,88.0,0.1,15.9,192.0,1003.2,690.0
2025-11-10 18:00:00,9.66,26.4,85.0,0.2,16.6,220.0,1003.0,810.0
2025-11-10 19:00:00,,26.7,83.0,0.2,19.4,229.0,1003.1,840.0
2025-11-10 20:00:00,9.46,26.5,82.0,0.3,22.6,237.0,1003.7,800.0
2025-11-10 21:00:00,16.3,26.1,83.0,0.8,18.6,247.0,1004.4,710.0
2025-11-10 22:00:00,17.3,25.8,86.0,1.5,18.0,236.0,1005.1,655.0
2025-11-10 23:00:00,16.9,26.1,85.0,0.0,17.9,225.0,1005.7,650.0
2025-11-11 00:00:00,,27.7,79.0,0.0,14.3,250.0,1006.4,810.0
2025-11-11 01:00:00,,26.5,80.0,1.3,21.6,270.0,1007.4,670.0
2025-11-11 02:00:00,11.8,27.3,81.0,0.2,10.6,261.0,1007.1,570.0
2025-11-11 03:00:00,15.2,28.1,78.0,0.0,11.3,260.0,1006.5,680.0
2025-11-11 04:00:00,11.9,28.7,77.0,0.0,15.2,241.0,1005.3,705.0
2025-11-11 05:00:00,12.5,29.3,71.0,0.0,17.8,240.0,1004.5,845.0
2025-11-11 06:00:00,11.4,29.8,71.0,0.0,16.1,241.0,1004.3,825.0
2025-11-11 07:00:00,21.1,29.5,72.0,0.3,17.7,243.0,1004.2,805.0
2025-11-11 08:00:00,22.2,29.2,73.0,0.0,16.7,232.0,1004.2,765.0
2025-11-11 09:00:00,22.1,28.5,78.0,0.0,16.1,233.0,1004.7,635.0
2025-11-11 10:00:00,27.3,28.1,79.0,0.0,15.4,236.0,1005.1,645.0
2025-11-11 11:00:00,23.7,27.9,79.0,0.0,15.2,234.0,1005.8,615.0
2025-11-11 12:00:00,18.8,28.2,80.0,0.0,11.1,222.0,1006.1,445.0
2025-11-11 13:00:00,27.2,28.3,78.0,0.0,10.5,232.0,1006.9,540.0
2025-11-11 14:00:00,21.9,28.2,78.0,0.0,10.8,223.0,1007.2,560.0
2025-11-11 15:00:00,20.8,27.8,80.0,0.0,7.3,232.0,1007.1,335.0
2025-11-11 16:00:00,15.8,27.3,83.0,0.1,4.6,239.0,1006.9,140.0
2025-11-11 17:00:00,12.4,26.9,84.0,0.1,4.3,298.0,1006.7,125.0
2025-11-11 18:00:00,13.9,26.7,83.0,0.0,6.4,254.0,1006.3,375.0
2025-11-11 19:00:00,13.5,26.5,86.0,0.1,4.9,276.0,1006.3,195.0
2025-11-11 20:00:00,17.0,25.8,90.0,0.1,2.7,302.0,1006.5,115.0
2025-11-11 21:00:00,22.1,25.4,93.0,0.2,3.4,313.0,1006.9,125.0
2025-11-11 22:00:00,,25.0,95.0,0.1,1.5,330.0,1007.6,95.0
2025-11-11 23:00:00,27.7,26.1,90.0,0.0,2.0,350.0,1008.4,130.0
2025-11-12 00:00:00,20.4,27.1,88.0,0.0,1.3,34.0,1008.6,245.0
2025-11-12 01:00:00,33.0,28.4,82.0,0.2,3.2,286.0,1008.8,445.0
2025-11-12 02:00:00,,29.0,77.0,0.1,5.9,282.0,1008.8,615.0
2025-11-12 03:00:00,26.5,29.2,75.0,0.0,6.9,279.0,1008.4,580.0
2025-11-12 04:00:00,20.8,29.4,75.0,0.0,7.2,258.0,1008.0,555.0
2025-11-12 05:00:00,17.8,29.5,75.0,0.0,8.3,252.0,1007.2,585.0
2025-11-12 06:00:00,,29.7,73.0,0.0,7.8,265.0,1006.2,635.0
2025-11-12 07:00:00,24.0,29.6,73.0,0.0,6.8,243.0,1005.8,580.0
2025-11-12 08:00:00,22.5,29.3,74.0,0.0,7.7,221.0,1006.1,445.0
2025-11-12 09:00:00,23.6,28.7,77.0,0.0,7.1,214.0,1006.5,335.0
2025-11-12 10:00:00,,28.4,79.0,0.0,6.7,207.0,1007.0,270.0
2025-11-12 11:00:00,26.7,28.0,82.0,0.0,7.4,206.0,1008.2,215.0
2025-11-12 12:00:00,,28.1,82.0,0.0,0.2,360.0,1008.9,50.0
2025-11-12 13:00:00,,28.2,80.0,0.0,1.6,96.0,1009.3,50.0
2025-11-12 14:00:00,,27.6,85.0,0.0,1.5,69.0,1009.3,40.0
2025-11-12 15:00:00,26.1,27.4,86.0,0.0,2.6,12.0,1009.3,50.0
2025-11-12 16:00:00,,27.2,88.0,0.0,3.4,6.0,1008.8,65.0
2025-11-12 17:00:00,31.8,27.0,89.0,0.0,2.7,356.0,1008.1,70.0
2025-11-12 18:00:00,27.4,26.4,89.0,0.0,5.2,354.0,1007.9,205.0
2025-11-12 19:00:00,26.7,26.1,89.0,0.0,6.9,345.0,1007.8,225.0
2025-11-12 20:00:00,26.3,25.7,89.0,0.0,6.5,347.0,1008.0,235.0
2025-11-12 21:00:00,30.5,25.4,90.0,0.0,6.9,355.0,1008.2,265.0
2025-11-12 22:00:00,36.2,25.2,90.0,0.0,7.7,359.0,1008.8,280.0
2025-11-12 23:00:00,33.5,25.5,88.0,0.0,8.3,355.0,1009.4,310.0
2025-11-13 00:00:00,25.0,26.6,86.0,0.0,10.5,355.0,1009.7,370.0
2025-11-13 01:00:00,27.7,27.5,82.0,0.0,10.9,351.0,1010.0,475.0
2025-11-13 02:00:00,26.1,28.8,75.0,0.0,10.0,351.0,1010.1,645.0
2025-11-13 03:00:00,33.1,29.6,70.0,0.0,8.8,343.0,1009.3,695.0
2025-11-13 04:00:00,34.9,30.2,67.0,0.0,7.0,328.0,1008.7,715.0
2025-11-13 05:00:00,,30.4,67.0,0.0,8.2,293.0,1007.7,660.0
2025-11-13 06:00:00,,30.4,67.0,0.0,9.5,285.0,1006.9,655.0
2025-11-13 07:00:00,,30.0,70.0,0.0,8.7,284.0,1006.4,525.0
2025-11-13 08:00:00,22.1,29.6,71.0,0.0,6.8,287.0,1006.5,345.0
2025-11-13 09:00:00,,29.0,74.0,0.0,6.6,311.0,1007.0,405.0
2025-11-13 10:00:00,,28.6,77.0,0.0,6.5,346.0,1007.6,515.0
2025-11-13 11:00:00,,28.2,78.0,0.0,10.9,352.0,1008.4,595.0
2025-11-13 12:00:00,,27.5,80.0,0.0,11.3,350.0,1008.7,450.0
2025-11-13 13:00:00,36.3,27.0,81.0,0.0,11.7,4.0,1008.9,350.0
2025-11-13 14:00:00,27.3,26.5,81.0,0.0,11.9,3.0,1009.0,270.0
2025-11-13 15:00:00,,26.3,81.0,0.0,10.8,3.0,1008.7,220.0
2025-11-13 16:00:00,,25.8,84.0,0.0,9.1,8.0,1008.3,175.0
2025-11-13 17:00:00,,25.4,87.0,0.0,9.0,3.0,1008.1,155.0
2025-11-13 18:00:00,,25.1,89.0,0.0,9.5,1.0,1007.6,145.0
2025-11-13 19:00:00,,24.9,89.0,0.0,9.4,1.0,1007.5,155.0
2025-11-13 20:00:00,,24.7,88.0,0.0,9.0,1.0,1007.6,155.0
2025-11-13 21:00:00,,24.7,89.0,0.0,8.1,4.0,1007.8,145.0
2025-11-13 22:00:00,,24.5,90.0,0.0,6.4,10.0,1008.7,120.0
2025-11-13 23:00:00,,24.8,90.0,0.0,4.3,355.0,1009.4,100.0
2025-11-14 00:00:00,,25.7,89.0,0.0,2.9,360.0,1009.9,130.0
2025-11-14 01:00:00,,27.3,82.0,0.0,2.1,290.0,1010.3,255.0
2025-11-14 02:00:00,,28.4,76.0,0.0,1.3,254.0,1010.4,520.0
2025-11-14 03:00:00,,29.4,71.0,0.1,1.6,270.0,1009.5,690.0
2025-11-14 04:00:00,,29.9,69.0,0.1,2.2,256.0,1008.7,740.0
2025-11-14 05:00:00,,29.7,70.0,0.1,2.5,278.0,1007.7,120.0
2025-11-14 06:00:00,,29.3,73.0,0.0,6.5,300.0,1006.8,250.0
2025-11-14 07:00:00,17.3,29.6,73.0,0.0,3.7,317.0,1006.5,240.0
2025-11-14 08:00:00,,29.2,76.0,0.0,1.1,252.0,1006.7,105.0
2025-11-14 09:00:00,,28.7,77.0,0.0,3.9,127.0,1007.2,190.0
2025-11-14 10:00:00,,28.2,79.0,0.0,6.6,123.0,1007.7,195.0
2025-11-14 11:00:00,29.0,27.5,80.0,0.0,8.6,126.0,1008.5,210.0
2025-11-14 12:00:00,,26.5,88.0,0.0,6.0,106.0,1009.5,150.0
2025-11-14 13:00:00,,26.5,87.0,0.0,1.8,84.0,1010.0,85.0
2025-11-14 14:00:00,,26.3,89.0,0.1,1.0,31.0,1010.0,40.0
2025-11-14 15:00:00,26.0,26.1,89.0,0.0,3.5,345.0,1009.6,125.0
2025-11-14 16:00:00,,26.1,90.0,0.0,2.7,8.0,1009.9,75.0
2025-11-14 17:00:00,19.4,25.8,90.0,0.0,1.8,11.0,1009.1,40.0
2025-11-14 18:00:00,19.3,26.1,89.0,0.0,2.1,15.0,1009.0,50.0
2025-11-14 19:00:00,19.6,26.0,90.0,0.0,2.8,79.0,1009.0,60.0
2025-11-14 20:00:00,22.0,25.8,92.0,0.0,3.1,69.0,1008.8,80.0
2025-11-14 21:00:00,21.5,25.5,94.0,0.0,2.8,101.0,1008.8,70.0
2025-11-14 22:00:00,,25.4,94.0,0.0,3.6,127.0,1009.6,75.0
2025-11-14 23:00:00,,25.8,91.0,0.0,1.9,119.0,1010.3,100.0
2025-11-15 00:00:00,,26.3,87.0,0.0,4.1,90.0,1011.0,275.0
2025-11-15 01:00:00,,27.0,83.0,0.1,4.3,95.0,1011.7,490.0
2025-11-15 02:00:00,19.5,28.2,76.0,0.1,7.0,50.0,1011.3,885.0
2025-11-15 03:00:00,19.5,30.0,69.0,0.0,6.9,51.0,1010.5,1135.0
2025-11-15 04:00:00,17.4,30.8,65.0,0.0,11.5,65.0,1009.5,1230.0
2025-11-15 05:00:00,8.47,31.3,62.0,0.0,11.8,69.0,1008.8,1295.0
2025-11-15 06:00:00,9.12,31.2,58.0,0.0,12.1,85.0,1008.9,1250.0
2025-11-15 07:00:00,6.94,30.7,60.0,0.0,12.8,92.0,1008.7,1125.0
2025-11-15 08:00:00,4.37,30.4,62.0,0.0,10.1,85.0,1008.6,1145.0
2025-11-15 09:00:00,7.95,29.6,66.0,0.0,10.1,93.0,1009.3,1040.0
2025-11-15 10:00:00,23.8,28.4,73.0,0.0,8.5,111.0,1010.2,610.0
2025-11-15 11:00:00,30.0,27.8,78.0,0.0,4.2,97.0,1010.6,170.0
2025-11-15 12:00:00,,27.5,83.0,0.0,6.1,71.0,1011.2,125.0
2025-11-15 13:00:00,42.8,27.2,85.0,0.0,2.7,53.0,1011.5,65.0
2025-11-15 14:00:00,32.5,26.7,88.0,0.0,1.3,82.0,1011.7,25.0
2025-11-15 15:00:00,33.8,26.4,89.0,0.0,2.2,24.0,1011.6,65.0
2025-11-15 16:00:00,25.3,25.9,92.0,0.0,1.5,315.0,1011.1,40.0
2025-11-15 17:00:00,18.7,25.6,93.0,0.0,3.1,332.0,1010.8,90.0
2025-11-15 18:00:00,22.1,25.8,91.0,0.0,0.9,79.0,1010.3,35.0
2025-11-15 19:00:00,20.2,25.5,92.0,0.0,3.4,3.0,1009.9,75.0
2025-11-15 20:00:00,21.6,25.5,91.0,0.0,3.0,343.0,1010.0,85.0
2025-11-15 21:00:00,20.0,25.4,91.0,0.0,1.9,343.0,1010.1,50.0
2025-11-15 22:00:00,18.1,25.2,92.0,0.0,2.9,150.0,1010.9,65.0
2025-11-15 23:00:00,14.0,25.9,88.0,0.0,2.8,145.0,1011.9,155.0
2025-11-16 00:00:00,20.8,27.0,83.0,0.0,2.0,153.0,1012.2,305.0
2025-11-16 01:00:00,11.2,28.7,72.0,0.2,7.3,70.0,1012.5,725.0
2025-11-16 02:00:00,,30.0,64.0,0.2,12.1,72.0,1012.4,1060.0
2025-11-16 03:00:00,7.73,31.0,60.0,0.3,13.8,78.0,1011.9,1140.0
2025-11-16 04:00:00,10.3,31.3,59.0,0.4,13.6,83.0,1011.0,1185.0
2025-11-16 05:00:00,5.0,31.6,57.0,0.1,13.2,78.0,1010.2,1245.0
2025-11-16 06:00:00,5.99,31.5,56.0,0.0,12.3,84.0,1009.3,1225.0
2025-11-16 07:00:00,8.67,31.4,56.0,0.1,11.6,84.0,1009.4,1225.0
2025-11-16 08:00:00,4.74,30.7,60.0,0.0,9.6,74.0,1009.3,1140.0
2025-11-16 09:00:00,12.9,29.7,65.0,0.0,8.8,85.0,1009.9,1030.0
2025-11-16 10:00:00,18.2,28.7,69.0,0.0,7.6,93.0,1010.4,945.0
2025-11-16 11:00:00,25.2,27.9,74.0,0.0,7.7,118.0,1011.5,610.0
2025-11-16 12:00:00,25.2,28.3,74.0,0.0,6.5,98.0,1012.1,685.0
2025-11-16 13:00:00,36.5,28.0,73.0,0.0,3.1,80.0,1012.2,110.0
2025-11-16 14:00:00,42.4,27.6,76.0,0.0,3.2,117.0,1012.3,95.0
2025-11-16 15:00:00,23.6,27.1,79.0,0.0,4.0,120.0,1011.9,120.0
2025-11-16 16:00:00,18.1,26.8,80.0,0.0,4.0,117.0,1011.7,130.0
2025-11-16 17:00:00,17.0,26.4,83.0,0.0,3.6,72.0,1010.8,110.0
2025-11-16 18:00:00,10.3,26.4,83.0,0.0,1.6,84.0,1010.3,55.0
2025-11-16 19:00:00,7.22,26.5,82.0,0.0,2.4,48.0,1010.1,110.0
2025-11-16 20:00:00,6.25,26.3,83.0,0.0,5.6,135.0,1010.4,145.0
2025-11-16 21:00:00,11.7,26.0,85.0,0.0,3.6,99.0,1010.2,150.0
2025-11-16 22:00:00,17.0,25.8,86.0,0.0,0.4,180.0,1010.5,70.0
2025-11-16 23:00:00,12.6,26.0,84.0,0.0,1.3,90.0,1011.4,150.0
2025-11-17 00:00:00,,26.6,79.0,0.0,1.5,256.0,1011.7,200.0
2025-11-17 01:00:00,16.3,28.4,70.0,0.0,2.6,254.0,1011.9,290.0
2025-11-17 02:00:00,22.2,29.9,65.0,0.0,0.9,180.0,1011.8,690.0
2025-11-17 03:00:00,24.3,31.1,58.0,0.1,5.0,75.0,1010.9,970.0
2025-11-17 04:00:00,19.1,32.4,52.0,0.1,6.1,76.0,1009.8,1220.0
2025-11-17 05:00:00,21.6,32.6,50.0,0.2,5.2,74.0,1008.8,1210.0
2025-11-17 06:00:00,23.8,31.8,54.0,0.2,3.6,264.0,1008.1,935.0
2025-11-17 07:00:00,25.2,30.1,60.0,0.5,2.2,189.0,1008.1,555.0
2025-11-17 08:00:00,21.7,30.2,61.0,0.1,3.1,239.0,1007.7,425.0
2025-11-17 09:00:00,32.3,29.3,66.0,0.2,3.4,137.0,1008.6,300.0
2025-11-17 10:00:00,39.7,29.0,69.0,0.0,3.8,183.0,1008.8,245.0
2025-11-17 11:00:00,24.2,28.4,74.0,0.0,2.1,149.0,1009.8,115.0
2025-11-17 12:00:00,29.1,28.3,78.0,0.0,3.4,155.0,1010.4,130.0
2025-11-17 13:00:00,20.7,28.1,79.0,0.0,2.6,102.0,1011.1,170.0
2025-11-17 14:00:00,21.5,27.7,81.0,0.0,0.3,225.0,1010.8,220.0
2025-11-17 15:00:00,12.6,27.2,82.0,0.0,0.7,270.0,1010.7,150.0
2025-11-17 16:00:00,11.2,27.1,82.0,0.0,1.4,220.0,1010.4,130.0
2025-11-17 17:00:00,2.33,26.6,84.0,0.0,4.7,328.0,1010.0,260.0
2025-11-17 18:00:00,0.0,26.9,81.0,0.0,3.0,14.0,1009.5,105.0
2025-11-17 19:00:00,4.65,26.8,80.0,0.0,5.6,353.0,1009.2,175.0
2025-11-17 20:00:00,1.32,26.5,78.0,0.0,9.1,7.0,1009.4,200.0
2025-11-17 21:00:00,0.86,26.3,79.0,0.1,2.1,31.0,1009.6,95.0
2025-11-17 22:00:00,9.52,26.1,80.0,0.1,2.6,335.0,1009.9,140.0
2025-11-17 23:00:00,38.1,26.5,77.0,0.0,3.6,360.0,1010.6,215.0
2025-11-18 00:00:00,,27.6,76.0,0.0,6.4,10.0,1011.0,240.0
2025-11-18 01:00:00,,29.0,69.0,0.0,3.8,41.0,1011.3,910.0
2025-11-18 02:00:00,1.99,30.1,64.0,0.0,6.5,51.0,1010.8,1005.0
2025-11-18 03:00:00,8.94,31.4,59.0,0.1,7.6,47.0,1009.7,1320.0
2025-11-18 04:00:00,7.12,32.2,54.0,0.1,12.2,52.0,1008.8,1355.0
2025-11-18 05:00:00,2.99,32.1,53.0,0.2,14.8,58.0,1007.8,1330.0
2025-11-18 06:00:00,4.21,31.7,55.0,0.1,9.8,44.0,1006.8,1145.0
2025-11-18 07:00:00,3.17,31.5,55.0,0.0,11.2,55.0,1006.6,1165.0
2025-11-18 08:00:00,8.92,31.2,57.0,0.0,8.4,50.0,1006.8,1180.0
2025-11-18 09:00:00,18.6,30.2,61.0,0.0,5.4,60.0,1007.1,1065.0
2025-11-18 10:00:00,21.0,29.3,66.0,0.0,4.4,97.0,1007.5,280.0
2025-11-18 11:00:00,,28.3,74.0,0.0,6.4,122.0,1008.4,270.0
2025-11-18 12:00:00,25.7,28.2,74.0,0.0,5.0,64.0,1009.1,135.0
2025-11-18 13:00:00,9.44,28.0,77.0,0.0,4.8,119.0,1009.8,180.0
2025-11-18 14:00:00,9.38,27.6,79.0,0.0,5.9,128.0,1009.7,235.0
2025-11-18 15:00:00,11.4,27.2,80.0,0.0,5.3,123.0,1009.4,220.0
2025-11-18 16:00:00,10.6,26.9,81.0,0.0,3.1,114.0,1009.1,90.0
2025-11-18 17:00:00,20.2,26.5,83.0,0.0,1.9,68.0,1008.4,90.0
2025-11-18 18:00:00,12.2,26.8,82.0,0.0,1.9,22.0,1007.9,55.0
2025-11-18 19:00:00,3.36,26.9,80.0,0.0,5.6,2.0,1007.6,190.0
2025-11-18 20:00:00,6.58,26.8,79.0,0.0,4.0,3.0,1007.6,225.0
2025-11-18 21:00:00,11.2,26.6,79.0,0.1,2.5,339.0,1008.1,205.0
2025-11-18 22:00:00,,25.0,88.0,1.1,4.8,31.0,1008.9,175.0
2025-11-18 23:00:00,26.7,25.5,86.0,0.3,4.8,335.0,1009.8,230.0
2025-11-19 00:00:00,17.7,26.3,81.0,0.2,0.9,233.0,1010.7,240.0
2025-11-19 01:00:00,10.6,27.6,75.0,0.2,2.7,217.0,1011.3,360.0
2025-11-19 02:00:00,6.61,29.3,66.0,0.1,5.2,49.0,1010.9,810.0
2025-11-19 03:00:00,5.36,30.6,61.0,0.7,9.5,51.0,1009.7,1120.0
2025-11-19 04:00:00,10.4,31.1,59.0,0.7,11.0,64.0,1008.9,1125.0
2025-11-19 05:00:00,6.17,31.0,60.0,1.1,11.7,54.0,1007.9,1090.0
2025-11-19 06:00:00,,32.2,55.0,0.6,8.6,36.0,1006.9,1280.0
2025-11-19 07:00:00,4.64,32.1,54.0,0.1,8.7,40.0,1006.6,1270.0
2025-11-19 08:00:00,5.01,31.5,55.0,0.3,11.0,52.0,1006.9,1260.0
2025-11-19 09:00:00,21.6,30.1,61.0,0.3,7.5,57.0,1007.4,1115.0
2025-11-19 10:00:00,31.7,29.0,67.0,0.0,7.0,72.0,1008.2,1010.0
2025-11-19 11:00:00,29.2,28.0,74.0,0.0,6.8,122.0,1009.0,270.0
2025-11-19 12:00:00,25.1,28.1,76.0,0.0,6.2,97.0,1009.6,190.0
2025-11-19 13:00:00,10.9,27.7,77.0,0.0,7.6,102.0,1010.1,295.0
2025-11-19 14:00:00,13.9,27.2,77.0,0.0,5.7,103.0,1009.9,255.0
2025-11-19 15:00:00,16.9,26.9,78.0,0.0,3.7,119.0,1010.0,160.0
2025-11-19 16:00:00,,26.8,79.0,0.0,2.5,120.0,1009.8,115.0
2025-11-19 17:00:00,7.47,26.6,79.0,0.0,1.4,23.0,1009.3,95.0
2025-11-19 18:00:00,,26.9,80.0,0.0,2.7,28.0,1008.8,80.0
2025-11-19 19:00:00,,26.8,80.0,0.0,2.9,47.0,1008.4,160.0
2025-11-19 20:00:00,9.26,26.8,80.0,0.0,2.9,22.0,1008.5,170.0
2025-11-19 21:00:00,10.6,26.7,79.0,0.0,4.5,358.0,1008.7,185.0
2025-11-19 22:00:00,,26.6,76.0,0.0,7.0,357.0,1009.5,170.0
2025-11-19 23:00:00,,27.0,73.0,0.0,6.0,3.0,1010.3,215.0
2025-11-20 00:00:00,17.2,27.3,74.0,0.0,6.0,351.0,1011.3,265.0
2025-11-20 01:00:00,8.96,28.3,69.0,0.0,6.0,357.0,1011.6,360.0
2025-11-20 02:00:00,11.6,29.8,63.0,0.0,8.8,33.0,1011.5,985.0
2025-11-20 03:00:00,12.8,31.0,56.0,0.0,9.5,33.0,1010.7,1110.0
2025-11-20 04:00:00,5.53,31.9,53.0,0.5,10.6,46.0,1009.9,1255.0
2025-11-20 05:00:00,7.17,31.4,57.0,0.3,12.1,65.0,1009.3,1300.0
2025-11-20 06:00:00,5.48,30.6,59.0,0.0,9.0,75.0,1008.6,1145.0
2025-11-20 07:00:00,18.3,31.0,56.0,0.2,9.4,82.0,1008.2,1200.0
2025-11-20 08:00:00,11.3,30.3,60.0,0.2,9.7,88.0,1008.0,1060.0
2025-11-20 09:00:00,17.1,29.2,67.0,0.0,7.6,105.0,1008.5,930.0
2025-11-20 10:00:00,27.4,28.3,74.0,0.0,8.0,115.0,1009.3,420.0
2025-11-20 11:00:00,23.3,27.9,75.0,0.0,8.1,125.0,1010.1,340.0
2025-11-20 12:00:00,,28.8,72.0,0.0,4.6,59.0,1010.4,235.0
2025-11-20 13:00:00,16.7,28.7,70.0,0.0,5.5,52.0,1010.6,625.0
2025-11-20 14:00:00,15.9,28.3,71.0,0.0,3.9,43.0,1010.6,415.0
2025-11-20 15:00:00,83.1,27.8,73.0,0.0,1.5,54.0,1010.7,175.0
2025-11-20 16:00:00,10.2,27.4,76.0,0.0,1.3,98.0,1010.7,275.0
2025-11-20 17:00:00,7.34,27.0,78.0,0.0,1.9,107.0,1010.2,180.0
2025-11-20 18:00:00,1.28,27.2,76.0,0.0,0.7,360.0,1009.9,200.0
2025-11-20 19:00:00,1.65,27.1,77.0,0.0,1.8,11.0,1009.2,215.0
2025-11-20 20:00:00,2.15,26.9,79.0,0.0,2.1,20.0,1009.2,165.0
2025-11-20 21:00:00,5.06,26.7,80.0,0.0,4.5,14.0,1009.5,190.0
2025-11-20 22:00:00,,26.7,78.0,0.0,3.8,352.0,1010.0,260.0
2025-11-20 23:00:00,,27.0,76.0,0.0,3.6,30.0,1010.7,295.0
2025-11-21 00:00:00,12.5,26.6,80.0,0.0,0.3,225.0,1011.4,270.0
2025-11-21 01:00:00,12.7,28.9,69.0,0.1,1.5,60.0,1011.7,555.0
2025-11-21 02:00:00,8.86,30.1,62.0,0.2,5.0,69.0,1011.6,850.0
2025-11-21 03:00:00,11.2,31.2,57.0,0.4,6.9,62.0,1010.6,1070.0
2025-11-21 04:00:00,,32.3,53.0,0.3,5.9,63.0,1009.7,1445.0
2025-11-21 05:00:00,,32.1,54.0,0.0,9.0,77.0,1008.7,1225.0
2025-11-21 06:00:00,5.49,31.9,56.0,0.2,5.9,72.0,1008.0,1365.0
2025-11-21 07:00:00,4.93,32.0,54.0,0.1,8.4,81.0,1007.9,1225.0
2025-11-21 08:00:00,,31.0,58.0,0.0,3.8,49.0,1008.0,1165.0
2025-11-21 09:00:00,12.5,30.5,59.0,0.0,6.4,54.0,1008.6,975.0
2025-11-21 10:00:00,25.6,29.7,63.0,0.2,7.6,52.0,1009.2,980.0
2025-11-21 11:00:00,,29.3,65.0,0.0,6.2,75.0,1010.1,925.0
2025-11-21 12:00:00,27.4,29.2,66.0,0.0,8.3,85.0,1010.3,845.0
2025-11-21 13:00:00,46.2,28.8,67.0,0.0,7.5,63.0,1010.8,820.0
2025-11-21 14:00:00,32.2,28.3,69.0,0.0,5.8,70.0,1010.9,525.0
2025-11-21 15:00:00,,28.1,70.0,0.0,2.9,86.0,1010.8,280.0
2025-11-21 16:00:00,11.8,27.7,72.0,0.0,2.9,101.0,1010.6,240.0
2025-11-21 17:00:00,13.7,27.5,73.0,0.0,3.8,115.0,1010.2,305.0
2025-11-21 18:00:00,9.83,26.6,79.0,0.0,3.5,111.0,1009.8,275.0
2025-11-21 19:00:00,9.95,26.4,80.0,0.1,7.0,119.0,1010.1,330.0
2025-11-21 20:00:00,13.8,25.3,86.0,0.7,8.3,360.0,1010.0,245.0
2025-11-21 21:00:00,14.3,24.7,89.0,0.1,4.8,349.0,1009.9,135.0
2025-11-21 22:00:00,14.6,24.9,87.0,0.0,4.0,330.0,1010.5,140.0
2025-11-21 23:00:00,23.7,25.3,83.0,0.0,2.9,11.0,1010.9,155.0
2025-11-22 00:00:00,,27.6,72.0,0.0,2.3,288.0,1011.3,380.0
2025-11-22 01:00:00,,29.3,64.0,0.0,5.8,30.0,1011.7,1010.0
2025-11-22 02:00:00,10.5,30.7,57.0,0.0,8.9,47.0,1011.3,1195.0
2025-11-22 03:00:00,9.41,31.8,51.0,0.1,12.0,55.0,1010.4,1300.0
2025-11-22 04:00:00,,31.8,52.0,0.1,14.6,51.0,1009.4,1295.0
2025-11-22 05:00:00,5.96,31.4,53.0,0.1,14.6,55.0,1008.6,1205.0
2025-11-22 06:00:00,,31.8,50.0,0.5,13.9,44.0,1008.1,1355.0
2025-11-22 07:00:00,,31.3,53.0,0.2,14.2,39.0,1008.0,1255.0
2025-11-22 08:00:00,13.6,30.6,57.0,0.0,12.9,41.0,1008.1,1175.0
2025-11-22 09:00:00,,29.4,63.0,0.0,10.9,38.0,1008.3,1055.0
2025-11-22 10:00:00,,28.6,67.0,0.0,10.6,40.0,1008.7,1015.0
2025-11-22 11:00:00,29.8,28.3,68.0,0.0,7.1,24.0,1009.5,965.0
2025-11-22 12:00:00,37.6,28.6,69.0,0.0,7.5,27.0,1010.0,330.0
2025-11-22 13:00:00,,28.5,69.0,0.0,3.9,37.0,1010.4,345.0
2025-11-22 14:00:00,16.6,28.0,71.0,0.0,2.7,23.0,1010.3,235.0
2025-11-22 15:00:00,,27.7,72.0,0.0,2.4,9.0,1010.2,185.0
2025-11-22 16:00:00,9.86,27.5,74.0,0.0,2.9,353.0,1009.9,355.0
2025-11-22 17:00:00,9.44,26.9,76.0,0.0,4.1,337.0,1009.5,235.0
2025-11-22 18:00:00,8.88,27.0,74.0,0.0,7.0,356.0,1009.0,225.0
2025-11-22 19:00:00,,26.9,74.0,0.0,8.6,360.0,1008.6,265.0
2025-11-22 20:00:00,10.2,26.5,75.0,0.0,7.6,360.0,1008.7,225.0
2025-11-22 21:00:00,,26.4,76.0,0.0,6.5,2.0,1008.9,185.0
2025-11-22 22:00:00,,26.5,75.0,0.0,6.4,352.0,1009.7,185.0
2025-11-22 23:00:00,,26.8,74.0,0.0,6.7,3.0,1010.1,230.0
2025-11-23 00:00:00,,28.6,68.0,0.0,8.9,9.0,1010.8,440.0
2025-11-23 01:00:00,,29.9,61.0,0.0,10.1,39.0,1011.3,925.0
2025-11-23 02:00:00,10.5,30.8,57.0,0.1,12.0,44.0,1010.7,1160.0
2025-11-23 03:00:00,17.3,31.1,58.0,0.2,11.4,41.0,1009.7,1300.0
2025-11-23 04:00:00,,31.9,55.0,0.0,12.2,44.0,1008.7,1370.0
2025-11-23 05:00:00,,31.6,55.0,0.3,14.8,57.0,1007.6,1180.0
2025-11-23 06:00:00,,31.2,56.0,0.5,10.0,38.0,1007.3,980.0
2025-11-23 07:00:00,,30.6,59.0,0.3,10.9,34.0,1007.1,930.0
2025-11-23 08:00:00,,29.5,66.0,0.7,9.8,35.0,1007.3,725.0
2025-11-23 09:00:00,16.5,29.4,67.0,0.2,6.7,34.0,1007.7,1045.0
2025-11-23 10:00:00,18.5,28.7,70.0,0.1,8.9,29.0,1008.0,1055.0
2025-11-23 11:00:00,22.5,28.7,70.0,0.0,6.9,31.0,1008.6,1110.0
2025-11-23 12:00:00,,28.5,71.0,0.0,9.6,20.0,1009.0,390.0
2025-11-23 13:00:00,,28.3,70.0,0.0,9.8,24.0,1009.1,340.0
2025-11-23 14:00:00,,28.0,71.0,0.3,8.3,41.0,1009.4,255.0
2025-11-23 15:00:00,,27.7,73.0,0.1,4.7,28.0,1008.9,170.0
2025-11-23 16:00:00,10.4,27.6,73.0,0.0,4.7,9.0,1008.6,220.0
2025-11-23 17:00:00,11.6,27.5,73.0,0.0,6.0,7.0,1007.9,330.0
2025-11-23 18:00:00,3.63,27.3,74.0,0.0,8.9,7.0,1007.4,300.0
2025-11-23 19:00:00,2.41,27.3,74.0,0.0,7.7,1.0,1006.9,260.0
2025-11-23 20:00:00,6.62,27.0,76.0,0.0,7.9,11.0,1007.0,250.0
2025-11-23 21:00:00,10.8,27.0,76.0,0.1,8.7,17.0,1006.9,285.0
2025-11-23 22:00:00,9.84,27.0,75.0,0.0,10.6,18.0,1007.2,660.0
2025-11-23 23:00:00,,27.3,73.0,0.0,9.1,25.0,1008.1,945.0
2025-11-24 00:00:00,,28.2,70.0,0.0,12.8,15.0,1008.5,900.0
2025-11-24 01:00:00,,29.2,65.0,0.0,14.1,19.0,1008.7,930.0
2025-11-24 02:00:00,,30.7,59.0,0.3,17.5,32.0,1008.3,1195.0
2025-11-24 03:00:00,6.14,31.5,56.0,0.2,16.5,36.0,1007.7,1325.0
2025-11-24 04:00:00,3.84,32.0,54.0,0.1,17.8,38.0,1006.6,1420.0
2025-11-24 05:00:00,5.75,32.1,54.0,0.1,18.3,40.0,1005.9,1430.0
2025-11-24 06:00:00,4.35,31.1,57.0,0.0,15.2,26.0,1005.5,1270.0
2025-11-24 07:00:00,,30.9,58.0,0.0,17.3,29.0,1005.1,1230.0
2025-11-24 08:00:00,5.97,30.2,62.0,0.0,15.6,34.0,1005.2,1155.0
2025-11-24 09:00:00,16.9,29.6,65.0,0.0,12.5,28.0,1005.9,1165.0
2025-11-24 10:00:00,25.8,29.0,67.0,0.0,11.6,18.0,1006.1,1110.0
2025-11-24 11:00:00,24.0,28.7,69.0,0.0,8.5,356.0,1006.8,940.0
2025-11-24 12:00:00,19.9,28.4,70.0,0.1,7.2,6.0,1007.3,1090.0
2025-11-24 13:00:00,37.8,28.4,70.0,0.0,6.9,5.0,1007.5,745.0
2025-11-24 14:00:00,10.6,28.0,71.0,0.0,8.5,355.0,1007.5,550.0
2025-11-24 15:00:00,10.0,27.5,74.0,0.6,6.8,360.0,1007.4,305.0
2025-11-24 16:00:00,8.94,26.8,82.0,1.7,5.7,24.0,1007.0,255.0
2025-11-24 17:00:00,3.16,25.8,94.0,3.0,6.4,16.0,1006.6,250.0
2025-11-24 18:00:00,,25.1,91.0,1.4,12.7,7.0,1006.0,295.0
2025-11-24 19:00:00,,24.8,91.0,2.6,13.3,2.0,1005.4,295.0
2025-11-24 20:00:00,14.9,25.1,88.0,0.3,14.2,7.0,1004.6,480.0
2025-11-24 21:00:00,14.7,25.5,85.0,0.2,14.5,12.0,1004.5,685.0
2025-11-24 22:00:00,9.63,25.3,85.0,1.0,13.1,15.0,1004.6,785.0
2025-11-24 23:00:00,12.8,24.5,92.0,3.2,16.4,3.0,1005.1,605.0
2025-11-25 00:00:00,36.1,25.7,85.0,3.2,8.1,17.0,1005.8,240.0
2025-11-25 01:00:00,,26.1,85.0,0.3,7.0,1.0,1006.0,295.0
2025-11-25 02:00:00,,26.5,84.0,0.4,4.9,6.0,1005.8,305.0
2025-11-25 03:00:00,12.0,25.9,85.0,1.7,10.0,342.0,1005.0,200.0
2025-11-25 04:00:00,15.2,26.0,87.0,1.3,13.2,348.0,1004.2,265.0
2025-11-25 05:00:00,12.4,26.7,85.0,2.0,12.3,357.0,1003.7,350.0
2025-11-25 06:00:00,14.6,27.0,82.0,2.6,8.3,4.0,1003.0,355.0
2025-11-25 07:00:00,15.3,26.4,89.0,1.1,5.7,347.0,1002.9,160.0
2025-11-25 08:00:00,18.9,26.5,89.0,0.3,7.7,349.0,1002.7,185.0
2025-11-25 09:00:00,15.9,26.4,87.0,0.1,6.5,360.0,1002.9,175.0
2025-11-25 10:00:00,22.2,25.9,89.0,0.2,5.5,343.0,1003.3,110.0
2025-11-25 11:00:00,32.1,25.9,89.0,0.3,6.4,324.0,1003.8,100.0
2025-11-25 12:00:00,39.4,25.7,91.0,0.2,9.5,350.0,1004.5,125.0
2025-11-25 13:00:00,32.2,25.7,90.0,0.1,11.2,355.0,1004.3,150.0
2025-11-25 14:00:00,23.4,25.3,92.0,0.4,4.3,345.0,1004.8,120.0
2025-11-25 15:00:00,23.6,24.8,94.0,2.9,3.7,321.0,1004.7,85.0
2025-11-25 16:00:00,24.8,24.8,96.0,0.1,4.2,324.0,1003.7,70.0
2025-11-25 17:00:00,18.6,25.0,94.0,0.0,2.2,355.0,1003.6,65.0
2025-11-25 18:00:00,16.7,25.2,95.0,0.2,5.4,326.0,1003.1,100.0
2025-11-25 19:00:00,13.3,25.2,95.0,0.0,3.1,36.0,1003.2,70.0
2025-11-25 20:00:00,,25.1,96.0,0.1,9.8,97.0,1003.2,375.0
2025-11-25 21:00:00,,25.7,90.0,0.1,11.9,85.0,1003.2,675.0
2025-11-25 22:00:00,,25.9,87.0,0.0,11.2,86.0,1004.2,660.0
2025-11-25 23:00:00,26.0,26.2,85.0,0.4,14.4,91.0,1005.1,655.0
2025-11-26 00:00:00,17.1,27.3,81.0,1.3,13.3,88.0,1006.0,800.0
2025-11-26 01:00:00,4.31,28.2,80.0,0.0,13.9,94.0,1006.1,890.0
2025-11-26 02:00:00,7.66,29.1,76.0,0.0,16.3,95.0,1005.9,1030.0
2025-11-26 03:00:00,5.41,29.8,71.0,0.0,17.3,105.0,1005.6,1090.0
2025-11-26 04:00:00,8.87,30.1,69.0,0.1,18.2,108.0,1005.0,1055.0
2025-11-26 05:00:00,4.84,30.3,68.0,0.0,16.8,103.0,1004.1,1060.0
2025-11-26 06:00:00,10.6,30.7,66.0,0.1,15.8,116.0,1003.7,1070.0
2025-11-26 07:00:00,8.54,30.5,66.0,0.0,14.6,110.0,1003.9,1055.0
2025-11-26 08:00:00,5.04,29.7,71.0,0.0,12.9,103.0,1004.1,885.0
2025-11-26 09:00:00,17.0,28.9,75.0,0.0,12.0,102.0,1005.0,765.0
2025-11-26 10:00:00,13.7,27.6,80.0,0.0,11.9,95.0,1005.5,400.0
2025-11-26 11:00:00,24.2,27.2,81.0,0.0,8.8,88.0,1006.4,320.0
2025-11-26 12:00:00,22.3,27.6,81.0,0.0,9.7,87.0,1006.8,370.0
2025-11-26 13:00:00,,27.3,81.0,0.1,9.5,76.0,1007.4,320.0
2025-11-26 14:00:00,12.0,26.6,84.0,0.2,5.4,104.0,1007.8,265.0
2025-11-26 15:00:00,12.4,25.9,88.0,1.2,2.7,110.0,1006.9,135.0
2025-11-26 16:00:00,23.7,25.5,92.0,0.2,4.6,42.0,1007.4,205.0
2025-11-26 17:00:00,12.3,25.5,92.0,0.1,1.5,300.0,1006.5,60.0
2025-11-26 18:00:00,11.6,25.5,94.0,0.0,1.7,283.0,1006.6,85.0
2025-11-26 19:00:00,10.6,25.5,91.0,0.0,2.2,325.0,1006.1,100.0
2025-11-26 20:00:00,12.8,25.4,94.0,0.0,3.2,344.0,1006.1,110.0
2025-11-26 21:00:00,17.5,25.3,92.0,0.0,4.2,355.0,1006.7,120.0
2025-11-26 22:00:00,17.5,24.8,94.0,0.0,1.4,40.0,1007.3,105.0
2025-11-26 23:00:00,25.2,25.4,93.0,0.0,1.3,74.0,1007.8,115.0
2025-11-27 00:00:00,47.6,26.3,88.0,0.0,2.7,360.0,1008.0,180.0
2025-11-27 01:00:00,37.2,27.6,85.0,0.0,0.6,18.0,1008.1,340.0
2025-11-27 02:00:00,,28.8,80.0,0.1,2.0,95.0,1007.9,610.0
2025-11-27 03:00:00,,29.6,75.0,0.8,2.0,153.0,1006.6,675.0
2025-11-27 04:00:00,37.2,30.4,70.0,0.4,2.7,228.0,1005.7,735.0
2025-11-27 05:00:00,30.3,30.0,75.0,0.3,3.1,249.0,1005.0,495.0
2025-11-27 06:00:00,27.4,26.5,90.0,9.1,3.4,354.0,1005.5,230.0
2025-11-27 07:00:00,22.5,26.6,88.0,2.0,5.4,15.0,1005.5,255.0
2025-11-27 08:00:00,33.8,26.7,89.0,0.1,1.0,31.0,1006.1,295.0
2025-11-27 09:00:00,29.3,26.7,89.0,0.1,4.0,54.0,1005.8,315.0
2025-11-27 10:00:00,29.4,26.4,91.0,0.0,2.9,83.0,1006.5,160.0
2025-11-27 11:00:00,29.7,26.4,92.0,0.0,3.2,128.0,1007.0,170.0
2025-11-27 12:00:00,,26.9,90.0,0.0,4.5,85.0,1007.5,110.0
2025-11-27 13:00:00,8.99,26.9,91.0,0.0,4.5,119.0,1007.4,105.0
2025-11-27 14:00:00,,26.9,90.0,0.0,3.1,201.0,1007.4,130.0
2025-11-27 15:00:00,24.6,25.6,94.0,2.9,3.7,349.0,1007.7,70.0
2025-11-27 16:00:00,33.6,25.7,93.0,0.1,2.8,117.0,1007.3,155.0
2025-11-27 17:00:00,28.8,25.2,95.0,0.1,3.9,326.0,1007.4,150.0
2025-11-27 18:00:00,,25.3,93.0,1.4,6.0,83.0,1006.6,150.0
2025-11-27 19:00:00,25.3,25.3,94.0,0.1,2.7,143.0,1006.2,110.0
2025-11-27 20:00:00,12.9,25.3,92.0,0.0,4.0,93.0,1006.4,170.0
2025-11-27 21:00:00,13.0,25.3,90.0,0.0,3.1,45.0,1006.1,180.0
2025-11-27 22:00:00,30.1,25.4,90.0,0.0,3.5,51.0,1006.7,135.0
2025-11-27 23:00:00,27.9,25.4,91.0,0.0,3.4,335.0,1007.1,145.0
2025-11-28 00:00:00,35.1,26.6,89.0,0.0,1.2,51.0,1007.8,180.0
2025-11-28 01:00:00,,27.4,86.0,0.0,2.9,180.0,1008.6,270.0
2025-11-28 02:00:00,18.1,28.2,82.0,0.0,1.7,162.0,1008.8,450.0
2025-11-28 03:00:00,,28.6,82.0,0.2,4.8,155.0,1008.2,620.0
2025-11-28 04:00:00,16.5,28.5,82.0,0.3,6.1,168.0,1007.2,445.0
2025-11-28 05:00:00,,27.5,87.0,0.5,7.9,169.0,1006.5,495.0
2025-11-28 06:00:00,14.6,28.3,81.0,0.6,4.7,133.0,1005.8,415.0
2025-11-28 07:00:00,28.2,29.0,77.0,0.1,6.2,111.0,1005.6,620.0
2025-11-28 08:00:00,,28.9,75.0,0.0,6.5,113.0,1005.5,610.0
2025-11-28 09:00:00,22.1,28.2,81.0,0.1,4.7,90.0,1006.1,300.0
2025-11-28 10:00:00,18.9,27.4,87.0,0.0,2.8,108.0,1007.0,95.0
2025-11-28 11:00:00,18.9,27.0,88.0,0.0,1.8,101.0,1007.5,85.0
2025-11-28 12:00:00,24.3,27.1,92.0,0.0,2.3,241.0,1008.1,35.0
2025-11-28 13:00:00,25.1,27.3,91.0,0.0,3.1,173.0,1008.6,265.0
2025-11-28 14:00:00,25.0,27.2,86.0,0.0,4.5,178.0,1009.0,285.0
2025-11-28 15:00:00,4.74,26.2,90.0,0.0,7.7,303.0,1009.1,270.0
2025-11-28 16:00:00,11.0,25.6,90.0,0.0,3.6,303.0,1008.8,140.0
2025-11-28 17:00:00,5.48,25.6,90.0,0.0,1.5,330.0,1008.2,115.0
2025-11-28 18:00:00,10.6,25.1,90.0,0.0,2.7,360.0,1008.1,190.0
2025-11-28 19:00:00,17.0,25.2,90.0,0.1,1.1,9.0,1008.1,160.0
2025-11-28 20:00:00,25.8,25.0,91.0,0.0,2.9,137.0,1007.9,125.0
2025-11-28 21:00:00,,25.0,91.0,0.0,2.6,129.0,1007.8,120.0
2025-11-28 22:00:00,,25.2,90.0,0.0,2.4,193.0,1008.2,165.0
2025-11-28 23:00:00,25.7,25.6,89.0,0.0,2.5,159.0,1009.0,260.0
2025-11-29 00:00:00,29.1,26.6,88.0,0.0,4.7,90.0,1009.2,195.0
2025-11-29 01:00:00,,27.9,81.0,0.0,3.4,148.0,1009.6,390.0
2025-11-29 02:00:00,9.85,28.9,78.0,0.0,4.8,153.0,1009.6,580.0
2025-11-29 03:00:00,7.95,29.9,74.0,0.1,3.2,177.0,1008.9,815.0
2025-11-29 04:00:00,9.05,29.7,76.0,0.2,2.4,243.0,1008.3,745.0
2025-11-29 05:00:00,11.6,28.4,83.0,0.3,1.7,238.0,1007.4,450.0
2025-11-29 06:00:00,19.5,26.0,87.0,0.2,3.4,18.0,1007.3,135.0
2025-11-29 07:00:00,17.2,27.0,85.0,0.1,2.3,176.0,1007.4,170.0
2025-11-29 08:00:00,23.9,27.4,83.0,0.1,4.0,278.0,1008.0,405.0
2025-11-29 09:00:00,26.4,26.0,87.0,1.8,4.2,290.0,1009.0,270.0
2025-11-29 10:00:00,30.1,25.7,89.0,0.5,3.9,16.0,1009.1,310.0
2025-11-29 11:00:00,23.9,25.4,90.0,0.1,6.2,30.0,1009.7,220.0
2025-11-29 12:00:00,37.2,25.3,93.0,0.1,4.0,36.0,1010.7,165.0
2025-11-29 13:00:00,22.8,25.3,91.0,0.4,6.8,48.0,1011.1,160.0
2025-11-29 14:00:00,30.0,25.0,93.0,0.4,4.5,83.0,1010.5,115.0
2025-11-29 15:00:00,28.4,25.0,91.0,0.1,0.9,90.0,1010.4,90.0
2025-11-29 16:00:00,,25.1,90.0,0.0,1.0,135.0,1010.2,125.0
2025-11-29 17:00:00,27.1,25.2,88.0,0.0,2.5,4.0,1009.5,115.0
2025-11-29 18:00:00,40.6,24.6,95.0,0.0,5.6,21.0,1008.8,110.0
2025-11-29 19:00:00,56.9,24.6,91.0,0.0,4.7,32.0,1008.8,90.0
2025-11-29 20:00:00,36.1,24.6,89.0,0.0,3.8,357.0,1008.3,75.0
2025-11-29 21:00:00,,24.6,90.0,0.0,3.6,340.0,1008.6,90.0
2025-11-29 22:00:00,27.7,24.6,92.0,0.0,2.7,352.0,1009.1,90.0
2025-11-29 23:00:00,27.9,24.7,94.0,0.0,3.6,9.0,1009.8,115.0
2025-11-30 00:00:00,24.6,25.4,91.0,0.0,2.2,48.0,1010.5,165.0
2025-11-30 01:00:00,,26.7,86.0,0.0,0.4,63.0,1010.8,255.0
2025-11-30 02:00:00,,27.7,82.0,0.0,0.4,270.0,1010.5,450.0
2025-11-30 03:00:00,25.9,29.0,73.0,0.0,1.5,166.0,1009.7,685.0
2025-11-30 04:00:00,52.3,30.2,69.0,0.0,2.4,222.0,1008.5,815.0
2025-11-30 05:00:00,,29.8,73.0,0.0,6.9,253.0,1007.7,540.0
2025-11-30 06:00:00,24.7,29.3,74.0,0.1,3.1,216.0,1007.4,550.0
2025-11-30 07:00:00,5.35,29.1,76.0,0.0,6.0,25.0,1007.5,425.0
2025-11-30 08:00:00,,27.7,83.0,0.6,8.3,46.0,1008.2,260.0
2025-11-30 09:00:00,19.1,27.3,84.0,0.0,5.2,56.0,1008.3,175.0
2025-11-30 10:00:00,17.5,27.0,86.0,0.0,3.7,11.0,1008.7,110.0
2025-11-30 11:00:00,23.1,26.7,85.0,0.0,6.0,350.0,1009.7,140.0
2025-11-30 12:00:00,25.9,26.9,84.0,0.0,7.9,349.0,1010.5,140.0
2025-11-30 13:00:00,35.1,26.7,87.0,0.0,7.3,344.0,1010.6,155.0
2025-11-30 14:00:00,31.8,26.3,89.0,0.0,7.4,347.0,1011.0,180.0
2025-11-30 15:00:00,19.1,26.1,90.0,0.0,5.6,353.0,1010.8,200.0
2025-11-30 16:00:00,19.2,25.9,91.0,0.0,5.9,340.0,1010.7,225.0
2025-11-30 17:00:00,21.7,25.6,93.0,0.0,7.4,359.0,1009.9,215.0
2025-11-30 18:00:00,,25.2,94.0,0.0,8.6,1.0,1009.5,245.0
2025-11-30 19:00:00,16.2,25.0,95.0,0.0,7.7,359.0,1009.3,230.0
2025-11-30 20:00:00,13.9,24.9,94.0,0.0,7.4,353.0,1009.0,210.0
2025-11-30 21:00:00,16.5,24.8,94.0,0.0,5.3,8.0,1009.2,190.0
2025-11-30 22:00:00,17.3,24.7,95.0,0.0,4.1,34.0,1010.1,165.0
2025-11-30 23:00:00,14.5,24.9,95.0,0.0,2.7,70.0,1010.7,110.0
2025-12-01 00:00:00,,25.6,93.0,0.0,2.4,54.0,1011.0,135.0
2025-12-01 01:00:00,,26.5,89.0,0.0,1.3,146.0,1011.0,180.0
2025-12-01 02:00:00,26.9,27.4,85.0,0.0,2.2,185.0,1010.8,275.0
2025-12-01 03:00:00,41.3,28.2,82.0,0.0,1.5,263.0,1010.4,435.0
2025-12-01 04:00:00,45.7,28.5,79.0,0.0,1.2,243.0,1009.3,460.0
2025-12-01 05:00:00,52.7,29.2,75.0,0.1,3.3,174.0,1008.1,590.0
2025-12-01 06:00:00,60.7,29.6,74.0,0.1,5.1,203.0,1007.2,695.0
2025-12-01 07:00:00,44.3,29.7,74.0,0.1,3.4,205.0,1006.8,620.0
2025-12-01 08:00:00,,28.3,78.0,3.0,8.3,355.0,1007.3,235.0
2025-12-01 09:00:00,45.2,26.3,88.0,0.6,10.8,358.0,1007.8,205.0
2025-12-01 10:00:00,58.9,26.0,88.0,0.0,9.8,354.0,1008.6,220.0
2025-12-01 11:00:00,63.4,25.9,88.0,0.0,9.2,353.0,1009.3,295.0
2025-12-01 12:00:00,56.1,26.4,84.0,0.0,8.2,22.0,1009.4,195.0
2025-12-01 13:00:00,71.2,26.4,82.0,0.0,7.8,356.0,1009.6,190.0
2025-12-01 14:00:00,41.3,26.1,82.0,0.0,7.0,342.0,1009.4,165.0
2025-12-01 15:00:00,28.8,25.9,84.0,0.0,6.3,360.0,1009.2,175.0
2025-12-01 16:00:00,26.1,25.7,85.0,0.0,4.1,345.0,1008.7,160.0
2025-12-01 17:00:00,25.5,25.5,87.0,0.0,3.2,317.0,1008.1,145.0
2025-12-01 18:00:00,22.5,25.1,91.0,0.0,4.3,358.0,1007.6,160.0
2025-12-01 19:00:00,24.3,25.0,93.0,0.0,4.9,360.0,1007.4,180.0
2025-12-01 20:00:00,25.8,24.9,94.0,0.0,3.2,357.0,1007.4,135.0
2025-12-01 21:00:00,30.4,24.7,96.0,0.0,3.5,12.0,1007.6,80.0
2025-12-01 22:00:00,25.7,24.5,96.0,0.0,3.9,28.0,1008.5,65.0
2025-12-01 23:00:00,,24.7,95.0,0.0,3.2,16.0,1009.3,75.0
2025-12-02 00:00:00,,25.5,93.0,0.0,2.5,21.0,1009.8,145.0
2025-12-02 01:00:00,29.6,27.1,87.0,0.0,2.0,5.0,1010.3,220.0
2025-12-02 02:00:00,36.4,28.4,80.0,0.0,2.8,320.0,1010.2,415.0
2025-12-02 03:00:00,49.4,29.3,75.0,0.0,4.6,291.0,1009.4,520.0
2025-12-02 04:00:00,,29.5,76.0,0.1,5.4,285.0,1008.5,510.0
2025-12-02 05:00:00,36.9,29.6,77.0,0.2,5.4,274.0,1007.5,420.0
2025-12-02 06:00:00,39.7,29.7,74.0,0.2,6.0,311.0,1006.7,310.0
2025-12-02 07:00:00,36.0,28.8,79.0,2.6,3.4,18.0,1006.4,420.0
2025-12-02 08:00:00,44.5,28.7,80.0,0.0,3.1,357.0,1006.6,380.0
2025-12-02 09:00:00,27.8,28.4,77.0,1.2,4.4,30.0,1007.2,345.0
2025-12-02 10:00:00,28.7,27.3,88.0,2.0,3.8,79.0,1007.8,155.0
2025-12-02 11:00:00,30.8,27.1,85.0,0.0,0.6,124.0,1008.4,185.0
2025-12-02 12:00:00,,26.2,89.0,0.0,2.7,82.0,1009.0,60.0
2025-12-02 13:00:00,26.3,26.6,87.0,0.0,5.6,138.0,1009.1,110.0
2025-12-02 14:00:00,,25.6,90.0,0.5,3.5,204.0,1009.7,180.0
2025-12-02 15:00:00,27.0,25.7,87.0,0.3,3.2,47.0,1009.2,105.0
2025-12-02 16:00:00,22.6,25.4,91.0,0.0,1.8,11.0,1009.2,130.0
2025-12-02 17:00:00,25.9,25.6,91.0,0.0,5.3,10.0,1008.8,225.0
2025-12-02 18:00:00,12.1,25.6,91.0,0.0,4.5,7.0,1007.9,210.0
2025-12-02 19:00:00,14.5,25.4,93.0,0.0,1.3,98.0,1007.7,200.0
2025-12-02 20:00:00,13.8,25.2,93.0,0.0,1.2,207.0,1007.7,205.0
2025-12-02 21:00:00,,25.3,93.0,0.0,1.1,99.0,1008.2,200.0
2025-12-02 22:00:00,21.5,25.3,93.0,0.0,2.5,98.0,1008.9,195.0
2025-12-02 23:00:00,29.0,25.6,91.0,0.0,2.4,117.0,1009.8,200.0
2025-12-03 00:00:00,33.0,26.8,87.0,0.0,2.3,94.0,1010.4,215.0
2025-12-03 01:00:00,,28.0,83.0,0.0,2.3,108.0,1010.8,335.0
2025-12-03 02:00:00,32.3,29.0,78.0,0.0,1.8,180.0,1010.7,550.0
2025-12-03 03:00:00,39.0,29.7,75.0,0.0,2.8,195.0,1010.2,800.0
2025-12-03 04:00:00,39.5,30.0,72.0,0.1,1.0,225.0,1009.5,805.0
2025-12-03 05:00:00,,29.0,75.0,0.0,4.4,153.0,1008.6,490.0
2025-12-03 06:00:00,13.8,27.8,78.0,0.2,7.8,13.0,1008.2,280.0
2025-12-03 07:00:00,17.2,29.1,74.0,0.2,3.0,346.0,1007.7,260.0
2025-12-03 08:00:00,23.9,29.0,75.0,0.0,5.6,48.0,1007.7,310.0
2025-12-03 09:00:00,18.2,28.4,74.0,0.0,5.6,45.0,1008.2,305.0
2025-12-03 10:00:00,21.7,27.8,79.0,0.0,4.7,353.0,1008.4,245.0
2025-12-03 11:00:00,67.4,27.8,83.0,0.0,4.3,343.0,1009.3,225.0
2025-12-03 12:00:00,65.8,27.5,82.0,0.0,5.8,20.0,1009.6,145.0
2025-12-03 13:00:00,17.8,27.8,81.0,0.0,4.0,80.0,1010.2,160.0
2025-12-03 14:00:00,10.2,27.7,80.0,0.0,3.1,28.0,1010.4,90.0
2025-12-03 15:00:00,8.59,27.1,81.0,0.1,6.1,14.0,1010.2,235.0
2025-12-03 16:00:00,8.23,26.6,81.0,0.1,7.7,18.0,1010.0,165.0
2025-12-03 17:00:00,0.858,25.5,86.0,0.9,11.2,350.0,1009.6,145.0
2025-12-03 18:00:00,2.15,25.1,93.0,0.4,7.2,348.0,1009.3,205.0
2025-12-03 19:00:00,1.46,25.2,92.0,0.5,5.6,2.0,1009.0,230.0
2025-12-03 20:00:00,8.1,25.3,92.0,0.7,5.9,31.0,1009.0,250.0
2025-12-03 21:00:00,16.3,25.3,92.0,1.3,7.8,32.0,1009.1,280.0
2025-12-03 22:00:00,20.4,25.1,92.0,0.5,8.4,47.0,1009.7,295.0
2025-12-03 23:00:00,18.6,25.3,88.0,0.1,7.1,49.0,1010.1,405.0
2025-12-04 00:00:00,16.6,26.6,81.0,0.0,4.8,31.0,1011.3,190.0
2025-12-04 01:00:00,11.3,28.1,69.0,0.1,6.2,41.0,1011.5,910.0
2025-12-04 02:00:00,8.78,29.1,63.0,0.0,12.2,24.0,1011.1,1175.0
2025-12-04 03:00:00,15.1,29.7,58.0,0.0,15.3,41.0,1010.8,1280.0
2025-12-04 04:00:00,14.2,30.1,56.0,0.0,12.8,42.0,1009.8,1400.0
2025-12-04 05:00:00,10.2,30.2,55.0,0.0,12.0,43.0,1009.0,1420.0
2025-12-04 06:00:00,7.92,30.5,52.0,0.0,10.2,37.0,1008.5,1500.0
2025-12-04 07:00:00,9.2,30.2,52.0,0.0,12.9,43.0,1008.4,1500.0
2025-12-04 08:00:00,14.9,29.2,54.0,0.0,11.4,51.0,1009.0,1230.0
2025-12-04 09:00:00,,28.0,60.0,0.0,9.6,62.0,1009.5,970.0
2025-12-04 10:00:00,,27.5,62.0,0.0,9.2,90.0,1009.9,1050.0
2025-12-04 11:00:00,20.9,26.9,64.0,0.0,6.9,105.0,1010.6,1065.0
2025-12-04 12:00:00,58.5,27.0,66.0,0.0,4.0,30.0,1011.1,220.0
2025-12-04 13:00:00,22.6,26.9,65.0,0.0,3.9,37.0,1011.6,185.0
2025-12-04 14:00:00,12.7,26.4,70.0,0.0,5.4,4.0,1011.5,120.0
2025-12-04 15:00:00,17.4,25.9,74.0,0.0,6.1,360.0,1011.3,105.0
2025-12-04 16:00:00,14.1,25.5,77.0,0.0,6.5,357.0,1011.1,100.0
2025-12-04 17:00:00,,25.1,77.0,0.0,7.9,349.0,1010.8,115.0
2025-12-04 18:00:00,12.8,25.1,77.0,0.0,10.6,10.0,1010.6,150.0
2025-12-04 19:00:00,15.9,25.0,76.0,0.0,9.4,13.0,1010.4,160.0
2025-12-04 20:00:00,,24.7,75.0,0.0,10.9,8.0,1010.3,215.0
2025-12-04 21:00:00,,24.4,74.0,0.0,12.0,8.0,1010.3,250.0
2025-12-04 22:00:00,,24.1,75.0,0.0,11.8,11.0,1011.0,220.0
2025-12-04 23:00:00,24.8,24.4,74.0,0.0,12.0,7.0,1011.5,225.0
2025-12-05 00:00:00,25.1,25.6,69.0,0.0,11.7,4.0,1012.3,705.0
2025-12-05 01:00:00,10.8,26.8,63.0,0.0,9.0,6.0,1012.2,915.0
2025-12-05 02:00:00,5.37,28.0,59.0,0.0,11.5,44.0,1011.8,1170.0
2025-12-05 03:00:00,6.73,29.7,52.0,0.0,15.2,43.0,1011.1,1430.0
2025-12-05 04:00:00,6.25,30.1,50.0,0.0,15.6,35.0,1010.1,1415.0
2025-12-05 05:00:00,5.39,30.3,50.0,0.0,15.2,36.0,1009.5,1545.0
2025-12-05 06:00:00,5.76,30.4,49.0,0.0,13.9,38.0,1008.6,1585.0
2025-12-05 07:00:00,8.04,29.6,50.0,0.0,15.7,39.0,1008.3,1355.0
2025-12-05 08:00:00,10.9,28.3,56.0,0.0,12.0,46.0,1008.3,1085.0
2025-12-05 09:00:00,13.2,27.7,59.0,0.0,9.6,60.0,1008.3,900.0
2025-12-05 10:00:00,17.9,26.8,62.0,0.0,12.4,66.0,1008.8,780.0
2025-12-05 11:00:00,20.8,26.6,63.0,0.0,9.6,76.0,1009.3,730.0
2025-12-05 12:00:00,39.5,26.3,63.0,0.0,8.6,61.0,1009.9,450.0
2025-12-05 13:00:00,33.7,26.4,63.0,0.0,4.4,58.0,1010.3,115.0
2025-12-05 14:00:00,23.1,26.2,65.0,0.0,5.8,60.0,1010.4,780.0
2025-12-05 15:00:00,14.6,25.9,64.0,0.0,5.7,37.0,1010.1,150.0
2025-12-05 16:00:00,10.3,25.4,68.0,0.0,6.5,2.0,1010.0,105.0
2025-12-05 17:00:00,12.7,25.0,70.0,0.0,10.1,1.0,1009.6,450.0
2025-12-05 18:00:00,16.1,24.8,69.0,0.0,11.7,1.0,1009.1,570.0
2025-12-05 19:00:00,21.6,24.2,71.0,0.0,10.5,6.0,1009.0,375.0
2025-12-05 20:00:00,,23.9,73.0,0.0,10.5,355.0,1009.0,305.0
2025-12-05 21:00:00,23.1,23.9,73.0,0.0,7.6,353.0,1009.1,285.0
2025-12-05 22:00:00,24.9,23.5,76.0,0.0,6.6,339.0,1009.4,210.0
2025-12-05 23:00:00,23.7,23.3,77.0,0.0,8.5,335.0,1009.9,205.0
2025-12-06 00:00:00,25.1,23.9,74.0,0.0,7.5,352.0,1010.6,195.0
2025-12-06 01:00:00,,25.9,65.0,0.0,6.4,16.0,1010.8,265.0
2025-12-06 02:00:00,19.4,27.6,56.0,0.0,5.1,10.0,1010.6,410.0
2025-12-06 03:00:00,9.77,29.1,52.0,0.0,5.2,4.0,1010.1,1135.0
2025-12-06 04:00:00,5.16,30.5,48.0,0.0,9.0,5.0,1009.0,1540.0
2025-12-06 05:00:00,,30.4,48.0,0.0,10.5,33.0,1008.5,1585.0
2025-12-06 06:00:00,,30.7,47.0,0.0,11.2,58.0,1007.7,1635.0
2025-12-06 07:00:00,12.5,30.6,47.0,0.0,11.7,44.0,1007.1,1405.0
2025-12-06 08:00:00,20.0,29.6,50.0,0.0,13.4,35.0,1007.4,1120.0
2025-12-06 09:00:00,17.2,28.5,54.0,0.0,12.3,35.0,1007.9,950.0
2025-12-06 10:00:00,,28.2,56.0,0.0,8.3,46.0,1008.1,735.0
2025-12-06 11:00:00,31.7,27.3,61.0,0.0,10.6,55.0,1008.7,565.0
2025-12-06 12:00:00,18.7,27.0,64.0,0.0,4.0,90.0,1009.2,430.0
2025-12-06 13:00:00,35.1,27.0,65.0,0.0,1.6,153.0,1009.5,430.0
2025-12-06 14:00:00,26.8,26.7,66.0,0.0,2.2,312.0,1009.5,415.0
2025-12-06 15:00:00,19.9,26.4,67.0,0.0,4.0,30.0,1009.3,365.0
2025-12-06 16:00:00,,26.2,67.0,0.0,5.3,62.0,1008.8,335.0
2025-12-06 17:00:00,17.9,26.0,67.0,0.0,6.7,14.0,1008.4,470.0
2025-12-06 18:00:00,,25.1,75.0,0.0,8.4,337.0,1007.9,285.0
2025-12-06 19:00:00,,24.8,77.0,0.0,7.6,353.0,1007.6,245.0
2025-12-06 20:00:00,20.5,24.7,77.0,0.0,7.9,3.0,1007.4,250.0
2025-12-06 21:00:00,22.5,24.8,76.0,0.0,8.7,352.0,1007.7,260.0
2025-12-06 22:00:00,,24.8,75.0,0.0,9.2,3.0,1008.5,280.0
2025-12-06 23:00:00,,24.9,75.0,0.0,10.3,2.0,1008.9,360.0
2025-12-07 00:00:00,14.1,24.1,81.0,0.0,7.7,330.0,1009.8,270.0
2025-12-07 01:00:00,,25.2,73.0,0.0,9.0,323.0,1010.0,330.0
2025-12-07 02:00:00,12.4,27.0,62.0,0.0,11.0,349.0,1009.4,625.0
2025-12-07 03:00:00,10.1,28.6,59.0,0.0,14.3,7.0,1008.7,1265.0
2025-12-07 04:00:00,12.6,28.3,61.0,0.0,13.9,10.0,1008.3,1270.0
2025-12-07 05:00:00,8.14,28.1,62.0,0.0,14.5,22.0,1007.7,1215.0
2025-12-07 06:00:00,12.1,26.9,71.0,0.3,11.8,6.0,1006.7,945.0
2025-12-07 07:00:00,11.5,26.7,73.0,0.4,8.4,7.0,1006.7,760.0
2025-12-07 08:00:00,12.9,27.2,70.0,0.1,11.9,22.0,1006.7,825.0
2025-12-07 09:00:00,31.7,26.7,72.0,0.4,15.1,31.0,1006.7,810.0
2025-12-07 10:00:00,37.0,26.7,70.0,0.0,16.5,32.0,1007.3,780.0
2025-12-07 11:00:00,,26.1,74.0,0.4,15.2,19.0,1008.0,445.0
2025-12-07 12:00:00,33.9,26.2,77.0,0.5,8.6,350.0,1008.5,255.0
2025-12-07 13:00:00,26.4,26.2,78.0,0.0,9.5,19.0,1008.8,240.0
2025-12-07 14:00:00,19.7,26.2,77.0,0.0,9.8,26.0,1008.6,255.0
2025-12-07 15:00:00,6.9,26.6,74.0,0.0,11.8,28.0,1008.3,520.0
2025-12-07 16:00:00,0.56,26.5,74.0,0.0,14.3,23.0,1007.5,595.0
2025-12-07 17:00:00,0.0,26.3,74.0,0.0,12.9,25.0,1007.6,630.0
2025-12-07 18:00:00,8.87,25.8,77.0,0.0,10.7,6.0,1006.9,360.0
2025-12-07 19:00:00,10.1,25.8,77.0,0.0,9.9,356.0,1007.2,320.0
2025-12-07 20:00:00,4.34,25.6,78.0,0.1,10.6,9.0,1007.2,300.0
2025-12-07 21:00:00,10.7,25.3,80.0,0.0,6.1,24.0,1007.6,225.0
2025-12-07 22:00:00,,24.4,89.0,2.9,6.3,18.0,1008.2,145.0
2025-12-07 23:00:00,23.1,24.2,93.0,2.8,7.5,10.0,1008.7,145.0
2025-12-08 00:00:00,22.1,24.8,88.0,0.7,6.6,13.0,1009.5,165.0
2025-12-08 01:00:00,30.9,26.3,80.0,0.0,8.7,7.0,1009.3,230.0
2025-12-08 02:00:00,23.0,27.6,74.0,0.0,9.0,354.0,1008.8,365.0
2025-12-08 03:00:00,25.6,28.8,72.0,0.0,8.1,355.0,1008.4,660.0
2025-12-08 04:00:00,,29.8,67.0,0.2,7.2,13.0,1007.7,815.0
2025-12-08 05:00:00,,29.6,68.0,0.5,7.1,19.0,1007.1,730.0
2025-12-08 06:00:00,17.8,30.2,65.0,0.6,7.0,4.0,1006.4,945.0
2025-12-08 07:00:00,15.7,29.9,66.0,0.1,7.6,14.0,1006.2,695.0
2025-12-08 08:00:00,20.5,29.4,68.0,0.1,5.6,25.0,1006.3,475.0
2025-12-08 09:00:00,,28.9,71.0,0.1,4.6,21.0,1007.1,305.0
2025-12-08 10:00:00,36.0,28.4,74.0,0.0,6.6,37.0,1007.6,245.0
2025-12-08 11:00:00,25.9,27.9,77.0,0.0,5.9,43.0,1008.3,185.0
2025-12-08 12:00:00,52.1,27.6,81.0,0.0,4.2,50.0,1008.7,100.0
2025-12-08 13:00:00,62.5,27.4,82.0,0.0,5.3,55.0,1008.3,120.0
2025-12-08 14:00:00,13.7,26.8,85.0,0.0,3.3,84.0,1008.6,85.0
2025-12-08 15:00:00,7.65,26.6,87.0,0.0,4.0,54.0,1008.9,80.0
2025-12-08 16:00:00,4.2,26.3,89.0,0.0,2.3,32.0,1008.7,55.0
2025-12-08 17:00:00,3.5,25.8,90.0,0.0,2.7,328.0,1008.6,55.0
2025-12-08 18:00:00,3.19,25.7,90.0,0.3,4.0,54.0,1007.8,110.0
2025-12-08 19:00:00,0.0,25.6,90.0,0.1,3.7,11.0,1007.2,130.0
2025-12-08 20:00:00,1.0,25.4,91.0,0.0,5.5,41.0,1007.3,115.0
2025-12-08 21:00:00,15.4,25.4,90.0,0.0,5.2,31.0,1007.8,165.0
2025-12-08 22:00:00,22.0,25.2,89.0,0.0,5.6,21.0,1008.5,150.0
2025-12-08 23:00:00,,25.7,83.0,0.0,6.7,6.0,1009.3,180.0
2025-12-09 00:00:00,,26.0,84.0,0.0,3.6,150.0,1010.3,185.0
2025-12-09 01:00:00,,26.3,83.0,0.3,7.1,186.0,1011.0,320.0
2025-12-09 02:00:00,,26.9,80.0,0.3,5.9,207.0,1010.8,440.0
2025-12-09 03:00:00,36.1,28.0,73.0,0.4,1.4,270.0,1010.3,515.0
2025-12-09 04:00:00,,28.0,74.0,0.2,6.9,330.0,1009.5,570.0
2025-12-09 05:00:00,36.2,28.6,70.0,0.3,10.1,11.0,1008.6,710.0
2025-12-09 06:00:00,,24.0,96.0,4.1,7.3,200.0,1008.6,145.0
2025-12-09 07:00:00,21.5,25.6,86.0,1.5,6.9,160.0,1008.6,230.0
2025-12-09 08:00:00,50.1,25.0,91.0,2.3,6.8,282.0,1008.8,225.0
2025-12-09 09:00:00,25.2,25.3,90.0,0.4,5.6,327.0,1009.4,235.0
2025-12-09 10:00:00,,25.6,90.0,0.0,6.2,7.0,1009.5,230.0
2025-12-09 11:00:00,30.8,25.5,90.0,0.0,4.5,37.0,1009.9,160.0
2025-12-09 12:00:00,22.7,24.9,92.0,0.0,6.4,50.0,1010.4,70.0
2025-12-09 13:00:00,46.7,25.2,94.0,0.0,4.5,360.0,1011.0,85.0
2025-12-09 14:00:00,73.1,25.3,93.0,0.0,2.2,336.0,1010.8,85.0
2025-12-09 15:00:00,67.0,25.2,94.0,0.0,2.7,340.0,1010.8,75.0
2025-12-09 16:00:00,34.6,25.0,96.0,0.0,6.0,339.0,1010.6,100.0
2025-12-09 17:00:00,,24.0,96.0,0.2,13.2,343.0,1010.8,190.0
2025-12-09 18:00:00,21.4,24.2,94.0,0.2,4.0,339.0,1009.5,100.0
2025-12-09 19:00:00,,23.9,96.0,0.7,7.0,310.0,1009.5,230.0
2025-12-09 20:00:00,18.0,23.5,96.0,1.7,5.2,356.0,1009.5,145.0
2025-12-09 21:00:00,19.0,23.3,98.0,3.1,6.0,5.0,1010.0,235.0
2025-12-09 22:00:00,21.9,23.6,97.0,3.7,10.8,2.0,1010.2,265.0
2025-12-09 23:00:00,,23.8,95.0,0.5,7.3,10.0,1011.0,215.0
2025-12-10 00:00:00,,25.7,91.0,0.1,3.0,14.0,1011.7,175.0
2025-12-10 01:00:00,,27.3,85.0,0.0,1.0,31.0,1011.8,285.0
2025-12-10 02:00:00,17.0,27.9,79.0,0.0,1.3,82.0,1011.3,495.0
2025-12-10 03:00:00,,28.5,76.0,0.1,4.3,338.0,1010.6,550.0
2025-12-10 04:00:00,23.0,29.6,73.0,0.3,5.8,355.0,1009.8,755.0
2025-12-10 05:00:00,20.3,29.8,72.0,0.1,6.1,336.0,1008.8,675.0
2025-12-10 06:00:00,9.92,30.1,66.0,0.2,6.4,29.0,1008.1,945.0
2025-12-10 07:00:00,,30.0,63.0,0.6,7.1,45.0,1007.8,1015.0
2025-12-10 08:00:00,4.49,30.0,65.0,0.0,7.7,36.0,1007.8,1115.0
2025-12-10 09:00:00,,29.3,70.0,0.1,6.9,28.0,1008.1,370.0
2025-12-10 10:00:00,,28.0,80.0,0.0,4.7,23.0,1008.5,75.0
2025-12-10 11:00:00,47.0,27.4,85.0,0.0,2.3,51.0,1009.0,30.0
2025-12-10 12:00:00,81.2,27.0,87.0,0.0,3.6,84.0,1009.8,85.0
2025-12-10 13:00:00,34.6,26.9,88.0,0.0,2.8,55.0,1010.2,95.0
2025-12-10 14:00:00,16.9,26.6,88.0,0.0,2.1,15.0,1010.3,45.0
2025-12-10 15:00:00,15.6,26.3,90.0,0.0,1.7,77.0,1009.9,35.0
2025-12-10 16:00:00,,26.2,90.0,0.0,1.8,191.0,1009.6,45.0
2025-12-10 17:00:00,2.94,25.9,92.0,0.0,1.7,252.0,1009.2,40.0
2025-12-10 18:00:00,3.61,25.9,88.0,0.0,3.1,353.0,1008.3,80.0
2025-12-10 19:00:00,4.51,25.8,88.0,0.0,5.9,360.0,1008.5,150.0
2025-12-10 20:00:00,17.6,25.8,86.0,0.0,8.9,354.0,1008.5,245.0
2025-12-10 21:00:00,18.9,25.7,85.0,0.0,9.7,1.0,1008.9,240.0
2025-12-10 22:00:00,,25.6,85.0,0.0,9.3,8.0,1009.3,205.0
2025-12-10 23:00:00,,25.8,85.0,0.0,8.5,27.0,1009.6,190.0
2025-12-11 00:00:00,10.2,26.6,84.0,0.0,7.5,8.0,1010.7,255.0
2025-12-11 01:00:00,11.7,28.0,78.0,0.0,5.9,12.0,1010.9,385.0
2025-12-11 02:00:00,,29.0,71.0,0.1,6.5,39.0,1010.7,685.0
2025-12-11 03:00:00,,30.1,68.0,0.1,3.1,54.0,1010.1,1045.0
2025-12-11 04:00:00,22.4,30.3,65.0,0.1,3.1,36.0,1009.6,1005.0
2025-12-11 05:00:00,18.7,28.6,72.0,0.7,5.4,15.0,1009.1,525.0
2025-12-11 06:00:00,30.8,26.5,84.0,0.2,6.1,178.0,1008.6,195.0
2025-12-11 07:00:00,,27.1,80.0,0.3,3.6,207.0,1008.3,255.0
2025-12-11 08:00:00,13.4,27.5,79.0,0.0,6.1,166.0,1008.6,345.0
2025-12-11 09:00:00,43.1,27.8,78.0,0.0,4.6,149.0,1008.9,355.0
2025-12-11 10:00:00,25.2,27.6,78.0,0.0,5.6,147.0,1009.6,260.0
2025-12-11 11:00:00,28.9,27.4,79.0,0.0,3.4,93.0,1010.2,190.0
2025-12-11 12:00:00,25.1,26.8,84.0,0.0,4.2,80.0,1010.6,100.0
2025-12-11 13:00:00,19.1,26.6,85.0,0.0,1.5,21.0,1010.4,80.0
2025-12-11 14:00:00,18.8,26.6,86.0,0.0,3.6,171.0,1010.5,145.0
2025-12-11 15:00:00,19.4,26.4,86.0,0.0,4.4,109.0,1010.4,175.0
2025-12-11 16:00:00,18.7,25.8,87.0,0.0,6.0,139.0,1010.3,145.0
2025-12-11 17:00:00,17.0,25.7,87.0,0.0,4.7,162.0,1009.4,130.0
2025-12-11 18:00:00,14.6,25.9,89.0,0.0,0.9,217.0,1009.0,20.0
2025-12-11 19:00:00,8.37,25.8,89.0,0.0,2.0,333.0,1008.2,95.0
2025-12-11 20:00:00,5.72,25.5,90.0,0.0,5.8,4.0,1008.1,160.0
2025-12-11 21:00:00,,25.4,88.0,0.0,4.5,29.0,1008.4,150.0
2025-12-11 22:00:00,,25.4,88.0,0.0,3.6,27.0,1009.0,100.0
2025-12-11 23:00:00,18.7,25.6,86.0,0.0,2.2,14.0,1009.4,85.0
2025-12-12 00:00:00,,27.2,78.0,0.0,7.2,22.0,1010.2,225.0
2025-12-12 01:00:00,32.5,28.5,71.0,0.1,5.7,32.0,1010.6,620.0
2025-12-12 02:00:00,31.2,29.0,67.0,0.1,5.9,52.0,1010.4,750.0
2025-12-12 03:00:00,11.6,29.8,63.0,0.3,7.6,71.0,1009.9,900.0
2025-12-12 04:00:00,,29.8,61.0,0.2,8.6,61.0,1009.0,885.0
2025-12-12 05:00:00,8.1,30.0,62.0,0.1,8.7,68.0,1007.7,1015.0
2025-12-12 06:00:00,,30.2,61.0,0.1,6.2,73.0,1006.9,1075.0
2025-12-12 07:00:00,11.2,30.7,59.0,0.0,7.5,63.0,1006.3,1245.0
2025-12-12 08:00:00,11.9,30.3,59.0,0.0,6.3,51.0,1006.6,1150.0
2025-12-12 09:00:00,13.7,29.5,62.0,0.0,6.4,52.0,1007.5,1000.0
2025-12-12 10:00:00,26.1,28.7,66.0,0.0,6.5,58.0,1008.4,415.0
2025-12-12 11:00:00,23.9,28.2,68.0,0.0,5.2,78.0,1009.2,415.0
2025-12-12 12:00:00,33.1,28.1,70.0,0.0,4.9,73.0,1010.0,820.0
2025-12-12 13:00:00,51.6,28.1,68.0,0.0,3.4,65.0,1010.6,840.0
2025-12-12 14:00:00,45.7,27.5,70.0,0.0,2.9,4.0,1010.6,100.0
2025-12-12 15:00:00,26.0,27.0,73.0,0.0,4.4,353.0,1010.4,125.0
2025-12-12 16:00:00,19.8,26.5,76.0,0.0,4.2,5.0,1010.1,110.0
2025-12-12 17:00:00,11.8,26.3,77.0,0.0,2.8,40.0,1009.7,70.0
2025-12-12 18:00:00,6.48,26.3,77.0,0.0,6.1,12.0,1009.1,120.0
2025-12-12 19:00:00,3.64,26.0,78.0,0.0,6.1,14.0,1008.7,135.0
2025-12-12 20:00:00,6.67,25.7,79.0,0.0,6.6,13.0,1008.4,150.0
2025-12-12 21:00:00,,25.7,79.0,0.0,6.0,10.0,1008.7,155.0
2025-12-12 22:00:00,,25.8,79.0,0.0,5.3,10.0,1009.4,130.0
2025-12-12 23:00:00,,26.0,78.0,0.0,4.7,9.0,1010.0,130.0
2025-12-13 00:00:00,,27.0,74.0,0.0,1.4,310.0,1010.5,180.0
2025-12-13 01:00:00,19.7,28.7,65.0,0.0,2.4,17.0,1011.0,925.0
2025-12-13 02:00:00,14.7,30.0,59.0,0.0,4.7,28.0,1010.7,1085.0
2025-12-13 03:00:00,13.5,31.1,56.0,0.0,7.5,57.0,1010.0,1380.0
2025-12-13 04:00:00,11.2,31.8,53.0,0.0,12.3,82.0,1009.1,1465.0
2025-12-13 05:00:00,12.9,32.0,51.0,0.0,10.4,79.0,1007.8,1340.0
2025-12-13 06:00:00,13.6,29.9,59.0,0.0,12.0,107.0,1007.8,860.0
2025-12-13 07:00:00,14.4,30.4,57.0,0.1,11.9,92.0,1007.6,975.0
2025-12-13 08:00:00,5.55,30.5,57.0,0.0,10.2,69.0,1007.6,1100.0
2025-12-13 09:00:00,25.5,29.6,60.0,0.0,8.1,53.0,1007.8,1045.0
2025-12-13 10:00:00,20.7,28.7,65.0,0.0,7.0,23.0,1008.1,335.0
2025-12-13 11:00:00,18.0,28.1,68.0,0.0,5.2,34.0,1009.0,245.0
2025-12-13 12:00:00,,27.5,73.0,0.0,8.1,45.0,1009.6,275.0
2025-12-13 13:00:00,21.1,27.6,71.0,0.0,5.8,70.0,1010.1,275.0
2025-12-13 14:00:00,18.8,27.3,72.0,0.0,2.8,101.0,1010.2,190.0
2025-12-13 15:00:00,22.5,26.9,75.0,0.0,3.3,126.0,1010.1,145.0
2025-12-13 16:00:00,23.1,26.7,76.0,0.0,3.5,145.0,1009.9,155.0
2025-12-13 17:00:00,29.4,26.3,78.0,0.0,1.8,143.0,1009.6,65.0
2025-12-13 18:00:00,28.3,26.3,77.0,0.0,1.1,81.0,1009.0,85.0
2025-12-13 19:00:00,22.2,26.1,79.0,0.1,1.7,58.0,1008.9,95.0
2025-12-13 20:00:00,16.6,25.9,80.0,0.0,3.1,111.0,1008.7,120.0
2025-12-13 21:00:00,,25.6,82.0,0.1,3.1,118.0,1008.8,165.0
2025-12-13 22:00:00,,25.3,83.0,0.2,3.7,133.0,1009.3,155.0
2025-12-13 23:00:00,17.8,25.4,82.0,0.2,5.4,154.0,1010.2,215.0
2025-12-14 00:00:00,15.9,26.4,78.0,0.0,2.3,321.0,1010.9,265.0
2025-12-14 01:00:00,14.3,27.3,74.0,0.0,2.4,312.0,1011.5,435.0
2025-12-14 02:00:00,31.5,28.8,65.0,0.0,2.9,349.0,1011.6,865.0
2025-12-14 03:00:00,33.0,29.6,60.0,0.2,5.7,351.0,1010.9,940.0
2025-12-14 04:00:00,26.6,30.2,57.0,0.6,6.7,3.0,1010.0,1090.0
2025-12-14 05:00:00,25.1,31.0,53.0,0.1,5.6,6.0,1008.9,1235.0
2025-12-14 06:00:00,13.5,30.8,52.0,0.1,4.0,357.0,1008.3,1325.0
2025-12-14 07:00:00,7.58,31.3,50.0,0.1,7.0,23.0,1007.8,1435.0
2025-12-14 08:00:00,8.63,30.7,47.0,0.0,10.9,40.0,1008.0,1160.0
2025-12-14 09:00:00,12.5,29.4,50.0,0.0,10.6,44.0,1008.4,1015.0
2025-12-14 10:00:00,27.3,28.5,55.0,0.0,7.5,40.0,1009.0,945.0
2025-12-14 11:00:00,39.2,27.9,58.0,0.0,4.4,52.0,1009.7,945.0
2025-12-14 12:00:00,29.4,27.8,58.0,0.0,3.5,66.0,1010.2,125.0
2025-12-14 13:00:00,32.7,27.6,60.0,0.0,2.0,95.0,1010.3,785.0
2025-12-14 14:00:00,63.1,27.1,63.0,0.0,1.5,166.0,1010.3,55.0
2025-12-14 15:00:00,35.6,26.8,64.0,0.0,1.4,310.0,1010.0,55.0
2025-12-14 16:00:00,23.4,26.4,68.0,0.0,3.6,333.0,1009.9,115.0
2025-12-14 17:00:00,,26.1,72.0,0.0,5.8,346.0,1009.5,160.0
2025-12-14 18:00:00,19.5,25.9,74.0,0.0,7.2,1.0,1008.9,170.0
2025-12-14 19:00:00,14.5,25.6,76.0,0.0,9.0,15.0,1009.1,180.0
2025-12-14 20:00:00,11.1,25.1,78.0,0.0,10.8,11.0,1009.0,170.0
2025-12-14 21:00:00,18.0,24.8,77.0,0.0,9.3,16.0,1009.1,130.0
2025-12-14 22:00:00,24.1,24.8,76.0,0.0,7.3,20.0,1009.8,90.0
2025-12-14 23:00:00,24.9,25.4,73.0,0.0,7.7,12.0,1009.9,130.0
2025-12-15 00:00:00,,26.5,67.0,0.0,8.6,360.0,1010.7,250.0
2025-12-15 01:00:00,19.2,27.8,63.0,0.0,5.2,333.0,1011.1,255.0
2025-12-15 02:00:00,,28.8,61.0,0.0,7.6,355.0,1011.2,1115.0
2025-12-15 03:00:00,33.8,29.6,60.0,0.0,15.0,18.0,1010.5,1160.0
2025-12-15 04:00:00,28.1,30.0,58.0,0.1,17.9,34.0,1009.6,1225.0
2025-12-15 05:00:00,23.1,30.1,59.0,0.0,13.5,54.0,1009.4,1320.0
2025-12-15 06:00:00,,26.4,79.0,0.2,4.8,34.0,1008.9,275.0
2025-12-15 07:00:00,,26.4,82.0,2.4,5.8,340.0,1008.9,255.0
2025-12-15 08:00:00,,25.6,91.0,2.4,3.4,344.0,1008.9,200.0
2025-12-15 09:00:00,,25.3,93.0,2.3,2.7,298.0,1009.3,150.0
2025-12-15 10:00:00,,25.2,95.0,1.3,2.1,232.0,1009.9,100.0
2025-12-15 11:00:00,,25.0,95.0,0.5,2.1,200.0,1010.2,85.0
2025-12-15 12:00:00,,26.0,88.0,0.1,2.7,352.0,1010.5,85.0
2025-12-15 13:00:00,,26.0,88.0,0.0,3.0,343.0,1010.8,115.0
2025-12-15 14:00:00,46.6,25.8,89.0,0.0,2.3,356.0,1010.9,120.0
2025-12-15 15:00:00,,25.3,90.0,0.0,4.9,6.0,1010.8,185.0
2025-12-15 16:00:00,40.0,25.2,90.0,0.0,2.3,23.0,1010.8,150.0
2025-12-15 17:00:00,,25.1,91.0,0.0,2.4,36.0,1010.3,145.0
2025-12-15 18:00:00,18.2,25.3,89.0,0.0,0.5,315.0,1009.8,30.0
2025-12-15 19:00:00,14.8,25.4,89.0,0.0,2.1,340.0,1009.4,120.0
2025-12-15 20:00:00,16.7,25.2,90.0,0.0,4.4,353.0,1009.2,180.0
2025-12-15 21:00:00,18.9,25.1,90.0,0.0,5.0,13.0,1009.5,170.0
2025-12-15 22:00:00,26.5,24.9,90.0,0.0,6.1,12.0,1009.8,160.0
2025-12-15 23:00:00,21.3,25.1,86.0,0.0,4.6,13.0,1010.2,140.0
2025-12-16 00:00:00,16.7,25.8,83.0,0.0,7.0,357.0,1010.8,220.0
2025-12-16 01:00:00,,27.3,77.0,0.0,8.3,354.0,1011.0,400.0
2025-12-16 02:00:00,14.2,28.4,69.0,0.1,7.2,27.0,1010.9,670.0
2025-12-16 03:00:00,10.9,29.4,65.0,0.1,8.0,25.0,1010.4,770.0
2025-12-16 04:00:00,14.9,29.9,63.0,0.9,8.5,32.0,1009.6,940.0
2025-12-16 05:00:00,,30.8,59.0,0.5,8.1,43.0,1008.7,1155.0
2025-12-16 06:00:00,6.72,30.4,60.0,1.1,9.3,46.0,1008.0,985.0
2025-12-16 07:00:00,11.3,30.1,62.0,0.2,8.3,30.0,1007.5,1005.0
2025-12-16 08:00:00,,29.5,66.0,0.4,6.5,39.0,1007.8,460.0
2025-12-16 09:00:00,36.6,28.7,68.0,0.1,9.1,41.0,1008.8,810.0
2025-12-16 10:00:00,38.9,26.1,79.0,0.1,11.1,7.0,1009.6,200.0
2025-12-16 11:00:00,48.5,24.8,84.0,0.0,13.9,359.0,1010.5,215.0
2025-12-16 12:00:00,39.2,26.7,81.0,0.0,9.2,23.0,1010.4,225.0
2025-12-16 13:00:00,60.8,26.7,79.0,0.0,5.3,28.0,1010.6,190.0
2025-12-16 14:00:00,24.0,26.3,82.0,0.0,2.4,42.0,1010.7,130.0
2025-12-16 15:00:00,19.3,25.4,87.0,0.9,2.5,82.0,1010.3,100.0
2025-12-16 16:00:00,,24.3,96.0,2.5,7.1,105.0,1010.5,145.0
2025-12-16 17:00:00,,24.0,97.0,2.6,5.2,134.0,1010.1,115.0
2025-12-16 18:00:00,,24.7,92.0,0.8,3.8,360.0,1009.5,130.0
2025-12-16 19:00:00,10.8,24.8,92.0,0.0,6.0,5.0,1009.2,180.0
2025-12-16 20:00:00,17.0,24.6,89.0,0.0,10.3,4.0,1009.2,195.0
2025-12-16 21:00:00,,24.3,87.0,0.0,11.3,17.0,1009.1,175.0
2025-12-16 22:00:00,,24.2,89.0,0.0,8.4,20.0,1009.7,135.0
2025-12-16 23:00:00,28.8,24.2,91.0,0.1,8.7,5.0,1010.2,145.0
2025-12-17 00:00:00,26.0,24.5,92.0,0.1,1.9,331.0,1011.2,85.0
2025-12-17 01:00:00,15.9,25.0,91.0,0.2,2.5,300.0,1011.6,195.0
2025-12-17 02:00:00,8.59,26.2,85.0,0.0,3.6,264.0,1011.6,300.0
2025-12-17 03:00:00,11.3,27.0,81.0,0.0,3.2,304.0,1011.0,380.0
2025-12-17 04:00:00,15.5,27.6,79.0,0.1,3.5,309.0,1010.2,450.0
2025-12-17 05:00:00,11.5,28.1,74.0,0.2,3.6,9.0,1009.5,840.0
2025-12-17 06:00:00,13.2,28.4,73.0,0.4,5.6,15.0,1008.9,575.0
2025-12-17 07:00:00,,28.7,73.0,0.0,6.1,56.0,1008.6,905.0
2025-12-17 08:00:00,7.74,28.4,68.0,0.4,10.5,84.0,1008.9,995.0
2025-12-17 09:00:00,6.88,27.0,74.0,0.0,12.0,122.0,1009.3,780.0
2025-12-17 10:00:00,13.7,26.2,80.0,0.0,7.5,117.0,1010.0,410.0
2025-12-17 11:00:00,20.0,25.9,81.0,0.0,6.9,118.0,1010.6,245.0
2025-12-17 12:00:00,29.5,26.3,83.0,0.0,7.8,116.0,1011.3,145.0
2025-12-17 13:00:00,32.7,26.2,84.0,0.0,6.6,103.0,1011.8,145.0
2025-12-17 14:00:00,18.2,25.8,87.0,0.0,4.8,103.0,1011.7,115.0
2025-12-17 15:00:00,,25.5,88.0,0.0,4.4,117.0,1011.4,115.0
2025-12-17 16:00:00,,25.1,89.0,0.0,4.7,94.0,1011.0,90.0
2025-12-17 17:00:00,24.9,24.9,91.0,0.0,3.6,84.0,1010.4,70.0
2025-12-17 18:00:00,22.5,24.6,94.0,0.0,1.9,68.0,1009.6,45.0
2025-12-17 19:00:00,17.1,25.0,91.0,0.0,2.5,45.0,1009.4,80.0
2025-12-17 20:00:00,6.73,24.8,91.0,0.0,3.6,27.0,1009.6,95.0
2025-12-17 21:00:00,4.67,24.7,91.0,0.0,5.8,14.0,1009.9,120.0
2025-12-17 22:00:00,,24.5,89.0,0.0,6.5,19.0,1010.4,135.0
2025-12-17 23:00:00,,24.7,88.0,0.0,3.9,13.0,1010.6,95.0
2025-12-18 00:00:00,,26.1,82.0,0.0,3.2,3.0,1011.4,150.0
2025-12-18 01:00:00,,27.6,73.0,0.1,5.5,41.0,1011.6,685.0
2025-12-18 02:00:00,,28.6,69.0,0.0,5.7,58.0,1011.8,1090.0
2025-12-18 03:00:00,14.3,29.2,67.0,0.0,6.4,72.0,1011.1,1235.0
2025-12-18 04:00:00,10.1,29.9,64.0,0.0,7.9,69.0,1010.2,1315.0
2025-12-18 05:00:00,7.66,29.1,65.0,0.0,9.4,52.0,1009.3,965.0
2025-12-18 06:00:00,1.57,29.2,67.0,0.0,8.0,80.0,1008.5,1290.0
2025-12-18 07:00:00,,29.5,64.0,0.0,10.0,75.0,1008.0,1300.0
2025-12-18 08:00:00,6.06,29.1,64.0,0.0,9.6,76.0,1008.3,1205.0
2025-12-18 09:00:00,10.9,28.2,67.0,0.0,7.2,76.0,1008.4,1015.0
2025-12-18 10:00:00,,27.1,77.0,0.0,3.8,45.0,1009.2,160.0
2025-12-18 11:00:00,61.1,26.3,83.0,0.0,4.8,56.0,1009.6,140.0
2025-12-18 12:00:00,30.7,26.2,88.0,0.0,4.3,85.0,1009.6,105.0
2025-12-18 13:00:00,27.6,26.1,87.0,0.0,2.7,90.0,1009.9,110.0
2025-12-18 14:00:00,26.8,25.9,88.0,0.0,2.2,48.0,1010.1,115.0
2025-12-18 15:00:00,,25.5,89.0,0.0,3.5,35.0,1010.0,125.0
2025-12-18 16:00:00,,25.2,90.0,0.0,1.0,22.0,1009.6,30.0
2025-12-18 17:00:00,25.6,25.0,91.0,0.0,0.9,169.0,1009.0,25.0
2025-12-18 18:00:00,26.5,25.0,91.0,0.0,1.5,30.0,1008.6,50.0
2025-12-18 19:00:00,,24.8,90.0,0.2,4.5,353.0,1008.0,165.0
2025-12-18 20:00:00,22.6,24.7,87.0,0.0,7.5,343.0,1008.1,180.0
2025-12-18 21:00:00,,24.6,87.0,0.0,7.6,359.0,1008.1,155.0
2025-12-18 22:00:00,24.1,24.6,87.0,0.1,5.9,14.0,1008.5,125.0
2025-12-18 23:00:00,,24.5,88.0,0.1,5.2,358.0,1009.0,115.0
2025-12-19 00:00:00,,25.9,83.0,0.0,5.1,350.0,1009.5,200.0
2025-12-19 01:00:00,23.0,27.2,76.0,0.0,2.7,352.0,1009.9,400.0
2025-12-19 02:00:00,23.6,28.6,67.0,0.1,5.0,69.0,1010.0,880.0
2025-12-19 03:00:00,23.9,29.0,65.0,0.1,7.4,67.0,1009.2,970.0
2025-12-19 04:00:00,10.8,29.5,62.0,0.4,9.3,68.0,1008.4,1140.0
2025-12-19 05:00:00,12.4,30.0,63.0,0.1,9.2,64.0,1007.5,1305.0
2025-12-19 06:00:00,,30.9,60.0,0.0,5.9,20.0,1006.3,1250.0
2025-12-19 07:00:00,,28.5,69.0,1.7,7.4,129.0,1006.6,535.0
2025-12-19 08:00:00,,28.2,71.0,0.0,5.6,151.0,1006.2,435.0
2025-12-19 09:00:00,18.4,27.6,74.0,0.0,5.2,139.0,1006.6,330.0
2025-12-19 10:00:00,27.8,26.8,78.0,0.0,4.4,153.0,1007.2,180.0
2025-12-19 11:00:00,28.9,26.5,81.0,0.0,3.5,165.0,1007.9,125.0
2025-12-19 12:00:00,,27.1,78.0,0.0,5.9,135.0,1008.0,205.0
2025-12-19 13:00:00,47.6,26.9,78.0,0.1,5.8,92.0,1008.5,205.0
2025-12-19 14:00:00,38.1,26.7,79.0,0.1,2.9,112.0,1008.2,100.0
2025-12-19 15:00:00,29.2,26.3,81.0,0.0,2.0,153.0,1008.3,50.0
2025-12-19 16:00:00,30.1,26.0,82.0,0.0,4.6,141.0,1008.4,125.0
2025-12-19 17:00:00,25.8,25.6,82.0,0.0,2.7,90.0,1007.8,115.0
2025-12-19 18:00:00,21.5,25.2,85.0,0.0,5.4,356.0,1006.9,145.0
2025-12-19 19:00:00,28.3,24.9,86.0,0.0,8.8,358.0,1006.5,200.0
2025-12-19 20:00:00,31.8,24.8,85.0,0.0,9.2,4.0,1006.6,175.0
2025-12-19 21:00:00,,24.7,85.0,0.0,7.8,4.0,1006.4,145.0
2025-12-19 22:00:00,,24.6,87.0,0.0,4.0,21.0,1006.8,90.0
2025-12-19 23:00:00,,24.9,85.0,0.0,0.4,360.0,1007.9,45.0
2025-12-20 00:00:00,,26.5,76.0,0.0,1.4,293.0,1008.7,145.0
2025-12-20 01:00:00,23.5,28.0,69.0,0.0,2.7,262.0,1008.8,435.0
2025-12-20 02:00:00,13.4,29.1,64.0,0.0,3.5,9.0,1008.6,790.0
2025-12-20 03:00:00,29.4,30.0,58.0,0.2,5.0,44.0,1008.1,970.0
2025-12-20 04:00:00,9.99,30.5,56.0,0.5,6.1,85.0,1007.3,1060.0
2025-12-20 05:00:00,8.44,29.5,63.0,0.4,10.8,126.0,1006.7,755.0
2025-12-20 06:00:00,10.6,26.2,85.0,4.9,9.7,119.0,1006.9,470.0
2025-12-20 07:00:00,,26.6,83.0,1.2,5.8,112.0,1006.5,570.0
2025-12-20 08:00:00,22.7,26.4,78.0,1.1,7.8,103.0,1006.6,550.0
2025-12-20 09:00:00,34.2,25.6,79.0,0.8,5.3,80.0,1006.7,305.0
2025-12-20 10:00:00,37.7,25.4,82.0,0.0,3.6,351.0,1007.3,75.0
2025-12-20 11:00:00,62.0,25.4,83.0,0.0,6.2,17.0,1008.3,145.0
2025-12-20 12:00:00,58.2,26.0,87.0,0.0,7.6,359.0,1008.6,225.0
2025-12-20 13:00:00,90.7,26.0,82.0,0.0,6.4,11.0,1008.5,170.0
2025-12-20 14:00:00,46.8,25.8,81.0,0.0,3.3,9.0,1008.5,85.0
2025-12-20 15:00:00,,25.6,82.0,0.0,3.8,5.0,1008.6,85.0
2025-12-20 16:00:00,44.1,25.2,84.0,0.0,5.9,11.0,1008.4,120.0
2025-12-20 17:00:00,41.5,24.8,85.0,0.0,4.5,5.0,1008.1,95.0
2025-12-20 18:00:00,43.2,24.7,87.0,0.0,2.2,76.0,1007.8,60.0
2025-12-20 19:00:00,33.9,24.7,86.0,0.2,0.9,11.0,1007.5,65.0
2025-12-20 20:00:00,43.3,24.7,85.0,0.0,1.3,34.0,1007.5,65.0
2025-12-20 21:00:00,41.3,24.6,86.0,0.0,2.0,5.0,1007.6,65.0
2025-12-20 22:00:00,,24.6,87.0,0.0,1.9,304.0,1008.1,100.0
2025-12-20 23:00:00,,24.7,87.0,0.0,2.5,4.0,1008.7,110.0
2025-12-21 00:00:00,,24.5,91.0,0.0,3.6,354.0,1009.0,120.0
2025-12-21 01:00:00,,25.5,88.0,0.0,3.1,350.0,1009.5,155.0
2025-12-21 02:00:00,37.1,27.1,80.0,0.0,2.9,300.0,1009.1,400.0
2025-12-21 03:00:00,35.6,28.2,74.0,0.0,2.9,313.0,1008.6,700.0
2025-12-21 04:00:00,24.8,29.3,71.0,0.0,3.1,7.0,1007.8,1060.0
2025-12-21 05:00:00,,29.6,67.0,0.1,5.8,2.0,1007.0,1030.0
2025-12-21 06:00:00,14.2,27.6,77.0,0.0,2.8,101.0,1006.2,320.0
2025-12-21 07:00:00,16.6,27.3,76.0,0.3,9.6,107.0,1006.1,410.0
2025-12-21 08:00:00,13.3,25.6,84.0,0.2,9.0,119.0,1006.0,210.0
2025-12-21 09:00:00,7.47,25.9,85.0,0.1,4.4,153.0,1006.2,170.0
2025-12-21 10:00:00,21.3,26.0,87.0,0.1,3.4,174.0,1006.9,125.0
2025-12-21 11:00:00,19.0,26.1,87.0,0.1,3.8,169.0,1007.5,155.0
2025-12-21 12:00:00,,27.0,84.0,0.0,5.9,110.0,1008.1,240.0
2025-12-21 13:00:00,17.5,26.7,84.0,0.2,5.9,117.0,1008.5,210.0
2025-12-21 14:00:00,11.9,26.4,85.0,0.0,5.0,136.0,1008.4,155.0
2025-12-21 15:00:00,9.07,26.1,86.0,0.0,4.5,140.0,1008.5,125.0
2025-12-21 16:00:00,10.2,25.9,86.0,0.0,2.3,157.0,1008.2,85.0
2025-12-21 17:00:00,13.2,25.6,87.0,0.0,3.1,140.0,1007.9,115.0
2025-12-21 18:00:00,15.4,25.4,89.0,0.0,1.4,320.0,1007.6,50.0
2025-12-21 19:00:00,16.5,25.4,89.0,0.0,5.8,2.0,1007.1,155.0
2025-12-21 20:00:00,5.57,25.5,85.0,0.0,6.4,8.0,1007.1,210.0
2025-12-21 21:00:00,,25.1,86.0,0.0,7.0,26.0,1007.1,175.0
2025-12-21 22:00:00,,24.9,88.0,0.0,6.8,25.0,1007.8,110.0
2025-12-21 23:00:00,21.3,25.2,86.0,0.0,6.6,9.0,1008.3,130.0
2025-12-22 00:00:00,17.7,25.9,87.0,0.0,1.2,243.0,1009.4,190.0
2025-12-22 01:00:00,,26.8,83.0,0.1,1.9,209.0,1010.1,460.0
2025-12-22 02:00:00,,27.1,82.0,0.1,1.1,81.0,1009.7,505.0
2025-12-22 03:00:00,12.5,27.6,80.0,0.2,1.9,22.0,1009.2,710.0
2025-12-22 04:00:00,,27.7,79.0,0.2,1.5,353.0,1008.4,745.0
2025-12-22 05:00:00,13.0,27.2,79.0,0.9,6.8,335.0,1007.7,360.0
2025-12-22 06:00:00,6.67,26.1,85.0,10.0,8.8,9.0,1006.9,285.0
2025-12-22 07:00:00,3.24,26.5,83.0,1.3,3.3,29.0,1006.5,315.0
2025-12-22 08:00:00,13.4,26.6,83.0,1.9,1.0,45.0,1006.3,310.0
2025-12-22 09:00:00,22.5,26.3,85.0,0.2,3.8,109.0,1006.4,280.0
2025-12-22 10:00:00,27.8,26.1,88.0,0.1,6.0,151.0,1007.0,295.0
2025-12-22 11:00:00,30.3,25.7,87.0,0.0,6.5,124.0,1007.8,245.0
2025-12-22 12:00:00,,25.7,89.0,0.0,3.1,40.0,1008.3,80.0
2025-12-22 13:00:00,12.8,25.5,91.0,0.0,4.2,20.0,1008.5,125.0
2025-12-22 14:00:00,15.8,25.2,93.0,0.0,3.4,18.0,1008.6,110.0
2025-12-22 15:00:00,31.5,25.1,92.0,0.0,4.3,5.0,1008.4,115.0
2025-12-22 16:00:00,6.71,24.9,91.0,0.0,6.1,5.0,1008.1,155.0
2025-12-22 17:00:00,8.14,24.8,90.0,0.0,5.0,13.0,1007.9,120.0
2025-12-22 18:00:00,11.6,24.5,93.0,0.0,4.9,358.0,1007.8,85.0
2025-12-22 19:00:00,13.2,24.6,89.0,0.0,7.8,355.0,1007.5,190.0
2025-12-22 20:00:00,12.2,24.5,85.0,0.0,8.9,7.0,1007.4,205.0
2025-12-22 21:00:00,14.0,24.3,86.0,0.0,8.3,13.0,1007.5,155.0
2025-12-22 22:00:00,,24.2,88.0,0.0,5.7,18.0,1007.7,115.0
2025-12-22 23:00:00,,24.4,87.0,0.0,3.2,341.0,1008.3,90.0
2025-12-23 00:00:00,21.0,25.3,84.0,0.0,4.7,360.0,1009.4,175.0
2025-12-23 01:00:00,,26.4,81.0,0.0,1.0,315.0,1009.5,335.0
2025-12-23 02:00:00,10.2,27.6,74.0,0.1,3.2,71.0,1009.4,655.0
2025-12-23 03:00:00,23.4,28.4,70.0,0.0,6.8,48.0,1009.0,910.0
2025-12-23 04:00:00,10.8,29.0,68.0,0.0,8.4,45.0,1008.0,905.0
2025-12-23 05:00:00,8.33,29.2,67.0,0.1,7.7,59.0,1007.1,945.0
2025-12-23 06:00:00,6.85,29.9,63.0,0.3,3.0,104.0,1006.8,1355.0
2025-12-23 07:00:00,4.56,27.4,79.0,4.4,12.3,35.0,1007.0,385.0
2025-12-23 08:00:00,5.2,26.6,84.0,5.0,0.4,180.0,1006.8,165.0
2025-12-23 09:00:00,16.7,26.8,84.0,0.1,0.4,243.0,1007.1,55.0
2025-12-23 10:00:00,21.7,26.5,86.0,0.0,1.3,236.0,1007.7,20.0
2025-12-23 11:00:00,,26.1,90.0,0.0,4.0,198.0,1008.4,80.0
2025-12-23 12:00:00,,25.9,90.0,0.0,3.1,353.0,1008.8,70.0
2025-12-23 13:00:00,,25.8,90.0,0.0,2.5,356.0,1008.9,65.0
2025-12-23 14:00:00,25.0,25.5,92.0,0.0,1.6,186.0,1008.7,45.0
2025-12-23 15:00:00,,25.2,93.0,0.0,1.9,221.0,1008.4,55.0
2025-12-23 16:00:00,11.8,24.9,94.0,0.0,0.9,307.0,1008.3,25.0
2025-12-23 17:00:00,,24.7,94.0,0.0,6.2,330.0,1007.7,180.0
2025-12-23 18:00:00,9.73,24.7,87.0,0.0,7.2,6.0,1007.1,210.0
2025-12-23 19:00:00,12.5,24.6,87.0,0.0,9.4,11.0,1006.8,190.0
2025-12-23 20:00:00,,24.5,88.0,0.0,9.5,10.0,1006.9,180.0
2025-12-23 21:00:00,,24.4,88.0,0.0,7.1,15.0,1007.2,155.0
2025-12-23 22:00:00,,24.2,89.0,0.0,5.1,6.0,1007.8,135.0
2025-12-23 23:00:00,,24.3,90.0,0.0,4.0,357.0,1008.5,130.0
2025-12-24 00:00:00,,25.4,87.0,0.0,4.9,358.0,1008.9,175.0
2025-12-24 01:00:00,,26.3,86.0,0.0,1.9,299.0,1009.4,190.0
2025-12-24 02:00:00,,27.8,76.0,0.1,1.0,149.0,1009.0,590.0
2025-12-24 03:00:00,31.5,28.7,72.0,0.4,1.3,326.0,1008.3,790.0
2025-12-24 04:00:00,,29.6,71.0,0.2,0.9,281.0,1007.3,955.0
2025-12-24 05:00:00,29.0,28.8,70.0,0.6,5.1,36.0,1006.7,415.0
2025-12-24 06:00:00,25.6,27.0,80.0,1.6,5.5,238.0,1005.9,270.0
2025-12-24 07:00:00,29.7,28.0,77.0,0.1,4.7,220.0,1005.5,375.0
2025-12-24 08:00:00,35.6,28.0,78.0,0.1,3.1,239.0,1005.9,415.0
2025-12-24 09:00:00,52.3,28.1,76.0,0.4,1.9,253.0,1006.2,60.0
2025-12-24 10:00:00,45.1,27.2,85.0,0.1,1.2,231.0,1006.3,15.0
2025-12-24 11:00:00,53.4,26.6,89.0,0.0,3.7,157.0,1006.9,55.0
2025-12-24 12:00:00,41.6,26.6,89.0,0.0,5.5,134.0,1007.6,130.0
2025-12-24 13:00:00,32.2,26.3,88.0,0.0,6.1,152.0,1007.8,155.0
2025-12-24 14:00:00,,26.0,87.0,0.0,7.0,145.0,1007.6,200.0
2025-12-24 15:00:00,21.5,25.9,86.0,0.0,7.6,133.0,1007.7,215.0
2025-12-24 16:00:00,14.7,25.9,85.0,0.0,6.4,117.0,1007.5,185.0
2025-12-24 17:00:00,,25.7,86.0,0.0,5.6,115.0,1007.5,150.0
2025-12-24 18:00:00,,25.3,88.0,0.0,3.1,103.0,1007.1,115.0
2025-12-24 19:00:00,34.1,25.4,89.0,0.0,3.0,38.0,1006.9,110.0
2025-12-24 20:00:00,37.9,25.1,92.0,0.0,1.5,21.0,1007.1,80.0
2025-12-24 21:00:00,,24.9,93.0,0.0,0.4,243.0,1007.4,15.0
2025-12-24 22:00:00,,24.9,93.0,0.0,0.2,270.0,1008.0,10.0
2025-12-24 23:00:00,31.1,25.0,92.0,0.0,0.8,135.0,1008.6,20.0
2025-12-25 00:00:00,30.1,25.8,87.0,0.0,0.9,37.0,1009.5,195.0
2025-12-25 01:00:00,,27.0,83.0,0.0,2.9,191.0,1009.8,325.0
2025-12-25 02:00:00,21.1,27.8,79.0,0.0,2.0,170.0,1009.6,525.0
2025-12-25 03:00:00,29.0,28.3,77.0,0.0,2.2,185.0,1009.1,710.0
2025-12-25 04:00:00,,28.9,75.0,0.0,2.3,247.0,1008.0,710.0
2025-12-25 05:00:00,29.1,27.8,81.0,0.1,2.8,15.0,1007.4,575.0
2025-12-25 06:00:00,11.6,29.2,73.0,0.1,3.4,58.0,1006.2,660.0
2025-12-25 07:00:00,7.9,28.6,70.0,0.6,6.2,30.0,1006.1,350.0
2025-12-25 08:00:00,11.9,27.2,67.0,3.0,3.9,66.0,1006.5,180.0
2025-12-25 09:00:00,21.6,26.4,70.0,0.6,5.1,98.0,1006.9,120.0
2025-12-25 10:00:00,,23.9,87.0,1.8,3.3,186.0,1008.0,60.0
2025-12-25 11:00:00,,24.1,87.0,0.2,5.1,144.0,1008.4,65.0
2025-12-25 12:00:00,17.3,25.0,87.0,0.0,4.6,234.0,1008.9,90.0
2025-12-25 13:00:00,23.4,25.5,87.0,0.0,4.0,267.0,1009.0,85.0
2025-12-25 14:00:00,18.9,25.6,88.0,0.0,4.5,299.0,1008.8,170.0
2025-12-25 15:00:00,12.6,25.7,89.0,0.0,1.7,283.0,1008.8,125.0
2025-12-25 16:00:00,11.4,25.5,90.0,0.0,1.1,18.0,1008.8,40.0
2025-12-25 17:00:00,15.9,25.1,93.0,0.0,3.8,31.0,1008.8,90.0
2025-12-25 18:00:00,17.7,24.9,95.0,0.0,2.1,15.0,1008.3,95.0
2025-12-25 19:00:00,9.24,25.0,93.0,0.0,3.1,350.0,1008.1,130.0
2025-12-25 20:00:00,17.1,24.8,92.0,0.0,4.4,351.0,1008.2,130.0
2025-12-25 21:00:00,,24.6,92.0,0.0,4.0,3.0,1008.4,95.0
2025-12-25 22:00:00,,24.4,94.0,0.0,3.5,51.0,1008.4,55.0
2025-12-25 23:00:00,,24.5,94.0,0.0,3.3,68.0,1009.0,70.0
2025-12-26 00:00:00,25.4,25.6,86.0,0.0,5.9,360.0,1010.2,180.0
2025-12-26 01:00:00,,26.9,80.0,0.0,1.2,27.0,1010.3,395.0
2025-12-26 02:00:00,,27.6,77.0,0.0,1.1,180.0,1010.1,620.0
2025-12-26 03:00:00,,28.5,75.0,0.0,1.5,240.0,1009.6,765.0
2025-12-26 04:00:00,,29.3,72.0,0.0,1.9,253.0,1008.5,895.0
2025-12-26 05:00:00,28.4,29.9,68.0,0.0,2.3,238.0,1007.5,1015.0
2025-12-26 06:00:00,27.2,29.0,74.0,0.0,6.2,260.0,1006.9,545.0
2025-12-26 07:00:00,26.2,29.0,75.0,0.1,5.9,270.0,1006.5,245.0
2025-12-26 08:00:00,17.5,28.7,78.0,0.0,3.3,264.0,1006.5,115.0
2025-12-26 09:00:00,18.1,28.3,77.0,0.2,1.4,247.0,1007.1,40.0
2025-12-26 10:00:00,23.6,27.7,78.0,0.3,4.7,122.0,1007.7,220.0
2025-12-26 11:00:00,55.0,26.8,80.0,0.0,7.4,103.0,1008.5,190.0
2025-12-26 12:00:00,39.7,26.6,88.0,0.0,2.5,201.0,1009.2,60.0
2025-12-26 13:00:00,17.3,26.4,87.0,0.1,4.9,107.0,1009.6,195.0
2025-12-26 14:00:00,10.5,25.8,86.0,0.0,6.2,112.0,1009.9,160.0
2025-12-26 15:00:00,67.3,25.4,85.0,0.0,7.3,115.0,1009.8,145.0
2025-12-26 16:00:00,12.6,25.1,86.0,0.0,5.9,121.0,1009.6,125.0
2025-12-26 17:00:00,13.0,24.8,88.0,0.0,5.3,118.0,1008.8,105.0
2025-12-26 18:00:00,,24.4,89.0,0.0,2.7,110.0,1008.6,75.0
2025-12-26 19:00:00,16.5,24.4,89.0,0.0,1.5,60.0,1008.3,35.0
2025-12-26 20:00:00,21.8,24.3,90.0,0.0,1.7,342.0,1008.5,35.0
2025-12-26 21:00:00,26.1,24.1,92.0,0.0,3.0,343.0,1008.6,110.0
2025-12-26 22:00:00,25.9,24.0,92.0,0.0,3.2,333.0,1008.7,135.0
2025-12-26 23:00:00,34.5,24.0,90.0,0.0,3.2,3.0,1009.5,125.0
2025-12-27 00:00:00,,24.7,87.0,0.0,2.4,351.0,1010.5,170.0
2025-12-27 01:00:00,33.4,26.1,83.0,0.0,3.2,273.0,1010.8,290.0
2025-12-27 02:00:00,29.1,26.9,77.0,0.0,1.7,257.0,1010.7,600.0
2025-12-27 03:00:00,21.4,28.2,71.0,0.0,2.5,291.0,1010.2,825.0
2025-12-27 04:00:00,36.7,29.1,67.0,0.0,2.7,262.0,1009.3,845.0
2025-12-27 05:00:00,36.9,29.9,64.0,0.1,2.1,250.0,1008.3,920.0
2025-12-27 06:00:00,,29.6,65.0,0.1,5.2,272.0,1007.7,735.0
2025-12-27 07:00:00,27.0,29.7,64.0,0.0,5.0,268.0,1007.1,295.0
2025-12-27 08:00:00,27.7,29.3,69.0,0.0,6.9,261.0,1007.3,180.0
2025-12-27 09:00:00,26.4,28.4,74.0,0.0,6.4,248.0,1008.1,165.0
2025-12-27 10:00:00,,27.7,80.0,0.0,5.4,262.0,1008.8,110.0
2025-12-27 11:00:00,14.3,27.4,86.0,0.1,3.1,267.0,1009.6,45.0
2025-12-27 12:00:00,,27.2,86.0,0.0,1.1,162.0,1010.1,80.0
2025-12-27 13:00:00,40.1,26.9,86.0,0.0,4.2,102.0,1010.2,120.0
2025-12-27 14:00:00,21.2,26.4,84.0,0.0,6.6,125.0,1010.3,135.0
2025-12-27 15:00:00,17.2,25.8,84.0,0.0,6.6,127.0,1010.2,120.0
2025-12-27 16:00:00,13.8,25.5,86.0,0.0,4.2,121.0,1010.1,90.0
2025-12-27 17:00:00,8.8,25.2,88.0,0.0,2.0,90.0,1009.7,40.0
2025-12-27 18:00:00,14.1,24.7,92.0,0.0,2.6,25.0,1009.2,65.0
2025-12-27 19:00:00,12.3,24.6,91.0,0.0,4.2,350.0,1008.9,125.0
2025-12-27 20:00:00,15.6,24.4,91.0,0.0,4.7,342.0,1009.2,145.0
2025-12-27 21:00:00,23.8,24.4,89.0,0.0,6.0,355.0,1009.2,185.0
2025-12-27 22:00:00,18.6,24.1,88.0,0.0,5.7,9.0,1009.7,190.0
2025-12-27 23:00:00,15.3,24.2,88.0,0.0,5.5,9.0,1010.5,185.0
2025-12-28 00:00:00,16.4,25.1,85.0,0.0,8.8,359.0,1010.8,305.0
2025-12-28 01:00:00,,26.6,78.0,0.0,8.9,353.0,1011.2,460.0
2025-12-28 02:00:00,19.2,28.0,71.0,0.0,8.1,359.0,1011.1,705.0
2025-12-28 03:00:00,20.2,29.0,65.0,0.0,6.5,346.0,1010.7,900.0
2025-12-28 04:00:00,23.8,29.6,63.0,0.1,4.1,311.0,1009.7,960.0
2025-12-28 05:00:00,22.0,29.8,62.0,0.0,5.2,272.0,1008.4,935.0
2025-12-28 06:00:00,22.4,29.2,68.0,0.0,9.7,271.0,1007.7,280.0
2025-12-28 07:00:00,21.5,29.3,67.0,0.0,8.7,276.0,1007.2,225.0
2025-12-28 08:00:00,,29.3,66.0,0.0,6.5,273.0,1007.4,175.0
2025-12-28 09:00:00,25.5,29.0,67.0,0.0,4.2,280.0,1007.7,70.0
2025-12-28 10:00:00,25.1,28.3,74.0,0.0,3.5,305.0,1008.5,50.0
2025-12-28 11:00:00,23.7,28.0,78.0,0.0,2.8,255.0,1009.2,50.0
2025-12-28 12:00:00,,27.9,73.0,0.0,5.3,100.0,1010.0,135.0
2025-12-28 13:00:00,27.9,27.6,74.0,0.0,5.6,111.0,1010.3,180.0
2025-12-28 14:00:00,,27.3,75.0,0.0,2.7,157.0,1010.3,110.0
2025-12-28 15:00:00,17.6,27.2,77.0,0.0,1.5,339.0,1010.1,140.0
2025-12-28 16:00:00,5.82,26.6,79.0,0.0,4.3,355.0,1009.9,185.0
2025-12-28 17:00:00,9.96,26.1,82.0,0.0,3.8,355.0,1008.9,180.0
2025-12-28 18:00:00,,25.6,83.0,0.0,3.1,332.0,1008.3,170.0
2025-12-28 19:00:00,14.3,25.2,82.0,0.0,4.8,329.0,1007.3,160.0
2025-12-28 20:00:00,12.5,24.6,84.0,0.0,5.1,343.0,1007.3,150.0
2025-12-28 21:00:00,16.6,24.2,85.0,0.0,4.8,349.0,1007.5,155.0
2025-12-28 22:00:00,,23.9,86.0,0.0,4.4,353.0,1008.3,150.0
2025-12-28 23:00:00,22.8,23.7,87.0,0.0,4.9,356.0,1009.3,135.0
2025-12-29 00:00:00,25.9,24.6,87.0,0.0,7.4,360.0,1009.4,185.0
2025-12-29 01:00:00,25.2,26.4,79.0,0.0,5.6,7.0,1009.7,280.0
2025-12-29 02:00:00,15.2,28.1,69.0,0.0,2.6,25.0,1009.7,560.0
2025-12-29 03:00:00,14.8,29.5,61.0,0.0,1.1,351.0,1009.1,965.0
2025-12-29 04:00:00,22.3,30.6,54.0,0.0,1.6,297.0,1008.1,1295.0
2025-12-29 05:00:00,24.5,30.8,54.0,0.0,5.2,282.0,1007.0,1185.0
2025-12-29 06:00:00,,29.8,63.0,0.2,10.4,281.0,1006.3,315.0
2025-12-29 07:00:00,33.9,30.0,61.0,0.1,8.1,288.0,1006.0,355.0
2025-12-29 08:00:00,30.4,30.2,60.0,0.0,5.0,291.0,1005.9,500.0
2025-12-29 09:00:00,,30.1,59.0,0.0,3.1,315.0,1006.3,70.0
2025-12-29 10:00:00,,29.8,60.0,0.0,2.7,360.0,1007.1,100.0
2025-12-29 11:00:00,,29.4,62.0,0.0,6.0,136.0,1007.7,410.0
2025-12-29 12:00:00,,28.6,69.0,0.0,4.5,106.0,1008.7,360.0
2025-12-29 13:00:00,,28.3,68.0,0.0,2.5,240.0,1009.3,410.0
2025-12-29 14:00:00,34.6,27.9,70.0,0.0,3.8,221.0,1009.3,480.0
2025-12-29 15:00:00,20.5,27.9,70.0,0.0,4.2,239.0,1009.1,485.0
2025-12-29 16:00:00,16.2,27.6,72.0,0.0,5.0,305.0,1008.8,550.0
2025-12-29 17:00:00,23.0,27.0,76.0,0.0,7.1,344.0,1008.1,430.0
2025-12-29 18:00:00,14.9,26.1,76.0,0.0,9.7,356.0,1007.8,390.0
2025-12-29 19:00:00,,25.7,77.0,0.0,9.0,1.0,1007.3,375.0
2025-12-29 20:00:00,,25.3,79.0,0.0,8.3,359.0,1007.5,350.0
2025-12-29 21:00:00,,24.9,81.0,0.0,8.1,357.0,1007.6,325.0
2025-12-29 22:00:00,,24.7,82.0,0.0,7.6,359.0,1008.0,310.0
2025-12-29 23:00:00,,24.7,82.0,0.0,7.2,3.0,1008.5,295.0
2025-12-30 00:00:00,25.1,25.8,78.0,0.0,6.3,3.0,1009.2,300.0
2025-12-30 01:00:00,,27.1,72.0,0.0,5.0,358.0,1009.6,475.0
2025-12-30 02:00:00,33.0,28.5,64.0,0.0,4.4,339.0,1009.3,700.0
2025-12-30 03:00:00,33.1,29.8,58.0,0.0,4.6,324.0,1008.6,890.0
2025-12-30 04:00:00,34.9,30.8,54.0,0.0,5.2,284.0,1007.3,1090.0
2025-12-30 05:00:00,30.6,31.4,51.0,0.0,7.7,273.0,1006.0,1180.0
2025-12-30 06:00:00,32.2,31.2,54.0,0.0,7.6,265.0,1005.1,220.0
2025-12-30 07:00:00,34.9,30.8,56.0,0.3,4.3,255.0,1005.1,225.0
2025-12-30 08:00:00,26.6,30.6,57.0,0.2,3.0,237.0,1004.9,295.0
2025-12-30 09:00:00,26.1,30.2,60.0,0.1,4.4,171.0,1005.0,605.0
2025-12-30 10:00:00,26.1,29.7,63.0,0.0,10.2,148.0,1005.4,525.0
2025-12-30 11:00:00,31.1,28.9,68.0,0.0,12.3,142.0,1006.2,395.0
2025-12-30 12:00:00,27.1,28.7,70.0,0.0,8.5,168.0,1007.0,365.0
2025-12-30 13:00:00,23.3,28.2,72.0,0.0,7.0,159.0,1007.2,325.0
2025-12-30 14:00:00,22.3,27.4,75.0,0.0,1.4,113.0,1007.5,310.0
2025-12-30 15:00:00,21.4,26.7,78.0,0.0,4.3,327.0,1007.6,405.0
2025-12-30 16:00:00,18.0,26.3,79.0,0.0,6.5,293.0,1007.4,350.0
2025-12-30 17:00:00,18.7,26.0,78.0,0.0,7.3,314.0,1007.4,395.0
2025-12-30 18:00:00,21.6,25.9,78.0,0.0,6.1,313.0,1006.7,370.0
2025-12-30 19:00:00,23.0,25.8,76.0,0.0,2.7,312.0,1006.3,300.0
2025-12-30 20:00:00,24.7,25.6,77.0,0.0,0.8,297.0,1006.4,255.0
2025-12-30 21:00:00,23.8,25.3,79.0,0.0,1.2,39.0,1006.5,250.0
2025-12-30 22:00:00,,25.1,81.0,0.0,2.2,104.0,1006.9,250.0
2025-12-30 23:00:00,30.8,25.1,82.0,0.0,2.3,122.0,1007.5,240.0
2025-12-31 00:00:00,31.2,25.7,81.0,0.0,0.9,323.0,1008.6,280.0
2025-12-31 01:00:00,,26.8,75.0,0.0,1.0,292.0,1008.7,490.0
2025-12-31 02:00:00,50.8,28.2,67.0,0.0,2.4,333.0,1008.4,730.0
2025-12-31 03:00:00,57.0,29.2,63.0,0.0,4.2,310.0,1008.0,875.0
2025-12-31 04:00:00,52.2,29.7,60.0,0.2,3.4,273.0,1006.9,960.0
2025-12-31 05:00:00,44.7,30.1,59.0,0.2,4.4,251.0,1005.6,935.0
2025-12-31 06:00:00,30.1,30.0,59.0,0.2,3.8,253.0,1004.6,870.0
2025-12-31 07:00:00,15.2,30.1,58.0,0.2,3.9,236.0,1004.2,740.0
2025-12-31 08:00:00,17.7,29.7,61.0,0.2,7.1,186.0,1004.4,700.0
2025-12-31 09:00:00,29.0,29.2,63.0,0.1,9.4,138.0,1005.2,745.0
2025-12-31 10:00:00,43.1,28.6,66.0,0.0,8.4,118.0,1005.6,670.0
2025-12-31 11:00:00,,28.2,67.0,0.0,7.5,127.0,1006.3,460.0
2025-12-31 12:00:00,54.0,27.9,70.0,0.0,7.1,139.0,1006.9,390.0
2025-12-31 13:00:00,48.5,27.4,71.0,0.0,7.0,132.0,1007.3,360.0
2025-12-31 14:00:00,39.8,26.9,72.0,0.0,6.7,144.0,1007.0,315.0
2025-12-31 15:00:00,65.9,26.6,73.0,0.0,3.6,153.0,1007.0,310.0
2025-12-31 16:00:00,,26.4,74.0,0.0,1.3,172.0,1007.3,385.0
2025-12-31 17:00:00,100.0,26.1,76.0,0.0,1.3,225.0,1006.7,365.0
2025-12-31 18:00:00,76.2,26.1,76.0,0.0,1.9,163.0,1006.2,360.0
2025-12-31 19:00:00,72.6,26.0,76.0,0.0,2.3,184.0,1006.0,315.0
2025-12-31 20:00:00,235.0,26.0,76.0,0.0,0.3,45.0,1006.0,330.0
2025-12-31 21:00:00,102.0,25.8,77.0,0.0,0.9,360.0,1006.0,285.0
2025-12-31 22:00:00,101.0,25.7,79.0,0.0,2.2,9.0,1006.4,255.0
2025-12-31 23:00:00,95.7,25.7,79.0,0.0,2.2,360.0,1007.6,260.0
2026-01-01 00:00:00,,26.3,76.0,0.0,3.6,9.0,1008.3,260.0
2026-01-01 01:00:00,,27.7,70.0,0.0,1.8,315.0,1008.8,405.0
2026-01-01 02:00:00,50.6,29.0,63.0,0.0,3.3,283.0,1008.8,775.0
2026-01-01 03:00:00,50.1,30.0,57.0,0.0,3.3,299.0,1008.4,990.0
2026-01-01 04:00:00,,30.5,57.0,0.0,6.2,282.0,1007.6,960.0
2026-01-01 05:00:00,13.9,30.5,58.0,0.0,4.0,260.0,1006.7,1105.0
2026-01-01 06:00:00,10.8,29.7,62.0,0.2,6.0,106.0,1006.3,840.0
2026-01-01 07:00:00,6.34,29.3,64.0,0.0,6.6,111.0,1006.0,855.0
2026-01-01 08:00:00,24.3,28.5,68.0,0.0,4.7,133.0,1006.4,550.0
2026-01-01 09:00:00,37.0,28.2,70.0,0.0,3.8,169.0,1006.8,510.0
2026-01-01 10:00:00,30.1,27.1,74.0,1.5,4.4,142.0,1007.4,435.0
2026-01-01 11:00:00,15.9,26.3,81.0,0.8,2.7,302.0,1008.2,135.0
2026-01-01 12:00:00,18.6,24.5,95.0,0.2,3.3,216.0,1008.8,130.0
2026-01-01 13:00:00,9.21,24.6,95.0,2.1,1.9,236.0,1009.3,120.0
2026-01-01 14:00:00,3.37,24.5,90.0,5.7,3.6,276.0,1009.4,145.0
2026-01-01 15:00:00,6.64,24.1,95.0,4.2,5.8,256.0,1009.4,175.0
2026-01-01 16:00:00,16.2,24.0,93.0,1.0,6.9,276.0,1009.2,230.0
2026-01-01 17:00:00,9.24,23.9,94.0,0.6,5.2,286.0,1009.1,205.0
2026-01-01 18:00:00,19.1,24.5,88.0,0.2,4.8,345.0,1008.5,290.0
2026-01-01 19:00:00,22.1,24.4,91.0,0.1,5.3,18.0,1008.1,270.0
2026-01-01 20:00:00,20.6,24.3,92.0,0.1,4.8,37.0,1008.1,200.0
2026-01-01 21:00:00,18.1,24.3,92.0,0.1,5.2,25.0,1008.3,165.0
2026-01-01 22:00:00,,24.2,94.0,0.1,4.0,10.0,1008.9,130.0
2026-01-01 23:00:00,,24.3,94.0,0.2,3.3,324.0,1009.6,135.0
2026-01-02 00:00:00,15.7,24.9,90.0,0.1,5.8,356.0,1010.1,235.0
2026-01-02 01:00:00,10.5,25.9,83.0,0.0,7.2,356.0,1010.9,355.0
2026-01-02 02:00:00,8.45,26.2,79.0,0.0,8.2,352.0,1010.9,400.0
2026-01-02 03:00:00,9.22,26.6,76.0,0.0,8.1,357.0,1010.7,480.0
2026-01-02 04:00:00,13.8,27.5,72.0,0.0,5.6,354.0,1010.0,670.0
2026-01-02 05:00:00,23.6,27.7,70.0,0.1,5.9,358.0,1009.1,685.0
2026-01-02 06:00:00,19.6,26.1,79.0,0.2,6.0,3.0,1008.8,330.0
2026-01-02 07:00:00,15.0,25.5,84.0,1.6,6.3,7.0,1008.8,280.0
2026-01-02 08:00:00,14.0,25.3,83.0,1.5,6.9,354.0,1009.2,255.0
2026-01-02 09:00:00,8.58,24.4,90.0,2.9,9.3,342.0,1009.8,185.0
2026-01-02 10:00:00,42.9,23.6,93.0,2.9,9.5,339.0,1010.2,155.0
2026-01-02 11:00:00,27.5,23.4,94.0,2.9,9.2,353.0,1010.8,145.0
2026-01-02 12:00:00,18.7,23.6,93.0,1.4,7.6,4.0,1011.1,130.0
2026-01-02 13:00:00,44.6,23.8,91.0,0.2,4.6,347.0,1011.5,110.0
2026-01-02 14:00:00,23.9,23.8,90.0,0.0,4.5,326.0,1011.4,110.0
2026-01-02 15:00:00,,23.8,89.0,0.0,4.1,304.0,1011.3,150.0
2026-01-02 16:00:00,19.1,24.0,88.0,0.0,4.1,315.0,1011.5,140.0
2026-01-02 17:00:00,18.1,24.0,88.0,0.0,4.8,315.0,1011.2,120.0
2026-01-02 18:00:00,18.2,23.8,86.0,0.0,7.6,8.0,1010.9,130.0
2026-01-02 19:00:00,18.1,23.8,86.0,0.0,7.2,3.0,1010.1,130.0
2026-01-02 20:00:00,18.6,23.8,84.0,0.0,7.9,348.0,1010.1,150.0
2026-01-02 21:00:00,14.5,23.7,83.0,0.0,9.6,348.0,1010.3,155.0
2026-01-02 22:00:00,8.52,23.7,82.0,0.0,8.9,351.0,1010.6,135.0
2026-01-02 23:00:00,,23.7,81.0,0.0,8.8,349.0,1011.1,120.0
2026-01-03 00:00:00,12.6,24.6,79.0,0.0,10.3,5.0,1012.3,195.0
2026-01-03 01:00:00,12.7,25.4,75.0,0.0,6.5,352.0,1012.9,365.0
2026-01-03 02:00:00,7.76,25.9,72.0,0.0,3.8,357.0,1012.7,1080.0
2026-01-03 03:00:00,9.2,26.9,67.0,0.0,11.2,41.0,1012.2,1300.0
2026-01-03 04:00:00,2.1,27.2,66.0,0.0,14.1,46.0,1011.8,1340.0
2026-01-03 05:00:00,7.11,26.9,66.0,0.0,14.8,45.0,1011.1,1300.0
2026-01-03 06:00:00,4.14,27.4,62.0,0.0,17.3,51.0,1010.2,1435.0
2026-01-03 07:00:00,,26.6,64.0,0.0,14.4,41.0,1010.0,1260.0
2026-01-03 08:00:00,6.68,26.1,66.0,0.0,10.3,47.0,1010.1,1250.0
2026-01-03 09:00:00,8.43,25.5,70.0,0.0,8.3,34.0,1010.3,1175.0
2026-01-03 10:00:00,18.2,25.2,71.0,0.0,2.9,43.0,1011.1,1260.0
2026-01-03 11:00:00,18.1,24.8,76.0,0.0,1.7,122.0,1011.6,30.0
2026-01-03 12:00:00,20.2,24.7,79.0,0.0,5.8,14.0,1012.4,105.0
2026-01-03 13:00:00,19.4,24.4,85.0,0.0,3.4,344.0,1012.7,55.0
2026-01-03 14:00:00,12.2,24.1,88.0,0.0,2.8,345.0,1013.2,45.0
2026-01-03 15:00:00,10.2,23.7,89.0,0.0,5.1,333.0,1012.9,85.0
2026-01-03 16:00:00,,23.3,85.0,0.0,8.0,333.0,1012.7,125.0
2026-01-03 17:00:00,7.34,23.1,82.0,0.0,8.9,328.0,1012.1,140.0
2026-01-03 18:00:00,10.5,23.2,82.0,0.0,7.3,330.0,1011.7,120.0
2026-01-03 19:00:00,2.85,23.0,82.0,0.0,6.2,327.0,1011.3,110.0
2026-01-03 20:00:00,,22.9,83.0,0.0,6.2,330.0,1011.8,110.0
2026-01-03 21:00:00,10.2,22.7,83.0,0.0,6.1,337.0,1011.9,110.0
2026-01-03 22:00:00,,22.5,82.0,0.0,8.7,339.0,1012.0,145.0
2026-01-03 23:00:00,,22.5,81.0,0.0,8.3,336.0,1012.7,140.0
2026-01-04 00:00:00,,23.9,78.0,0.0,6.1,328.0,1013.6,170.0
2026-01-04 01:00:00,,24.7,73.0,0.0,5.1,302.0,1013.9,505.0
2026-01-04 02:00:00,9.31,25.4,71.0,0.0,4.2,324.0,1013.9,620.0
2026-01-04 03:00:00,10.3,27.0,66.0,0.0,7.0,32.0,1013.2,1185.0
2026-01-04 04:00:00,14.5,27.7,61.0,0.0,11.5,55.0,1012.5,1315.0
2026-01-04 05:00:00,6.02,27.8,60.0,0.0,10.3,65.0,1011.4,1280.0
2026-01-04 06:00:00,5.14,28.6,57.0,0.0,12.4,77.0,1010.7,1445.0
2026-01-04 07:00:00,3.87,28.4,57.0,0.0,11.3,72.0,1010.4,1375.0
2026-01-04 08:00:00,10.3,28.2,57.0,0.0,9.6,69.0,1010.4,1315.0
2026-01-04 09:00:00,8.52,27.1,65.0,0.0,7.2,78.0,1010.8,1060.0
2026-01-04 10:00:00,14.4,26.1,69.0,0.0,6.1,114.0,1011.0,920.0
2026-01-04 11:00:00,20.1,25.4,74.0,0.0,6.0,136.0,1011.8,820.0
2026-01-04 12:00:00,15.4,24.8,83.0,0.0,1.5,120.0,1012.2,25.0
2026-01-04 13:00:00,18.2,25.2,78.0,0.0,1.6,117.0,1012.2,20.0
2026-01-04 14:00:00,25.4,24.7,81.0,0.0,2.1,128.0,1012.1,25.0
2026-01-04 15:00:00,,24.5,82.0,0.0,1.0,225.0,1012.0,15.0
2026-01-04 16:00:00,,24.3,82.0,0.0,0.4,360.0,1012.2,10.0
2026-01-04 17:00:00,11.7,23.9,85.0,0.0,2.1,308.0,1011.5,35.0
2026-01-04 18:00:00,6.19,23.8,87.0,0.0,3.3,319.0,1011.0,105.0
2026-01-04 19:00:00,,23.6,87.0,0.0,5.3,342.0,1010.6,155.0
2026-01-04 20:00:00,8.55,23.4,85.0,0.0,6.0,357.0,1010.4,150.0
2026-01-04 21:00:00,17.8,23.1,85.0,0.0,6.2,353.0,1010.6,130.0
2026-01-04 22:00:00,18.5,22.9,85.0,0.0,7.6,355.0,1011.1,150.0
2026-01-04 23:00:00,21.8,23.0,84.0,0.0,8.3,356.0,1011.8,175.0
2026-01-05 00:00:00,21.5,24.0,79.0,0.0,8.4,9.0,1012.6,245.0
2026-01-05 01:00:00,,25.2,76.0,0.0,6.4,350.0,1012.7,270.0
2026-01-05 02:00:00,,26.6,70.0,0.0,4.0,58.0,1012.5,795.0
2026-01-05 03:00:00,27.2,28.1,65.0,0.0,2.1,322.0,1011.7,745.0
2026-01-05 04:00:00,26.5,28.9,63.0,0.0,1.5,263.0,1011.0,820.0
2026-01-05 05:00:00,32.0,28.7,64.0,0.1,1.7,167.0,1010.1,905.0
2026-01-05 06:00:00,25.5,28.2,65.0,0.1,2.1,232.0,1009.6,830.0
2026-01-05 07:00:00,22.4,27.5,69.0,0.2,2.5,45.0,1009.6,575.0
2026-01-05 08:00:00,,27.1,72.0,0.1,2.7,67.0,1009.7,475.0
2026-01-05 09:00:00,20.3,25.9,80.0,0.7,4.3,318.0,1010.2,210.0
2026-01-05 10:00:00,23.7,25.6,82.0,0.0,6.8,348.0,1010.8,175.0
2026-01-05 11:00:00,37.6,25.7,82.0,0.0,3.6,323.0,1011.4,110.0
2026-01-05 12:00:00,,25.3,85.0,0.3,2.2,256.0,1012.2,65.0
2026-01-05 13:00:00,23.7,25.1,87.0,0.1,3.6,279.0,1012.6,145.0
2026-01-05 14:00:00,21.5,24.9,87.0,0.1,2.0,190.0,1012.6,95.0
2026-01-05 15:00:00,22.3,24.8,88.0,0.1,2.3,219.0,1012.1,95.0
2026-01-05 16:00:00,17.7,24.5,91.0,0.0,1.2,219.0,1011.7,80.0
2026-01-05 17:00:00,16.5,24.6,92.0,0.0,3.3,306.0,1010.9,85.0
2026-01-05 18:00:00,15.8,24.7,91.0,0.0,5.5,314.0,1010.5,160.0
2026-01-05 19:00:00,,24.5,90.0,0.0,6.8,323.0,1010.2,210.0
2026-01-05 20:00:00,,24.4,89.0,0.1,9.3,351.0,1010.2,280.0
2026-01-05 21:00:00,18.8,24.5,87.0,0.1,10.0,6.0,1010.4,260.0
2026-01-05 22:00:00,20.8,24.4,87.0,0.0,8.4,16.0,1010.7,235.0
2026-01-05 23:00:00,14.6,24.4,88.0,0.0,5.6,29.0,1011.4,165.0
2026-01-06 00:00:00,14.9,24.1,92.0,0.0,5.9,358.0,1012.5,215.0
2026-01-06 01:00:00,20.1,25.0,89.0,0.4,6.7,355.0,1012.8,260.0
2026-01-06 02:00:00,18.2,25.1,89.0,0.2,7.0,13.0,1012.4,320.0
2026-01-06 03:00:00,,25.7,85.0,0.2,6.5,13.0,1011.7,380.0
2026-01-06 04:00:00,30.1,26.6,78.0,0.0,4.3,17.0,1011.2,545.0
2026-01-06 05:00:00,30.6,27.4,76.0,0.0,3.7,51.0,1010.4,735.0
2026-01-06 06:00:00,31.1,27.2,74.0,0.0,0.2,90.0,1009.4,595.0
2026-01-06 07:00:00,,27.2,75.0,0.1,1.0,135.0,1009.0,545.0
2026-01-06 08:00:00,,26.7,78.0,0.1,4.6,129.0,1009.3,435.0
2026-01-06 09:00:00,19.6,26.2,82.0,0.1,4.3,175.0,1009.6,220.0
2026-01-06 10:00:00,25.1,25.9,87.0,0.0,4.0,198.0,1010.3,175.0
2026-01-06 11:00:00,,25.7,91.0,0.1,4.1,229.0,1011.0,110.0
2026-01-06 12:00:00,14.2,25.7,87.0,0.2,1.7,193.0,1011.4,35.0
2026-01-06 13:00:00,15.0,25.8,88.0,0.1,1.3,180.0,1011.9,40.0
2026-01-06 14:00:00,4.84,25.7,88.0,0.1,3.3,351.0,1011.9,440.0
2026-01-06 15:00:00,3.61,25.5,85.0,0.1,5.1,8.0,1011.9,420.0
2026-01-06 16:00:00,1.86,25.3,83.0,0.0,7.1,16.0,1011.7,295.0
2026-01-06 17:00:00,1.93,25.1,82.0,0.0,8.0,23.0,1011.2,215.0
2026-01-06 18:00:00,1.77,24.5,89.0,0.0,3.2,360.0,1010.7,115.0
2026-01-06 19:00:00,1.18,24.5,86.0,0.0,8.0,351.0,1010.4,225.0
2026-01-06 20:00:00,2.05,24.3,82.0,0.0,12.4,1.0,1010.4,315.0
2026-01-06 21:00:00,0.87,24.1,83.0,0.0,12.6,9.0,1011.0,305.0
2026-01-06 22:00:00,,23.9,83.0,0.0,11.5,17.0,1011.6,255.0
2026-01-06 23:00:00,,24.2,79.0,0.0,11.2,21.0,1012.1,255.0
2026-01-07 00:00:00,,24.3,86.0,0.0,9.7,357.0,1012.9,245.0
2026-01-07 01:00:00,,25.5,78.0,0.0,10.1,360.0,1013.6,360.0
2026-01-07 02:00:00,10.8,26.5,70.0,0.0,9.1,352.0,1013.2,780.0
2026-01-07 03:00:00,8.39,27.4,65.0,0.0,8.3,359.0,1012.8,995.0
2026-01-07 04:00:00,7.73,28.4,60.0,0.0,7.2,13.0,1011.7,1255.0
2026-01-07 05:00:00,11.0,29.7,54.0,0.0,8.0,28.0,1010.9,1450.0
2026-01-07 06:00:00,8.02,29.2,57.0,0.0,6.5,88.0,1010.2,1415.0
2026-01-07 07:00:00,5.37,29.8,53.0,0.0,8.2,61.0,1009.8,1380.0
2026-01-07 08:00:00,7.48,29.3,55.0,0.0,9.0,59.0,1010.0,1175.0
2026-01-07 09:00:00,26.6,28.4,59.0,0.0,6.9,31.0,1010.7,655.0
2026-01-07 10:00:00,,27.5,66.0,0.0,6.2,12.0,1011.3,340.0
2026-01-07 11:00:00,20.9,27.1,69.0,0.0,5.2,27.0,1012.0,195.0
2026-01-07 12:00:00,13.8,26.2,72.0,0.0,7.3,11.0,1012.5,260.0
2026-01-07 13:00:00,19.8,26.0,74.0,0.0,7.9,1.0,1013.1,360.0
2026-01-07 14:00:00,22.0,25.7,76.0,0.0,8.6,340.0,1013.4,325.0
2026-01-07 15:00:00,20.3,25.2,79.0,0.0,10.0,353.0,1013.3,370.0
2026-01-07 16:00:00,19.0,24.7,81.0,0.0,10.8,4.0,1012.8,360.0
2026-01-07 17:00:00,14.5,24.5,82.0,0.1,10.7,16.0,1012.2,330.0
2026-01-07 18:00:00,18.0,24.5,82.0,0.2,8.5,6.0,1011.3,340.0
2026-01-07 19:00:00,,24.2,84.0,0.0,10.3,12.0,1010.8,340.0
2026-01-07 20:00:00,17.9,23.9,86.0,0.0,10.6,19.0,1010.6,305.0
2026-01-07 21:00:00,23.1,23.6,87.0,0.0,10.6,9.0,1010.8,245.0
2026-01-07 22:00:00,35.0,23.5,88.0,0.0,10.7,6.0,1011.0,215.0
2026-01-07 23:00:00,,23.7,87.0,0.0,9.7,1.0,1011.4,210.0
2026-01-08 00:00:00,34.7,24.7,83.0,0.0,9.5,359.0,1012.2,275.0
2026-01-08 01:00:00,31.1,26.0,76.0,0.0,9.6,357.0,1012.7,380.0
2026-01-08 02:00:00,,27.3,69.0,0.0,8.6,12.0,1012.5,825.0
2026-01-08 03:00:00,26.8,27.6,67.0,0.1,7.4,41.0,1011.9,795.0
2026-01-08 04:00:00,22.3,28.4,64.0,0.2,5.9,27.0,1011.5,850.0
2026-01-08 05:00:00,15.5,28.0,65.0,0.4,8.1,18.0,1010.6,695.0
2026-01-08 06:00:00,,27.6,68.0,0.8,8.9,25.0,1009.4,750.0
2026-01-08 07:00:00,,27.9,66.0,0.0,9.6,28.0,1009.1,810.0
2026-01-08 08:00:00,,27.5,68.0,0.0,6.8,32.0,1009.2,600.0
2026-01-08 09:00:00,14.2,27.3,69.0,0.1,5.1,10.0,1009.8,470.0
2026-01-08 10:00:00,21.9,26.9,71.0,0.1,4.6,342.0,1010.4,275.0
2026-01-08 11:00:00,27.3,26.5,75.0,0.0,8.4,353.0,1010.8,260.0
2026-01-08 12:00:00,,26.3,76.0,0.0,11.7,13.0,1011.6,240.0
2026-01-08 13:00:00,22.6,26.4,75.0,0.0,10.2,18.0,1011.5,275.0
2026-01-08 14:00:00,9.19,26.3,76.0,0.0,9.6,21.0,1011.5,375.0
2026-01-08 15:00:00,8.96,25.9,77.0,0.1,8.9,29.0,1011.1,285.0
2026-01-08 16:00:00,5.35,25.8,79.0,0.1,7.5,42.0,1010.7,200.0
2026-01-08 17:00:00,3.18,25.5,81.0,0.0,6.0,21.0,1010.2,125.0
2026-01-08 18:00:00,1.22,25.1,82.0,0.0,3.8,352.0,1009.9,105.0
2026-01-08 19:00:00,1.1,25.1,82.0,0.0,4.5,5.0,1009.4,170.0
2026-01-08 20:00:00,1.37,25.1,81.0,0.0,7.3,20.0,1009.3,245.0
2026-01-08 21:00:00,,25.0,80.0,0.0,10.6,15.0,1009.6,305.0
2026-01-08 22:00:00,,24.9,76.0,0.0,13.8,12.0,1010.1,335.0
2026-01-08 23:00:00,,24.8,74.0,0.0,15.5,10.0,1010.7,330.0
2026-01-09 00:00:00,,25.5,73.0,0.0,13.6,15.0,1011.7,825.0
2026-01-09 01:00:00,,25.5,73.0,0.2,15.2,10.0,1012.1,755.0
2026-01-09 02:00:00,7.92,26.2,69.0,0.0,15.1,359.0,1011.5,765.0
2026-01-09 03:00:00,10.6,26.9,67.0,0.0,16.3,7.0,1011.3,955.0
2026-01-09 04:00:00,14.8,28.1,61.0,0.0,19.6,27.0,1010.7,1120.0
2026-01-09 05:00:00,,28.5,60.0,0.0,17.8,24.0,1009.3,1060.0
2026-01-09 06:00:00,6.07,27.5,69.0,0.0,10.8,24.0,1008.7,925.0
2026-01-09 07:00:00,,29.2,58.0,0.0,14.1,37.0,1008.4,1280.0
2026-01-09 08:00:00,4.3,28.5,61.0,0.1,13.6,32.0,1008.6,1095.0
2026-01-09 09:00:00,,27.9,64.0,0.1,12.4,19.0,1009.4,975.0
2026-01-09 10:00:00,16.0,27.1,67.0,0.0,12.7,7.0,1009.6,775.0
2026-01-09 11:00:00,,26.5,70.0,0.0,11.4,5.0,1010.1,330.0
2026-01-09 12:00:00,29.5,26.3,70.0,0.0,12.1,27.0,1010.9,550.0
2026-01-09 13:00:00,,26.0,70.0,0.2,10.2,28.0,1011.2,485.0
2026-01-09 14:00:00,22.2,25.4,74.0,0.2,8.0,16.0,1011.1,320.0
2026-01-09 15:00:00,8.75,25.3,75.0,0.1,8.5,1.0,1010.6,245.0
2026-01-09 16:00:00,4.27,25.1,77.0,0.0,8.1,6.0,1010.4,185.0
2026-01-09 17:00:00,,25.0,78.0,0.0,6.3,3.0,1010.2,150.0
2026-01-09 18:00:00,3.24,24.7,81.0,0.0,12.0,9.0,1009.5,260.0
2026-01-09 19:00:00,10.2,24.3,81.0,0.4,14.5,11.0,1009.1,335.0
2026-01-09 20:00:00,7.58,24.3,78.0,0.0,10.5,16.0,1009.5,470.0
2026-01-09 21:00:00,3.76,23.9,79.0,0.1,8.0,10.0,1009.5,395.0
2026-01-09 22:00:00,,23.6,83.0,0.5,6.1,358.0,1009.8,215.0
2026-01-09 23:00:00,,23.8,82.0,0.2,3.5,24.0,1010.6,110.0
2026-01-10 00:00:00,,24.1,86.0,0.0,4.3,315.0,1011.5,145.0
2026-01-10 01:00:00,15.7,25.2,79.0,0.1,4.5,326.0,1011.8,240.0
2026-01-10 02:00:00,20.5,27.4,65.0,0.0,4.4,325.0,1011.3,560.0
2026-01-10 03:00:00,20.0,29.0,59.0,0.0,5.5,337.0,1010.8,950.0
2026-01-10 04:00:00,25.1,30.2,54.0,0.0,8.5,331.0,1009.8,1180.0
2026-01-10 05:00:00,26.5,30.3,55.0,0.0,9.1,309.0,1008.7,1135.0
2026-01-10 06:00:00,,27.7,67.0,0.0,5.6,270.0,1008.6,270.0
2026-01-10 07:00:00,,28.1,65.0,0.4,5.4,268.0,1008.6,290.0
2026-01-10 08:00:00,12.4,27.3,70.0,0.3,5.0,255.0,1008.7,195.0
2026-01-10 09:00:00,17.4,27.2,69.0,0.0,1.4,220.0,1009.2,145.0
2026-01-10 10:00:00,26.6,27.0,71.0,0.0,2.3,135.0,1009.6,265.0
2026-01-10 11:00:00,30.9,26.7,75.0,0.0,5.3,135.0,1010.4,265.0
2026-01-10 12:00:00,35.5,26.2,78.0,0.5,3.0,213.0,1011.5,210.0
2026-01-10 13:00:00,28.2,26.2,82.0,0.0,3.5,201.0,1011.9,380.0
2026-01-10 14:00:00,,26.2,83.0,0.0,5.0,182.0,1011.8,460.0
2026-01-10 15:00:00,12.7,26.2,82.0,0.0,6.5,208.0,1011.5,350.0
2026-01-10 16:00:00,21.7,26.1,82.0,0.0,7.3,210.0,1011.3,300.0
2026-01-10 17:00:00,20.2,26.0,84.0,0.0,3.0,253.0,1011.2,400.0
2026-01-10 18:00:00,20.0,25.4,86.0,0.0,4.9,354.0,1010.9,300.0
2026-01-10 19:00:00,20.1,25.3,85.0,0.0,2.9,330.0,1010.8,225.0
2026-01-10 20:00:00,27.3,25.1,84.0,0.0,5.3,350.0,1010.7,220.0
2026-01-10 21:00:00,28.9,24.9,82.0,0.0,4.6,351.0,1010.7,245.0
2026-01-10 22:00:00,31.0,24.9,80.0,0.0,2.2,5.0,1011.1,225.0
2026-01-10 23:00:00,31.7,25.0,79.0,0.0,3.6,360.0,1011.7,215.0
2026-01-11 00:00:00,30.5,25.6,77.0,0.0,5.6,21.0,1012.3,315.0
2026-01-11 01:00:00,23.7,27.3,67.0,0.0,4.4,12.0,1012.6,560.0
2026-01-11 02:00:00,23.5,28.9,60.0,0.0,4.7,351.0,1012.7,900.0
2026-01-11 03:00:00,27.1,30.3,53.0,0.0,4.2,340.0,1012.1,1155.0
2026-01-11 04:00:00,35.5,30.6,52.0,0.0,0.5,270.0,1011.3,1095.0
2026-01-11 05:00:00,36.4,29.9,56.0,0.2,5.1,231.0,1010.6,780.0
2026-01-11 06:00:00,47.6,29.9,59.0,0.2,8.5,268.0,1009.8,760.0
2026-01-11 07:00:00,36.6,30.4,60.0,0.0,8.6,254.0,1009.4,750.0
2026-01-11 08:00:00,21.6,25.1,85.0,7.2,7.2,108.0,1010.6,205.0
2026-01-11 09:00:00,20.6,24.2,93.0,1.6,3.1,121.0,1010.6,55.0
2026-01-11 10:00:00,12.7,25.2,89.0,0.0,2.9,150.0,1011.0,55.0
2026-01-11 11:00:00,16.0,25.9,85.0,0.0,0.3,225.0,1011.5,40.0
2026-01-11 12:00:00,19.2,27.2,74.0,0.0,2.8,288.0,1012.5,130.0
2026-01-11 13:00:00,18.6,27.2,69.0,0.0,1.5,54.0,1013.0,560.0
2026-01-11 14:00:00,17.5,26.8,68.0,0.0,6.2,57.0,1013.0,620.0
2026-01-11 15:00:00,8.6,26.2,69.0,0.0,9.8,70.0,1012.8,585.0
2026-01-11 16:00:00,2.68,25.7,71.0,0.0,7.2,68.0,1012.8,515.0
2026-01-11 17:00:00,0.428,25.1,75.0,0.0,4.3,33.0,1012.3,195.0
2026-01-11 18:00:00,1.37,25.3,76.0,0.0,5.8,9.0,1011.8,155.0
2026-01-11 19:00:00,0.995,24.6,79.0,0.1,6.9,343.0,1011.4,180.0
2026-01-11 20:00:00,,24.2,81.0,0.0,11.3,350.0,1011.3,225.0
2026-01-11 21:00:00,11.3,24.1,79.0,0.0,12.2,360.0,1011.6,190.0
2026-01-11 22:00:00,21.2,24.0,79.0,0.0,10.6,3.0,1012.2,155.0
2026-01-11 23:00:00,,24.1,79.0,0.0,9.0,3.0,1012.6,135.0
2026-01-12 00:00:00,13.1,25.4,71.0,0.0,8.3,11.0,1013.6,540.0
2026-01-12 01:00:00,8.9,26.6,65.0,0.0,8.9,19.0,1013.9,945.0
2026-01-12 02:00:00,9.8,27.7,61.0,0.0,10.7,29.0,1013.3,1095.0
2026-01-12 03:00:00,7.64,28.7,56.0,0.0,14.0,33.0,1012.9,1280.0
2026-01-12 04:00:00,5.85,29.2,54.0,0.0,18.6,44.0,1012.3,1315.0
2026-01-12 05:00:00,7.83,29.3,54.0,0.0,16.7,47.0,1011.2,1235.0
2026-01-12 06:00:00,9.22,29.9,53.0,0.0,10.5,49.0,1010.3,1440.0
2026-01-12 07:00:00,6.0,30.5,51.0,0.0,8.2,76.0,1009.5,1510.0
2026-01-12 08:00:00,18.8,30.1,52.0,0.0,8.4,80.0,1009.6,1410.0
2026-01-12 09:00:00,17.3,29.1,57.0,0.0,10.8,38.0,1010.2,1005.0
2026-01-12 10:00:00,22.9,27.9,60.0,0.0,11.4,24.0,1010.5,710.0
2026-01-12 11:00:00,23.6,27.3,63.0,0.0,9.2,31.0,1011.1,560.0
2026-01-12 12:00:00,21.8,25.1,78.0,0.0,7.8,34.0,1011.6,105.0
2026-01-12 13:00:00,16.7,25.4,78.0,0.0,5.3,80.0,1011.9,95.0
2026-01-12 14:00:00,15.0,25.4,77.0,0.0,2.1,322.0,1011.8,70.0
2026-01-12 15:00:00,13.4,25.2,79.0,0.0,2.2,76.0,1011.9,115.0
2026-01-12 16:00:00,2.87,25.0,81.0,0.0,1.2,153.0,1011.3,50.0
2026-01-12 17:00:00,3.53,24.7,84.0,0.0,2.8,162.0,1011.0,65.0
2026-01-12 18:00:00,2.33,24.6,82.0,0.0,4.7,353.0,1010.6,245.0
2026-01-12 19:00:00,1.76,24.3,85.0,0.0,4.0,3.0,1010.2,210.0
2026-01-12 20:00:00,5.3,24.0,86.0,0.0,4.1,2.0,1010.1,205.0
2026-01-12 21:00:00,9.23,23.9,86.0,0.0,2.8,15.0,1010.5,165.0
2026-01-12 22:00:00,11.8,24.0,85.0,0.0,3.7,349.0,1010.5,185.0
2026-01-12 23:00:00,12.0,24.3,82.0,0.0,5.0,358.0,1011.0,305.0
2026-01-13 00:00:00,15.7,24.4,84.0,0.0,6.6,349.0,1011.7,215.0
2026-01-13 01:00:00,13.6,25.2,80.0,0.0,6.5,352.0,1012.1,340.0
2026-01-13 02:00:00,18.1,26.5,75.0,0.0,7.2,360.0,1012.1,545.0
2026-01-13 03:00:00,18.5,27.3,70.0,0.1,5.8,20.0,1011.6,630.0
2026-01-13 04:00:00,11.0,27.4,72.0,0.2,1.3,45.0,1010.8,505.0
2026-01-13 05:00:00,12.3,28.1,69.0,0.1,1.0,292.0,1009.9,605.0
2026-01-13 06:00:00,21.4,28.8,66.0,0.1,5.6,339.0,1008.6,755.0
2026-01-13 07:00:00,31.6,28.7,66.0,0.1,7.1,330.0,1008.2,775.0
2026-01-13 08:00:00,27.2,28.4,68.0,0.2,6.8,320.0,1008.2,665.0
2026-01-13 09:00:00,33.4,28.0,71.0,0.0,5.5,341.0,1008.6,590.0
2026-01-13 10:00:00,34.2,27.3,77.0,0.0,4.1,67.0,1009.1,245.0
2026-01-13 11:00:00,34.1,26.7,81.0,0.0,3.8,101.0,1009.9,115.0
2026-01-13 12:00:00,29.1,26.7,83.0,0.0,2.2,132.0,1010.1,90.0
2026-01-13 13:00:00,22.3,26.9,80.0,0.0,4.2,149.0,1010.2,170.0
2026-01-13 14:00:00,17.9,26.5,84.0,0.0,4.2,137.0,1010.6,210.0
2026-01-13 15:00:00,16.1,26.0,88.0,0.0,1.3,135.0,1010.3,25.0
2026-01-13 16:00:00,8.34,25.5,90.0,0.0,2.4,318.0,1010.1,75.0
2026-01-13 17:00:00,12.6,25.1,91.0,0.0,4.4,302.0,1009.4,135.0
2026-01-13 18:00:00,21.2,24.4,92.0,0.0,4.6,342.0,1009.0,90.0
2026-01-13 19:00:00,19.1,24.4,93.0,0.0,2.8,15.0,1008.5,50.0
2026-01-13 20:00:00,21.4,24.3,93.0,0.0,2.6,65.0,1008.4,45.0
2026-01-13 21:00:00,24.6,24.4,93.0,0.0,2.1,59.0,1008.7,45.0
2026-01-13 22:00:00,22.2,24.2,93.0,0.0,2.3,342.0,1009.1,35.0
2026-01-13 23:00:00,24.1,24.2,94.0,0.0,3.3,324.0,1009.8,65.0
2026-01-14 00:00:00,33.0,25.0,87.0,0.0,6.2,10.0,1010.5,230.0
2026-01-14 01:00:00,28.1,25.9,84.0,0.1,4.0,18.0,1011.0,265.0
2026-01-14 02:00:00,,26.2,81.0,0.1,1.9,61.0,1010.7,385.0
2026-01-14 03:00:00,32.5,26.7,79.0,0.1,2.1,149.0,1010.4,435.0
2026-01-14 04:00:00,37.6,27.7,75.0,0.0,1.8,169.0,1009.6,620.0
2026-01-14 05:00:00,44.0,29.0,70.0,0.0,0.7,194.0,1008.3,940.0
2026-01-14 06:00:00,22.4,28.8,68.0,0.1,2.3,266.0,1007.6,815.0
2026-01-14 07:00:00,6.26,29.8,61.0,0.1,3.1,347.0,1007.1,1330.0
2026-01-14 08:00:00,5.85,29.6,57.0,0.2,10.8,28.0,1007.3,1175.0
2026-01-14 09:00:00,9.8,27.9,65.0,0.0,11.5,23.0,1008.0,850.0
2026-01-14 10:00:00,13.2,26.7,72.0,0.0,15.3,13.0,1008.2,710.0
2026-01-14 11:00:00,16.3,26.2,75.0,0.0,15.0,10.0,1009.1,340.0
2026-01-14 12:00:00,18.4,25.0,80.0,0.0,12.6,5.0,1010.4,320.0
2026-01-14 13:00:00,14.3,25.3,78.0,0.2,14.2,351.0,1010.6,275.0
2026-01-14 14:00:00,,24.6,84.0,0.3,8.4,7.0,1010.9,170.0
2026-01-14 15:00:00,10.8,24.2,87.0,0.6,2.5,21.0,1010.8,65.0
2026-01-14 16:00:00,,24.4,86.0,0.0,2.7,352.0,1010.3,80.0
2026-01-14 17:00:00,11.7,24.2,88.0,0.0,4.3,312.0,1009.8,130.0
2026-01-14 18:00:00,6.39,24.1,88.0,0.0,3.8,19.0,1009.4,145.0
2026-01-14 19:00:00,7.15,24.1,88.0,0.0,3.0,346.0,1009.1,120.0
2026-01-14 20:00:00,13.4,24.1,88.0,0.0,2.3,342.0,1009.2,130.0
2026-01-14 21:00:00,13.3,23.9,89.0,0.0,3.6,351.0,1009.0,120.0
2026-01-14 22:00:00,6.79,23.7,90.0,0.0,3.6,3.0,1009.5,100.0
2026-01-14 23:00:00,16.0,23.7,90.0,0.0,2.7,360.0,1009.8,95.0
2026-01-15 00:00:00,9.81,24.4,90.0,0.0,3.4,360.0,1010.8,150.0
2026-01-15 01:00:00,18.2,25.0,85.0,0.0,5.2,329.0,1011.2,265.0
2026-01-15 02:00:00,20.5,26.0,79.0,0.1,5.7,323.0,1010.8,370.0
2026-01-15 03:00:00,28.4,27.0,73.0,0.2,6.2,345.0,1010.2,530.0
2026-01-15 04:00:00,,27.6,69.0,0.1,7.8,22.0,1009.5,615.0
2026-01-15 05:00:00,,28.2,67.0,0.4,8.0,16.0,1008.4,725.0
2026-01-15 06:00:00,13.9,28.1,67.0,0.3,9.5,19.0,1007.3,790.0
2026-01-15 07:00:00,10.3,28.2,66.0,0.3,7.0,40.0,1007.1,775.0
2026-01-15 08:00:00,,28.4,65.0,0.0,3.5,9.0,1007.0,820.0
2026-01-15 09:00:00,,28.2,65.0,0.0,4.8,349.0,1007.2,600.0
2026-01-15 10:00:00,27.6,27.3,72.0,0.0,4.4,330.0,1007.6,100.0
2026-01-15 11:00:00,30.6,26.7,78.0,0.0,4.7,356.0,1007.8,105.0
2026-01-15 12:00:00,32.6,26.5,78.0,0.0,6.4,63.0,1008.4,165.0
2026-01-15 13:00:00,33.5,25.8,82.0,0.0,4.2,100.0,1008.6,120.0
2026-01-15 14:00:00,28.6,25.5,84.0,0.0,1.6,174.0,1008.4,30.0
2026-01-15 15:00:00,26.6,25.2,86.0,0.0,1.5,240.0,1008.2,25.0
2026-01-15 16:00:00,34.3,24.9,88.0,0.0,2.2,256.0,1007.8,35.0
2026-01-15 17:00:00,48.7,24.8,90.0,0.0,2.2,261.0,1007.6,35.0
2026-01-15 18:00:00,38.9,24.5,91.0,0.0,2.3,270.0,1006.9,60.0
2026-01-15 19:00:00,,24.7,87.0,0.0,6.4,310.0,1006.2,205.0
2026-01-15 20:00:00,36.4,24.6,82.0,0.0,6.7,344.0,1006.6,220.0
2026-01-15 21:00:00,,24.1,82.0,0.0,8.8,360.0,1006.6,190.0
2026-01-15 22:00:00,46.4,23.8,84.0,0.0,8.5,4.0,1007.3,150.0
2026-01-15 23:00:00,43.7,23.7,84.0,0.0,9.0,359.0,1007.9,155.0
2026-01-16 00:00:00,34.2,24.7,82.0,0.0,7.7,11.0,1008.1,200.0
2026-01-16 01:00:00,31.8,26.3,74.0,0.0,4.4,348.0,1008.5,455.0
2026-01-16 02:00:00,37.3,27.8,66.0,0.0,5.5,44.0,1008.5,885.0
2026-01-16 03:00:00,34.5,29.5,56.0,0.0,6.4,22.0,1008.1,1285.0
2026-01-16 04:00:00,20.5,30.7,49.0,0.0,8.7,27.0,1007.1,1615.0
2026-01-16 05:00:00,8.29,31.1,46.0,0.0,7.3,31.0,1006.0,1720.0
2026-01-16 06:00:00,22.4,30.6,45.0,0.0,5.8,321.0,1005.4,1445.0
2026-01-16 07:00:00,7.46,30.7,45.0,0.0,5.1,333.0,1004.9,1455.0
2026-01-16 08:00:00,7.64,30.4,45.0,0.0,5.2,358.0,1005.0,1305.0
2026-01-16 09:00:00,12.2,29.8,48.0,0.0,6.9,49.0,1005.5,720.0
2026-01-16 10:00:00,18.1,28.9,54.0,0.0,7.1,75.0,1005.8,535.0
2026-01-16 11:00:00,26.4,28.1,64.0,0.0,8.2,122.0,1005.9,610.0
2026-01-16 12:00:00,17.5,26.6,67.0,0.0,7.3,106.0,1006.7,335.0
2026-01-16 13:00:00,27.3,26.2,70.0,0.0,3.0,163.0,1006.5,125.0
2026-01-16 14:00:00,23.8,26.1,70.0,0.0,5.1,264.0,1006.0,165.0
2026-01-16 15:00:00,19.6,26.1,70.0,0.0,4.7,274.0,1006.1,180.0
2026-01-16 16:00:00,19.1,25.8,73.0,0.0,3.7,281.0,1005.9,135.0
2026-01-16 17:00:00,13.6,25.6,74.0,0.0,3.5,294.0,1005.8,80.0
2026-01-16 18:00:00,17.2,25.1,77.0,0.0,4.7,332.0,1005.2,145.0
2026-01-16 19:00:00,14.8,25.0,77.0,0.0,4.0,360.0,1005.1,200.0
2026-01-16 20:00:00,13.0,24.7,78.0,0.0,6.7,314.0,1005.0,175.0
2026-01-16 21:00:00,23.5,24.3,81.0,0.0,7.8,338.0,1005.1,255.0
2026-01-16 22:00:00,27.8,24.1,80.0,0.0,8.7,6.0,1005.4,285.0
2026-01-16 23:00:00,35.8,23.8,84.0,0.0,7.7,12.0,1005.9,280.0
2026-01-17 00:00:00,33.0,24.1,86.0,0.0,7.4,359.0,1005.7,280.0
2026-01-17 01:00:00,26.4,25.2,80.0,0.0,6.7,358.0,1006.5,410.0
2026-01-17 02:00:00,19.9,25.8,76.0,0.0,5.4,296.0,1006.3,400.0
2026-01-17 03:00:00,,26.5,71.0,0.0,8.5,305.0,1005.8,800.0
2026-01-17 04:00:00,17.0,27.4,63.0,0.0,6.4,350.0,1005.4,980.0
2026-01-17 05:00:00,11.1,27.7,60.0,0.0,8.4,341.0,1004.4,1060.0
2026-01-17 06:00:00,10.9,28.7,57.0,0.0,8.3,303.0,1003.3,1170.0
2026-01-17 07:00:00,,28.2,60.0,0.0,8.4,285.0,1003.2,815.0
2026-01-17 08:00:00,22.9,27.9,62.0,0.0,7.2,273.0,1003.2,625.0
2026-01-17 09:00:00,24.9,27.8,62.0,0.0,5.4,278.0,1003.2,685.0
2026-01-17 10:00:00,29.8,27.4,63.0,0.0,4.4,300.0,1003.5,185.0
2026-01-17 11:00:00,38.1,27.2,65.0,0.0,2.7,332.0,1004.1,245.0
2026-01-17 12:00:00,32.0,26.8,70.0,0.0,6.3,243.0,1004.4,210.0
2026-01-17 13:00:00,36.1,26.7,73.0,0.0,4.4,212.0,1005.1,290.0
2026-01-17 14:00:00,35.4,26.3,76.0,0.0,4.0,212.0,1005.0,110.0
2026-01-17 15:00:00,33.2,26.0,79.0,0.0,4.7,196.0,1004.8,85.0
2026-01-17 16:00:00,39.2,25.6,83.0,0.0,5.1,216.0,1004.4,100.0
2026-01-17 17:00:00,30.7,25.3,84.0,0.0,5.5,279.0,1003.7,120.0
2026-01-17 18:00:00,28.6,25.2,84.0,0.0,9.0,338.0,1003.3,310.0
2026-01-17 19:00:00,26.5,24.7,85.0,0.0,6.6,349.0,1003.1,275.0
2026-01-17 20:00:00,20.1,24.4,84.0,0.0,6.0,339.0,1003.3,260.0
2026-01-17 21:00:00,23.5,24.0,85.0,0.0,8.0,354.0,1003.3,315.0
2026-01-17 22:00:00,23.2,23.9,82.0,0.0,8.8,355.0,1003.7,380.0
2026-01-17 23:00:00,22.9,24.0,80.0,0.0,8.0,355.0,1004.6,345.0
2026-01-18 00:00:00,24.5,25.3,70.0,0.0,8.4,349.0,1005.1,380.0
2026-01-18 01:00:00,22.8,26.4,65.0,0.0,8.4,340.0,1005.7,465.0
2026-01-18 02:00:00,28.6,27.3,62.0,0.0,7.9,325.0,1005.9,595.0
2026-01-18 03:00:00,30.3,28.3,59.0,0.0,8.1,282.0,1005.4,740.0
2026-01-18 04:00:00,26.8,28.8,60.0,0.0,9.6,267.0,1004.3,755.0
2026-01-18 05:00:00,33.2,29.4,58.0,0.0,10.2,253.0,1003.3,750.0
2026-01-18 06:00:00,21.4,29.6,55.0,0.0,13.0,235.0,1002.6,505.0
2026-01-18 07:00:00,25.5,29.8,57.0,0.0,13.9,229.0,1002.1,570.0
2026-01-18 08:00:00,14.7,29.4,61.0,0.0,13.9,233.0,1002.1,580.0
2026-01-18 09:00:00,19.5,29.1,62.0,0.0,11.6,231.0,1002.2,530.0
2026-01-18 10:00:00,,28.4,66.0,0.0,10.5,219.0,1002.5,375.0
2026-01-18 11:00:00,20.0,27.8,71.0,0.0,8.6,240.0,1003.4,560.0
2026-01-18 12:00:00,,27.2,73.0,0.0,10.2,231.0,1004.4,335.0
2026-01-18 13:00:00,16.2,26.9,75.0,0.0,7.6,252.0,1005.1,345.0
2026-01-18 14:00:00,20.6,26.6,78.0,0.0,4.9,268.0,1005.4,325.0
2026-01-18 15:00:00,17.6,26.4,79.0,0.0,3.8,253.0,1005.1,340.0
2026-01-18 16:00:00,22.1,26.2,81.0,0.0,3.3,248.0,1005.0,415.0
2026-01-18 17:00:00,37.7,25.9,82.0,0.0,3.2,273.0,1004.7,420.0
2026-01-18 18:00:00,27.1,25.5,82.0,0.2,5.6,295.0,1004.4,310.0
2026-01-18 19:00:00,22.6,25.5,83.0,0.0,4.5,326.0,1004.4,255.0
2026-01-18 20:00:00,24.0,25.5,82.0,0.0,5.1,356.0,1004.3,285.0
2026-01-18 21:00:00,26.5,25.4,81.0,0.0,5.5,351.0,1004.4,350.0
2026-01-18 22:00:00,28.8,25.3,80.0,0.0,5.2,346.0,1005.0,365.0
2026-01-18 23:00:00,27.8,25.0,83.0,0.0,4.7,9.0,1006.0,250.0
2026-01-19 00:00:00,26.5,25.3,83.0,0.0,3.1,7.0,1007.1,290.0
2026-01-19 01:00:00,21.9,26.4,74.0,0.0,4.1,360.0,1007.7,465.0
2026-01-19 02:00:00,20.5,27.7,66.0,0.0,4.4,333.0,1007.7,845.0
2026-01-19 03:00:00,,28.1,63.0,0.0,5.9,315.0,1007.0,800.0
2026-01-19 04:00:00,28.9,29.4,57.0,0.1,5.8,277.0,1006.1,845.0
2026-01-19 05:00:00,28.9,29.8,56.0,0.4,9.5,259.0,1004.9,650.0
2026-01-19 06:00:00,29.0,29.4,60.0,0.2,11.1,256.0,1004.3,550.0
2026-01-19 07:00:00,,29.1,61.0,0.1,11.2,255.0,1003.8,340.0
2026-01-19 08:00:00,28.0,29.1,61.0,0.0,9.6,253.0,1003.9,285.0
2026-01-19 09:00:00,27.8,28.8,61.0,0.0,7.1,243.0,1004.3,205.0
2026-01-19 10:00:00,28.3,28.2,65.0,0.0,5.0,206.0,1004.8,225.0
2026-01-19 11:00:00,27.4,27.8,68.0,0.0,7.1,164.0,1005.4,450.0
2026-01-19 12:00:00,21.4,27.4,70.0,0.0,6.6,169.0,1005.9,395.0
2026-01-19 13:00:00,16.0,27.6,67.0,0.0,6.9,165.0,1005.8,400.0
2026-01-19 14:00:00,9.35,27.3,67.0,0.0,8.6,154.0,1006.1,465.0
2026-01-19 15:00:00,8.8,27.0,70.0,0.0,7.4,151.0,1006.2,425.0
2026-01-19 16:00:00,7.08,26.7,72.0,0.0,6.1,140.0,1006.2,460.0
2026-01-19 17:00:00,3.51,26.2,75.0,0.0,2.8,130.0,1006.2,460.0
2026-01-19 18:00:00,2.97,25.5,78.0,0.0,4.5,85.0,1006.0,325.0
2026-01-19 19:00:00,7.63,24.8,80.0,0.0,5.2,297.0,1005.9,290.0
2026-01-19 20:00:00,,24.3,81.0,0.4,7.4,293.0,1006.2,290.0
2026-01-19 21:00:00,16.2,24.2,82.0,0.0,5.9,325.0,1006.7,235.0
2026-01-19 22:00:00,22.0,24.1,82.0,0.0,5.1,352.0,1007.4,210.0
2026-01-19 23:00:00,30.4,24.0,82.0,0.0,3.7,14.0,1008.2,205.0
2026-01-20 00:00:00,,25.2,79.0,0.0,2.7,4.0,1009.1,280.0
2026-01-20 01:00:00,31.6,26.3,74.0,0.0,0.4,297.0,1009.7,460.0
2026-01-20 02:00:00,38.0,27.6,67.0,0.0,2.1,250.0,1009.4,730.0
2026-01-20 03:00:00,,28.3,63.0,0.2,2.0,280.0,1009.4,915.0
2026-01-20 04:00:00,,28.9,60.0,0.3,1.6,297.0,1008.7,1035.0
2026-01-20 05:00:00,18.5,29.2,57.0,0.1,2.2,246.0,1007.6,955.0
2026-01-20 06:00:00,21.9,29.8,53.0,0.1,4.4,187.0,1006.7,1125.0
2026-01-20 07:00:00,,30.2,50.0,0.0,4.4,215.0,1006.2,1260.0
2026-01-20 08:00:00,15.3,29.8,51.0,0.0,7.9,213.0,1006.1,1075.0
2026-01-20 09:00:00,19.7,29.2,54.0,0.0,10.5,187.0,1006.4,945.0
2026-01-20 10:00:00,20.6,28.4,58.0,0.0,9.1,163.0,1006.8,760.0
2026-01-20 11:00:00,,27.5,63.0,0.0,6.7,109.0,1007.6,685.0
2026-01-20 12:00:00,25.0,27.2,67.0,0.0,6.6,119.0,1008.0,505.0
2026-01-20 13:00:00,24.6,27.0,67.0,0.0,6.2,126.0,1008.2,460.0
2026-01-20 14:00:00,22.9,26.4,70.0,0.0,2.2,104.0,1008.4,460.0
2026-01-20 15:00:00,16.2,26.0,72.0,0.0,2.4,126.0,1008.5,415.0
2026-01-20 16:00:00,11.1,25.7,74.0,0.0,2.2,81.0,1009.1,465.0
2026-01-20 17:00:00,8.5,24.4,82.0,0.3,5.3,332.0,1009.0,310.0
2026-01-20 18:00:00,8.01,24.7,75.0,0.4,1.2,51.0,1008.3,250.0
2026-01-20 19:00:00,5.87,24.2,79.0,0.0,5.3,352.0,1008.4,275.0
2026-01-20 20:00:00,8.03,24.0,82.0,0.2,3.4,357.0,1008.4,185.0
2026-01-20 21:00:00,12.3,24.0,81.0,0.0,1.0,301.0,1008.9,175.0
2026-01-20 22:00:00,,24.0,80.0,0.0,1.4,320.0,1009.7,225.0
2026-01-20 23:00:00,,24.0,81.0,0.0,3.2,304.0,1010.1,220.0
2026-01-21 00:00:00,16.5,25.2,75.0,0.0,1.4,23.0,1010.8,610.0
2026-01-21 01:00:00,20.7,26.4,67.0,0.0,1.5,256.0,1011.2,635.0
2026-01-21 02:00:00,18.5,27.8,62.0,0.0,0.9,217.0,1011.2,960.0
2026-01-21 03:00:00,14.7,29.4,53.0,0.1,3.5,35.0,1010.9,1330.0
2026-01-21 04:00:00,16.3,30.5,46.0,0.1,8.6,39.0,1010.0,1555.0
2026-01-21 05:00:00,5.58,30.5,46.0,0.3,11.8,44.0,1008.8,1425.0
2026-01-21 06:00:00,4.38,30.0,47.0,0.2,10.1,44.0,1008.5,1420.0
2026-01-21 07:00:00,7.42,29.5,49.0,0.2,13.6,55.0,1008.2,1365.0
2026-01-21 08:00:00,,28.8,50.0,0.0,12.7,63.0,1008.3,1290.0
2026-01-21 09:00:00,12.7,27.7,53.0,0.0,10.9,73.0,1008.8,1100.0
2026-01-21 10:00:00,23.9,26.8,56.0,0.0,8.3,77.0,1009.3,1060.0
2026-01-21 11:00:00,,26.1,59.0,0.0,5.6,92.0,1010.1,960.0
2026-01-21 12:00:00,16.1,25.6,63.0,0.0,5.5,126.0,1011.2,945.0
2026-01-21 13:00:00,,25.2,64.0,0.0,6.5,174.0,1011.2,845.0
2026-01-21 14:00:00,,25.0,65.0,0.0,5.5,191.0,1011.4,860.0
2026-01-21 15:00:00,,24.7,65.0,0.0,5.8,240.0,1011.5,880.0
2026-01-21 16:00:00,8.27,24.4,66.0,0.0,8.7,257.0,1011.5,870.0
2026-01-21 17:00:00,9.49,24.2,66.0,0.0,7.2,243.0,1011.5,885.0
2026-01-21 18:00:00,10.3,23.8,66.0,0.0,2.6,168.0,1011.0,795.0
2026-01-21 19:00:00,13.9,23.7,65.0,0.0,2.3,184.0,1010.9,790.0
2026-01-21 20:00:00,15.9,23.4,67.0,0.0,1.6,354.0,1011.1,760.0
2026-01-21 21:00:00,25.4,23.1,69.0,0.0,3.7,346.0,1011.7,180.0
2026-01-21 22:00:00,25.9,22.8,72.0,0.0,5.3,322.0,1012.2,195.0
2026-01-21 23:00:00,30.5,22.8,72.0,0.0,5.7,311.0,1012.7,225.0
2026-01-22 00:00:00,37.0,24.1,62.0,0.0,6.0,335.0,1013.7,800.0
2026-01-22 01:00:00,20.7,25.1,57.0,0.0,3.7,313.0,1014.0,800.0
2026-01-22 02:00:00,21.1,26.7,52.0,0.0,2.8,27.0,1014.1,1115.0
2026-01-22 03:00:00,26.3,28.7,45.0,0.0,4.2,47.0,1013.4,1485.0
2026-01-22 04:00:00,,30.2,38.0,0.0,8.7,42.0,1012.6,1905.0
2026-01-22 05:00:00,10.1,30.0,40.0,0.1,9.3,49.0,1011.7,1835.0
2026-01-22 06:00:00,7.46,29.7,40.0,0.1,11.4,65.0,1011.0,1840.0
2026-01-22 07:00:00,6.26,29.6,39.0,0.0,11.0,49.0,1010.8,1810.0
2026-01-22 08:00:00,9.33,28.5,45.0,0.0,9.2,50.0,1010.9,1380.0
2026-01-22 09:00:00,15.2,27.2,50.0,0.0,7.9,66.0,1011.3,1250.0
2026-01-22 10:00:00,18.0,26.0,54.0,0.0,7.0,94.0,1011.9,1005.0
2026-01-22 11:00:00,18.9,25.2,57.0,0.0,8.9,122.0,1012.5,950.0
2026-01-22 12:00:00,22.7,24.6,60.0,0.0,6.9,121.0,1013.3,865.0
2026-01-22 13:00:00,16.7,24.5,60.0,0.0,7.9,125.0,1013.7,850.0
2026-01-22 14:00:00,13.4,24.4,61.0,0.0,8.8,123.0,1013.9,895.0
2026-01-22 15:00:00,10.4,24.1,62.0,0.0,8.5,128.0,1013.9,900.0
2026-01-22 16:00:00,6.49,23.8,64.0,0.0,6.2,144.0,1014.1,950.0
2026-01-22 17:00:00,9.99,23.7,65.0,0.0,2.8,125.0,1013.8,970.0
2026-01-22 18:00:00,6.3,23.9,64.0,0.0,4.7,72.0,1013.4,370.0
2026-01-22 19:00:00,7.35,23.8,64.0,0.0,5.7,46.0,1013.3,975.0
2026-01-22 20:00:00,,23.3,68.0,0.0,5.1,27.0,1013.4,660.0
2026-01-22 21:00:00,,22.9,70.0,0.0,4.9,24.0,1013.8,160.0
2026-01-22 22:00:00,,22.7,72.0,0.0,4.5,23.0,1014.5,95.0
2026-01-22 23:00:00,,22.8,72.0,0.0,2.2,24.0,1015.0,65.0
2026-01-23 00:00:00,,24.0,65.0,0.0,8.0,8.0,1016.0,1065.0
2026-01-23 01:00:00,14.9,25.2,58.0,0.0,7.4,47.0,1016.3,1195.0
2026-01-23 02:00:00,13.0,26.8,51.0,0.0,8.0,46.0,1016.2,1360.0
2026-01-23 03:00:00,,28.1,45.0,0.0,12.9,40.0,1015.5,1605.0
2026-01-23 04:00:00,11.8,29.1,41.0,0.0,11.9,52.0,1014.7,1785.0
2026-01-23 05:00:00,9.86,30.1,36.0,0.0,13.6,55.0,1013.9,2065.0
2026-01-23 06:00:00,10.1,30.0,36.0,0.0,12.1,85.0,1012.6,2060.0
2026-01-23 07:00:00,12.8,29.8,37.0,0.0,12.4,77.0,1012.3,1920.0
2026-01-23 08:00:00,9.06,29.6,37.0,0.0,12.1,72.0,1012.3,1910.0
2026-01-23 09:00:00,11.2,27.9,45.0,0.0,13.3,65.0,1012.5,1380.0
2026-01-23 10:00:00,19.9,26.4,51.0,0.0,11.8,67.0,1013.4,1050.0
2026-01-23 11:00:00,30.1,25.5,55.0,0.0,8.3,79.0,1014.0,1010.0
2026-01-23 12:00:00,28.9,25.0,59.0,0.0,6.2,75.0,1014.8,965.0
2026-01-23 13:00:00,24.2,24.6,61.0,0.0,4.0,85.0,1014.9,865.0
2026-01-23 14:00:00,16.0,24.2,62.0,0.0,2.0,80.0,1014.9,765.0
2026-01-23 15:00:00,17.1,24.0,62.0,0.0,0.9,53.0,1014.8,740.0
2026-01-23 16:00:00,20.1,23.7,63.0,0.0,0.8,27.0,1014.6,670.0
2026-01-23 17:00:00,16.8,23.6,64.0,0.0,1.3,16.0,1014.4,75.0
2026-01-23 18:00:00,15.9,23.5,67.0,0.0,6.4,350.0,1013.8,205.0
2026-01-23 19:00:00,18.3,23.0,70.0,0.0,9.0,357.0,1013.7,225.0
2026-01-23 20:00:00,22.5,22.8,70.0,0.0,9.0,359.0,1013.7,205.0
2026-01-23 21:00:00,22.8,22.4,73.0,0.0,7.2,359.0,1014.1,145.0
2026-01-23 22:00:00,27.3,22.4,74.0,0.0,6.0,3.0,1014.6,110.0
2026-01-23 23:00:00,28.0,22.4,74.0,0.0,3.8,352.0,1015.0,85.0
2026-01-24 00:00:00,,23.6,67.0,0.0,5.8,356.0,1015.6,305.0
2026-01-24 01:00:00,,25.1,59.0,0.0,3.1,21.0,1016.1,965.0
2026-01-24 02:00:00,13.1,27.0,51.0,0.0,7.3,52.0,1015.8,1255.0
2026-01-24 03:00:00,14.9,28.2,45.0,0.0,9.4,50.0,1015.0,1605.0
2026-01-24 04:00:00,,28.5,46.0,0.0,9.6,43.0,1014.2,1580.0
2026-01-24 05:00:00,,29.2,43.0,0.0,8.4,62.0,1013.5,1765.0
2026-01-24 06:00:00,8.07,29.3,43.0,0.0,11.8,64.0,1012.3,1660.0
2026-01-24 07:00:00,8.49,29.1,44.0,0.1,10.0,64.0,1011.9,1685.0
2026-01-24 08:00:00,7.1,28.8,45.0,0.0,9.7,62.0,1012.0,1605.0
2026-01-24 09:00:00,7.77,27.7,49.0,0.0,11.3,63.0,1012.4,1255.0
2026-01-24 10:00:00,13.4,26.4,54.0,0.0,9.9,63.0,1013.2,1095.0
2026-01-24 11:00:00,21.7,25.6,57.0,0.0,7.4,86.0,1013.5,910.0
2026-01-24 12:00:00,,25.0,63.0,0.0,6.7,96.0,1014.4,850.0
2026-01-24 13:00:00,13.2,24.8,64.0,0.0,4.8,110.0,1014.7,875.0
2026-01-24 14:00:00,9.03,24.5,65.0,0.0,5.5,122.0,1014.8,770.0
2026-01-24 15:00:00,5.72,24.2,67.0,0.0,6.0,129.0,1014.7,625.0
2026-01-24 16:00:00,7.2,24.0,68.0,0.0,6.9,141.0,1014.2,540.0
2026-01-24 17:00:00,6.56,23.8,69.0,0.0,5.7,134.0,1013.7,365.0
2026-01-24 18:00:00,15.4,23.7,71.0,0.0,2.9,137.0,1013.4,155.0
2026-01-24 19:00:00,17.2,23.6,71.0,0.0,2.6,129.0,1012.8,225.0
2026-01-24 20:00:00,12.9,23.2,73.0,0.0,3.8,90.0,1012.5,195.0
2026-01-24 21:00:00,15.6,22.9,74.0,0.0,3.9,22.0,1012.7,180.0
2026-01-24 22:00:00,18.9,22.5,77.0,0.0,5.6,22.0,1013.3,155.0
2026-01-24 23:00:00,19.9,22.4,77.0,0.0,5.2,12.0,1014.0,155.0
2026-01-25 00:00:00,23.1,23.6,72.0,0.0,7.4,6.0,1015.1,245.0
2026-01-25 01:00:00,15.5,25.3,64.0,0.0,4.0,27.0,1015.2,1020.0
2026-01-25 02:00:00,16.7,27.3,54.0,0.0,6.2,73.0,1014.8,1390.0
2026-01-25 03:00:00,18.0,28.5,49.0,0.0,6.6,73.0,1014.0,1310.0
2026-01-25 04:00:00,14.2,29.5,46.0,0.0,9.8,83.0,1013.1,1610.0
2026-01-25 05:00:00,8.25,30.1,44.0,0.0,11.3,90.0,1012.3,1625.0
2026-01-25 06:00:00,9.05,29.7,45.0,0.0,11.0,95.0,1011.9,1685.0
2026-01-25 07:00:00,5.58,29.5,48.0,0.0,12.1,94.0,1011.7,1510.0
2026-01-25 08:00:00,4.83,29.3,48.0,0.0,11.7,88.0,1011.8,1510.0
2026-01-25 09:00:00,7.11,28.6,50.0,0.0,12.3,83.0,1012.2,1395.0
2026-01-25 10:00:00,10.9,27.1,56.0,0.0,11.4,85.0,1013.0,1075.0
2026-01-25 11:00:00,21.5,26.2,60.0,0.0,9.6,93.0,1013.7,885.0
2026-01-25 12:00:00,23.2,26.0,61.0,0.0,5.8,83.0,1014.2,765.0
2026-01-25 13:00:00,27.2,25.6,62.0,0.0,1.8,96.0,1014.2,705.0
2026-01-25 14:00:00,,25.3,64.0,0.0,0.5,90.0,1014.0,635.0
2026-01-25 15:00:00,28.5,25.0,65.0,0.0,1.9,209.0,1014.0,330.0
2026-01-25 16:00:00,28.7,24.7,66.0,0.0,0.9,323.0,1013.6,220.0
2026-01-25 17:00:00,29.4,24.5,68.0,0.0,1.3,344.0,1013.2,70.0
2026-01-25 18:00:00,28.4,24.3,73.0,0.0,3.5,348.0,1012.6,180.0
2026-01-25 19:00:00,26.3,23.9,75.0,0.0,6.2,343.0,1012.2,195.0
2026-01-25 20:00:00,26.3,23.3,77.0,0.0,7.7,3.0,1011.9,195.0
2026-01-25 21:00:00,27.2,23.1,78.0,0.0,8.1,6.0,1012.5,195.0
2026-01-25 22:00:00,31.2,23.0,79.0,0.0,7.4,359.0,1013.4,190.0
2026-01-25 23:00:00,30.2,23.1,78.0,0.0,7.2,360.0,1013.8,195.0
2026-01-26 00:00:00,,24.2,72.0,0.0,7.7,357.0,1014.5,280.0
2026-01-26 01:00:00,,25.2,69.0,0.0,7.5,352.0,1014.7,325.0
2026-01-26 02:00:00,32.3,26.8,64.0,0.0,4.4,353.0,1014.3,975.0
2026-01-26 03:00:00,39.8,28.5,58.0,0.0,1.4,320.0,1013.5,1140.0
2026-01-26 04:00:00,,27.8,62.0,0.4,4.4,333.0,1012.9,615.0
2026-01-26 05:00:00,,28.5,61.0,0.5,4.6,342.0,1012.0,810.0
2026-01-26 06:00:00,28.3,28.3,62.0,1.2,2.9,349.0,1011.3,1030.0
2026-01-26 07:00:00,,28.2,63.0,0.4,3.8,79.0,1011.0,905.0
2026-01-26 08:00:00,28.2,28.2,63.0,0.1,3.0,76.0,1010.9,810.0
2026-01-26 09:00:00,34.1,28.4,62.0,0.1,4.1,75.0,1011.4,970.0
2026-01-26 10:00:00,41.8,28.0,65.0,0.0,5.1,48.0,1011.6,540.0
2026-01-26 11:00:00,32.5,27.3,70.0,0.0,3.7,43.0,1011.8,220.0
2026-01-26 12:00:00,27.2,27.0,73.0,0.0,3.7,29.0,1012.9,225.0
2026-01-26 13:00:00,33.5,26.8,75.0,0.0,4.4,35.0,1013.2,235.0
2026-01-26 14:00:00,19.6,26.3,77.0,0.0,3.4,47.0,1013.0,190.0
2026-01-26 15:00:00,16.8,26.1,78.0,0.0,1.4,50.0,1012.7,135.0
2026-01-26 16:00:00,6.32,25.9,79.0,0.0,2.2,166.0,1012.5,225.0
2026-01-26 17:00:00,6.42,25.6,81.0,0.0,1.0,211.0,1011.9,215.0
2026-01-26 18:00:00,5.66,25.2,87.0,0.0,0.4,207.0,1011.4,235.0
2026-01-26 19:00:00,,25.2,83.0,0.0,0.6,252.0,1011.3,190.0
2026-01-26 20:00:00,4.08,25.1,84.0,0.0,0.4,243.0,1011.1,20.0
2026-01-26 21:00:00,4.31,25.0,84.0,0.0,1.7,77.0,1011.4,45.0
2026-01-26 22:00:00,10.3,24.8,85.0,0.0,2.3,113.0,1012.1,65.0
2026-01-26 23:00:00,15.0,24.8,85.0,0.0,2.0,153.0,1012.7,105.0
2026-01-27 00:00:00,17.3,25.1,84.0,0.0,3.4,295.0,1013.6,255.0
2026-01-27 01:00:00,,25.8,80.0,0.1,2.4,343.0,1014.4,420.0
2026-01-27 02:00:00,16.7,27.0,74.0,0.0,1.5,315.0,1014.1,740.0
2026-01-27 03:00:00,19.4,27.9,71.0,0.0,0.6,252.0,1013.4,875.0
2026-01-27 04:00:00,42.3,28.8,65.0,0.0,3.1,201.0,1012.6,990.0
2026-01-27 05:00:00,45.0,29.2,61.0,0.2,6.2,57.0,1011.8,1080.0
2026-01-27 06:00:00,44.7,26.8,75.0,0.0,7.4,276.0,1011.0,335.0
2026-01-27 07:00:00,36.0,28.2,70.0,0.1,6.2,263.0,1010.8,410.0
2026-01-27 08:00:00,33.2,27.2,70.0,2.3,3.1,114.0,1011.0,550.0
2026-01-27 09:00:00,35.0,27.0,72.0,0.8,2.2,166.0,1011.3,395.0
2026-01-27 10:00:00,33.3,26.9,72.0,0.0,4.8,146.0,1011.9,430.0
2026-01-27 11:00:00,18.5,26.6,75.0,0.0,5.4,127.0,1012.2,355.0
2026-01-27 12:00:00,26.0,26.5,75.0,0.0,4.7,113.0,1012.8,285.0
2026-01-27 13:00:00,28.0,26.2,74.0,0.0,6.7,117.0,1013.3,250.0
2026-01-27 14:00:00,20.8,25.8,76.0,0.0,6.4,130.0,1013.5,200.0
2026-01-27 15:00:00,18.0,25.6,77.0,0.0,5.0,120.0,1013.3,195.0
2026-01-27 16:00:00,16.6,25.5,77.0,0.0,2.9,94.0,1013.2,150.0
2026-01-27 17:00:00,18.1,25.3,77.0,0.0,1.8,114.0,1012.5,110.0
2026-01-27 18:00:00,21.1,24.8,81.0,0.0,2.2,14.0,1011.6,70.0
2026-01-27 19:00:00,20.0,24.5,82.0,0.0,3.1,3.0,1011.3,100.0
2026-01-27 20:00:00,29.9,24.1,85.0,0.0,4.0,5.0,1011.0,110.0
2026-01-27 21:00:00,,23.7,86.0,0.0,4.2,348.0,1011.4,95.0
2026-01-27 22:00:00,,23.5,87.0,0.0,3.2,341.0,1012.2,80.0
2026-01-27 23:00:00,,23.6,86.0,0.0,1.0,329.0,1012.7,40.0
2026-01-28 00:00:00,,24.8,79.0,0.0,2.3,360.0,1013.5,150.0
2026-01-28 01:00:00,23.8,26.0,71.0,0.0,1.9,197.0,1013.8,750.0
2026-01-28 02:00:00,13.1,27.4,62.0,0.0,3.5,118.0,1013.6,985.0
2026-01-28 03:00:00,,28.8,56.0,0.0,2.8,72.0,1012.8,1275.0
2026-01-28 04:00:00,,29.7,51.0,0.0,2.4,343.0,1012.1,1390.0
2026-01-28 05:00:00,,29.4,51.0,0.1,3.2,19.0,1011.5,1295.0
2026-01-28 06:00:00,18.6,29.4,51.0,0.5,5.7,103.0,1010.7,1440.0
2026-01-28 07:00:00,,29.5,50.0,0.1,4.9,107.0,1010.3,1540.0
2026-01-28 08:00:00,12.4,29.7,48.0,0.0,6.1,88.0,1010.3,1595.0
2026-01-28 09:00:00,18.3,28.5,51.0,0.0,9.0,90.0,1010.9,1060.0
2026-01-28 10:00:00,22.5,27.2,55.0,0.0,10.1,101.0,1011.5,780.0
2026-01-28 11:00:00,21.6,26.0,60.0,0.0,7.0,113.0,1012.3,710.0
2026-01-28 12:00:00,21.2,26.1,63.0,0.0,7.4,122.0,1012.9,685.0
2026-01-28 13:00:00,21.2,25.4,67.0,0.0,7.9,141.0,1013.3,615.0
2026-01-28 14:00:00,17.2,25.0,69.0,0.0,7.6,149.0,1013.6,645.0
2026-01-28 15:00:00,15.2,24.7,70.0,0.0,6.0,159.0,1013.7,630.0
2026-01-28 16:00:00,10.6,24.2,73.0,0.0,7.2,181.0,1013.4,130.0
2026-01-28 17:00:00,9.2,24.0,72.0,0.0,6.7,153.0,1013.1,125.0
2026-01-28 18:00:00,9.83,23.7,75.0,0.0,6.2,123.0,1012.6,105.0
2026-01-28 19:00:00,,23.6,75.0,0.0,6.0,129.0,1012.3,100.0
2026-01-28 20:00:00,18.0,23.3,77.0,0.0,4.4,117.0,1012.4,60.0
2026-01-28 21:00:00,25.3,23.0,79.0,0.0,3.7,104.0,1012.7,45.0
2026-01-28 22:00:00,29.1,22.7,81.0,0.0,2.9,83.0,1013.3,30.0
2026-01-28 23:00:00,28.7,22.7,81.0,0.0,4.2,72.0,1013.7,50.0
2026-01-29 00:00:00,22.3,24.0,76.0,0.0,3.1,87.0,1014.6,180.0
2026-01-29 01:00:00,20.0,25.7,63.0,0.0,3.4,133.0,1015.0,925.0
2026-01-29 02:00:00,13.5,27.7,53.0,0.0,10.6,79.0,1014.8,1300.0
2026-01-29 03:00:00,7.5,29.4,46.0,0.0,12.1,88.0,1014.1,1560.0
2026-01-29 04:00:00,6.15,30.4,42.0,0.1,14.6,85.0,1013.1,1820.0
2026-01-29 05:00:00,7.8,30.4,42.0,0.1,15.7,91.0,1012.3,1730.0
2026-01-29 06:00:00,9.55,30.2,43.0,0.0,14.6,91.0,1011.9,1715.0
2026-01-29 07:00:00,11.8,29.9,44.0,0.0,15.8,90.0,1011.5,1680.0
2026-01-29 08:00:00,9.35,29.1,48.0,0.0,15.9,100.0,1011.9,1465.0
2026-01-29 09:00:00,17.2,27.8,53.0,0.0,15.4,101.0,1012.4,1215.0
2026-01-29 10:00:00,14.9,26.6,58.0,0.0,12.8,110.0,1013.0,1035.0
2026-01-29 11:00:00,31.9,25.8,62.0,0.0,12.2,107.0,1013.6,895.0
2026-01-29 12:00:00,20.6,25.9,60.0,0.0,11.0,111.0,1014.4,840.0
2026-01-29 13:00:00,21.9,25.7,62.0,0.0,11.2,108.0,1014.7,850.0
2026-01-29 14:00:00,15.5,25.3,63.0,0.0,9.4,113.0,1014.7,735.0
2026-01-29 15:00:00,17.4,25.0,64.0,0.0,7.2,104.0,1014.8,680.0
2026-01-29 16:00:00,21.0,24.6,66.0,0.0,5.4,90.0,1014.7,605.0
2026-01-29 17:00:00,27.2,24.0,69.0,0.0,3.0,57.0,1014.1,140.0
2026-01-29 18:00:00,24.4,23.5,72.0,0.0,4.6,39.0,1013.6,150.0
2026-01-29 19:00:00,17.9,23.2,75.0,0.0,4.8,25.0,1013.3,145.0
2026-01-29 20:00:00,10.1,23.0,77.0,0.0,4.5,23.0,1013.2,155.0
2026-01-29 21:00:00,15.9,22.7,79.0,0.0,3.6,20.0,1013.6,120.0
2026-01-29 22:00:00,23.6,22.7,80.0,0.0,2.6,12.0,1014.2,60.0
2026-01-29 23:00:00,27.3,22.8,79.0,0.0,2.8,50.0,1014.9,75.0
2026-01-30 00:00:00,18.4,24.0,75.0,0.0,2.4,42.0,1015.6,310.0
2026-01-30 01:00:00,22.2,25.5,68.0,0.0,0.5,315.0,1015.9,735.0
2026-01-30 02:00:00,18.4,26.8,60.0,0.1,4.8,77.0,1015.9,920.0
2026-01-30 03:00:00,17.0,28.4,52.0,0.2,8.3,57.0,1015.0,1225.0
2026-01-30 04:00:00,19.3,28.9,51.0,1.4,9.6,60.0,1014.2,1295.0
2026-01-30 05:00:00,18.0,29.3,50.0,2.2,9.1,72.0,1013.3,1440.0
2026-01-30 06:00:00,12.7,29.6,49.0,1.7,9.8,62.0,1012.5,1680.0
2026-01-30 07:00:00,,29.0,52.0,0.4,9.4,73.0,1012.0,1460.0
2026-01-30 08:00:00,,28.4,55.0,0.7,11.4,77.0,1012.1,1350.0
2026-01-30 09:00:00,9.84,27.7,57.0,0.0,13.2,78.0,1012.5,1345.0
2026-01-30 10:00:00,,26.3,64.0,0.0,9.2,86.0,1013.1,1020.0
2026-01-30 11:00:00,26.1,25.5,68.0,0.0,8.8,101.0,1013.8,835.0
2026-01-30 12:00:00,,25.8,69.0,0.0,6.8,107.0,1014.1,485.0
2026-01-30 13:00:00,31.0,25.4,71.0,0.0,5.6,107.0,1014.2,335.0
2026-01-30 14:00:00,35.8,24.9,75.0,0.0,4.8,127.0,1014.4,200.0
2026-01-30 15:00:00,33.8,24.5,78.0,0.0,3.1,118.0,1014.2,90.0
2026-01-30 16:00:00,31.9,24.1,81.0,0.0,1.8,79.0,1014.1,35.0
2026-01-30 17:00:00,32.3,23.9,83.0,0.0,2.9,30.0,1013.5,60.0
2026-01-30 18:00:00,28.1,23.9,81.0,0.0,4.7,7.0,1013.1,190.0
2026-01-30 19:00:00,29.1,23.4,81.0,0.0,5.8,358.0,1012.6,135.0
2026-01-30 20:00:00,25.9,23.1,82.0,0.0,5.6,6.0,1012.6,115.0
2026-01-30 21:00:00,27.3,23.0,81.0,0.0,6.8,2.0,1013.0,135.0
2026-01-30 22:00:00,31.4,22.8,79.0,0.0,8.0,354.0,1013.0,165.0
2026-01-30 23:00:00,33.1,22.8,79.0,0.0,6.9,6.0,1014.0,150.0
2026-01-31 00:00:00,,24.0,75.0,0.0,6.7,2.0,1014.7,240.0
2026-01-31 01:00:00,,25.2,68.0,0.0,3.9,332.0,1015.1,585.0
2026-01-31 02:00:00,22.3,26.5,63.0,0.0,5.2,20.0,1014.9,960.0
2026-01-31 03:00:00,22.3,28.8,54.0,0.0,4.7,360.0,1014.0,1370.0
2026-01-31 04:00:00,27.2,29.9,50.0,0.0,6.0,323.0,1013.0,1580.0
2026-01-31 05:00:00,24.5,30.1,49.0,0.0,5.5,324.0,1012.4,1355.0
2026-01-31 06:00:00,23.6,27.7,57.0,0.2,1.1,108.0,1012.3,835.0
2026-01-31 07:00:00,,27.6,59.0,0.2,1.1,162.0,1012.0,720.0
2026-01-31 08:00:00,16.5,27.8,59.0,0.0,3.2,142.0,1012.0,885.0
2026-01-31 09:00:00,,28.0,56.0,0.0,4.7,94.0,1012.1,1020.0
2026-01-31 10:00:00,31.6,27.5,55.0,0.0,6.5,96.0,1012.4,700.0
2026-01-31 11:00:00,25.9,26.5,59.0,0.0,3.9,106.0,1012.6,530.0
2026-01-31 12:00:00,33.6,25.9,59.0,0.0,4.5,90.0,1013.2,390.0
2026-01-31 13:00:00,34.3,25.9,58.0,0.0,3.0,142.0,1013.4,390.0
2026-01-31 14:00:00,28.4,25.8,58.0,0.0,3.2,183.0,1013.6,400.0
2026-01-31 15:00:00,33.4,25.6,59.0,0.0,1.9,236.0,1013.6,450.0
2026-01-31 16:00:00,29.0,25.1,63.0,0.0,4.4,232.0,1013.5,440.0
2026-01-31 17:00:00,,24.7,65.0,0.0,5.8,236.0,1013.1,130.0
2026-01-31 18:00:00,27.3,24.1,68.0,0.0,3.6,237.0,1012.5,190.0
2026-01-31 19:00:00,26.4,23.9,68.0,0.0,5.2,276.0,1012.0,175.0
2026-01-31 20:00:00,26.8,23.8,70.0,0.0,3.8,301.0,1012.0,110.0
2026-01-31 21:00:00,27.9,23.7,72.0,0.0,2.1,329.0,1012.3,65.0
2026-01-31 22:00:00,,23.6,73.0,0.0,1.6,333.0,1012.5,40.0
2026-01-31 23:00:00,31.4,23.6,74.0,0.0,3.9,338.0,1013.2,60.0
2026-02-01 00:00:00,26.0,25.5,62.0,0.0,3.1,320.0,1014.2,280.0
2026-02-01 01:00:00,22.0,26.1,60.0,0.0,4.4,289.0,1014.4,585.0
2026-02-01 02:00:00,26.8,27.1,58.0,0.0,3.5,305.0,1014.3,1005.0
2026-02-01 03:00:00,29.6,28.4,54.0,0.0,2.3,23.0,1013.8,1185.0
2026-02-01 04:00:00,23.1,30.2,48.0,0.0,5.0,49.0,1012.6,1520.0
2026-02-01 05:00:00,26.8,30.8,45.0,0.0,7.2,39.0,1011.8,1650.0
2026-02-01 06:00:00,28.3,30.0,49.0,0.0,6.9,28.0,1011.0,1530.0
2026-02-01 07:00:00,26.9,29.8,48.0,0.0,8.4,55.0,1010.9,1390.0
2026-02-01 08:00:00,9.61,29.4,48.0,0.0,9.4,79.0,1011.3,1265.0
2026-02-01 09:00:00,,28.1,52.0,0.0,10.4,73.0,1011.8,955.0
2026-02-01 10:00:00,14.3,27.3,53.0,0.0,7.5,80.0,1012.6,785.0
2026-02-01 11:00:00,31.4,26.8,55.0,0.0,5.4,76.0,1013.0,755.0
2026-02-01 12:00:00,50.4,26.4,57.0,0.0,7.2,93.0,1013.9,595.0
2026-02-01 13:00:00,24.2,26.2,58.0,0.0,4.1,128.0,1014.2,585.0
2026-02-01 14:00:00,10.3,26.1,58.0,0.0,1.5,187.0,1014.3,555.0
2026-02-01 15:00:00,12.2,26.0,58.0,0.0,2.6,236.0,1014.1,100.0
2026-02-01 16:00:00,11.9,25.6,62.0,0.0,7.0,238.0,1013.3,125.0
2026-02-01 17:00:00,8.43,25.2,64.0,0.0,8.7,236.0,1013.2,115.0
2026-02-01 18:00:00,9.19,24.7,67.0,0.0,6.5,240.0,1012.6,90.0
2026-02-01 19:00:00,9.17,24.6,68.0,0.0,5.3,213.0,1012.4,75.0
2026-02-01 20:00:00,12.3,24.5,68.0,0.0,3.9,214.0,1012.2,60.0
2026-02-01 21:00:00,,24.3,69.0,0.0,2.7,290.0,1012.7,50.0
2026-02-01 22:00:00,32.4,24.0,69.0,0.0,4.0,300.0,1013.1,70.0
2026-02-01 23:00:00,25.4,23.9,70.0,0.0,3.6,297.0,1013.7,65.0
2026-02-02 00:00:00,,25.8,63.0,0.0,1.5,240.0,1014.6,250.0
2026-02-02 01:00:00,20.8,27.1,56.0,0.0,0.4,270.0,1014.9,995.0
2026-02-02 02:00:00,,28.4,53.0,0.0,3.2,341.0,1014.8,1180.0
2026-02-02 03:00:00,,30.2,47.0,0.0,5.2,346.0,1014.2,1610.0
2026-02-02 04:00:00,28.3,30.6,46.0,0.0,2.6,295.0,1013.2,1250.0
2026-02-02 05:00:00,24.2,30.7,47.0,0.0,1.7,311.0,1012.8,1305.0
2026-02-02 06:00:00,27.5,30.3,49.0,0.0,2.6,326.0,1012.0,1675.0
2026-02-02 07:00:00,21.7,30.8,47.0,0.0,6.3,24.0,1011.5,1715.0
2026-02-02 08:00:00,,30.5,47.0,0.0,8.4,40.0,1011.5,1680.0
2026-02-02 09:00:00,13.1,29.3,50.0,0.0,9.9,55.0,1011.9,1280.0
2026-02-02 10:00:00,18.2,28.0,54.0,0.0,9.2,69.0,1012.6,865.0
2026-02-02 11:00:00,26.3,27.0,57.0,0.0,7.4,91.0,1013.5,730.0
2026-02-02 12:00:00,25.4,26.7,56.0,0.0,8.1,95.0,1014.1,640.0
2026-02-02 13:00:00,,26.4,58.0,0.0,7.2,89.0,1014.2,655.0
2026-02-02 14:00:00,13.2,26.2,61.0,0.0,5.1,117.0,1014.5,620.0
2026-02-02 15:00:00,13.4,26.1,62.0,0.0,4.0,150.0,1014.5,670.0
2026-02-02 16:00:00,11.5,26.0,62.0,0.0,3.2,177.0,1014.4,690.0
2026-02-02 17:00:00,17.4,25.7,64.0,0.0,3.3,193.0,1014.1,80.0
2026-02-02 18:00:00,20.3,25.4,66.0,0.0,2.7,212.0,1013.4,65.0
2026-02-02 19:00:00,,25.0,69.0,0.0,5.1,247.0,1013.1,110.0
2026-02-02 20:00:00,20.6,24.7,69.0,0.0,4.4,300.0,1013.2,125.0
2026-02-02 21:00:00,,24.2,72.0,0.0,5.7,332.0,1013.5,125.0
2026-02-02 22:00:00,,23.9,75.0,0.0,6.9,329.0,1013.9,100.0
2026-02-02 23:00:00,,24.1,74.0,0.0,6.5,309.0,1014.4,90.0
2026-02-03 00:00:00,31.0,25.7,65.0,0.0,3.0,327.0,1015.2,690.0
2026-02-03 01:00:00,25.4,26.7,59.0,0.0,2.1,285.0,1015.4,940.0
2026-02-03 02:00:00,20.9,29.0,50.0,0.0,5.7,35.0,1015.2,1435.0
2026-02-03 03:00:00,20.0,30.5,44.0,0.0,8.9,40.0,1014.4,1850.0
2026-02-03 04:00:00,15.6,31.0,42.0,0.0,10.5,53.0,1013.7,1905.0
2026-02-03 05:00:00,10.1,31.3,40.0,0.0,12.4,54.0,1013.0,1980.0
2026-02-03 06:00:00,10.4,30.9,40.0,0.0,13.4,59.0,1012.4,1965.0
2026-02-03 07:00:00,9.66,30.6,41.0,0.0,13.2,59.0,1011.6,1795.0
2026-02-03 08:00:00,12.3,30.0,42.0,0.0,14.2,60.0,1011.7,1700.0
2026-02-03 09:00:00,15.6,28.7,45.0,0.0,13.1,67.0,1012.4,1340.0
2026-02-03 10:00:00,16.7,27.6,47.0,0.0,10.8,79.0,1012.7,1215.0
2026-02-03 11:00:00,19.4,27.1,48.0,0.0,9.0,89.0,1012.9,1160.0
2026-02-03 12:00:00,14.6,27.0,51.0,0.0,7.2,108.0,1013.8,1090.0
2026-02-03 13:00:00,16.2,26.9,53.0,0.0,7.9,111.0,1014.0,1060.0
2026-02-03 14:00:00,18.9,26.3,58.0,0.0,8.2,109.0,1013.9,935.0
2026-02-03 15:00:00,12.9,25.8,62.0,0.0,7.0,119.0,1013.6,820.0
2026-02-03 16:00:00,12.9,25.4,66.0,0.0,6.7,128.0,1013.4,435.0
2026-02-03 17:00:00,14.1,25.1,69.0,0.0,4.9,126.0,1012.7,215.0
2026-02-03 18:00:00,23.2,24.3,75.0,0.0,1.4,67.0,1012.6,150.0
2026-02-03 19:00:00,23.5,24.1,73.0,0.0,2.2,81.0,1012.3,145.0
2026-02-03 20:00:00,22.9,23.7,74.0,0.0,2.9,47.0,1012.3,95.0
2026-02-03 21:00:00,27.7,23.4,74.0,0.0,3.3,49.0,1012.3,75.0
2026-02-03 22:00:00,37.9,23.4,74.0,0.0,1.9,29.0,1012.7,70.0
2026-02-03 23:00:00,35.4,23.4,74.0,0.0,1.2,27.0,1013.4,80.0
2026-02-04 00:00:00,16.6,24.7,73.0,0.0,3.3,6.0,1013.9,180.0
2026-02-04 01:00:00,15.5,26.6,63.0,0.0,4.8,75.0,1014.2,1080.0
2026-02-04 02:00:00,,28.2,55.0,0.0,9.2,74.0,1014.1,1355.0
2026-02-04 03:00:00,,29.8,48.0,0.0,12.8,73.0,1013.1,1600.0
2026-02-04 04:00:00,,30.9,44.0,0.0,15.0,64.0,1012.3,1825.0
2026-02-04 05:00:00,,31.3,43.0,0.0,14.7,75.0,1011.4,1845.0
2026-02-04 06:00:00,,31.1,42.0,0.0,15.4,80.0,1010.8,1840.0
2026-02-04 07:00:00,,30.8,42.0,0.0,14.3,84.0,1010.3,1710.0
2026-02-04 08:00:00,,30.3,42.0,0.0,13.9,89.0,1010.6,1555.0
2026-02-04 09:00:00,,29.1,47.0,0.0,13.5,89.0,1011.0,1305.0
2026-02-04 10:00:00,14.8,27.7,53.0,0.0,12.9,81.0,1011.7,1080.0
2026-02-04 11:00:00,13.6,26.5,60.0,0.0,11.2,74.0,1012.6,880.0
2026-02-04 12:00:00,,26.9,57.0,0.0,9.8,77.0,1013.2,1145.0
2026-02-04 13:00:00,22.5,26.7,60.0,0.0,7.6,71.0,1013.4,1000.0
2026-02-04 14:00:00,,26.4,61.0,0.0,5.8,64.0,1013.6,990.0
2026-02-04 15:00:00,,26.2,63.0,0.0,5.0,60.0,1013.5,980.0
2026-02-04 16:00:00,,25.8,65.0,0.0,4.5,61.0,1012.9,965.0
2026-02-04 17:00:00,26.0,25.4,67.0,0.0,5.1,67.0,1012.5,985.0
2026-02-04 18:00:00,27.9,25.0,69.0,0.0,4.5,360.0,1011.6,135.0
2026-02-04 19:00:00,22.5,24.7,71.0,0.0,5.2,340.0,1011.1,125.0
2026-02-04 20:00:00,21.9,24.2,74.0,0.0,6.3,347.0,1011.2,140.0
2026-02-04 21:00:00,22.5,23.5,78.0,0.0,8.0,350.0,1011.8,165.0
2026-02-04 22:00:00,20.3,22.9,79.0,0.0,7.6,360.0,1012.4,140.0
2026-02-04 23:00:00,,22.6,80.0,0.0,8.0,9.0,1012.7,130.0
2026-02-05 00:00:00,11.9,24.1,75.0,0.0,5.4,352.0,1013.7,125.0
2026-02-05 01:00:00,9.48,26.0,64.0,0.0,3.5,336.0,1013.8,1130.0
2026-02-05 02:00:00,13.5,28.5,50.0,0.0,6.7,36.0,1013.5,1720.0
2026-02-05 03:00:00,9.25,30.2,39.0,0.0,8.1,59.0,1012.8,1935.0
2026-02-05 04:00:00,9.96,31.1,35.0,0.0,9.4,72.0,1011.9,2020.0
2026-02-05 05:00:00,9.21,31.6,33.0,0.0,11.8,74.0,1011.1,2110.0
2026-02-05 06:00:00,8.71,31.9,31.0,0.0,13.6,95.0,1010.4,2250.0
2026-02-05 07:00:00,9.18,31.6,33.0,0.0,14.9,82.0,1009.8,2085.0
2026-02-05 08:00:00,9.35,30.7,39.0,0.0,14.9,72.0,1010.1,1760.0
2026-02-05 09:00:00,10.9,29.3,46.0,0.0,13.7,51.0,1010.5,1480.0
2026-02-05 10:00:00,14.6,27.7,52.0,0.0,12.6,48.0,1011.1,1080.0
2026-02-05 11:00:00,20.2,26.8,57.0,0.0,10.3,68.0,1011.4,890.0
2026-02-05 12:00:00,20.6,26.6,59.0,0.0,7.2,71.0,1012.4,1100.0
2026-02-05 13:00:00,,26.5,59.0,0.0,6.5,95.0,1013.1,1210.0
2026-02-05 14:00:00,,26.3,60.0,0.0,4.6,101.0,1012.8,1040.0
2026-02-05 15:00:00,,26.2,60.0,0.0,3.8,87.0,1012.2,945.0
2026-02-05 16:00:00,26.2,25.9,61.0,0.0,1.7,49.0,1012.0,860.0
2026-02-05 17:00:00,23.4,25.6,63.0,0.0,3.8,121.0,1011.9,760.0
2026-02-05 18:00:00,20.5,25.1,63.0,0.0,3.1,31.0,1011.2,120.0
2026-02-05 19:00:00,17.6,24.8,65.0,0.0,4.0,8.0,1010.5,120.0
2026-02-05 20:00:00,21.8,24.2,68.0,0.0,6.1,355.0,1010.6,150.0
2026-02-05 21:00:00,26.4,23.8,70.0,0.0,7.6,360.0,1011.0,165.0
2026-02-05 22:00:00,,23.4,71.0,0.0,9.2,7.0,1011.4,175.0
2026-02-05 23:00:00,,23.2,72.0,0.0,9.0,6.0,1011.9,175.0
2026-02-06 00:00:00,,24.5,67.0,0.0,10.4,359.0,1012.4,245.0
2026-02-06 01:00:00,26.9,26.1,60.0,0.0,7.4,360.0,1012.7,1035.0
2026-02-06 02:00:00,25.4,28.4,50.0,0.0,9.9,53.0,1012.0,1410.0
2026-02-06 03:00:00,19.9,30.0,45.0,0.0,10.5,63.0,1010.8,1635.0
2026-02-06 04:00:00,,30.9,44.0,0.0,10.6,60.0,1009.5,1695.0
2026-02-06 05:00:00,7.84,31.1,44.0,0.0,12.4,48.0,1008.9,1665.0
2026-02-06 06:00:00,22.0,30.3,46.0,0.0,8.9,66.0,1008.5,1650.0
2026-02-06 07:00:00,25.9,30.6,47.0,0.0,8.2,104.0,1007.8,1580.0
2026-02-06 08:00:00,19.2,29.6,51.0,0.0,7.9,63.0,1008.0,1235.0
2026-02-06 09:00:00,16.5,28.1,55.0,0.1,11.9,32.0,1008.6,745.0
2026-02-06 10:00:00,22.7,27.1,58.0,0.2,10.9,34.0,1009.0,625.0
2026-02-06 11:00:00,17.6,26.4,62.0,0.1,10.4,34.0,1009.4,595.0
2026-02-06 12:00:00,26.6,26.4,67.0,0.0,6.3,53.0,1010.5,270.0
2026-02-06 13:00:00,5.37,26.6,67.0,0.0,6.0,51.0,1010.8,250.0
2026-02-06 14:00:00,11.0,26.6,67.0,0.0,5.0,55.0,1010.6,545.0
2026-02-06 15:00:00,,26.3,69.0,0.0,6.9,62.0,1010.0,445.0
2026-02-06 16:00:00,8.26,25.9,72.0,0.0,8.6,60.0,1009.5,420.0
2026-02-06 17:00:00,,25.7,72.0,0.0,10.0,70.0,1009.0,395.0
2026-02-06 18:00:00,4.41,25.7,70.0,0.0,6.9,51.0,1008.2,360.0
2026-02-06 19:00:00,4.6,25.4,72.0,0.0,5.6,331.0,1008.5,270.0
2026-02-06 20:00:00,5.94,24.5,80.0,1.0,9.1,339.0,1008.7,215.0
2026-02-06 21:00:00,,24.5,79.0,0.0,11.3,2.0,1008.6,280.0
2026-02-06 22:00:00,21.6,24.7,78.0,0.0,11.7,13.0,1009.1,430.0
2026-02-06 23:00:00,22.1,24.9,77.0,0.0,12.7,16.0,1010.0,380.0
2026-02-07 00:00:00,,25.2,78.0,0.0,9.9,357.0,1010.2,445.0
2026-02-07 01:00:00,17.3,26.3,74.0,0.0,10.4,1.0,1010.3,620.0
2026-02-07 02:00:00,17.8,27.8,69.0,0.0,9.0,33.0,1010.6,895.0
2026-02-07 03:00:00,17.8,27.2,74.0,1.7,6.1,3.0,1009.9,490.0
2026-02-07 04:00:00,19.9,27.6,72.0,0.1,7.9,12.0,1009.5,810.0
2026-02-07 05:00:00,10.7,27.4,71.0,0.1,7.5,11.0,1008.4,800.0
2026-02-07 06:00:00,9.87,28.9,64.0,1.6,10.5,8.0,1007.5,985.0
2026-02-07 07:00:00,10.4,28.1,66.0,0.0,11.7,11.0,1006.8,755.0
2026-02-07 08:00:00,9.32,27.5,70.0,0.0,13.2,28.0,1006.8,510.0
2026-02-07 09:00:00,13.4,27.1,74.0,0.0,8.0,34.0,1007.1,440.0
2026-02-07 10:00:00,,26.7,78.0,0.0,5.8,36.0,1007.6,310.0
2026-02-07 11:00:00,37.6,26.3,79.0,0.0,8.4,56.0,1008.1,640.0
2026-02-07 12:00:00,23.6,26.0,82.0,1.5,1.9,17.0,1009.1,80.0
2026-02-07 13:00:00,16.2,26.2,82.0,0.0,0.7,194.0,1009.5,40.0
2026-02-07 14:00:00,16.9,25.9,85.0,0.0,3.7,235.0,1009.7,80.0
2026-02-07 15:00:00,13.2,25.7,88.0,0.0,4.7,268.0,1009.6,95.0
2026-02-07 16:00:00,5.33,25.4,89.0,0.0,4.5,277.0,1009.6,115.0
2026-02-07 17:00:00,3.09,25.5,86.0,0.0,3.3,13.0,1009.1,190.0
2026-02-07 18:00:00,,25.5,86.0,0.0,3.7,231.0,1008.2,125.0
2026-02-07 19:00:00,4.66,25.5,86.0,0.0,0.9,259.0,1008.0,120.0
2026-02-07 20:00:00,,25.3,85.0,0.2,3.4,96.0,1007.9,165.0
2026-02-07 21:00:00,,25.2,85.0,0.0,5.1,333.0,1008.2,205.0
2026-02-07 22:00:00,10.5,25.4,78.0,0.0,8.6,22.0,1009.3,640.0
2026-02-07 23:00:00,12.5,25.6,74.0,0.0,11.2,22.0,1010.0,775.0
2026-02-08 00:00:00,,24.9,84.0,0.0,9.6,8.0,1011.4,300.0
2026-02-08 01:00:00,,25.2,81.0,0.2,9.1,9.0,1012.2,315.0
2026-02-08 02:00:00,9.63,25.4,81.0,0.3,7.2,27.0,1011.9,650.0
2026-02-08 03:00:00,17.4,26.0,76.0,0.4,8.5,38.0,1011.1,840.0
2026-02-08 04:00:00,3.67,26.6,72.0,0.4,7.6,3.0,1010.7,905.0
2026-02-08 05:00:00,4.27,26.7,71.0,2.0,9.1,7.0,1010.0,1005.0
2026-02-08 06:00:00,2.53,27.2,68.0,0.2,8.6,54.0,1009.1,1060.0
2026-02-08 07:00:00,4.75,27.0,69.0,0.1,7.8,37.0,1008.7,1020.0
2026-02-08 08:00:00,,27.2,66.0,0.0,9.9,37.0,1008.9,1140.0
2026-02-08 09:00:00,10.9,26.7,69.0,0.0,13.2,31.0,1009.1,1225.0
2026-02-08 10:00:00,,25.9,75.0,0.0,9.7,25.0,1010.1,345.0
2026-02-08 11:00:00,26.0,25.4,80.0,0.0,5.5,351.0,1010.5,60.0
2026-02-08 12:00:00,21.4,25.0,75.0,0.0,12.2,9.0,1011.4,190.0
2026-02-08 13:00:00,,24.8,77.0,0.0,9.9,358.0,1011.8,140.0
2026-02-08 14:00:00,4.06,24.6,80.0,0.0,6.9,335.0,1012.1,105.0
2026-02-08 15:00:00,,24.5,81.0,0.0,8.0,332.0,1012.1,120.0
2026-02-08 16:00:00,,24.1,80.0,0.0,8.4,350.0,1012.0,120.0
2026-02-08 17:00:00,,23.9,80.0,0.0,6.6,343.0,1011.3,90.0
2026-02-08 18:00:00,,23.6,82.0,0.0,6.3,358.0,1010.7,95.0
2026-02-08 19:00:00,5.37,23.5,81.0,0.0,7.8,323.0,1010.1,135.0
2026-02-08 20:00:00,28.9,23.2,81.0,0.0,7.5,318.0,1010.3,135.0
2026-02-08 21:00:00,,23.1,81.0,0.0,5.9,315.0,1010.6,90.0
2026-02-08 22:00:00,,23.0,83.0,0.0,4.6,312.0,1011.2,70.0
2026-02-08 23:00:00,,23.1,82.0,0.0,5.6,318.0,1011.8,90.0
2026-02-09 00:00:00,19.7,24.4,72.0,0.0,1.1,9.0,1013.0,1215.0
2026-02-09 01:00:00,8.47,24.9,68.0,0.0,11.5,50.0,1013.7,1265.0
2026-02-09 02:00:00,8.87,25.3,66.0,0.0,9.6,60.0,1013.6,1295.0
2026-02-09 03:00:00,8.52,26.2,62.0,0.0,8.8,64.0,1012.8,1340.0
2026-02-09 04:00:00,,26.7,60.0,0.0,10.2,64.0,1012.0,1360.0
2026-02-09 05:00:00,7.9,27.0,59.0,0.0,9.4,79.0,1011.0,1290.0
2026-02-09 06:00:00,6.21,27.3,57.0,0.0,10.5,97.0,1010.3,1265.0
2026-02-09 07:00:00,6.46,26.6,60.0,0.0,8.8,123.0,1010.2,1165.0
2026-02-09 08:00:00,,26.4,61.0,0.0,6.1,114.0,1010.6,1175.0
2026-02-09 09:00:00,7.41,25.7,64.0,0.0,6.3,195.0,1010.9,1105.0
2026-02-09 10:00:00,,24.9,71.0,0.0,6.8,205.0,1011.7,175.0
2026-02-09 11:00:00,,24.5,75.0,0.0,6.2,197.0,1012.4,160.0
2026-02-09 12:00:00,,24.4,77.0,0.0,5.1,129.0,1013.3,180.0
2026-02-09 13:00:00,11.5,24.0,78.0,0.0,5.7,122.0,1013.6,165.0
2026-02-09 14:00:00,10.5,23.6,79.0,0.0,6.6,151.0,1013.7,160.0
2026-02-09 15:00:00,16.2,23.5,79.0,0.0,6.0,151.0,1013.7,135.0
2026-02-09 16:00:00,13.6,23.3,81.0,0.0,4.2,137.0,1013.4,85.0
2026-02-09 17:00:00,20.4,23.1,83.0,0.0,1.5,104.0,1013.1,25.0
2026-02-09 18:00:00,8.47,22.8,89.0,0.0,0.8,153.0,1012.8,25.0
2026-02-09 19:00:00,16.1,22.9,86.0,0.0,1.0,315.0,1012.6,20.0
2026-02-09 20:00:00,13.8,22.6,87.0,0.0,3.5,339.0,1012.8,80.0
2026-02-09 21:00:00,19.8,22.5,88.0,0.0,2.2,325.0,1012.9,40.0
2026-02-09 22:00:00,25.7,22.4,88.0,0.0,1.1,252.0,1013.7,20.0
2026-02-09 23:00:00,24.7,22.5,88.0,0.0,1.5,159.0,1014.2,40.0
2026-02-10 00:00:00,33.0,23.9,80.0,0.0,0.6,214.0,1014.6,265.0
2026-02-10 01:00:00,,24.8,76.0,0.0,2.7,233.0,1014.9,560.0
2026-02-10 02:00:00,,26.6,66.0,0.0,6.6,61.0,1015.0,905.0
2026-02-10 03:00:00,33.1,28.1,59.0,0.0,11.1,78.0,1014.1,1245.0
2026-02-10 04:00:00,31.1,29.5,53.0,0.0,14.3,86.0,1013.2,1420.0
2026-02-10 05:00:00,,30.3,50.0,0.0,14.2,91.0,1012.4,1575.0
2026-02-10 06:00:00,,29.6,53.0,0.0,7.6,97.0,1011.8,1365.0
2026-02-10 07:00:00,,29.5,53.0,0.0,8.8,85.0,1011.5,1450.0
2026-02-10 08:00:00,12.8,28.8,55.0,0.0,9.0,93.0,1011.4,1305.0
2026-02-10 09:00:00,,28.0,58.0,0.0,9.7,108.0,1012.0,1145.0
2026-02-10 10:00:00,18.8,26.6,64.0,0.0,11.1,126.0,1012.9,465.0
2026-02-10 11:00:00,26.9,25.6,71.0,0.0,12.7,123.0,1013.9,440.0
2026-02-10 12:00:00,27.4,25.3,73.0,0.0,11.2,120.0,1014.7,495.0
2026-02-10 13:00:00,20.0,25.2,74.0,0.0,7.2,115.0,1014.7,325.0
2026-02-10 14:00:00,14.3,25.1,74.0,0.0,3.6,110.0,1014.4,120.0
2026-02-10 15:00:00,13.4,24.8,78.0,0.0,4.1,146.0,1014.1,105.0
2026-02-10 16:00:00,16.8,24.4,81.0,0.0,3.7,166.0,1013.5,85.0
2026-02-10 17:00:00,20.2,24.1,83.0,0.0,2.4,193.0,1013.3,40.0
2026-02-10 18:00:00,17.0,24.1,87.0,0.0,1.6,360.0,1012.8,65.0
2026-02-10 19:00:00,14.3,24.1,81.0,0.0,6.3,357.0,1012.5,160.0
2026-02-10 20:00:00,13.2,23.9,78.0,0.0,9.4,5.0,1012.5,185.0
2026-02-10 21:00:00,25.6,23.7,79.0,0.0,9.5,21.0,1012.8,140.0
2026-02-10 22:00:00,32.9,23.3,81.0,0.0,6.9,23.0,1013.5,70.0
2026-02-10 23:00:00,,23.3,82.0,0.0,5.4,360.0,1014.0,60.0
2026-02-11 00:00:00,,25.0,74.0,0.0,6.1,2.0,1014.9,180.0
2026-02-11 01:00:00,35.7,26.5,68.0,0.0,3.1,324.0,1015.3,395.0
2026-02-11 02:00:00,30.8,27.4,64.0,0.0,2.7,352.0,1015.5,840.0
2026-02-11 03:00:00,,29.0,59.0,0.0,3.4,164.0,1014.4,975.0
2026-02-11 04:00:00,,29.1,60.0,0.0,4.1,193.0,1013.6,725.0
2026-02-11 05:00:00,,30.0,55.0,0.1,1.8,246.0,1012.6,1180.0
2026-02-11 06:00:00,34.7,27.0,74.0,0.0,5.9,284.0,1012.1,145.0
2026-02-11 07:00:00,30.0,28.6,67.0,0.0,4.6,281.0,1011.7,360.0
2026-02-11 08:00:00,27.7,29.1,63.0,0.1,4.0,260.0,1011.5,90.0
2026-02-11 09:00:00,21.5,28.8,65.0,0.0,4.5,217.0,1011.6,100.0
2026-02-11 10:00:00,,28.1,70.0,0.0,3.5,189.0,1011.5,190.0
2026-02-11 11:00:00,,27.6,73.0,0.0,1.5,194.0,1011.8,115.0
2026-02-11 12:00:00,,27.2,73.0,0.0,5.9,140.0,1012.3,300.0
2026-02-11 13:00:00,23.2,26.8,74.0,0.0,6.5,152.0,1012.6,355.0
2026-02-11 14:00:00,,26.5,75.0,0.0,6.5,146.0,1012.8,515.0
2026-02-11 15:00:00,,26.2,75.0,0.0,5.4,154.0,1012.6,525.0
2026-02-11 16:00:00,10.3,25.7,77.0,0.0,7.1,165.0,1012.6,245.0
2026-02-11 17:00:00,9.51,25.5,79.0,0.1,3.9,193.0,1012.1,150.0
2026-02-11 18:00:00,,25.9,73.0,0.0,5.8,268.0,1011.4,490.0
2026-02-11 19:00:00,16.0,25.8,73.0,0.0,5.7,226.0,1010.8,500.0
2026-02-11 20:00:00,11.9,25.5,74.0,0.0,4.6,216.0,1010.8,315.0
2026-02-11 21:00:00,20.0,25.3,74.0,0.0,3.4,254.0,1011.0,205.0
2026-02-11 22:00:00,25.7,25.0,77.0,0.0,3.5,235.0,1011.8,155.0
2026-02-11 23:00:00,32.9,25.1,78.0,0.0,4.0,190.0,1012.5,200.0
2026-02-12 00:00:00,,25.3,80.0,0.0,1.7,198.0,1013.0,200.0
2026-02-12 01:00:00,,26.1,75.0,0.0,2.2,171.0,1013.3,265.0
2026-02-12 02:00:00,20.9,27.1,70.0,0.0,1.5,216.0,1013.5,705.0
2026-02-12 03:00:00,27.8,28.1,64.0,0.0,4.1,56.0,1013.1,910.0
2026-02-12 04:00:00,30.7,29.5,56.0,0.0,8.2,52.0,1012.2,1095.0
2026-02-12 05:00:00,29.5,30.4,52.0,0.5,10.1,66.0,1011.2,1270.0
2026-02-12 06:00:00,,30.6,51.0,0.5,6.7,46.0,1010.4,1370.0
2026-02-12 07:00:00,23.7,30.9,50.0,0.3,7.9,51.0,1009.9,1445.0
2026-02-12 08:00:00,18.8,30.7,50.0,0.0,10.3,74.0,1009.6,1465.0
2026-02-12 09:00:00,11.9,29.4,55.0,0.0,13.0,91.0,1009.9,1190.0
2026-02-12 10:00:00,20.8,28.1,59.0,0.0,10.1,95.0,1010.3,930.0
2026-02-12 11:00:00,26.0,27.0,63.0,0.0,8.9,122.0,1010.9,825.0
2026-02-12 12:00:00,20.0,26.6,64.0,0.0,10.8,116.0,1011.6,790.0
2026-02-12 13:00:00,16.8,26.5,63.0,0.0,8.6,113.0,1011.9,815.0
2026-02-12 14:00:00,10.7,26.4,65.0,0.0,5.8,126.0,1011.9,775.0
2026-02-12 15:00:00,8.07,26.1,67.0,0.0,7.6,121.0,1011.5,380.0
2026-02-12 16:00:00,5.99,25.8,70.0,0.0,7.5,134.0,1011.1,290.0
2026-02-12 17:00:00,16.3,25.5,74.0,0.0,6.4,142.0,1010.4,200.0
2026-02-12 18:00:00,14.4,25.3,75.0,0.0,6.2,136.0,1010.2,150.0
2026-02-12 19:00:00,11.2,25.2,75.0,0.0,3.3,126.0,1009.8,80.0
2026-02-12 20:00:00,16.8,25.1,76.0,0.0,2.7,143.0,1009.8,60.0
2026-02-12 21:00:00,,24.8,77.0,0.0,1.7,77.0,1010.1,35.0
2026-02-12 22:00:00,,24.5,78.0,0.0,2.4,27.0,1010.9,40.0
2026-02-12 23:00:00,30.5,24.6,77.0,0.0,3.9,347.0,1011.2,90.0
2026-02-13 00:00:00,32.0,26.3,66.0,0.0,7.4,354.0,1011.5,335.0
2026-02-13 01:00:00,25.4,27.4,61.0,0.0,1.7,319.0,1011.7,900.0
2026-02-13 02:00:00,24.8,29.2,55.0,0.0,6.9,73.0,1012.0,1310.0
2026-02-13 03:00:00,23.2,31.0,48.0,0.0,11.7,86.0,1010.8,1605.0
2026-02-13 04:00:00,17.0,31.9,47.0,0.0,14.8,80.0,1009.7,1660.0
2026-02-13 05:00:00,34.1,32.2,47.0,0.0,13.1,72.0,1009.0,1660.0
2026-02-13 06:00:00,33.0,31.7,46.0,0.0,5.8,88.0,1008.5,1615.0
2026-02-13 07:00:00,10.9,31.7,45.0,0.0,9.3,80.0,1008.1,1615.0
2026-02-13 08:00:00,,31.2,48.0,0.0,15.0,50.0,1008.3,1450.0
2026-02-13 09:00:00,10.2,29.6,56.0,0.0,13.7,56.0,1008.8,1130.0
2026-02-13 10:00:00,13.6,28.4,60.0,0.0,10.2,64.0,1009.5,935.0
2026-02-13 11:00:00,27.9,27.6,64.0,0.0,3.8,65.0,1009.7,850.0
2026-02-13 12:00:00,17.2,27.6,66.0,0.0,3.6,72.0,1010.7,430.0
2026-02-13 13:00:00,19.2,27.2,69.0,0.0,2.4,167.0,1011.4,425.0
2026-02-13 14:00:00,21.5,26.8,72.0,0.0,1.3,262.0,1011.4,360.0
2026-02-13 15:00:00,19.1,26.4,73.0,0.0,1.7,288.0,1011.1,320.0
2026-02-13 16:00:00,,26.4,73.0,0.0,2.1,322.0,1010.8,295.0
2026-02-13 17:00:00,3.45,26.0,76.0,0.2,2.8,349.0,1010.4,245.0
2026-02-13 18:00:00,,25.6,80.0,0.1,2.7,217.0,1009.8,265.0
2026-02-13 19:00:00,8.43,25.6,80.0,0.2,2.1,165.0,1009.6,265.0
2026-02-13 20:00:00,15.9,25.4,82.0,0.1,2.7,94.0,1009.3,275.0
2026-02-13 21:00:00,,25.2,83.0,0.1,1.5,324.0,1009.2,210.0
2026-02-13 22:00:00,21.7,25.1,83.0,0.0,3.5,9.0,1009.7,155.0
2026-02-13 23:00:00,23.8,25.2,81.0,0.0,2.2,325.0,1010.6,155.0
2026-02-14 00:00:00,26.6,24.3,93.0,0.0,2.7,203.0,1011.3,130.0
2026-02-14 01:00:00,23.5,24.7,93.0,0.4,4.1,13.0,1011.9,255.0
2026-02-14 02:00:00,16.9,24.9,95.0,12.1,2.3,4.0,1012.3,200.0
2026-02-14 03:00:00,20.6,24.9,95.0,4.0,1.7,342.0,1011.8,170.0
2026-02-14 04:00:00,24.4,25.4,92.0,0.1,2.9,7.0,1010.7,205.0
2026-02-14 05:00:00,22.9,28.1,77.0,0.4,8.3,63.0,1009.9,695.0
2026-02-14 06:00:00,12.2,28.9,71.0,0.3,6.5,95.0,1009.1,875.0
2026-02-14 07:00:00,15.2,28.8,69.0,0.9,9.4,83.0,1008.6,565.0
2026-02-14 08:00:00,7.2,28.5,74.0,0.1,7.1,84.0,1008.3,915.0
2026-02-14 09:00:00,12.1,26.7,79.0,0.2,9.3,47.0,1009.1,655.0
2026-02-14 10:00:00,20.8,24.1,94.0,6.6,4.7,162.0,1009.9,205.0
2026-02-14 11:00:00,37.4,24.1,93.0,0.1,0.8,315.0,1010.5,20.0
2026-02-14 12:00:00,26.3,25.3,93.0,0.0,4.9,219.0,1010.8,65.0
2026-02-14 13:00:00,42.5,25.6,91.0,0.4,5.3,198.0,1011.3,115.0
2026-02-14 14:00:00,40.3,23.9,96.0,1.8,9.2,215.0,1012.1,155.0
2026-02-14 15:00:00,29.6,23.7,94.0,1.1,6.2,165.0,1012.0,175.0
2026-02-14 16:00:00,,24.0,92.0,0.0,3.2,326.0,1011.8,80.0
2026-02-14 17:00:00,30.4,23.8,92.0,0.0,3.1,320.0,1010.8,130.0
2026-02-14 18:00:00,31.2,24.4,94.0,0.0,4.7,4.0,1010.4,130.0
2026-02-14 19:00:00,28.2,24.3,94.0,0.0,5.1,356.0,1009.7,165.0
2026-02-14 20:00:00,,24.1,95.0,0.0,4.3,5.0,1009.7,150.0
2026-02-14 21:00:00,,24.0,95.0,0.0,2.0,360.0,1009.8,95.0
2026-02-14 22:00:00,,24.1,94.0,0.0,2.0,333.0,1010.4,90.0
2026-02-14 23:00:00,19.5,24.2,94.0,0.0,2.7,356.0,1011.1,95.0
2026-02-15 00:00:00,,24.5,96.0,0.0,5.2,326.0,1011.6,165.0
2026-02-15 01:00:00,18.8,25.5,91.0,0.0,3.0,322.0,1012.1,200.0
2026-02-15 02:00:00,12.4,26.7,86.0,0.0,2.1,345.0,1012.2,420.0
2026-02-15 03:00:00,22.8,28.2,80.0,0.0,3.5,39.0,1011.4,785.0
2026-02-15 04:00:00,10.5,29.4,75.0,0.0,3.9,77.0,1010.4,1030.0
2026-02-15 05:00:00,28.4,30.2,67.0,0.0,5.0,77.0,1009.7,1200.0
2026-02-15 06:00:00,25.4,29.0,75.0,0.0,2.1,329.0,1009.2,395.0
2026-02-15 07:00:00,11.9,28.8,77.0,0.0,4.0,309.0,1008.7,320.0
2026-02-15 08:00:00,5.49,28.6,79.0,0.1,2.8,310.0,1008.6,160.0
2026-02-15 09:00:00,17.5,28.8,76.0,0.0,2.5,159.0,1009.0,440.0
2026-02-15 10:00:00,30.8,28.0,78.0,0.1,5.4,143.0,1009.6,295.0
2026-02-15 11:00:00,13.5,26.7,85.0,0.0,4.4,159.0,1010.2,135.0
2026-02-15 12:00:00,,26.4,88.0,0.0,5.4,166.0,1010.6,95.0
2026-02-15 13:00:00,20.5,26.2,89.0,0.1,2.6,155.0,1010.8,90.0
2026-02-15 14:00:00,16.2,25.9,91.0,0.0,4.6,171.0,1010.7,115.0
2026-02-15 15:00:00,,25.7,91.0,0.0,3.7,151.0,1010.7,105.0
2026-02-15 16:00:00,5.47,25.4,91.0,0.0,3.7,151.0,1010.3,90.0
2026-02-15 17:00:00,13.1,25.3,91.0,0.0,3.2,146.0,1009.9,85.0
2026-02-15 18:00:00,22.3,25.4,87.0,0.0,2.9,133.0,1009.2,170.0
2026-02-15 19:00:00,21.5,25.3,88.0,0.0,3.0,123.0,1008.8,125.0
2026-02-15 20:00:00,21.6,25.3,87.0,0.0,1.5,69.0,1009.2,30.0
2026-02-15 21:00:00,28.1,25.1,89.0,0.0,0.4,297.0,1009.4,10.0
2026-02-15 22:00:00,32.5,24.8,91.0,0.0,1.9,229.0,1010.0,35.0
2026-02-15 23:00:00,,24.8,92.0,0.0,2.8,191.0,1010.7,70.0
2026-02-16 00:00:00,,25.5,88.0,0.0,1.5,150.0,1011.1,185.0
2026-02-16 01:00:00,,26.6,84.0,0.0,1.3,352.0,1011.4,340.0
2026-02-16 02:00:00,14.9,27.8,77.0,0.1,3.1,28.0,1011.5,590.0
2026-02-16 03:00:00,,29.0,70.0,0.2,4.1,56.0,1011.0,815.0
2026-02-16 04:00:00,12.1,30.0,64.0,0.1,4.3,85.0,1009.9,995.0
2026-02-16 05:00:00,15.3,30.6,61.0,0.0,5.8,86.0,1009.0,1090.0
2026-02-16 06:00:00,31.3,30.9,57.0,0.0,0.9,259.0,1008.2,945.0
2026-02-16 07:00:00,9.17,30.2,65.0,0.1,4.1,270.0,1007.8,90.0
2026-02-16 08:00:00,16.9,29.4,73.0,0.2,5.6,272.0,1007.8,90.0
2026-02-16 09:00:00,28.8,28.5,82.0,0.0,5.9,258.0,1008.3,70.0
2026-02-16 10:00:00,16.7,27.6,88.0,0.0,2.8,215.0,1009.0,40.0
2026-02-16 11:00:00,,27.2,89.0,0.0,5.8,112.0,1009.5,170.0
2026-02-16 12:00:00,26.1,27.1,87.0,0.0,6.3,105.0,1009.9,220.0
2026-02-16 13:00:00,19.4,26.9,83.0,0.0,7.0,111.0,1010.2,255.0
2026-02-16 14:00:00,13.2,26.3,84.0,0.0,7.3,136.0,1010.5,200.0
2026-02-16 15:00:00,10.6,26.0,86.0,0.0,8.8,136.0,1010.6,230.0
2026-02-16 16:00:00,,25.8,85.0,0.0,9.3,122.0,1010.7,270.0
2026-02-16 17:00:00,14.9,25.5,86.0,0.0,7.6,121.0,1009.9,225.0
2026-02-16 18:00:00,8.83,25.1,89.0,0.0,4.8,135.0,1009.3,140.0
2026-02-16 19:00:00,10.6,24.9,91.0,0.0,2.9,112.0,1009.0,70.0
2026-02-16 20:00:00,,24.8,91.0,0.0,3.8,163.0,1009.3,65.0
2026-02-16 21:00:00,,24.8,90.0,0.0,3.1,170.0,1009.5,75.0
2026-02-16 22:00:00,23.5,24.7,90.0,0.0,3.2,153.0,1010.2,70.0
2026-02-16 23:00:00,21.7,24.7,90.0,0.0,3.9,133.0,1010.7,80.0
2026-02-17 00:00:00,,25.8,88.0,0.0,1.5,144.0,1011.3,135.0
2026-02-17 01:00:00,8.36,27.2,80.0,0.0,1.7,131.0,1011.6,500.0
2026-02-17 02:00:00,,28.6,72.0,0.0,4.2,95.0,1012.1,845.0
2026-02-17 03:00:00,,29.7,67.0,0.0,3.2,74.0,1011.3,1130.0
2026-02-17 04:00:00,30.2,30.4,64.0,0.0,1.0,292.0,1010.3,1280.0
2026-02-17 05:00:00,25.7,30.4,64.0,0.2,2.2,294.0,1009.3,615.0
2026-02-17 06:00:00,9.14,30.8,57.0,0.2,2.7,28.0,1008.6,1195.0
2026-02-17 07:00:00,32.9,30.9,57.0,0.4,3.6,110.0,1008.2,1070.0
2026-02-17 08:00:00,18.8,30.7,56.0,0.3,7.6,105.0,1008.3,955.0
2026-02-17 09:00:00,14.1,30.0,60.0,0.1,10.4,100.0,1008.6,1015.0
2026-02-17 10:00:00,12.8,28.6,67.0,0.0,12.4,111.0,1009.3,560.0
2026-02-17 11:00:00,24.1,27.2,75.0,0.0,12.4,123.0,1010.2,395.0
2026-02-17 12:00:00,21.1,26.5,79.0,0.0,13.2,121.0,1010.8,405.0
2026-02-17 13:00:00,19.3,26.2,81.0,0.0,8.5,138.0,1011.1,340.0
2026-02-17 14:00:00,12.1,26.0,83.0,0.0,6.4,135.0,1011.2,150.0
2026-02-17 15:00:00,9.71,25.7,85.0,0.0,5.1,129.0,1011.0,75.0
2026-02-17 16:00:00,10.1,25.4,86.0,0.0,5.5,144.0,1011.0,85.0
2026-02-17 17:00:00,,25.2,84.0,0.0,5.5,144.0,1010.5,100.0
2026-02-17 18:00:00,11.5,24.8,85.0,0.0,2.8,153.0,1010.0,60.0
2026-02-17 19:00:00,16.3,24.7,85.0,0.0,1.3,146.0,1009.9,20.0
2026-02-17 20:00:00,16.8,24.5,85.0,0.0,3.1,149.0,1010.1,70.0
2026-02-17 21:00:00,14.6,24.4,84.0,0.0,5.5,142.0,1010.4,165.0
2026-02-17 22:00:00,27.0,24.3,82.0,0.0,6.4,117.0,1011.3,155.0
2026-02-17 23:00:00,22.6,24.3,81.0,0.0,6.9,104.0,1011.8,120.0
2026-02-18 00:00:00,,25.7,76.0,0.0,3.4,93.0,1013.0,210.0
2026-02-18 01:00:00,18.3,27.1,64.0,0.0,4.0,85.0,1013.4,1105.0
2026-02-18 02:00:00,,28.5,57.0,0.0,6.3,55.0,1013.3,1325.0
2026-02-18 03:00:00,22.5,30.1,50.0,0.0,8.7,50.0,1012.7,1575.0
2026-02-18 04:00:00,,31.0,46.0,0.0,11.9,59.0,1011.9,1705.0
2026-02-18 05:00:00,14.7,32.1,40.0,0.0,16.7,65.0,1010.9,2025.0
2026-02-18 06:00:00,,30.7,47.0,0.0,17.5,66.0,1010.5,1545.0
2026-02-18 07:00:00,6.64,30.6,48.0,0.0,14.7,76.0,1010.7,1595.0
2026-02-18 08:00:00,,30.0,48.0,0.0,14.9,82.0,1010.9,1475.0
2026-02-18 09:00:00,10.6,28.9,50.0,0.0,13.5,85.0,1011.1,1275.0
2026-02-18 10:00:00,16.9,27.7,55.0,0.0,10.3,85.0,1011.7,1225.0
2026-02-18 11:00:00,15.1,27.0,58.0,0.0,10.5,102.0,1012.2,1160.0
2026-02-18 12:00:00,13.6,26.7,60.0,0.0,8.3,114.0,1012.6,1080.0
2026-02-18 13:00:00,12.7,26.5,62.0,0.0,8.2,126.0,1012.6,970.0
2026-02-18 14:00:00,9.61,26.2,65.0,0.0,6.6,133.0,1012.7,350.0
2026-02-18 15:00:00,7.16,25.9,68.0,0.0,4.0,117.0,1012.9,170.0
2026-02-18 16:00:00,9.24,25.5,70.0,0.0,4.5,106.0,1012.7,165.0
2026-02-18 17:00:00,8.3,25.2,72.0,0.0,4.8,135.0,1012.0,195.0
2026-02-18 18:00:00,,24.8,72.0,0.0,3.5,78.0,1012.1,100.0
2026-02-18 19:00:00,,24.7,72.0,0.0,3.6,90.0,1012.0,105.0
2026-02-18 20:00:00,14.8,24.3,73.0,0.0,3.5,55.0,1012.1,95.0
2026-02-18 21:00:00,,24.0,75.0,0.0,2.9,11.0,1012.1,85.0
2026-02-18 22:00:00,,24.0,75.0,0.0,1.8,336.0,1012.9,45.0
2026-02-18 23:00:00,,24.1,75.0,0.0,2.7,340.0,1013.5,85.0
2026-02-19 00:00:00,18.5,25.7,67.0,0.0,3.1,28.0,1014.2,380.0
2026-02-19 01:00:00,,27.4,58.0,0.0,6.5,98.0,1014.5,1285.0
2026-02-19 02:00:00,9.12,29.3,48.0,0.0,13.4,75.0,1014.5,1480.0
2026-02-19 03:00:00,,31.0,43.0,0.0,15.2,74.0,1013.5,1605.0
2026-02-19 04:00:00,,31.1,41.0,0.0,15.1,81.0,1012.5,1645.0
2026-02-19 05:00:00,9.31,32.4,37.0,0.0,17.3,78.0,1011.5,1925.0
2026-02-19 06:00:00,10.6,32.8,35.0,0.0,18.1,77.0,1010.9,2060.0
2026-02-19 07:00:00,8.23,31.8,38.0,0.0,18.3,77.0,1010.8,1965.0
2026-02-19 08:00:00,10.4,30.4,46.0,0.0,20.7,90.0,1011.4,1610.0
2026-02-19 09:00:00,,28.6,54.0,0.0,20.3,103.0,1012.2,1215.0
2026-02-19 10:00:00,,27.4,57.0,0.0,16.9,104.0,1012.6,1180.0
2026-02-19 11:00:00,,26.7,62.0,0.0,15.7,103.0,1013.0,1040.0
2026-02-19 12:00:00,25.4,27.0,62.0,0.0,13.6,110.0,1013.2,975.0
2026-02-19 13:00:00,20.1,26.7,63.0,0.0,10.8,114.0,1013.5,880.0
2026-02-19 14:00:00,,26.6,64.0,0.0,7.3,113.0,1013.8,840.0
2026-02-19 15:00:00,,26.3,65.0,0.0,5.8,81.0,1013.8,500.0
2026-02-19 16:00:00,,25.7,68.0,0.0,4.1,56.0,1013.5,175.0
2026-02-19 17:00:00,20.2,25.3,71.0,0.0,3.2,43.0,1012.9,130.0
2026-02-19 18:00:00,19.0,25.3,71.0,0.0,5.5,117.0,1012.6,210.0
2026-02-19 19:00:00,19.3,25.2,72.0,0.0,6.8,138.0,1012.6,350.0
2026-02-19 20:00:00,12.9,24.8,73.0,0.0,6.1,122.0,1011.9,320.0
2026-02-19 21:00:00,,24.6,73.0,0.0,5.6,107.0,1012.2,265.0
2026-02-19 22:00:00,,24.6,73.0,0.0,4.6,99.0,1012.8,255.0
2026-02-19 23:00:00,28.8,24.7,72.0,0.0,2.7,90.0,1013.3,205.0
2026-02-20 00:00:00,25.3,25.5,72.0,0.0,3.5,351.0,1013.7,450.0
2026-02-20 01:00:00,30.2,26.6,65.0,0.0,2.4,333.0,1014.2,865.0
2026-02-20 02:00:00,28.9,27.9,58.0,0.0,2.7,90.0,1014.3,1165.0
2026-02-20 03:00:00,41.8,29.3,51.0,0.0,2.3,51.0,1013.4,1370.0
2026-02-20 04:00:00,25.8,30.3,47.0,0.0,1.3,270.0,1012.2,1435.0
2026-02-20 05:00:00,,30.6,45.0,0.2,1.7,311.0,1011.5,1400.0
2026-02-20 06:00:00,23.7,30.1,48.0,0.5,6.3,297.0,1010.7,1270.0
2026-02-20 07:00:00,,30.4,47.0,0.1,3.4,288.0,1010.1,1290.0
2026-02-20 08:00:00,11.3,30.5,47.0,0.0,3.1,204.0,1009.8,1310.0
2026-02-20 09:00:00,13.2,30.1,49.0,0.0,5.4,186.0,1010.0,1245.0
2026-02-20 10:00:00,16.7,29.1,54.0,0.0,8.3,138.0,1010.7,765.0
2026-02-20 11:00:00,20.6,28.0,58.0,0.0,8.5,114.0,1011.1,650.0
2026-02-20 12:00:00,11.0,27.1,64.0,0.0,9.5,127.0,1011.8,545.0
2026-02-20 13:00:00,22.2,26.8,66.0,0.0,8.8,147.0,1012.0,530.0
2026-02-20 14:00:00,20.4,26.3,68.0,0.0,10.4,136.0,1012.1,530.0
2026-02-20 15:00:00,15.1,26.0,70.0,0.0,10.7,123.0,1011.7,540.0
2026-02-20 16:00:00,14.1,25.7,71.0,0.0,9.3,114.0,1011.4,525.0
2026-02-20 17:00:00,,25.3,73.0,0.0,7.9,117.0,1010.4,475.0
2026-02-20 18:00:00,15.7,25.1,73.0,0.0,5.5,117.0,1010.1,350.0
2026-02-20 19:00:00,10.9,25.0,74.0,0.0,4.2,126.0,1009.8,260.0
2026-02-20 20:00:00,15.3,24.7,76.0,0.0,4.2,121.0,1009.5,255.0
2026-02-20 21:00:00,17.2,24.5,76.0,0.0,3.8,90.0,1009.4,255.0
2026-02-20 22:00:00,25.6,24.4,76.0,0.0,4.1,90.0,1009.7,295.0
2026-02-20 23:00:00,23.1,24.5,76.0,0.0,3.1,90.0,1009.9,285.0
2026-02-21 00:00:00,,25.4,72.0,0.0,1.8,53.0,1010.3,495.0
2026-02-21 01:00:00,,27.2,63.0,0.0,6.5,84.0,1010.2,1000.0
2026-02-21 02:00:00,15.8,28.7,57.0,0.0,8.1,78.0,1010.0,1170.0
2026-02-21 03:00:00,27.4,30.2,50.0,0.0,7.7,87.0,1008.9,1475.0
2026-02-21 04:00:00,,30.8,48.0,0.0,6.3,95.0,1008.1,1385.0
2026-02-21 05:00:00,29.4,30.7,48.0,0.0,6.1,113.0,1007.3,1400.0
2026-02-21 06:00:00,18.6,30.6,46.0,0.0,4.0,129.0,1006.4,1555.0
2026-02-21 07:00:00,21.1,31.0,45.0,0.0,1.6,297.0,1005.9,1525.0
2026-02-21 08:00:00,,30.6,46.0,0.0,1.5,249.0,1006.1,1420.0
2026-02-21 09:00:00,16.8,29.8,49.0,0.0,5.4,174.0,1006.4,1170.0
2026-02-21 10:00:00,,28.2,57.0,0.0,14.2,120.0,1007.1,840.0
2026-02-21 11:00:00,23.1,26.8,64.0,0.0,16.8,113.0,1007.4,645.0
2026-02-21 12:00:00,17.0,26.7,65.0,0.0,11.0,116.0,1008.2,625.0
2026-02-21 13:00:00,21.1,26.3,67.0,0.0,9.0,116.0,1008.6,640.0
2026-02-21 14:00:00,16.6,26.0,68.0,0.0,8.1,119.0,1008.9,655.0
2026-02-21 15:00:00,15.0,25.8,68.0,0.0,7.8,116.0,1008.9,660.0
2026-02-21 16:00:00,14.4,25.7,67.0,0.0,6.8,122.0,1008.7,640.0
2026-02-21 17:00:00,,25.4,68.0,0.0,7.9,123.0,1008.2,600.0
2026-02-21 18:00:00,10.3,25.1,70.0,0.0,8.1,121.0,1008.2,585.0
2026-02-21 19:00:00,9.82,24.9,72.0,0.0,7.8,116.0,1007.9,510.0
2026-02-21 20:00:00,21.8,24.6,74.0,0.0,6.2,112.0,1007.7,465.0
2026-02-21 21:00:00,27.2,24.4,75.0,0.0,4.0,95.0,1007.9,150.0
2026-02-21 22:00:00,43.5,24.1,77.0,0.0,3.8,85.0,1008.7,85.0
2026-02-21 23:00:00,,24.2,75.0,0.0,3.6,72.0,1009.2,125.0
2026-02-22 00:00:00,,25.1,71.0,0.0,4.2,25.0,1009.7,265.0
2026-02-22 01:00:00,,26.7,62.0,0.0,1.0,149.0,1009.8,530.0
2026-02-22 02:00:00,,28.3,56.0,0.0,1.5,201.0,1009.7,790.0
2026-02-22 03:00:00,,30.3,50.0,0.0,1.4,293.0,1008.6,1170.0
2026-02-22 04:00:00,,31.1,47.0,0.0,7.0,288.0,1007.3,1175.0
2026-02-22 05:00:00,,30.7,52.0,0.0,10.8,272.0,1006.8,265.0
2026-02-22 06:00:00,19.9,31.1,48.0,0.0,10.2,257.0,1006.1,1275.0
2026-02-22 07:00:00,19.6,31.2,50.0,0.0,8.4,245.0,1005.2,1030.0
2026-02-22 08:00:00,,31.6,44.0,0.0,6.2,170.0,1005.2,1795.0
2026-02-22 09:00:00,,30.6,47.0,0.0,11.3,115.0,1005.7,1385.0
2026-02-22 10:00:00,19.1,29.1,55.0,0.0,11.4,114.0,1006.4,985.0
2026-02-22 11:00:00,,27.8,60.0,0.0,10.6,124.0,1007.1,630.0
2026-02-22 12:00:00,,27.0,65.0,0.0,9.7,129.0,1007.8,570.0
2026-02-22 13:00:00,9.01,26.6,67.0,0.0,9.0,133.0,1008.2,540.0
2026-02-22 14:00:00,9.04,26.2,69.0,0.0,8.0,134.0,1008.9,575.0
2026-02-22 15:00:00,,25.9,70.0,0.0,6.2,131.0,1009.0,585.0
2026-02-22 16:00:00,,25.7,71.0,0.0,2.5,135.0,1008.6,565.0
2026-02-22 17:00:00,13.0,25.4,72.0,0.0,0.6,124.0,1008.2,585.0
2026-02-22 18:00:00,16.6,25.4,71.0,0.0,1.7,49.0,1007.6,150.0
2026-02-22 19:00:00,13.9,25.3,71.0,0.0,0.4,243.0,1007.2,265.0
2026-02-22 20:00:00,15.0,25.1,72.0,0.0,1.1,360.0,1007.3,215.0
2026-02-22 21:00:00,,24.8,75.0,0.0,1.9,17.0,1007.4,110.0
2026-02-22 22:00:00,,24.6,75.0,0.0,2.9,94.0,1008.3,70.0
2026-02-22 23:00:00,,24.9,73.0,0.0,3.8,131.0,1009.1,325.0
2026-02-23 00:00:00,,25.9,70.0,0.0,3.1,350.0,1009.8,390.0
2026-02-23 01:00:00,14.3,27.4,62.0,0.0,3.3,306.0,1010.2,875.0
2026-02-23 02:00:00,13.0,29.7,51.0,0.0,4.7,50.0,1010.1,1340.0
2026-02-23 03:00:00,8.67,32.2,40.0,0.0,7.8,81.0,1009.0,1850.0
2026-02-23 04:00:00,12.1,32.7,39.0,0.0,4.9,84.0,1007.9,1990.0
2026-02-23 05:00:00,11.6,32.9,39.0,0.0,2.4,243.0,1006.8,1980.0
2026-02-23 06:00:00,,32.8,36.0,0.0,3.1,204.0,1006.1,2010.0
2026-02-23 07:00:00,,33.5,34.0,0.0,3.1,190.0,1005.3,2020.0
2026-02-23 08:00:00,,32.5,39.0,0.0,6.4,117.0,1005.7,1370.0
2026-02-23 09:00:00,18.8,31.3,45.0,0.0,11.7,76.0,1006.5,1180.0
2026-02-23 10:00:00,13.2,29.4,51.0,0.0,11.9,87.0,1007.2,885.0
2026-02-23 11:00:00,17.5,28.1,56.0,0.0,10.9,102.0,1007.8,500.0
2026-02-23 12:00:00,12.6,27.5,56.0,0.0,8.1,85.0,1009.0,735.0
2026-02-23 13:00:00,16.3,27.3,58.0,0.0,4.3,92.0,1009.5,695.0
2026-02-23 14:00:00,,27.0,60.0,0.0,2.5,86.0,1009.4,620.0
2026-02-23 15:00:00,15.8,26.9,61.0,0.0,3.4,133.0,1009.2,335.0
2026-02-23 16:00:00,14.0,26.9,63.0,0.0,3.8,155.0,1008.7,240.0
2026-02-23 17:00:00,11.4,26.7,65.0,0.0,3.1,180.0,1008.0,220.0
2026-02-23 18:00:00,13.0,26.7,68.0,0.0,4.2,175.0,1007.5,320.0
2026-02-23 19:00:00,11.8,26.3,74.0,0.0,5.3,170.0,1007.2,345.0
2026-02-23 20:00:00,21.4,26.0,77.0,0.0,1.5,135.0,1007.3,275.0
2026-02-23 21:00:00,22.3,25.9,75.0,0.0,4.3,338.0,1007.9,335.0
2026-02-23 22:00:00,24.3,25.7,74.0,0.0,6.3,347.0,1008.6,265.0
2026-02-23 23:00:00,40.5,25.6,74.0,0.0,3.8,5.0,1009.3,205.0
2026-02-24 00:00:00,28.8,26.3,72.0,0.0,1.3,278.0,1010.0,345.0
2026-02-24 01:00:00,24.1,27.5,69.0,0.0,1.9,221.0,1010.5,755.0
2026-02-24 02:00:00,20.6,29.8,59.0,0.0,6.7,96.0,1010.7,1080.0
2026-02-24 03:00:00,12.8,30.5,58.0,0.3,9.7,112.0,1010.0,1140.0
2026-02-24 04:00:00,29.8,31.7,54.0,0.0,10.1,117.0,1008.9,1275.0
2026-02-24 05:00:00,37.3,31.8,54.0,0.1,9.1,112.0,1007.9,1215.0
2026-02-24 06:00:00,22.8,31.0,55.0,0.4,4.8,75.0,1007.5,1345.0
2026-02-24 07:00:00,5.82,32.1,51.0,0.3,4.5,43.0,1006.9,1435.0
2026-02-24 08:00:00,3.97,29.7,59.0,0.8,5.7,81.0,1007.4,600.0
2026-02-24 09:00:00,11.8,30.2,58.0,0.3,4.2,47.0,1007.6,1045.0
2026-02-24 10:00:00,24.0,29.9,59.0,0.0,6.3,92.0,1008.1,1045.0
2026-02-24 11:00:00,21.4,29.1,63.0,0.0,6.3,97.0,1009.0,750.0
2026-02-24 12:00:00,,28.0,69.0,0.0,8.2,119.0,1009.5,715.0
2026-02-24 13:00:00,23.0,27.6,70.0,0.0,8.4,135.0,1010.2,670.0
2026-02-24 14:00:00,22.2,27.1,72.0,0.0,8.4,127.0,1010.6,560.0
2026-02-24 15:00:00,8.06,26.9,73.0,0.0,8.7,120.0,1010.5,525.0
2026-02-24 16:00:00,13.5,26.7,73.0,0.0,8.3,117.0,1010.5,505.0
2026-02-24 17:00:00,14.9,26.5,74.0,0.0,7.6,121.0,1009.8,420.0
2026-02-24 18:00:00,13.5,26.6,74.0,0.0,6.4,130.0,1009.3,365.0
2026-02-24 19:00:00,11.8,26.4,74.0,0.0,5.2,121.0,1008.8,325.0
2026-02-24 20:00:00,,26.1,75.0,0.0,4.7,122.0,1008.6,215.0
2026-02-24 21:00:00,,25.9,76.0,0.0,4.7,130.0,1008.7,170.0
2026-02-24 22:00:00,30.0,25.8,76.0,0.0,4.4,145.0,1009.5,145.0
2026-02-24 23:00:00,45.6,26.0,75.0,0.0,4.1,142.0,1009.9,190.0
2026-02-25 00:00:00,,26.8,71.0,0.0,2.7,132.0,1010.0,475.0
2026-02-25 01:00:00,44.2,28.3,63.0,0.0,3.6,90.0,1010.5,845.0
2026-02-25 02:00:00,26.4,30.2,54.0,0.0,2.3,23.0,1010.6,1130.0
2026-02-25 03:00:00,19.1,31.4,49.0,0.0,2.4,243.0,1009.7,1255.0
2026-02-25 04:00:00,13.2,31.4,51.0,0.0,6.3,243.0,1008.8,1085.0
2026-02-25 05:00:00,,32.6,46.0,0.0,4.2,239.0,1007.7,1335.0
2026-02-25 06:00:00,10.4,32.5,45.0,0.0,2.7,247.0,1007.0,1450.0
2026-02-25 07:00:00,14.1,32.9,44.0,0.0,0.4,243.0,1006.6,1445.0
2026-02-25 08:00:00,15.4,32.7,44.0,0.0,2.9,173.0,1006.4,1460.0
2026-02-25 09:00:00,13.0,32.0,49.0,0.0,10.0,152.0,1006.5,790.0
2026-02-25 10:00:00,16.9,30.2,55.0,0.0,11.7,124.0,1007.0,720.0
2026-02-25 11:00:00,22.7,28.7,59.0,0.0,10.6,132.0,1008.0,515.0
2026-02-25 12:00:00,23.1,27.6,65.0,0.0,10.0,139.0,1008.9,420.0
2026-02-25 13:00:00,17.8,27.0,68.0,0.0,10.7,145.0,1009.5,395.0
2026-02-25 14:00:00,15.7,26.5,71.0,0.0,9.7,149.0,1010.0,380.0
2026-02-25 15:00:00,12.4,26.1,73.0,0.0,7.4,146.0,1010.2,370.0
2026-02-25 16:00:00,11.7,25.8,73.0,0.0,5.6,130.0,1010.0,365.0
2026-02-25 17:00:00,6.72,25.6,73.0,0.0,5.3,128.0,1009.2,280.0
2026-02-25 18:00:00,5.11,25.4,74.0,0.0,4.6,126.0,1008.7,300.0
2026-02-25 19:00:00,6.29,25.3,74.0,0.0,4.2,140.0,1008.3,305.0
2026-02-25 20:00:00,9.27,25.4,73.0,0.0,5.2,136.0,1008.4,305.0
2026-02-25 21:00:00,11.4,25.4,73.0,0.0,6.7,136.0,1008.7,300.0
2026-02-25 22:00:00,,25.3,74.0,0.0,8.1,125.0,1009.4,305.0
2026-02-25 23:00:00,,25.4,73.0,0.0,8.9,124.0,1009.9,320.0
2026-02-26 00:00:00,,26.5,70.0,0.0,8.7,117.0,1010.3,500.0
2026-02-26 01:00:00,,28.1,63.0,0.0,6.2,98.0,1010.5,790.0
2026-02-26 02:00:00,21.0,29.5,57.0,0.0,3.2,27.0,1010.1,1035.0
2026-02-26 03:00:00,21.9,30.9,51.0,0.0,2.3,309.0,1008.7,1395.0
2026-02-26 04:00:00,21.3,32.1,45.0,0.0,6.3,272.0,1007.5,1440.0
2026-02-26 05:00:00,16.9,32.3,46.0,0.0,11.0,238.0,1006.3,1005.0
2026-02-26 06:00:00,13.2,31.5,51.0,0.0,16.7,204.0,1005.3,875.0
2026-02-26 07:00:00,15.4,31.1,51.0,0.0,20.3,170.0,1004.5,720.0
2026-02-26 08:00:00,16.4,30.7,52.0,0.0,20.5,156.0,1004.3,585.0
2026-02-26 09:00:00,23.1,30.0,55.0,0.0,18.8,151.0,1004.7,510.0
2026-02-26 10:00:00,24.3,28.7,59.0,0.0,17.0,138.0,1005.2,435.0
2026-02-26 11:00:00,25.1,27.9,61.0,0.0,15.6,131.0,1005.8,370.0
2026-02-26 12:00:00,25.7,27.4,67.0,0.0,13.6,143.0,1006.6,385.0
2026-02-26 13:00:00,25.5,26.9,69.0,0.0,13.8,147.0,1007.3,380.0
2026-02-26 14:00:00,16.9,26.2,73.0,0.0,14.3,140.0,1007.6,385.0
2026-02-26 15:00:00,12.4,25.7,76.0,0.0,14.0,134.0,1007.5,375.0
2026-02-26 16:00:00,12.4,25.2,78.0,0.0,10.7,121.0,1007.5,350.0
2026-02-26 17:00:00,10.4,24.7,78.0,0.0,5.9,88.0,1006.9,305.0
2026-02-26 18:00:00,10.8,24.4,78.0,0.0,3.1,54.0,1006.2,290.0
2026-02-26 19:00:00,12.6,24.2,79.0,0.0,0.3,45.0,1005.5,295.0
2026-02-26 20:00:00,14.0,24.0,80.0,0.0,2.8,165.0,1006.2,290.0
2026-02-26 21:00:00,22.1,24.0,81.0,0.0,3.5,156.0,1006.6,215.0
2026-02-26 22:00:00,,24.0,80.0,0.0,1.3,124.0,1007.5,195.0
2026-02-26 23:00:00,,24.1,79.0,0.0,1.9,68.0,1007.9,175.0
2026-02-27 00:00:00,,25.1,72.0,0.0,1.9,112.0,1008.1,255.0
2026-02-27 01:00:00,,27.1,63.0,0.0,1.3,180.0,1008.5,540.0
2026-02-27 02:00:00,31.1,28.8,58.0,0.0,1.3,236.0,1008.7,960.0
2026-02-27 03:00:00,40.4,29.6,55.0,0.0,5.9,258.0,1007.7,990.0
2026-02-27 04:00:00,,30.3,54.0,0.0,8.1,267.0,1006.9,1005.0
2026-02-27 05:00:00,44.1,31.3,52.0,0.0,10.8,274.0,1005.9,650.0
2026-02-27 06:00:00,39.0,31.3,51.0,0.0,11.3,283.0,1005.0,485.0
2026-02-27 07:00:00,37.7,32.9,45.0,0.0,7.1,286.0,1004.0,1660.0
2026-02-27 08:00:00,34.6,32.5,46.0,0.0,9.3,252.0,1003.5,185.0
2026-02-27 09:00:00,26.1,30.4,59.0,0.0,13.1,227.0,1004.0,275.0
2026-02-27 10:00:00,27.4,29.6,60.0,0.0,9.8,204.0,1004.7,580.0
2026-02-27 11:00:00,22.9,29.1,63.0,0.0,10.0,198.0,1005.4,650.0
2026-02-27 12:00:00,23.1,28.2,64.0,0.0,7.7,179.0,1006.3,465.0
2026-02-27 13:00:00,17.9,27.5,68.0,0.0,8.2,151.0,1006.9,365.0
2026-02-27 14:00:00,15.2,26.7,71.0,0.0,9.6,146.0,1007.4,330.0
2026-02-27 15:00:00,16.0,26.2,74.0,0.0,9.8,144.0,1007.6,335.0
2026-02-27 16:00:00,11.6,26.0,75.0,0.0,8.7,143.0,1007.5,345.0
2026-02-27 17:00:00,8.19,25.7,76.0,0.0,7.9,150.0,1007.3,325.0
2026-02-27 18:00:00,,25.3,78.0,0.0,4.6,144.0,1006.8,310.0
2026-02-27 19:00:00,17.6,25.1,79.0,0.0,2.6,106.0,1006.6,380.0
2026-02-27 20:00:00,27.6,24.8,80.0,0.0,2.2,76.0,1006.5,335.0
2026-02-27 21:00:00,29.0,24.6,81.0,0.0,2.9,120.0,1007.0,165.0
2026-02-27 22:00:00,,24.5,81.0,0.0,4.8,132.0,1007.9,190.0
2026-02-27 23:00:00,29.3,24.8,77.0,0.0,6.2,139.0,1008.7,305.0
2026-02-28 00:00:00,,25.5,73.0,0.0,3.5,141.0,1009.4,285.0
2026-02-28 01:00:00,30.7,27.5,63.0,0.0,3.1,180.0,1009.5,520.0
2026-02-28 02:00:00,29.1,29.5,54.0,0.0,2.8,145.0,1009.8,1180.0
2026-02-28 03:00:00,23.6,31.2,45.0,0.0,0.4,297.0,1008.8,1555.0
2026-02-28 04:00:00,17.4,31.8,43.0,0.0,5.9,270.0,1007.6,1695.0
2026-02-28 05:00:00,18.8,32.2,44.0,0.0,9.4,259.0,1006.3,825.0
2026-02-28 06:00:00,17.0,32.4,44.0,0.0,9.5,248.0,1005.6,1745.0
2026-02-28 07:00:00,,33.0,41.0,0.0,6.8,212.0,1004.7,1790.0
2026-02-28 08:00:00,16.0,33.1,40.0,0.0,10.3,149.0,1004.5,1785.0
2026-02-28 09:00:00,21.2,32.0,43.0,0.0,13.9,119.0,1005.0,1575.0
2026-02-28 10:00:00,19.5,30.2,50.0,0.0,14.4,103.0,1005.8,905.0
2026-02-28 11:00:00,23.6,28.8,55.0,0.0,12.9,97.0,1006.8,660.0
2026-02-28 12:00:00,26.6,27.7,65.0,0.0,12.4,103.0,1007.6,570.0
2026-02-28 13:00:00,20.4,27.1,67.0,0.0,11.9,104.0,1008.0,495.0
2026-02-28 14:00:00,26.2,26.2,72.0,0.0,12.8,118.0,1008.2,465.0
2026-02-28 15:00:00,21.3,25.7,73.0,0.0,13.4,116.0,1008.4,490.0
2026-02-28 16:00:00,,25.5,73.0,0.0,11.2,114.0,1008.1,485.0
2026-02-28 17:00:00,15.7,25.3,72.0,0.0,9.3,114.0,1007.6,455.0
2026-02-28 18:00:00,,25.3,71.0,0.0,5.5,99.0,1007.1,425.0
2026-02-28 19:00:00,6.54,25.4,69.0,0.0,3.5,55.0,1006.6,345.0
2026-02-28 20:00:00,12.9,25.2,71.0,0.0,4.3,343.0,1006.8,280.0
2026-02-28 21:00:00,14.5,24.9,73.0,0.0,4.6,329.0,1007.0,230.0
2026-02-28 22:00:00,23.9,24.7,74.0,0.0,4.3,345.0,1008.0,180.0
2026-02-28 23:00:00,29.1,25.0,72.0,0.0,3.1,360.0,1008.9,150.0
2026-03-01 00:00:00,17.7,26.1,66.0,0.0,3.6,3.0,1009.5,285.0
2026-03-01 01:00:00,13.1,27.8,58.0,0.0,1.5,291.0,1009.9,520.0
2026-03-01 02:00:00,17.1,29.4,53.0,0.0,3.2,273.0,1009.9,985.0
2026-03-01 03:00:00,14.3,30.3,51.0,0.0,5.5,253.0,1009.0,975.0
2026-03-01 04:00:00,31.2,31.2,51.0,0.0,5.3,262.0,1008.1,1095.0
2026-03-01 05:00:00,,31.6,50.0,0.2,2.7,274.0,1007.3,1025.0
2026-03-01 06:00:00,26.4,31.8,52.0,0.3,6.5,267.0,1006.4,770.0
2026-03-01 07:00:00,10.1,32.1,52.0,0.1,7.7,258.0,1005.6,745.0
2026-03-01 08:00:00,10.9,31.6,56.0,0.0,8.0,243.0,1005.4,595.0
2026-03-01 09:00:00,,31.4,55.0,0.0,7.4,177.0,1005.3,645.0
2026-03-01 10:00:00,12.8,30.6,57.0,0.0,12.7,126.0,1005.9,710.0
2026-03-01 11:00:00,20.9,29.5,61.0,0.0,12.0,120.0,1007.4,650.0
2026-03-01 12:00:00,21.9,29.0,63.0,0.0,8.2,119.0,1008.1,560.0
2026-03-01 13:00:00,28.4,28.6,64.0,0.0,5.6,121.0,1008.4,455.0
2026-03-01 14:00:00,10.2,28.2,66.0,0.0,4.6,135.0,1008.8,415.0
2026-03-01 15:00:00,6.69,27.7,70.0,0.0,5.6,140.0,1009.1,355.0
2026-03-01 16:00:00,9.47,27.3,74.0,0.0,5.5,144.0,1008.5,310.0
2026-03-01 17:00:00,6.37,27.3,75.0,0.0,2.7,127.0,1007.9,315.0
2026-03-01 18:00:00,10.7,26.8,78.0,0.0,1.3,56.0,1007.7,425.0
2026-03-01 19:00:00,13.8,26.8,76.0,0.0,3.1,339.0,1007.5,435.0
2026-03-01 20:00:00,6.69,26.5,76.0,0.1,5.7,332.0,1007.4,415.0
2026-03-01 21:00:00,9.43,26.3,75.0,0.1,5.2,333.0,1007.9,350.0
2026-03-01 22:00:00,,26.0,77.0,0.1,5.2,348.0,1008.7,320.0
2026-03-01 23:00:00,22.9,26.1,77.0,0.0,5.1,4.0,1009.3,305.0
2026-03-02 00:00:00,26.4,26.4,78.0,0.0,3.1,31.0,1009.8,320.0
2026-03-02 01:00:00,26.4,27.1,76.0,0.4,1.5,97.0,1010.4,430.0
2026-03-02 02:00:00,,29.0,67.0,0.1,3.5,159.0,1010.4,750.0
2026-03-02 03:00:00,26.1,30.5,59.0,0.2,3.8,177.0,1009.6,980.0
2026-03-02 04:00:00,30.6,31.3,55.0,0.2,3.6,221.0,1009.0,1035.0
2026-03-02 05:00:00,24.2,31.6,54.0,0.1,4.3,248.0,1008.0,1005.0
2026-03-02 06:00:00,15.0,31.3,58.0,0.0,6.9,261.0,1007.3,900.0
2026-03-02 07:00:00,19.6,31.5,57.0,0.0,5.4,272.0,1006.5,890.0
2026-03-02 08:00:00,,31.3,58.0,0.0,4.8,255.0,1006.5,650.0
2026-03-02 09:00:00,13.0,30.8,60.0,0.0,8.5,186.0,1007.0,595.0
2026-03-02 10:00:00,,30.0,64.0,0.0,13.6,173.0,1007.2,375.0
2026-03-02 11:00:00,23.1,29.0,69.0,0.0,13.3,159.0,1007.8,320.0
2026-03-02 12:00:00,22.1,28.5,71.0,0.0,13.1,134.0,1008.3,355.0
2026-03-02 13:00:00,17.0,28.1,73.0,0.0,11.2,135.0,1008.9,325.0
2026-03-02 14:00:00,18.2,27.6,75.0,0.0,8.9,138.0,1009.0,340.0
2026-03-02 15:00:00,13.4,27.2,77.0,0.0,7.0,140.0,1009.2,335.0
2026-03-02 16:00:00,9.29,26.8,78.0,0.0,6.5,129.0,1009.1,350.0
2026-03-02 17:00:00,10.1,26.3,79.0,0.0,9.0,134.0,1008.8,275.0
2026-03-02 18:00:00,16.4,25.7,83.0,0.0,10.4,120.0,1008.2,280.0
2026-03-02 19:00:00,11.9,25.4,82.0,0.0,8.4,110.0,1008.2,265.0
2026-03-02 20:00:00,9.8,25.4,81.0,0.0,6.3,108.0,1008.2,240.0
2026-03-02 21:00:00,14.2,25.3,81.0,0.0,4.8,103.0,1008.3,205.0
2026-03-02 22:00:00,18.7,25.2,81.0,0.0,4.2,115.0,1008.6,160.0
2026-03-02 23:00:00,,25.6,78.0,0.0,4.1,131.0,1009.0,180.0
2026-03-03 00:00:00,25.5,27.0,72.0,0.0,5.1,122.0,1009.4,515.0
2026-03-03 01:00:00,20.5,28.6,64.0,0.0,4.2,130.0,1010.1,705.0
2026-03-03 02:00:00,12.9,30.3,56.0,0.0,1.6,96.0,1010.2,1160.0
2026-03-03 03:00:00,,31.8,48.0,0.0,2.2,261.0,1009.4,1415.0
2026-03-03 04:00:00,19.1,32.5,45.0,0.0,7.3,239.0,1008.5,1310.0
2026-03-03 05:00:00,,33.1,46.0,0.0,11.8,224.0,1007.7,1235.0
2026-03-03 06:00:00,,33.0,45.0,0.0,13.4,207.0,1007.1,1135.0
2026-03-03 07:00:00,11.1,33.4,43.0,0.0,15.1,172.0,1006.4,1025.0
2026-03-03 08:00:00,,33.0,44.0,0.0,17.3,151.0,1006.3,900.0
2026-03-03 09:00:00,15.3,31.8,48.0,0.0,19.0,135.0,1006.9,900.0
2026-03-03 10:00:00,,30.1,56.0,0.0,16.8,129.0,1007.9,825.0
2026-03-03 11:00:00,25.5,28.4,66.0,0.0,17.0,129.0,1008.6,595.0
2026-03-03 12:00:00,21.0,27.7,69.0,0.0,14.6,123.0,1009.4,535.0
2026-03-03 13:00:00,20.4,27.2,71.0,0.0,12.8,128.0,1009.7,455.0
2026-03-03 14:00:00,14.3,26.7,72.0,0.0,11.3,133.0,1010.0,435.0
2026-03-03 15:00:00,11.0,26.2,73.0,0.0,9.7,132.0,1010.2,430.0
2026-03-03 16:00:00,,25.9,72.0,0.0,7.2,122.0,1010.0,420.0
2026-03-03 17:00:00,,25.7,71.0,0.0,6.4,135.0,1009.6,350.0
2026-03-03 18:00:00,11.7,25.2,75.0,0.0,5.7,114.0,1009.2,295.0
2026-03-03 19:00:00,,25.0,74.0,0.0,3.1,87.0,1008.8,260.0
2026-03-03 20:00:00,17.3,24.7,76.0,0.0,3.2,43.0,1008.8,295.0
2026-03-03 21:00:00,26.9,24.2,79.0,0.0,4.4,19.0,1009.0,275.0
2026-03-03 22:00:00,28.7,23.7,81.0,0.0,4.1,23.0,1009.2,215.0
2026-03-03 23:00:00,32.8,23.6,80.0,0.0,4.0,98.0,1009.7,175.0
2026-03-04 00:00:00,22.5,25.2,71.0,0.0,4.9,141.0,1010.1,320.0
2026-03-04 01:00:00,22.3,27.4,65.0,0.0,6.1,157.0,1010.5,590.0
2026-03-04 02:00:00,21.7,29.7,56.0,0.0,5.0,116.0,1010.7,1050.0
2026-03-04 03:00:00,19.7,31.7,45.0,0.0,1.8,6.0,1010.1,1495.0
2026-03-04 04:00:00,16.5,32.3,42.0,0.0,6.5,278.0,1008.9,1220.0
2026-03-04 05:00:00,,32.0,51.0,0.0,11.9,269.0,1007.9,320.0
2026-03-04 06:00:00,18.9,32.1,49.0,0.0,12.6,260.0,1006.5,405.0
2026-03-04 07:00:00,,32.7,48.0,0.0,9.7,235.0,1005.8,830.0
2026-03-04 08:00:00,17.3,33.1,42.0,0.0,9.8,185.0,1005.4,875.0
2026-03-04 09:00:00,25.0,31.8,46.0,0.0,14.2,145.0,1005.9,945.0
2026-03-04 10:00:00,28.8,29.7,53.0,0.0,16.3,121.0,1006.6,830.0
2026-03-04 11:00:00,28.6,28.5,59.0,0.0,14.6,124.0,1007.5,670.0
2026-03-04 12:00:00,26.7,27.6,64.0,0.0,14.1,124.0,1008.3,555.0
2026-03-04 13:00:00,21.4,27.1,67.0,0.0,13.4,130.0,1008.7,455.0
2026-03-04 14:00:00,17.0,26.7,71.0,0.0,12.0,135.0,1009.0,405.0
2026-03-04 15:00:00,15.0,26.4,72.0,0.0,10.1,134.0,1009.1,390.0
2026-03-04 16:00:00,,26.2,72.0,0.0,7.8,127.0,1009.1,430.0
2026-03-04 17:00:00,10.5,26.1,71.0,0.0,6.2,112.0,1008.5,445.0
2026-03-04 18:00:00,15.0,26.1,70.0,0.0,9.6,123.0,1008.5,460.0
2026-03-04 19:00:00,11.9,26.0,70.0,0.0,7.1,124.0,1008.2,410.0
2026-03-04 20:00:00,8.42,25.9,70.0,0.0,6.6,125.0,1008.0,420.0
2026-03-04 21:00:00,14.5,25.8,71.0,0.0,6.5,120.0,1008.4,440.0
2026-03-04 22:00:00,20.0,25.6,72.0,0.0,7.5,117.0,1008.6,465.0
2026-03-04 23:00:00,24.2,25.5,72.0,0.0,7.7,108.0,1009.2,450.0
2026-03-05 00:00:00,19.8,27.0,65.0,0.0,7.1,99.0,1010.1,695.0
2026-03-05 01:00:00,23.3,28.5,58.0,0.0,7.5,80.0,1010.3,1060.0
2026-03-05 02:00:00,22.6,29.7,53.0,0.0,5.7,37.0,1010.2,1295.0
2026-03-05 03:00:00,18.6,31.1,47.0,0.0,2.8,45.0,1009.6,1540.0
2026-03-05 04:00:00,28.6,31.3,48.0,0.0,4.0,240.0,1008.6,1220.0
2026-03-05 05:00:00,,32.0,45.0,0.0,5.5,253.0,1007.5,1430.0
2026-03-05 06:00:00,30.8,31.7,48.0,0.0,11.3,260.0,1006.7,975.0
2026-03-05 07:00:00,,31.6,49.0,0.0,10.4,272.0,1006.0,685.0
2026-03-05 08:00:00,,31.5,50.0,0.0,7.7,279.0,1005.8,230.0
2026-03-05 09:00:00,20.4,31.3,51.0,0.0,4.8,259.0,1006.0,215.0
2026-03-05 10:00:00,,30.4,57.0,0.0,10.9,188.0,1006.3,560.0
2026-03-05 11:00:00,32.3,29.2,64.0,0.0,13.9,163.0,1006.9,345.0
2026-03-05 12:00:00,19.7,28.4,65.0,0.0,13.6,130.0,1008.0,410.0
2026-03-05 13:00:00,14.7,28.4,64.0,0.0,9.1,153.0,1009.0,380.0
2026-03-05 14:00:00,12.6,27.6,69.0,0.1,1.9,221.0,1009.8,525.0
2026-03-05 15:00:00,15.8,26.5,71.0,0.4,6.7,360.0,1009.9,460.0
2026-03-05 16:00:00,,26.5,69.0,0.0,7.5,336.0,1009.8,380.0
2026-03-05 17:00:00,,26.1,74.0,0.0,6.6,351.0,1009.2,390.0
2026-03-05 18:00:00,,26.2,74.0,0.0,2.4,17.0,1008.8,330.0
2026-03-05 19:00:00,,26.2,74.0,0.0,0.9,360.0,1008.4,40.0
2026-03-05 20:00:00,,26.0,75.0,0.0,1.7,252.0,1008.1,350.0
2026-03-05 21:00:00,21.1,25.7,78.0,0.0,2.1,308.0,1008.5,390.0
2026-03-05 22:00:00,15.9,25.5,79.0,0.0,1.4,293.0,1009.2,330.0
2026-03-05 23:00:00,,25.5,79.0,0.0,1.5,330.0,1009.8,305.0
2026-03-06 00:00:00,,26.3,75.0,0.0,2.4,17.0,1009.9,465.0
2026-03-06 01:00:00,17.4,27.9,66.0,0.0,1.2,63.0,1010.3,750.0
2026-03-06 02:00:00,24.0,29.9,54.0,0.0,1.9,22.0,1010.2,1150.0
2026-03-06 03:00:00,27.7,30.9,49.0,0.0,1.8,315.0,1009.4,1370.0
2026-03-06 04:00:00,25.9,31.3,48.0,0.0,3.1,270.0,1008.2,1205.0
2026-03-06 05:00:00,24.0,31.5,49.0,0.1,5.3,260.0,1007.1,1135.0
2026-03-06 06:00:00,27.5,31.6,49.0,0.2,7.0,280.0,1006.6,1210.0
2026-03-06 07:00:00,18.7,31.5,50.0,0.2,7.2,288.0,1005.8,1075.0
2026-03-06 08:00:00,26.3,31.3,51.0,0.2,5.0,272.0,1005.8,895.0
2026-03-06 09:00:00,21.0,31.0,52.0,0.0,5.5,229.0,1005.8,660.0
2026-03-06 10:00:00,24.4,30.4,57.0,0.0,9.5,181.0,1006.2,475.0
2026-03-06 11:00:00,21.9,29.3,62.0,0.0,11.6,143.0,1007.0,455.0
2026-03-06 12:00:00,21.3,28.9,64.0,0.0,12.4,126.0,1007.8,510.0
2026-03-06 13:00:00,12.2,28.4,64.0,0.0,7.0,116.0,1008.4,480.0
2026-03-06 14:00:00,12.6,27.9,66.0,0.0,6.4,128.0,1009.1,495.0
2026-03-06 15:00:00,10.8,27.3,68.0,0.0,3.9,294.0,1009.7,605.0
2026-03-06 16:00:00,11.7,26.9,71.0,0.0,3.1,260.0,1009.6,525.0
2026-03-06 17:00:00,18.7,26.7,72.0,0.0,0.2,360.0,1009.3,470.0
2026-03-06 18:00:00,17.7,26.3,75.0,0.0,2.2,256.0,1009.0,405.0
2026-03-06 19:00:00,21.3,26.2,76.0,0.0,3.1,204.0,1008.7,455.0
2026-03-06 20:00:00,19.7,26.1,76.0,0.0,3.3,193.0,1008.8,455.0
2026-03-06 21:00:00,19.3,25.8,76.0,0.0,2.0,207.0,1009.1,365.0
2026-03-06 22:00:00,23.4,25.8,77.0,0.0,1.8,270.0,1009.7,405.0
2026-03-06 23:00:00,22.3,25.8,77.0,0.0,0.7,256.0,1010.4,460.0
2026-03-07 00:00:00,24.0,26.7,72.0,0.0,4.1,326.0,1010.7,540.0
2026-03-07 01:00:00,21.2,28.1,65.0,0.0,2.9,313.0,1011.4,755.0
2026-03-07 02:00:00,19.7,29.6,56.0,0.1,0.6,252.0,1011.3,985.0
2026-03-07 03:00:00,30.6,30.8,51.0,0.0,2.8,235.0,1010.4,1290.0
2026-03-07 04:00:00,31.9,31.7,46.0,0.0,3.8,259.0,1009.5,1450.0
2026-03-07 05:00:00,20.3,32.5,43.0,0.0,3.8,281.0,1008.4,1640.0
2026-03-07 06:00:00,28.9,31.7,46.0,0.1,2.7,278.0,1007.8,1580.0
2026-03-07 07:00:00,26.4,31.8,46.0,0.0,3.3,324.0,1007.2,1555.0
2026-03-07 08:00:00,24.2,31.7,46.0,0.0,3.5,309.0,1007.1,1500.0
2026-03-07 09:00:00,16.0,31.3,47.0,0.0,4.4,161.0,1007.3,1540.0
2026-03-07 10:00:00,7.14,29.8,54.0,0.2,10.0,118.0,1008.1,920.0
2026-03-07 11:00:00,18.3,28.9,57.0,0.0,11.4,105.0,1008.7,580.0
2026-03-07 12:00:00,21.6,28.4,60.0,0.0,12.5,102.0,1009.3,795.0
2026-03-07 13:00:00,19.2,27.9,63.0,0.0,8.6,113.0,1009.8,835.0
2026-03-07 14:00:00,13.4,27.6,64.0,0.0,7.0,113.0,1010.4,780.0
2026-03-07 15:00:00,11.1,27.2,66.0,0.0,6.5,114.0,1010.4,755.0
2026-03-07 16:00:00,6.8,26.9,68.0,0.0,6.5,124.0,1010.5,530.0
2026-03-07 17:00:00,8.04,26.7,69.0,0.0,5.7,118.0,1010.0,425.0
2026-03-07 18:00:00,9.38,26.4,71.0,0.0,6.2,134.0,1009.8,350.0
2026-03-07 19:00:00,10.4,26.4,70.0,0.0,4.0,129.0,1009.6,475.0
2026-03-07 20:00:00,16.9,26.2,70.0,0.0,3.6,123.0,1009.3,515.0
2026-03-07 21:00:00,22.6,25.9,72.0,0.0,3.1,130.0,1009.4,220.0
2026-03-07 22:00:00,23.9,25.6,74.0,0.0,2.0,170.0,1010.0,190.0
2026-03-07 23:00:00,24.8,25.8,73.0,0.0,0.2,270.0,1010.6,385.0
2026-03-08 00:00:00,16.1,26.9,66.0,0.0,0.6,342.0,1011.0,820.0
2026-03-08 01:00:00,14.7,29.3,55.0,0.0,7.5,80.0,1011.3,1340.0
2026-03-08 02:00:00,10.5,30.4,50.0,0.4,10.3,71.0,1011.3,1245.0
2026-03-08 03:00:00,4.19,31.2,49.0,0.9,11.5,79.0,1010.7,1530.0
2026-03-08 04:00:00,7.59,31.9,48.0,0.6,14.8,77.0,1009.6,1730.0
2026-03-08 05:00:00,7.16,31.1,53.0,1.1,13.2,62.0,1009.0,1480.0
2026-03-08 06:00:00,8.47,29.7,56.0,0.0,17.7,70.0,1008.6,1420.0
2026-03-08 07:00:00,7.31,30.4,53.0,0.0,15.8,82.0,1007.9,1525.0
2026-03-08 08:00:00,5.26,30.1,52.0,0.0,15.3,78.0,1008.2,1485.0
2026-03-08 09:00:00,,29.2,56.0,0.0,12.8,71.0,1008.8,1375.0
2026-03-08 10:00:00,9.56,28.0,62.0,0.0,11.6,64.0,1009.6,1215.0
2026-03-08 11:00:00,21.7,27.1,67.0,0.0,7.4,86.0,1009.9,1130.0
2026-03-08 12:00:00,19.7,27.1,67.0,0.0,9.0,57.0,1010.8,1035.0
2026-03-08 13:00:00,8.32,26.9,68.0,0.0,6.4,61.0,1011.1,1195.0
2026-03-08 14:00:00,,26.5,69.0,0.0,5.9,52.0,1011.7,590.0
2026-03-08 15:00:00,3.88,26.2,70.0,0.0,3.4,65.0,1011.5,1150.0
2026-03-08 16:00:00,10.8,25.8,72.0,0.0,3.4,16.0,1011.4,190.0
2026-03-08 17:00:00,6.37,25.5,75.0,0.0,4.6,351.0,1010.9,190.0
2026-03-08 18:00:00,7.85,25.5,75.0,0.0,8.3,360.0,1010.6,250.0
2026-03-08 19:00:00,11.1,25.5,73.0,0.0,8.6,2.0,1010.6,250.0
2026-03-08 20:00:00,17.7,25.3,72.0,0.0,7.7,360.0,1010.7,225.0
2026-03-08 21:00:00,21.3,25.0,72.0,0.0,7.2,1.0,1010.7,180.0
2026-03-08 22:00:00,27.1,24.8,74.0,0.0,6.3,353.0,1011.0,145.0
2026-03-08 23:00:00,28.3,25.2,72.0,0.0,5.7,342.0,1011.7,175.0
2026-03-09 00:00:00,24.4,26.8,63.0,0.0,6.2,33.0,1012.4,1105.0
2026-03-09 01:00:00,19.8,28.1,57.0,0.0,12.1,62.0,1012.8,1295.0
2026-03-09 02:00:00,,29.9,49.0,0.0,13.2,68.0,1012.7,1615.0
2026-03-09 03:00:00,11.3,31.0,45.0,0.0,16.3,71.0,1012.1,1740.0
2026-03-09 04:00:00,9.35,31.3,44.0,0.0,15.6,74.0,1011.3,1735.0
2026-03-09 05:00:00,12.5,32.3,41.0,0.0,14.1,76.0,1010.3,1890.0
2026-03-09 06:00:00,13.7,32.1,40.0,0.0,13.1,60.0,1009.8,2030.0
2026-03-09 07:00:00,13.7,31.4,42.0,0.0,15.0,56.0,1009.4,1865.0
2026-03-09 08:00:00,15.0,30.9,43.0,0.0,13.5,61.0,1009.5,1695.0
2026-03-09 09:00:00,13.8,30.1,45.0,0.0,11.9,76.0,1010.1,1485.0
2026-03-09 10:00:00,24.5,28.5,51.0,0.0,11.2,92.0,1011.0,1100.0
2026-03-09 11:00:00,21.7,27.3,56.0,0.0,8.4,100.0,1011.6,935.0
2026-03-09 12:00:00,24.0,26.8,57.0,0.0,8.1,107.0,1012.2,790.0
2026-03-09 13:00:00,14.2,26.6,59.0,0.0,6.0,139.0,1012.6,765.0
2026-03-09 14:00:00,14.6,26.3,61.0,0.0,4.2,160.0,1012.8,800.0
2026-03-09 15:00:00,,26.1,62.0,0.0,3.8,185.0,1012.5,850.0
2026-03-09 16:00:00,16.5,26.0,61.0,0.0,4.2,220.0,1012.3,860.0
2026-03-09 17:00:00,11.2,25.8,62.0,0.0,2.7,152.0,1011.6,835.0
2026-03-09 18:00:00,10.2,25.7,62.0,0.0,3.9,47.0,1011.7,815.0
2026-03-09 19:00:00,15.3,25.5,62.0,0.0,2.3,45.0,1011.4,860.0
2026-03-09 20:00:00,21.8,25.4,63.0,0.0,0.2,360.0,1011.2,15.0
2026-03-09 21:00:00,27.0,25.3,63.0,0.0,1.4,50.0,1011.4,20.0
2026-03-09 22:00:00,19.6,25.2,63.0,0.0,2.3,58.0,1011.9,1080.0
2026-03-09 23:00:00,26.5,25.3,63.0,0.0,2.7,82.0,1012.2,1125.0
2026-03-10 00:00:00,22.2,26.2,57.0,0.0,4.9,86.0,1012.8,1155.0
2026-03-10 01:00:00,21.3,27.5,51.0,0.0,8.0,65.0,1013.1,1255.0
2026-03-10 02:00:00,22.3,29.7,43.0,0.0,7.4,68.0,1013.1,1580.0
2026-03-10 03:00:00,22.9,31.0,38.0,0.0,10.1,84.0,1012.4,1955.0
2026-03-10 04:00:00,21.4,31.8,36.0,0.0,10.4,89.0,1011.4,2145.0
2026-03-10 05:00:00,20.9,32.0,35.0,0.0,9.7,68.0,1010.5,2245.0
2026-03-10 06:00:00,18.7,31.6,35.0,0.0,11.4,72.0,1009.9,2185.0
2026-03-10 07:00:00,15.0,31.2,37.0,0.0,12.5,72.0,1009.3,2130.0
2026-03-10 08:00:00,12.4,30.1,42.0,0.0,13.0,84.0,1009.6,1455.0
2026-03-10 09:00:00,18.3,29.0,47.0,0.0,13.2,93.0,1010.2,1390.0
2026-03-10 10:00:00,19.6,27.5,54.0,0.0,13.3,100.0,1010.5,1075.0
2026-03-10 11:00:00,18.6,26.3,59.0,0.0,13.2,114.0,1011.2,915.0
2026-03-10 12:00:00,17.9,25.7,64.0,0.0,11.2,120.0,1011.8,770.0
2026-03-10 13:00:00,23.0,25.5,65.0,0.0,9.0,127.0,1012.1,740.0
2026-03-10 14:00:00,24.9,25.1,67.0,0.0,9.3,127.0,1012.4,690.0
2026-03-10 15:00:00,22.5,25.0,67.0,0.0,7.8,124.0,1012.4,680.0
2026-03-10 16:00:00,21.3,24.9,67.0,0.0,5.2,119.0,1011.8,685.0
2026-03-10 17:00:00,22.1,24.8,67.0,0.0,3.1,111.0,1011.2,740.0
2026-03-10 18:00:00,25.3,25.0,63.0,0.0,2.6,56.0,1011.1,835.0
2026-03-10 19:00:00,25.4,24.9,63.0,0.0,2.6,78.0,1010.8,840.0
2026-03-10 20:00:00,,24.5,64.0,0.0,1.9,22.0,1010.7,145.0
2026-03-10 21:00:00,,24.1,67.0,0.0,3.4,357.0,1010.6,130.0
2026-03-10 22:00:00,,23.8,70.0,0.0,3.6,360.0,1011.0,100.0
2026-03-10 23:00:00,42.2,24.0,70.0,0.0,1.9,17.0,1011.3,85.0
2026-03-11 00:00:00,,25.4,62.0,0.0,2.7,42.0,1011.7,860.0
2026-03-11 01:00:00,27.0,26.7,57.0,0.0,1.5,187.0,1012.0,910.0
2026-03-11 02:00:00,32.6,28.3,51.0,0.0,1.2,243.0,1011.9,1080.0
2026-03-11 03:00:00,38.4,30.1,45.0,0.0,5.4,276.0,1011.0,1540.0
2026-03-11 04:00:00,35.3,30.8,42.0,0.0,7.4,270.0,1010.0,1750.0
2026-03-11 05:00:00,34.0,30.9,42.0,0.2,7.8,248.0,1009.0,1755.0
2026-03-11 06:00:00,23.8,30.6,43.0,0.6,6.8,202.0,1008.4,1680.0
2026-03-11 07:00:00,24.3,30.6,42.0,0.1,5.1,188.0,1007.9,1630.0
2026-03-11 08:00:00,23.8,29.7,45.0,0.0,7.4,139.0,1008.0,1120.0
2026-03-11 09:00:00,13.8,29.1,48.0,0.1,10.7,119.0,1007.9,1180.0
2026-03-11 10:00:00,18.7,28.2,53.0,0.0,13.7,115.0,1008.7,1055.0
2026-03-11 11:00:00,16.5,26.3,62.0,0.0,15.1,116.0,1009.4,720.0
2026-03-11 12:00:00,16.2,26.0,64.0,0.0,13.2,125.0,1010.3,665.0
2026-03-11 13:00:00,15.9,25.8,64.0,0.0,10.8,126.0,1010.6,685.0
2026-03-11 14:00:00,13.1,25.6,62.0,0.0,7.6,115.0,1011.0,600.0
2026-03-11 15:00:00,14.3,25.3,63.0,0.0,4.4,102.0,1011.1,630.0
2026-03-11 16:00:00,10.5,24.8,65.0,0.0,1.9,17.0,1010.6,470.0
2026-03-11 17:00:00,,24.6,67.0,0.0,2.6,326.0,1010.2,285.0
2026-03-11 18:00:00,,24.4,66.0,0.0,2.2,5.0,1009.6,265.0
2026-03-11 19:00:00,19.3,24.2,67.0,0.0,2.4,318.0,1008.9,280.0
2026-03-11 20:00:00,24.4,24.0,69.0,0.0,3.6,333.0,1009.1,280.0
2026-03-11 21:00:00,,23.9,70.0,0.0,3.0,335.0,1009.4,240.0
2026-03-11 22:00:00,32.9,23.8,70.0,0.0,2.4,333.0,1010.0,225.0
2026-03-11 23:00:00,35.3,24.0,69.0,0.0,3.2,344.0,1010.7,260.0
2026-03-12 00:00:00,36.4,25.3,64.0,0.0,5.5,11.0,1011.1,365.0
2026-03-12 01:00:00,28.8,26.5,59.0,0.0,1.4,337.0,1011.5,880.0
2026-03-12 02:00:00,,27.8,54.0,0.0,1.9,236.0,1011.4,935.0
2026-03-12 03:00:00,39.5,29.2,49.0,0.0,4.4,258.0,1010.7,1155.0
2026-03-12 04:00:00,37.8,30.1,45.0,0.1,4.4,249.0,1009.7,1380.0
2026-03-12 05:00:00,,30.6,43.0,0.1,5.1,228.0,1008.5,1540.0
2026-03-12 06:00:00,31.4,30.0,47.0,0.0,6.8,220.0,1007.7,1235.0
2026-03-12 07:00:00,18.2,30.1,46.0,0.1,4.9,174.0,1007.1,1060.0
2026-03-12 08:00:00,16.7,30.1,47.0,0.0,7.5,172.0,1006.9,1025.0
2026-03-12 09:00:00,21.9,29.6,50.0,0.1,6.6,171.0,1007.3,1105.0
2026-03-12 10:00:00,,28.7,51.0,0.4,5.9,76.0,1007.8,1045.0
2026-03-12 11:00:00,20.0,27.7,56.0,0.0,9.2,101.0,1008.5,730.0
2026-03-12 12:00:00,15.0,26.8,64.0,0.0,12.4,106.0,1009.2,600.0
2026-03-12 13:00:00,10.2,25.9,66.0,0.0,6.9,120.0,1010.1,580.0
2026-03-12 14:00:00,10.3,25.8,67.0,0.0,2.6,196.0,1011.0,690.0
2026-03-12 15:00:00,10.5,25.9,66.0,0.0,1.6,243.0,1011.2,835.0
2026-03-12 16:00:00,3.89,25.6,68.0,0.0,2.0,95.0,1011.0,485.0
2026-03-12 17:00:00,1.12,24.9,72.0,0.2,2.9,97.0,1010.4,265.0
2026-03-12 18:00:00,4.29,23.7,78.0,0.0,1.4,90.0,1010.2,235.0
2026-03-12 19:00:00,2.46,24.1,77.0,0.1,1.4,270.0,1009.9,280.0
2026-03-12 20:00:00,,24.2,76.0,0.2,1.8,323.0,1010.1,305.0
2026-03-12 21:00:00,,24.0,76.0,0.2,2.0,360.0,1010.5,215.0
2026-03-12 22:00:00,,24.1,75.0,0.3,2.8,15.0,1011.1,210.0
2026-03-12 23:00:00,11.4,24.4,71.0,0.0,4.6,77.0,1011.8,1135.0
2026-03-13 00:00:00,7.58,25.3,63.0,0.0,10.9,74.0,1012.9,1165.0
2026-03-13 01:00:00,,26.5,57.0,0.0,14.7,63.0,1013.4,1430.0
2026-03-13 02:00:00,,27.5,52.0,0.0,14.7,59.0,1013.3,1470.0
2026-03-13 03:00:00,11.9,28.5,48.0,0.1,17.1,56.0,1012.9,1610.0
2026-03-13 04:00:00,9.71,29.6,43.0,0.1,15.9,62.0,1012.3,1675.0
2026-03-13 05:00:00,,29.9,42.0,0.3,13.0,64.0,1011.5,1720.0
2026-03-13 06:00:00,8.57,29.1,45.0,0.1,17.5,65.0,1011.0,1590.0
2026-03-13 07:00:00,,29.5,43.0,0.0,13.7,69.0,1010.5,1620.0
2026-03-13 08:00:00,8.02,29.0,43.0,0.0,11.2,72.0,1010.4,1580.0
2026-03-13 09:00:00,12.8,27.6,48.0,0.0,10.0,81.0,1010.6,1375.0
2026-03-13 10:00:00,18.2,26.0,54.0,0.0,8.9,104.0,1011.4,1210.0
2026-03-13 11:00:00,18.9,24.9,58.0,0.0,7.8,132.0,1012.0,1090.0
2026-03-13 12:00:00,17.3,24.5,59.0,0.0,6.2,112.0,1013.4,1095.0
2026-03-13 13:00:00,15.9,24.2,59.0,0.0,9.4,107.0,1013.9,980.0
2026-03-13 14:00:00,13.8,24.0,59.0,0.0,12.2,98.0,1014.3,1030.0
2026-03-13 15:00:00,14.2,23.7,57.0,0.0,12.5,79.0,1014.4,935.0
2026-03-13 16:00:00,11.7,23.4,57.0,0.0,9.9,81.0,1014.4,1115.0
2026-03-13 17:00:00,13.6,22.9,60.0,0.0,7.8,67.0,1013.9,1110.0
2026-03-13 18:00:00,16.9,22.6,61.0,0.0,9.9,69.0,1013.8,1315.0
2026-03-13 19:00:00,17.6,22.6,60.0,0.0,6.1,58.0,1012.9,1345.0
2026-03-13 20:00:00,21.5,22.5,59.0,0.0,2.7,8.0,1013.0,250.0
2026-03-13 21:00:00,24.8,22.5,59.0,0.0,5.5,13.0,1013.6,1315.0
2026-03-13 22:00:00,19.6,22.2,61.0,0.0,4.9,6.0,1014.2,1310.0
2026-03-13 23:00:00,19.4,22.2,61.0,0.0,6.1,348.0,1015.0,1365.0
2026-03-14 00:00:00,17.7,23.8,55.0,0.0,4.3,22.0,1016.1,1565.0
2026-03-14 01:00:00,19.6,25.4,49.0,0.0,9.0,61.0,1016.7,1685.0
2026-03-14 02:00:00,16.3,27.0,42.0,0.0,19.8,57.0,1016.3,1940.0
2026-03-14 03:00:00,15.2,27.8,39.0,0.0,18.7,60.0,1015.5,1985.0
2026-03-14 04:00:00,11.0,29.1,34.0,0.0,20.3,64.0,1014.4,2200.0
2026-03-14 05:00:00,11.0,28.2,39.0,0.0,19.7,74.0,1013.9,2010.0
2026-03-14 06:00:00,,28.9,35.0,0.0,18.3,75.0,1013.2,2190.0
2026-03-14 07:00:00,9.4,28.8,35.0,0.0,18.1,66.0,1012.7,2100.0
2026-03-14 08:00:00,11.7,27.8,37.0,0.0,17.7,78.0,1012.6,1845.0
2026-03-14 09:00:00,11.0,26.4,43.0,0.0,17.8,78.0,1013.2,1555.0
2026-03-14 10:00:00,14.7,25.7,44.0,0.0,16.1,79.0,1013.6,1615.0
2026-03-14 11:00:00,19.2,25.0,48.0,0.0,15.6,75.0,1014.5,1495.0
2026-03-14 12:00:00,23.7,24.4,54.0,0.0,10.4,88.0,1015.2,1395.0
2026-03-14 13:00:00,23.9,24.4,55.0,0.0,5.9,102.0,1015.4,1425.0
2026-03-14 14:00:00,15.6,24.3,54.0,0.0,6.3,108.0,1015.5,1395.0
2026-03-14 15:00:00,12.7,24.2,52.0,0.0,10.3,85.0,1015.4,1340.0
2026-03-14 16:00:00,12.7,23.6,55.0,0.0,9.2,96.0,1014.9,1185.0
2026-03-14 17:00:00,15.5,23.2,60.0,0.0,9.3,118.0,1014.3,1155.0
2026-03-14 18:00:00,24.1,23.1,57.0,0.0,2.7,110.0,1014.1,70.0
2026-03-14 19:00:00,25.2,22.9,58.0,0.0,2.7,48.0,1013.8,90.0
2026-03-14 20:00:00,25.8,22.4,61.0,0.0,4.7,23.0,1013.9,105.0
2026-03-14 21:00:00,,22.0,64.0,0.0,5.2,358.0,1014.2,100.0
2026-03-14 22:00:00,31.4,21.4,68.0,0.0,6.1,5.0,1014.6,105.0
2026-03-14 23:00:00,31.0,21.7,66.0,0.0,6.9,353.0,1015.1,135.0
2026-03-15 00:00:00,21.8,24.2,54.0,0.0,7.2,13.0,1015.8,1250.0
2026-03-15 01:00:00,18.8,25.7,49.0,0.0,13.3,65.0,1016.1,1520.0
2026-03-15 02:00:00,19.2,27.2,43.0,0.0,13.7,74.0,1015.7,1765.0
2026-03-15 03:00:00,11.8,28.2,40.0,0.0,13.6,83.0,1014.8,2100.0
2026-03-15 04:00:00,10.7,28.5,39.0,0.0,14.6,74.0,1013.5,2110.0
2026-03-15 05:00:00,10.6,29.7,35.0,0.0,13.4,73.0,1012.4,2225.0
2026-03-15 06:00:00,10.8,29.4,36.0,0.0,12.8,94.0,1011.9,2270.0
2026-03-15 07:00:00,6.79,29.0,37.0,0.0,14.5,73.0,1011.3,1985.0
2026-03-15 08:00:00,,28.9,37.0,0.0,13.4,58.0,1011.4,2010.0
2026-03-15 09:00:00,,27.4,44.0,0.0,16.3,52.0,1012.0,1395.0
2026-03-15 10:00:00,16.9,25.8,50.0,0.0,15.0,72.0,1012.6,1115.0
2026-03-15 11:00:00,17.0,24.7,56.0,0.0,12.6,100.0,1013.0,1005.0
2026-03-15 12:00:00,,24.4,59.0,0.0,10.9,117.0,1013.6,865.0
2026-03-15 13:00:00,,23.8,60.0,0.0,12.0,126.0,1014.0,795.0
2026-03-15 14:00:00,,23.5,62.0,0.0,10.0,128.0,1014.1,885.0
2026-03-15 15:00:00,,23.5,62.0,0.0,7.5,136.0,1014.1,915.0
2026-03-15 16:00:00,10.1,23.7,56.0,0.0,8.5,117.0,1013.9,845.0
2026-03-15 17:00:00,9.24,23.2,58.0,0.0,6.9,133.0,1013.4,805.0
2026-03-15 18:00:00,7.24,22.8,62.0,0.0,6.5,85.0,1013.0,715.0
2026-03-15 19:00:00,7.76,22.8,63.0,0.0,4.7,122.0,1012.4,735.0
2026-03-15 20:00:00,9.39,22.5,65.0,0.0,3.6,131.0,1012.1,250.0
2026-03-15 21:00:00,13.1,22.4,66.0,0.0,2.9,79.0,1012.3,85.0
2026-03-15 22:00:00,16.2,22.3,67.0,0.0,1.0,338.0,1012.9,35.0
2026-03-15 23:00:00,15.8,22.4,66.0,0.0,2.7,352.0,1013.5,295.0
2026-03-16 00:00:00,6.42,23.9,59.0,0.0,4.6,9.0,1013.9,870.0
2026-03-16 01:00:00,,25.9,51.0,0.0,7.5,55.0,1014.0,1445.0
2026-03-16 02:00:00,9.98,27.8,43.0,0.0,10.7,78.0,1013.5,1495.0
2026-03-16 03:00:00,13.0,29.0,39.0,0.0,14.1,87.0,1013.0,2140.0
2026-03-16 04:00:00,5.02,30.0,36.0,0.0,15.6,82.0,1011.8,2235.0
2026-03-16 05:00:00,14.2,30.4,35.0,0.0,16.4,89.0,1010.8,2265.0
2026-03-16 06:00:00,9.97,30.2,36.0,0.0,14.2,103.0,1010.1,2260.0
2026-03-16 07:00:00,11.9,30.2,36.0,0.0,14.5,98.0,1009.5,2130.0
2026-03-16 08:00:00,7.05,30.1,35.0,0.0,16.1,104.0,1009.4,2235.0
2026-03-16 09:00:00,10.5,28.3,46.0,0.0,14.6,86.0,1009.7,1455.0
2026-03-16 10:00:00,13.4,26.7,53.0,0.0,13.2,76.0,1010.3,1095.0
2026-03-16 11:00:00,19.9,25.6,58.0,0.0,9.8,76.0,1011.0,895.0
2026-03-16 12:00:00,20.6,25.5,61.0,0.0,7.7,106.0,1011.6,925.0
2026-03-16 13:00:00,18.5,25.2,64.0,0.0,8.3,117.0,1012.0,690.0
2026-03-16 14:00:00,20.4,24.8,66.0,0.0,7.5,125.0,1012.4,655.0
2026-03-16 15:00:00,31.3,24.5,67.0,0.0,7.7,126.0,1012.6,640.0
2026-03-16 16:00:00,16.6,24.3,69.0,0.0,5.5,134.0,1012.6,455.0
2026-03-16 17:00:00,14.6,24.0,71.0,0.0,4.3,135.0,1012.1,380.0
2026-03-16 18:00:00,18.7,23.5,73.0,0.0,2.2,138.0,1011.7,395.0
2026-03-16 19:00:00,20.8,23.5,73.0,0.0,0.6,236.0,1011.1,20.0
2026-03-16 20:00:00,24.3,23.4,73.0,0.0,0.4,243.0,1011.0,20.0
2026-03-16 21:00:00,26.4,23.3,74.0,0.0,0.6,236.0,1011.1,25.0
2026-03-16 22:00:00,29.9,23.2,74.0,0.0,1.0,135.0,1011.5,25.0
2026-03-16 23:00:00,23.3,23.4,73.0,0.0,0.7,90.0,1012.3,375.0
2026-03-17 00:00:00,13.0,24.8,67.0,0.0,4.5,16.0,1012.8,425.0
2026-03-17 01:00:00,,26.6,59.0,0.0,3.6,37.0,1013.3,1015.0
2026-03-17 02:00:00,13.0,28.2,52.0,0.0,2.8,165.0,1012.9,1370.0
2026-03-17 03:00:00,31.7,29.3,49.0,0.1,3.3,216.0,1012.1,1425.0
2026-03-17 04:00:00,33.8,29.9,47.0,0.2,2.5,266.0,1011.1,1345.0
2026-03-17 05:00:00,17.8,29.7,49.0,0.4,5.5,253.0,1010.3,1265.0
2026-03-17 06:00:00,6.82,29.1,56.0,0.5,13.0,281.0,1009.5,830.0
2026-03-17 07:00:00,,29.5,56.0,0.0,12.2,284.0,1008.6,320.0
2026-03-17 08:00:00,12.7,29.3,58.0,0.1,10.3,274.0,1008.6,265.0
2026-03-17 09:00:00,17.6,28.8,60.0,0.6,4.4,258.0,1009.2,650.0
2026-03-17 10:00:00,13.7,28.4,57.0,0.3,5.1,113.0,1009.7,1050.0
2026-03-17 11:00:00,,27.6,60.0,0.0,10.5,98.0,1010.3,830.0
2026-03-17 12:00:00,,26.4,69.0,0.0,8.6,92.0,1011.3,725.0
2026-03-17 13:00:00,9.97,26.0,70.0,0.0,7.9,114.0,1011.8,635.0
2026-03-17 14:00:00,2.79,25.7,71.0,0.0,6.7,117.0,1012.4,665.0
2026-03-17 15:00:00,3.67,25.3,75.0,0.0,6.6,133.0,1012.3,430.0
2026-03-17 16:00:00,6.28,24.9,77.0,0.0,7.6,126.0,1011.9,345.0
2026-03-17 17:00:00,26.7,24.6,78.0,0.0,6.3,125.0,1011.4,310.0
2026-03-17 18:00:00,,24.4,80.0,0.0,4.6,126.0,1011.1,220.0
2026-03-17 19:00:00,26.4,24.5,77.0,0.0,4.3,114.0,1011.0,255.0
2026-03-17 20:00:00,22.5,24.4,78.0,0.0,4.5,119.0,1010.9,185.0
2026-03-17 21:00:00,26.6,24.2,79.0,0.0,3.2,106.0,1011.1,115.0
2026-03-17 22:00:00,29.6,23.9,81.0,0.0,3.1,83.0,1011.7,85.0
2026-03-17 23:00:00,31.1,24.4,76.0,0.0,2.9,97.0,1012.3,225.0
2026-03-18 00:00:00,,25.1,73.0,0.0,0.6,342.0,1012.9,645.0
2026-03-18 01:00:00,,27.3,61.0,0.0,5.7,77.0,1013.3,1075.0
2026-03-18 02:00:00,,29.1,51.0,0.0,6.1,87.0,1013.4,1300.0
2026-03-18 03:00:00,,30.2,48.0,0.1,5.1,138.0,1012.9,1405.0
2026-03-18 04:00:00,26.1,30.4,48.0,0.4,2.7,217.0,1011.9,1320.0
2026-03-18 05:00:00,28.4,30.6,49.0,0.6,2.3,219.0,1010.8,1280.0
2026-03-18 06:00:00,26.7,29.7,51.0,0.3,3.3,151.0,1010.1,1265.0
2026-03-18 07:00:00,19.9,30.3,49.0,0.5,4.2,149.0,1009.0,1275.0
2026-03-18 08:00:00,12.8,30.2,50.0,0.7,4.7,157.0,1008.9,1130.0
2026-03-18 09:00:00,17.1,29.7,52.0,0.6,6.0,141.0,1009.2,950.0
2026-03-18 10:00:00,23.2,28.3,59.0,0.4,7.3,115.0,1010.1,795.0
2026-03-18 11:00:00,31.5,27.4,63.0,0.0,9.2,113.0,1010.6,765.0
2026-03-18 12:00:00,27.0,26.7,71.0,0.0,5.6,132.0,1011.1,260.0
2026-03-18 13:00:00,,26.6,68.0,0.0,10.5,119.0,1011.6,475.0
2026-03-18 14:00:00,10.7,26.1,70.0,0.0,7.2,112.0,1012.1,475.0
2026-03-18 15:00:00,7.27,25.7,71.0,0.0,7.4,129.0,1012.3,430.0
2026-03-18 16:00:00,13.5,25.5,72.0,0.0,5.6,119.0,1011.8,390.0
2026-03-18 17:00:00,12.8,25.1,74.0,0.0,6.0,123.0,1011.2,270.0
2026-03-18 18:00:00,11.3,25.0,75.0,0.0,2.7,152.0,1010.8,185.0
2026-03-18 19:00:00,15.0,25.1,74.0,0.0,1.2,219.0,1010.6,300.0
2026-03-18 20:00:00,18.3,24.9,75.0,0.0,1.5,263.0,1010.5,425.0
2026-03-18 21:00:00,16.8,24.7,76.0,0.0,1.5,306.0,1010.7,460.0
2026-03-18 22:00:00,27.6,24.5,78.0,0.0,1.2,321.0,1011.4,375.0
2026-03-18 23:00:00,20.3,24.7,77.0,0.0,0.4,117.0,1012.1,415.0
2026-03-19 00:00:00,15.7,25.6,71.0,0.0,1.9,34.0,1012.7,455.0
2026-03-19 01:00:00,,27.5,61.0,0.0,3.2,133.0,1013.1,850.0
2026-03-19 02:00:00,16.6,29.3,51.0,0.1,5.6,123.0,1012.9,1160.0
2026-03-19 03:00:00,11.3,30.6,46.0,0.0,6.7,124.0,1012.3,1480.0
2026-03-19 04:00:00,,31.1,44.0,0.0,6.2,134.0,1011.1,1575.0
2026-03-19 05:00:00,12.6,31.9,40.0,0.2,5.0,145.0,1010.0,1635.0
2026-03-19 06:00:00,13.7,31.5,41.0,1.1,4.7,122.0,1009.0,1720.0
2026-03-19 07:00:00,10.9,31.4,42.0,0.0,2.5,69.0,1008.2,1720.0
2026-03-19 08:00:00,15.9,31.0,43.0,0.0,0.5,270.0,1008.2,1535.0
2026-03-19 09:00:00,18.3,29.8,48.0,0.0,4.3,246.0,1008.7,300.0
2026-03-19 10:00:00,,29.0,51.0,0.0,4.6,171.0,1009.2,350.0
2026-03-19 11:00:00,28.6,28.0,54.0,0.0,11.7,117.0,1009.7,680.0
2026-03-19 12:00:00,21.0,27.0,59.0,0.0,12.3,128.0,1010.3,550.0
2026-03-19 13:00:00,21.9,26.5,62.0,0.0,13.1,126.0,1011.1,580.0
2026-03-19 14:00:00,20.6,26.2,64.0,0.0,12.8,119.0,1011.4,560.0
2026-03-19 15:00:00,16.7,25.9,66.0,0.0,11.0,115.0,1011.4,525.0
2026-03-19 16:00:00,12.2,25.5,68.0,0.0,9.2,116.0,1011.0,450.0
2026-03-19 17:00:00,10.9,25.1,71.0,0.0,6.9,131.0,1010.4,415.0
2026-03-19 18:00:00,,24.5,75.0,0.0,5.0,139.0,1010.2,390.0
2026-03-19 19:00:00,,24.4,76.0,0.0,6.6,123.0,1010.0,320.0
2026-03-19 20:00:00,10.0,24.2,77.0,0.0,7.9,120.0,1010.0,310.0
2026-03-19 21:00:00,,24.1,77.0,0.0,6.9,110.0,1010.3,275.0
2026-03-19 22:00:00,21.7,23.7,79.0,0.0,6.7,106.0,1010.9,190.0
2026-03-19 23:00:00,22.6,24.1,75.0,0.0,6.8,108.0,1011.7,230.0
2026-03-20 00:00:00,11.9,25.5,67.0,0.0,4.7,94.0,1012.5,355.0
2026-03-20 01:00:00,,27.0,61.0,0.0,2.6,56.0,1013.0,915.0
2026-03-20 02:00:00,,28.8,53.0,0.0,2.7,4.0,1013.0,1285.0
2026-03-20 03:00:00,16.0,30.2,46.0,0.0,2.7,312.0,1012.4,1580.0
2026-03-20 04:00:00,23.6,30.5,44.0,0.0,5.2,270.0,1011.1,1210.0
2026-03-20 05:00:00,27.6,31.2,42.0,0.0,5.8,256.0,1010.0,1610.0
2026-03-20 06:00:00,23.8,31.1,42.0,0.0,5.0,224.0,1009.2,1625.0
2026-03-20 07:00:00,10.2,31.4,40.0,0.0,4.7,152.0,1008.5,1710.0
2026-03-20 08:00:00,18.7,31.5,40.0,0.0,6.4,135.0,1008.5,1615.0
2026-03-20 09:00:00,15.5,30.2,45.0,0.0,7.7,141.0,1009.3,1310.0
2026-03-20 10:00:00,22.1,28.8,51.0,0.0,10.5,123.0,1009.8,940.0
2026-03-20 11:00:00,27.2,27.4,58.0,0.0,10.8,120.0,1010.4,645.0
2026-03-20 12:00:00,15.6,26.6,61.0,0.0,12.1,111.0,1011.0,595.0
2026-03-20 13:00:00,13.5,26.3,61.0,0.0,9.5,119.0,1011.6,570.0
2026-03-20 14:00:00,15.4,26.0,62.0,0.0,8.3,132.0,1012.1,520.0
2026-03-20 15:00:00,11.6,25.7,62.0,0.0,6.8,138.0,1012.2,485.0
2026-03-20 16:00:00,,25.4,63.0,0.0,5.6,153.0,1011.8,440.0
2026-03-20 17:00:00,8.41,25.2,64.0,0.0,6.3,143.0,1011.3,445.0
2026-03-20 18:00:00,6.54,24.6,68.0,0.0,6.3,141.0,1010.9,395.0
2026-03-20 19:00:00,11.5,24.6,69.0,0.0,4.9,118.0,1010.6,270.0
2026-03-20 20:00:00,14.2,24.5,70.0,0.0,4.5,113.0,1010.7,295.0
2026-03-20 21:00:00,19.1,24.5,71.0,0.0,4.3,135.0,1011.6,170.0
2026-03-20 22:00:00,22.7,24.3,72.0,0.0,5.3,142.0,1012.1,200.0
2026-03-20 23:00:00,21.8,24.6,68.0,0.0,5.4,124.0,1012.9,365.0
2026-03-21 00:00:00,,25.7,64.0,0.0,3.2,106.0,1013.4,725.0
2026-03-21 01:00:00,14.3,26.8,59.0,0.0,3.5,78.0,1014.0,955.0
2026-03-21 02:00:00,17.2,28.4,53.0,0.0,0.8,243.0,1013.5,1170.0
2026-03-21 03:00:00,23.1,30.2,44.0,0.0,3.3,261.0,1013.2,1585.0
2026-03-21 04:00:00,14.3,31.3,39.0,0.0,6.5,265.0,1012.1,1845.0
2026-03-21 05:00:00,13.2,32.2,36.0,0.0,8.3,254.0,1010.8,840.0
2026-03-21 06:00:00,16.1,31.7,42.0,0.0,10.6,252.0,1010.0,755.0
2026-03-21 07:00:00,12.5,32.1,40.0,0.1,7.3,250.0,1009.0,2120.0
2026-03-21 08:00:00,17.8,32.2,36.0,0.0,2.5,225.0,1008.6,2070.0
2026-03-21 09:00:00,12.5,31.3,37.0,0.0,8.2,130.0,1008.8,1885.0
2026-03-21 10:00:00,20.3,29.4,47.0,0.0,13.3,111.0,1009.4,900.0
2026-03-21 11:00:00,10.9,27.9,54.0,0.0,11.4,121.0,1009.9,645.0
2026-03-21 12:00:00,12.4,26.9,60.0,0.0,11.8,118.0,1010.9,615.0
2026-03-21 13:00:00,11.4,26.6,62.0,0.0,10.9,126.0,1011.3,560.0
2026-03-21 14:00:00,10.4,26.2,65.0,0.0,9.8,130.0,1011.7,510.0
2026-03-21 15:00:00,14.8,25.8,67.0,0.0,8.4,127.0,1011.8,480.0
2026-03-21 16:00:00,12.5,25.4,70.0,0.0,5.3,118.0,1011.3,420.0
2026-03-21 17:00:00,11.5,25.1,71.0,0.0,4.5,106.0,1010.9,365.0
2026-03-21 18:00:00,,24.5,73.0,0.0,5.1,129.0,1010.3,330.0
2026-03-21 19:00:00,11.8,24.5,75.0,0.0,6.8,143.0,1010.0,365.0
2026-03-21 20:00:00,,24.2,77.0,0.0,7.3,132.0,1010.1,360.0
2026-03-21 21:00:00,,24.0,77.0,0.0,7.2,117.0,1010.5,345.0
2026-03-21 22:00:00,,23.9,77.0,0.0,6.9,107.0,1011.1,315.0
2026-03-21 23:00:00,,24.3,74.0,0.0,6.9,96.0,1011.8,425.0
2026-03-22 00:00:00,,25.7,71.0,0.0,6.7,74.0,1012.2,605.0
2026-03-22 01:00:00,21.0,27.1,63.0,0.1,8.4,56.0,1012.5,965.0
2026-03-22 02:00:00,11.4,29.3,52.0,0.3,8.5,86.0,1012.3,1325.0
2026-03-22 03:00:00,7.85,30.9,45.0,0.3,11.4,106.0,1011.7,1630.0
2026-03-22 04:00:00,,31.7,42.0,0.2,10.3,103.0,1010.7,1810.0
2026-03-22 05:00:00,,32.0,39.0,0.0,7.6,94.0,1010.0,1800.0
2026-03-22 06:00:00,,31.3,39.0,0.0,2.6,258.0,1009.6,1900.0
2026-03-22 07:00:00,21.4,31.5,39.0,0.0,4.0,87.0,1009.2,1895.0
2026-03-22 08:00:00,,31.4,39.0,0.0,8.1,91.0,1008.8,1775.0
2026-03-22 09:00:00,16.5,30.4,43.0,0.0,14.0,97.0,1009.1,1410.0
2026-03-22 10:00:00,16.0,28.5,50.0,0.0,16.4,105.0,1009.8,860.0
2026-03-22 11:00:00,19.3,27.2,56.0,0.0,14.6,111.0,1010.0,715.0
2026-03-22 12:00:00,19.3,26.8,61.0,0.0,12.8,109.0,1010.7,645.0
2026-03-22 13:00:00,18.8,26.4,64.0,0.0,10.8,111.0,1011.2,635.0
2026-03-22 14:00:00,12.7,26.0,66.0,0.0,9.2,111.0,1011.5,595.0
2026-03-22 15:00:00,17.8,25.6,68.0,0.0,8.1,103.0,1011.6,530.0
2026-03-22 16:00:00,16.7,25.3,69.0,0.0,6.0,97.0,1011.2,475.0
2026-03-22 17:00:00,15.5,25.1,69.0,0.0,3.9,106.0,1010.7,375.0
2026-03-22 18:00:00,14.0,24.7,69.0,0.0,3.7,133.0,1010.4,270.0
2026-03-22 19:00:00,,24.7,69.0,0.0,4.9,129.0,1010.0,465.0
2026-03-22 20:00:00,15.6,24.4,71.0,0.0,4.9,129.0,1010.0,340.0
2026-03-22 21:00:00,,24.3,71.0,0.0,4.1,128.0,1010.4,300.0
2026-03-22 22:00:00,,24.1,72.0,0.0,4.2,130.0,1011.2,195.0
2026-03-22 23:00:00,,24.4,69.0,0.0,3.2,109.0,1012.0,330.0
2026-03-23 00:00:00,,25.6,64.0,0.0,2.4,27.0,1012.4,640.0
2026-03-23 01:00:00,,26.8,59.0,0.0,1.3,326.0,1012.2,895.0
2026-03-23 02:00:00,20.1,28.6,53.0,0.0,2.1,290.0,1011.8,1135.0
2026-03-23 03:00:00,31.2,30.0,47.0,0.0,6.5,273.0,1010.8,1530.0
2026-03-23 04:00:00,24.4,30.7,47.0,0.0,11.2,267.0,1009.5,310.0
2026-03-23 05:00:00,19.3,31.2,48.0,0.0,14.0,238.0,1008.8,860.0
2026-03-23 06:00:00,14.5,31.4,43.0,0.0,12.6,209.0,1008.1,1225.0
2026-03-23 07:00:00,14.8,32.7,37.0,0.0,10.5,176.0,1007.2,2190.0
2026-03-23 08:00:00,19.6,32.0,38.0,0.0,9.8,148.0,1007.0,1640.0
2026-03-23 09:00:00,16.1,31.3,41.0,0.0,11.4,118.0,1007.3,1660.0
2026-03-23 10:00:00,,29.8,48.0,0.0,13.8,104.0,1008.0,890.0
2026-03-23 11:00:00,26.1,28.2,55.0,0.0,13.0,121.0,1008.5,520.0
2026-03-23 12:00:00,19.5,26.9,61.0,0.0,10.8,134.0,1009.4,470.0
2026-03-23 13:00:00,21.4,26.4,62.0,0.0,10.7,140.0,1010.0,460.0
2026-03-23 14:00:00,,25.9,64.0,0.0,10.2,139.0,1010.3,425.0
2026-03-23 15:00:00,22.1,25.5,66.0,0.0,7.6,137.0,1010.5,425.0
2026-03-23 16:00:00,14.8,25.1,67.0,0.0,4.1,119.0,1010.2,390.0
2026-03-23 17:00:00,19.5,24.9,66.0,0.0,3.5,118.0,1009.8,330.0
2026-03-23 18:00:00,19.2,24.5,67.0,0.0,4.3,135.0,1009.4,230.0
2026-03-23 19:00:00,19.7,24.4,68.0,0.0,4.1,128.0,1008.9,245.0
2026-03-23 20:00:00,19.9,24.1,67.0,0.0,5.6,117.0,1008.7,205.0
2026-03-23 21:00:00,29.0,23.6,68.0,0.0,6.5,114.0,1009.0,180.0
2026-03-23 22:00:00,28.5,23.1,71.0,0.0,6.2,116.0,1009.9,125.0
2026-03-23 23:00:00,,23.5,68.0,0.0,5.6,123.0,1010.5,145.0
2026-03-24 00:00:00,,25.4,65.0,0.0,5.9,113.0,1011.0,580.0
2026-03-24 01:00:00,24.3,27.0,59.0,0.0,3.1,118.0,1011.0,780.0
2026-03-24 02:00:00,22.4,28.9,52.0,0.0,1.6,276.0,1010.8,1305.0
2026-03-24 03:00:00,26.5,30.5,44.0,0.0,5.7,281.0,1009.9,1575.0
2026-03-24 04:00:00,22.1,31.0,44.0,0.0,10.1,272.0,1008.7,455.0
2026-03-24 05:00:00,14.6,31.3,47.0,0.0,12.0,251.0,1007.5,1090.0
2026-03-24 06:00:00,14.1,31.3,43.0,0.0,11.4,221.0,1007.1,1175.0
2026-03-24 07:00:00,10.9,32.0,40.0,0.0,12.5,169.0,1006.0,1240.0
2026-03-24 08:00:00,,32.4,40.0,0.0,17.3,142.0,1005.7,1280.0
2026-03-24 09:00:00,21.0,31.1,45.0,0.0,19.9,131.0,1006.2,800.0
2026-03-24 10:00:00,29.4,29.8,48.0,0.0,16.7,118.0,1007.0,675.0
2026-03-24 11:00:00,31.0,28.6,51.0,0.0,12.5,117.0,1007.7,595.0
2026-03-24 12:00:00,,27.8,52.0,0.0,10.1,123.0,1008.7,430.0
2026-03-24 13:00:00,26.7,27.4,53.0,0.0,7.4,141.0,1008.8,315.0
2026-03-24 14:00:00,25.0,26.9,56.0,0.0,6.9,155.0,1009.1,270.0
2026-03-24 15:00:00,14.0,26.5,60.0,0.0,6.8,162.0,1009.3,275.0
2026-03-24 16:00:00,14.9,26.1,64.0,0.0,2.4,222.0,1009.2,375.0
2026-03-24 17:00:00,10.9,25.5,66.0,0.0,3.5,235.0,1008.9,370.0
2026-03-24 18:00:00,,25.3,67.0,0.0,5.2,209.0,1008.6,375.0
2026-03-24 19:00:00,7.42,25.3,68.0,0.0,3.6,229.0,1008.1,350.0
2026-03-24 20:00:00,22.9,25.2,69.0,0.0,2.3,270.0,1008.1,340.0
2026-03-24 21:00:00,26.9,25.1,70.0,0.0,2.8,288.0,1008.4,315.0
2026-03-24 22:00:00,26.3,25.0,72.0,0.0,2.5,300.0,1009.1,275.0
2026-03-24 23:00:00,,25.3,70.0,0.0,2.2,325.0,1009.7,260.0
2026-03-25 00:00:00,,26.2,67.0,0.0,3.2,326.0,1010.4,315.0
2026-03-25 01:00:00,,27.7,61.0,0.0,5.0,300.0,1010.4,580.0
2026-03-25 02:00:00,27.9,29.2,54.0,0.0,6.1,313.0,1010.4,880.0
2026-03-25 03:00:00,,30.1,50.0,0.0,8.5,270.0,1009.6,705.0
2026-03-25 04:00:00,36.6,30.9,51.0,0.0,4.9,270.0,1008.9,170.0
2026-03-25 05:00:00,33.0,31.2,53.0,0.1,3.0,245.0,1008.0,850.0
2026-03-25 06:00:00,29.4,31.0,53.0,0.2,5.2,256.0,1007.5,1085.0
2026-03-25 07:00:00,,31.3,53.0,0.1,5.2,239.0,1007.1,1040.0
2026-03-25 08:00:00,16.3,31.2,55.0,0.1,7.1,190.0,1006.8,800.0
2026-03-25 09:00:00,,30.7,58.0,0.1,12.9,164.0,1007.0,535.0
2026-03-25 10:00:00,,29.9,64.0,0.0,14.5,166.0,1007.2,360.0
2026-03-25 11:00:00,,29.9,62.0,0.0,10.9,141.0,1007.7,455.0
2026-03-25 12:00:00,18.4,28.8,64.0,0.0,11.7,137.0,1008.4,390.0
2026-03-25 13:00:00,18.0,28.3,65.0,0.0,11.2,139.0,1009.0,400.0
2026-03-25 14:00:00,11.5,27.9,67.0,0.0,8.8,141.0,1009.7,440.0
2026-03-25 15:00:00,7.78,27.7,68.0,0.0,5.1,141.0,1009.9,460.0
2026-03-25 16:00:00,6.79,27.3,69.0,0.0,1.9,139.0,1009.5,150.0
2026-03-25 17:00:00,9.82,27.1,70.0,0.0,1.8,225.0,1008.8,210.0
2026-03-25 18:00:00,,26.7,71.0,0.0,1.5,277.0,1008.5,195.0
2026-03-25 19:00:00,,26.7,72.0,0.0,1.7,288.0,1008.4,290.0
2026-03-25 20:00:00,12.0,26.6,73.0,0.0,1.3,278.0,1008.0,335.0
2026-03-25 21:00:00,19.9,26.4,74.0,0.0,0.9,259.0,1008.2,330.0
2026-03-25 22:00:00,20.2,26.2,75.0,0.0,1.2,219.0,1009.0,360.0
2026-03-25 23:00:00,26.3,26.5,73.0,0.0,2.6,155.0,1009.3,425.0
2026-03-26 00:00:00,,26.6,74.0,0.0,0.7,270.0,1009.9,380.0
2026-03-26 01:00:00,26.3,28.4,67.0,0.0,0.7,270.0,1010.3,630.0
2026-03-26 02:00:00,29.7,30.3,58.0,0.0,4.3,312.0,1010.0,935.0
2026-03-26 03:00:00,34.4,31.1,54.0,0.0,4.9,280.0,1009.5,985.0
2026-03-26 04:00:00,17.7,31.7,52.0,0.0,6.2,255.0,1008.7,950.0
2026-03-26 05:00:00,11.1,32.3,49.0,0.2,4.6,234.0,1007.8,1100.0
2026-03-26 06:00:00,13.0,32.2,50.0,0.7,4.8,228.0,1007.3,1310.0
2026-03-26 07:00:00,11.6,32.3,49.0,0.4,4.8,193.0,1006.6,1170.0
2026-03-26 08:00:00,,31.9,51.0,0.1,11.4,161.0,1006.6,845.0
2026-03-26 09:00:00,10.7,30.6,59.0,0.0,20.0,149.0,1006.7,550.0
2026-03-26 10:00:00,21.7,29.2,63.0,0.0,17.8,135.0,1007.6,550.0
2026-03-26 11:00:00,25.1,28.1,68.0,0.0,15.9,133.0,1008.3,485.0
2026-03-26 12:00:00,20.6,27.3,73.0,0.0,13.3,139.0,1009.0,440.0
2026-03-26 13:00:00,,27.0,75.0,0.0,12.5,139.0,1009.4,450.0
2026-03-26 14:00:00,12.3,26.6,77.0,0.0,10.2,134.0,1010.1,440.0
2026-03-26 15:00:00,13.2,26.3,77.0,0.0,8.1,133.0,1010.2,410.0
2026-03-26 16:00:00,32.5,26.0,78.0,0.0,7.4,131.0,1009.8,360.0
2026-03-26 17:00:00,18.4,25.7,78.0,0.0,6.5,129.0,1009.3,265.0
2026-03-26 18:00:00,14.6,25.4,78.0,0.0,4.9,129.0,1008.8,260.0
2026-03-26 19:00:00,11.6,25.3,78.0,0.0,3.1,121.0,1008.4,245.0
2026-03-26 20:00:00,12.0,25.2,78.0,0.0,1.5,104.0,1008.2,245.0
2026-03-26 21:00:00,,25.1,79.0,0.0,1.6,117.0,1008.4,225.0
2026-03-26 22:00:00,,24.8,81.0,0.0,4.1,139.0,1009.1,180.0
2026-03-26 23:00:00,,25.0,80.0,0.0,4.8,127.0,1009.7,190.0
2026-03-27 00:00:00,,26.3,73.0,0.0,3.6,127.0,1010.2,305.0
2026-03-27 01:00:00,25.0,28.0,65.0,0.0,3.9,137.0,1010.4,590.0
2026-03-27 02:00:00,22.6,29.3,60.0,0.0,4.6,138.0,1010.4,785.0
2026-03-27 03:00:00,,30.8,55.0,0.0,5.2,131.0,1009.7,1075.0
2026-03-27 04:00:00,18.2,31.5,52.0,0.0,4.5,180.0,1008.9,1105.0
2026-03-27 05:00:00,22.3,31.5,51.0,0.0,7.7,177.0,1007.7,825.0
2026-03-27 06:00:00,,31.7,50.0,0.0,14.0,143.0,1006.8,710.0
2026-03-27 07:00:00,18.5,32.2,50.0,0.0,15.3,140.0,1006.1,725.0
2026-03-27 08:00:00,19.5,31.9,49.0,0.0,15.5,154.0,1005.8,685.0
2026-03-27 09:00:00,26.7,30.7,54.0,0.0,18.3,146.0,1005.9,435.0
2026-03-27 10:00:00,20.3,29.5,60.0,0.0,16.9,144.0,1006.3,385.0
2026-03-27 11:00:00,21.7,28.3,66.0,0.0,14.1,161.0,1007.1,395.0
2026-03-27 12:00:00,20.1,27.3,72.0,0.0,12.1,163.0,1008.1,405.0
2026-03-27 13:00:00,21.0,26.9,74.0,0.0,11.7,155.0,1008.8,430.0
2026-03-27 14:00:00,18.0,26.6,76.0,0.0,10.1,149.0,1009.5,445.0
2026-03-27 15:00:00,15.4,26.4,77.0,0.0,10.0,146.0,1009.6,405.0
2026-03-27 16:00:00,16.7,26.2,77.0,0.0,10.1,140.0,1009.3,340.0
2026-03-27 17:00:00,16.6,25.8,77.0,0.0,8.7,137.0,1008.9,260.0
2026-03-27 18:00:00,14.1,25.4,79.0,0.0,8.3,134.0,1008.5,235.0
2026-03-27 19:00:00,14.2,25.3,80.0,0.0,8.1,133.0,1008.4,220.0
2026-03-27 20:00:00,,25.1,80.0,0.0,8.7,130.0,1008.4,240.0
2026-03-27 21:00:00,,25.0,81.0,0.0,8.6,127.0,1008.9,245.0
2026-03-27 22:00:00,,24.8,81.0,0.0,7.6,126.0,1009.6,215.0
2026-03-27 23:00:00,,25.3,79.0,0.0,7.1,128.0,1010.5,220.0
2026-03-28 00:00:00,,26.7,71.0,0.0,7.3,118.0,1011.0,360.0
2026-03-28 01:00:00,,28.2,64.0,0.0,4.9,118.0,1011.2,655.0
2026-03-28 02:00:00,31.1,29.8,58.0,0.0,2.2,166.0,1011.1,1010.0
2026-03-28 03:00:00,,30.9,53.0,0.0,2.9,169.0,1010.4,1165.0
2026-03-28 04:00:00,30.5,32.1,48.0,0.0,4.5,178.0,1009.2,1380.0
2026-03-28 05:00:00,27.0,32.4,48.0,0.1,4.5,196.0,1008.3,1350.0
2026-03-28 06:00:00,26.4,32.4,46.0,0.1,5.6,180.0,1007.6,1340.0
2026-03-28 07:00:00,,32.5,46.0,0.1,5.6,187.0,1006.6,1285.0
2026-03-28 08:00:00,,32.2,46.0,0.0,5.9,203.0,1006.5,1195.0
2026-03-28 09:00:00,26.9,31.6,47.0,0.0,7.0,179.0,1006.6,520.0
2026-03-28 10:00:00,24.1,30.7,50.0,0.0,8.8,145.0,1007.0,410.0
2026-03-28 11:00:00,25.7,29.4,55.0,0.0,9.7,152.0,1007.6,330.0
2026-03-28 12:00:00,26.9,29.3,59.0,0.0,5.5,193.0,1008.2,250.0
2026-03-28 13:00:00,,28.7,64.0,0.0,6.2,195.0,1008.5,260.0
2026-03-28 14:00:00,18.7,28.0,70.0,0.0,8.0,152.0,1009.2,295.0
2026-03-28 15:00:00,15.1,27.5,73.0,0.0,6.4,140.0,1009.1,295.0
2026-03-28 16:00:00,16.8,27.0,75.0,0.0,8.7,148.0,1008.7,265.0
2026-03-28 17:00:00,17.5,26.4,78.0,0.0,10.4,141.0,1008.3,260.0
2026-03-28 18:00:00,24.7,26.0,81.0,0.0,9.8,136.0,1007.7,260.0
2026-03-28 19:00:00,23.3,25.7,81.0,0.0,9.2,130.0,1007.4,260.0
2026-03-28 20:00:00,22.6,25.5,80.0,0.0,9.4,132.0,1007.5,270.0
2026-03-28 21:00:00,23.4,25.2,79.0,0.0,9.3,127.0,1007.9,285.0
2026-03-28 22:00:00,,25.0,79.0,0.0,9.1,122.0,1008.6,275.0
2026-03-28 23:00:00,,25.6,75.0,0.0,9.5,119.0,1009.3,330.0
2026-03-29 00:00:00,,26.9,70.0,0.0,7.0,119.0,1010.1,475.0
2026-03-29 01:00:00,,28.6,64.0,0.0,6.9,120.0,1010.6,830.0
2026-03-29 02:00:00,27.5,30.2,56.0,0.1,6.6,112.0,1010.4,1110.0
2026-03-29 03:00:00,21.2,31.1,53.0,0.2,6.1,130.0,1010.0,1230.0
2026-03-29 04:00:00,,31.8,50.0,0.2,7.5,134.0,1009.3,1340.0
2026-03-29 05:00:00,23.4,32.5,47.0,0.1,7.2,141.0,1008.1,1465.0
2026-03-29 06:00:00,19.5,32.5,47.0,0.2,10.1,140.0,1007.2,1495.0
2026-03-29 07:00:00,,32.4,47.0,0.2,11.3,124.0,1006.5,1370.0
2026-03-29 08:00:00,22.8,32.2,49.0,0.1,11.8,133.0,1006.2,1295.0
2026-03-29 09:00:00,25.7,31.4,52.0,0.0,12.6,153.0,1006.6,680.0
2026-03-29 10:00:00,27.9,29.8,58.0,0.0,14.0,151.0,1007.2,445.0
2026-03-29 11:00:00,30.8,28.8,61.0,0.0,11.8,128.0,1008.2,400.0
2026-03-29 12:00:00,27.3,27.9,67.0,0.0,10.0,113.0,1009.1,380.0
2026-03-29 13:00:00,26.1,27.8,66.0,0.0,8.8,121.0,1009.7,380.0
2026-03-29 14:00:00,23.6,27.7,67.0,0.0,8.7,137.0,1010.2,390.0
2026-03-29 15:00:00,20.8,27.4,69.0,0.0,5.0,128.0,1010.5,425.0
2026-03-29 16:00:00,18.6,27.1,70.0,0.0,4.6,144.0,1010.1,400.0
2026-03-29 17:00:00,16.9,26.8,72.0,0.0,4.1,135.0,1009.9,305.0
2026-03-29 18:00:00,18.5,26.4,72.0,0.0,6.5,134.0,1009.5,300.0
2026-03-29 19:00:00,19.2,26.2,72.0,0.0,5.9,135.0,1009.1,310.0
2026-03-29 20:00:00,23.5,25.9,72.0,0.0,7.1,135.0,1009.2,335.0
2026-03-29 21:00:00,,25.6,73.0,0.0,8.1,125.0,1009.4,345.0
2026-03-29 22:00:00,,25.3,75.0,0.0,7.5,110.0,1010.1,330.0
2026-03-29 23:00:00,30.9,25.7,71.0,0.0,5.2,88.0,1011.0,350.0
2026-03-30 00:00:00,27.6,27.3,64.0,0.0,3.6,84.0,1011.1,380.0
2026-03-30 01:00:00,27.3,29.0,56.0,0.0,1.8,53.0,1011.8,730.0
2026-03-30 02:00:00,31.4,30.4,50.0,0.0,2.2,318.0,1011.6,1110.0
2026-03-30 03:00:00,26.9,31.5,47.0,0.0,3.4,302.0,1010.9,1345.0
2026-03-30 04:00:00,24.9,32.5,43.0,0.0,5.1,278.0,1009.9,1555.0
2026-03-30 05:00:00,24.8,33.4,40.0,0.0,7.0,249.0,1008.8,1590.0
2026-03-30 06:00:00,27.3,32.5,45.0,0.0,6.7,256.0,1008.1,1440.0
2026-03-30 07:00:00,25.2,33.4,41.0,0.0,4.9,262.0,1007.1,1665.0
2026-03-30 08:00:00,28.7,33.2,41.0,0.0,6.5,204.0,1006.8,1090.0
2026-03-30 09:00:00,26.8,32.3,48.0,0.0,13.9,144.0,1007.0,1010.0
2026-03-30 10:00:00,,31.0,53.0,0.0,15.9,132.0,1007.7,810.0
2026-03-30 11:00:00,33.1,29.4,59.0,0.0,15.1,126.0,1008.7,610.0
2026-03-30 12:00:00,27.2,28.5,66.0,0.0,12.3,120.0,1009.3,515.0
2026-03-30 13:00:00,24.6,28.0,70.0,0.0,12.0,125.0,1010.0,510.0
2026-03-30 14:00:00,23.3,27.5,72.0,0.0,13.8,123.0,1010.5,470.0
2026-03-30 15:00:00,23.6,27.0,74.0,0.0,14.2,116.0,1010.7,450.0
2026-03-30 16:00:00,22.1,26.6,75.0,0.0,13.4,112.0,1010.4,430.0
2026-03-30 17:00:00,21.2,26.3,77.0,0.0,11.0,105.0,1010.2,435.0
2026-03-30 18:00:00,21.5,26.1,77.0,0.0,8.5,114.0,1009.6,380.0
2026-03-30 19:00:00,19.8,26.2,75.0,0.0,6.3,117.0,1009.4,400.0
2026-03-30 20:00:00,20.3,26.0,76.0,0.0,6.3,125.0,1009.4,380.0
2026-03-30 21:00:00,20.8,25.8,76.0,0.0,9.1,126.0,1009.5,375.0
2026-03-30 22:00:00,,25.6,76.0,0.0,11.8,117.0,1009.8,490.0
2026-03-30 23:00:00,,26.0,74.0,0.0,11.3,110.0,1010.3,595.0
2026-03-31 00:00:00,22.9,27.7,67.0,0.0,10.4,105.0,1011.1,840.0
2026-03-31 01:00:00,28.2,29.5,57.0,0.0,9.6,94.0,1011.8,1110.0
2026-03-31 02:00:00,29.4,31.3,48.0,0.1,6.8,101.0,1011.6,1430.0
2026-03-31 03:00:00,35.3,32.6,42.0,0.1,6.1,140.0,1011.0,1705.0
2026-03-31 04:00:00,28.5,32.9,41.0,0.1,5.0,195.0,1010.4,1725.0
2026-03-31 05:00:00,,33.3,39.0,0.1,3.0,232.0,1009.0,1755.0
2026-03-31 06:00:00,25.4,32.9,39.0,0.0,5.7,233.0,1008.1,1670.0
2026-03-31 07:00:00,22.6,33.4,37.0,0.0,8.6,181.0,1007.2,1580.0
2026-03-31 08:00:00,22.6,33.2,39.0,0.0,14.5,142.0,1006.9,1465.0
2026-03-31 09:00:00,28.4,32.4,40.0,0.0,19.4,132.0,1007.2,965.0
2026-03-31 10:00:00,24.8,30.9,43.0,0.0,15.8,125.0,1007.7,650.0
2026-03-31 11:00:00,30.6,29.6,49.0,0.0,11.5,113.0,1008.2,500.0
2026-03-31 12:00:00,30.4,28.4,61.0,0.0,11.5,119.0,1008.8,500.0
2026-03-31 13:00:00,25.8,27.9,65.0,0.0,12.4,123.0,1009.5,470.0
2026-03-31 14:00:00,27.5,27.5,69.0,0.0,11.3,123.0,1010.1,470.0
2026-03-31 15:00:00,,27.0,72.0,0.0,9.6,123.0,1010.5,435.0
2026-03-31 16:00:00,,26.7,72.0,0.0,6.1,109.0,1010.3,390.0
2026-03-31 17:00:00,,26.3,72.0,0.0,4.1,61.0,1009.9,340.0
2026-03-31 18:00:00,22.7,25.9,72.0,0.0,2.8,63.0,1009.6,260.0
2026-03-31 19:00:00,27.4,25.5,74.0,0.0,1.8,90.0,1009.3,170.0
2026-03-31 20:00:00,27.5,25.3,75.0,0.0,3.6,108.0,1009.3,130.0
2026-03-31 21:00:00,26.6,25.1,76.0,0.0,4.7,118.0,1009.6,120.0
2026-03-31 22:00:00,,24.9,76.0,0.0,4.7,140.0,1010.4,145.0
2026-03-31 23:00:00,,25.3,73.0,0.0,5.2,146.0,1011.1,195.0
2026-04-01 00:00:00,,26.9,62.0,0.0,4.8,143.0,1011.8,330.0
2026-04-01 01:00:00,,29.1,50.0,0.0,3.1,149.0,1012.3,765.0
2026-04-01 02:00:00,29.7,31.0,41.0,0.0,4.0,177.0,1012.1,1305.0
2026-04-01 03:00:00,26.6,32.1,41.0,0.0,5.2,214.0,1011.5,1715.0
2026-04-01 04:00:00,,32.4,43.0,0.0,9.4,238.0,1010.8,1365.0
2026-04-01 05:00:00,22.0,31.7,48.0,0.0,11.1,239.0,1010.0,990.0
2026-04-01 06:00:00,15.8,30.9,49.0,0.0,11.2,251.0,1009.2,875.0
2026-04-01 07:00:00,,32.2,45.0,0.0,7.3,205.0,1008.1,1140.0
2026-04-01 08:00:00,,32.7,43.0,0.0,12.4,161.0,1007.9,1160.0
2026-04-01 09:00:00,16.2,31.7,47.0,0.0,18.2,142.0,1007.7,810.0
2026-04-01 10:00:00,20.9,30.3,52.0,0.0,16.2,135.0,1008.4,540.0
2026-04-01 11:00:00,23.6,28.8,59.0,0.0,13.0,117.0,1008.9,375.0
2026-04-01 12:00:00,25.7,28.6,63.0,0.0,11.1,121.0,1009.6,350.0
2026-04-01 13:00:00,24.8,28.2,64.0,0.0,9.0,128.0,1010.3,385.0
2026-04-01 14:00:00,21.2,27.9,66.0,0.0,4.7,133.0,1010.9,415.0
2026-04-01 15:00:00,18.4,27.7,66.0,0.0,1.9,56.0,1011.4,565.0
2026-04-01 16:00:00,15.2,27.4,67.0,0.0,2.9,97.0,1011.2,140.0
2026-04-01 17:00:00,,26.9,69.0,0.0,3.2,128.0,1011.0,125.0
2026-04-01 18:00:00,21.9,26.1,73.0,0.0,6.5,118.0,1010.3,325.0
2026-04-01 19:00:00,16.1,25.4,75.0,0.0,7.7,118.0,1010.0,260.0
2026-04-01 20:00:00,14.7,24.7,79.0,0.0,8.3,108.0,1009.9,260.0
2026-04-01 21:00:00,,24.3,82.0,0.0,8.2,109.0,1010.2,245.0
2026-04-01 22:00:00,,24.2,82.0,0.0,7.6,112.0,1011.0,255.0
2026-04-01 23:00:00,,24.8,77.0,0.0,6.7,104.0,1011.7,330.0
2026-04-02 00:00:00,,26.5,68.0,0.0,6.5,98.0,1012.5,440.0
2026-04-02 01:00:00,,28.7,55.0,0.0,7.7,121.0,1012.7,910.0
2026-04-02 02:00:00,14.9,30.5,46.0,0.0,9.2,129.0,1012.6,1535.0
2026-04-02 03:00:00,14.0,32.4,37.0,0.0,8.7,133.0,1011.9,1910.0
2026-04-02 04:00:00,14.7,33.7,32.0,0.0,8.3,123.0,1010.9,2165.0
2026-04-02 05:00:00,15.7,34.4,30.0,0.0,6.9,115.0,1009.6,2270.0
2026-04-02 06:00:00,14.7,34.3,28.0,0.0,7.8,113.0,1008.8,2345.0
2026-04-02 07:00:00,12.8,34.3,28.0,0.0,10.8,105.0,1008.1,2285.0
2026-04-02 08:00:00,13.7,33.7,30.0,0.0,13.3,93.0,1008.0,2190.0
2026-04-02 09:00:00,12.4,32.3,34.0,0.0,15.5,85.0,1008.3,1560.0
2026-04-02 10:00:00,14.5,30.6,40.0,0.0,14.7,98.0,1008.9,1065.0
2026-04-02 11:00:00,20.0,29.0,51.0,0.0,13.9,109.0,1009.4,750.0
2026-04-02 12:00:00,26.5,27.9,57.0,0.0,15.0,110.0,1010.0,775.0
2026-04-02 13:00:00,30.3,27.5,60.0,0.0,15.1,116.0,1010.6,780.0
2026-04-02 14:00:00,8.66,27.1,63.0,0.0,16.2,114.0,1011.1,780.0
2026-04-02 15:00:00,7.14,26.7,65.0,0.0,16.5,110.0,1011.2,750.0
2026-04-02 16:00:00,,26.3,66.0,0.0,15.0,107.0,1010.8,685.0
2026-04-02 17:00:00,3.27,25.9,66.0,0.0,13.2,100.0,1010.3,575.0
2026-04-02 18:00:00,3.95,25.5,67.0,0.0,9.9,89.0,1010.0,505.0
2026-04-02 19:00:00,6.52,25.2,68.0,0.0,6.6,77.0,1009.6,430.0
2026-04-02 20:00:00,8.24,25.0,70.0,0.0,5.1,73.0,1009.5,220.0
2026-04-02 21:00:00,,24.7,71.0,0.0,4.4,78.0,1009.9,130.0
2026-04-02 22:00:00,9.06,24.4,73.0,0.0,4.5,88.0,1010.6,120.0
2026-04-02 23:00:00,,25.0,69.0,0.0,4.7,90.0,1011.3,465.0
2026-04-03 00:00:00,,26.7,60.0,0.0,3.1,45.0,1011.7,645.0
2026-04-03 01:00:00,17.3,29.0,50.0,0.0,3.3,99.0,1011.9,1205.0
2026-04-03 02:00:00,16.8,30.9,42.0,0.0,4.5,140.0,1011.4,1540.0
2026-04-03 03:00:00,14.5,32.4,37.0,0.0,5.2,176.0,1010.7,1680.0
2026-04-03 04:00:00,15.2,33.0,36.0,0.0,6.4,207.0,1009.4,1685.0
2026-04-03 05:00:00,14.0,33.4,35.0,0.0,9.2,182.0,1008.3,1590.0
2026-04-03 06:00:00,14.8,33.2,35.0,0.0,17.4,143.0,1007.1,1485.0
2026-04-03 07:00:00,,33.5,32.0,0.0,18.2,129.0,1006.2,1330.0
2026-04-03 08:00:00,,33.4,30.0,0.0,15.1,122.0,1005.9,1180.0
2026-04-03 09:00:00,,32.5,34.0,0.0,15.3,120.0,1006.4,980.0
2026-04-03 10:00:00,,30.8,40.0,0.0,16.4,115.0,1007.2,645.0
2026-04-03 11:00:00,26.5,29.5,44.0,0.0,14.4,118.0,1007.6,475.0
2026-04-03 12:00:00,25.0,28.3,56.0,0.0,12.3,130.0,1008.4,545.0
2026-04-03 13:00:00,21.2,28.2,56.0,0.0,10.6,140.0,1009.0,540.0
2026-04-03 14:00:00,15.6,27.7,59.0,0.0,10.6,140.0,1009.5,485.0
2026-04-03 15:00:00,10.3,27.2,62.0,0.0,10.8,137.0,1009.6,450.0
2026-04-03 16:00:00,8.08,26.6,67.0,0.0,11.3,136.0,1009.5,430.0
2026-04-03 17:00:00,8.51,26.1,70.0,0.0,9.6,131.0,1008.9,370.0
2026-04-03 18:00:00,,25.6,74.0,0.0,8.1,129.0,1008.4,335.0
2026-04-03 19:00:00,8.09,25.4,74.0,0.0,5.8,120.0,1008.2,260.0
2026-04-03 20:00:00,9.44,25.2,73.0,0.0,4.4,109.0,1008.2,195.0
2026-04-03 21:00:00,18.1,25.1,72.0,0.0,3.7,104.0,1008.5,155.0
2026-04-03 22:00:00,20.7,24.9,72.0,0.0,3.2,106.0,1008.7,145.0
2026-04-03 23:00:00,21.0,25.5,69.0,0.0,3.1,100.0,1009.4,205.0
2026-04-04 00:00:00,,27.0,64.0,0.0,2.9,101.0,1010.0,480.0
2026-04-04 01:00:00,17.2,28.8,58.0,0.0,4.7,133.0,1010.5,925.0
2026-04-04 02:00:00,,30.3,50.0,0.0,5.8,160.0,1009.9,1110.0
2026-04-04 03:00:00,18.1,31.6,42.0,0.0,4.4,187.0,1009.3,1245.0
2026-04-04 04:00:00,21.2,32.7,37.0,0.0,3.7,281.0,1008.4,1305.0
2026-04-04 05:00:00,20.0,33.3,36.0,0.0,6.8,299.0,1007.2,1320.0
2026-04-04 06:00:00,23.6,33.1,37.0,0.0,11.0,302.0,1006.1,1245.0
2026-04-04 07:00:00,22.3,32.9,34.0,0.0,11.9,281.0,1005.4,860.0
2026-04-04 08:00:00,22.9,31.9,41.0,0.0,11.2,259.0,1005.4,590.0
2026-04-04 09:00:00,25.4,31.7,42.0,0.0,14.1,236.0,1005.7,520.0
2026-04-04 10:00:00,21.6,30.6,49.0,0.0,14.7,231.0,1006.4,405.0
2026-04-04 11:00:00,,29.6,54.0,0.0,13.8,220.0,1006.9,350.0
2026-04-04 12:00:00,21.3,29.0,59.0,0.0,10.7,221.0,1007.4,315.0
2026-04-04 13:00:00,27.9,28.8,60.0,0.0,8.1,211.0,1008.3,355.0
2026-04-04 14:00:00,33.4,28.4,62.0,0.0,7.6,181.0,1008.8,380.0
2026-04-04 15:00:00,,28.3,61.0,0.0,5.5,193.0,1009.3,385.0
2026-04-04 16:00:00,28.8,28.2,61.0,0.0,4.7,208.0,1008.9,330.0
2026-04-04 17:00:00,27.9,27.9,62.0,0.0,3.2,218.0,1008.3,230.0
2026-04-04 18:00:00,29.1,27.3,68.0,0.0,3.9,217.0,1008.0,195.0
2026-04-04 19:00:00,,27.1,70.0,0.0,2.4,216.0,1007.7,195.0
2026-04-04 20:00:00,29.9,27.0,72.0,0.0,1.7,221.0,1007.8,280.0
2026-04-04 21:00:00,30.3,26.9,73.0,0.0,0.5,225.0,1008.4,365.0
2026-04-04 22:00:00,,26.5,74.0,0.0,2.4,63.0,1009.0,260.0
2026-04-04 23:00:00,,26.8,68.0,0.0,3.6,37.0,1009.6,310.0
2026-04-05 00:00:00,31.5,27.7,68.0,0.0,2.7,37.0,1010.1,645.0
2026-04-05 01:00:00,31.6,29.4,59.0,0.0,2.3,148.0,1010.3,865.0
2026-04-05 02:00:00,30.1,31.1,50.0,0.0,4.3,195.0,1009.8,1130.0
2026-04-05 03:00:00,25.5,32.2,45.0,0.0,5.5,224.0,1009.3,1270.0
2026-04-05 04:00:00,26.1,32.9,42.0,0.0,7.1,225.0,1008.1,1210.0
2026-04-05 05:00:00,23.5,34.0,37.0,0.0,7.4,223.0,1007.2,1365.0
2026-04-05 06:00:00,,34.4,32.0,0.0,8.3,224.0,1006.2,1635.0
2026-04-05 07:00:00,16.5,34.9,30.0,0.0,7.6,227.0,1005.5,1610.0
2026-04-05 08:00:00,25.6,35.0,24.0,0.0,5.8,210.0,1005.4,1390.0
2026-04-05 09:00:00,24.7,34.1,29.0,0.0,5.5,171.0,1006.1,890.0
2026-04-05 10:00:00,,32.5,35.0,0.0,7.7,204.0,1006.9,540.0
2026-04-05 11:00:00,,31.6,42.0,0.0,6.0,183.0,1007.5,535.0
2026-04-05 12:00:00,29.8,30.5,53.0,0.0,8.9,156.0,1008.2,570.0
2026-04-05 13:00:00,,29.8,58.0,0.0,12.1,138.0,1008.8,560.0
2026-04-05 14:00:00,,28.7,67.0,0.0,13.0,142.0,1009.2,510.0
2026-04-05 15:00:00,21.8,27.9,73.0,0.0,13.4,138.0,1009.4,515.0
2026-04-05 16:00:00,23.7,27.5,74.0,0.0,12.3,127.0,1009.1,505.0
2026-04-05 17:00:00,,27.1,72.0,0.0,10.1,115.0,1008.8,435.0
2026-04-05 18:00:00,26.2,26.9,70.0,0.0,8.1,108.0,1008.6,340.0
2026-04-05 19:00:00,,26.8,68.0,0.0,6.1,104.0,1008.5,320.0
2026-04-05 20:00:00,,26.5,69.0,0.0,5.1,108.0,1008.5,300.0
2026-04-05 21:00:00,,26.3,70.0,0.0,5.2,106.0,1009.2,280.0
2026-04-05 22:00:00,34.2,25.8,72.0,0.0,6.1,109.0,1009.7,265.0
2026-04-05 23:00:00,,26.3,67.0,0.0,6.3,105.0,1010.3,305.0
2026-04-06 00:00:00,26.1,28.3,56.0,0.0,8.5,92.0,1010.9,635.0
2026-04-06 01:00:00,,30.6,50.0,0.0,9.2,102.0,1011.1,1305.0
2026-04-06 02:00:00,,32.3,44.0,0.0,12.0,130.0,1010.6,1665.0
2026-04-06 03:00:00,21.7,33.5,40.0,0.0,13.1,144.0,1010.3,1865.0
2026-04-06 04:00:00,20.1,34.2,35.0,0.0,11.3,151.0,1009.4,1995.0
2026-04-06 05:00:00,20.8,34.6,33.0,0.0,7.3,157.0,1008.6,2075.0
2026-04-06 06:00:00,,35.1,32.0,0.0,8.5,142.0,1007.4,2135.0
2026-04-06 07:00:00,,35.4,31.0,0.0,9.0,119.0,1006.7,2000.0
2026-04-06 08:00:00,,35.2,31.0,0.0,12.1,120.0,1006.6,1690.0
2026-04-06 09:00:00,24.8,34.4,34.0,0.0,14.4,139.0,1006.7,1165.0
2026-04-06 10:00:00,,32.8,40.0,0.0,15.2,137.0,1007.2,765.0
2026-04-06 11:00:00,35.0,31.0,49.0,0.0,14.1,120.0,1007.8,505.0
2026-04-06 12:00:00,28.7,29.9,58.0,0.0,12.1,136.0,1008.7,585.0
2026-04-06 13:00:00,18.7,29.2,65.0,0.0,11.9,142.0,1009.4,555.0
2026-04-06 14:00:00,,28.5,71.0,0.0,12.3,140.0,1009.8,470.0
2026-04-06 15:00:00,13.0,28.0,73.0,0.0,11.5,138.0,1009.8,430.0
2026-04-06 16:00:00,13.3,27.5,75.0,0.0,11.2,135.0,1009.4,385.0
2026-04-06 17:00:00,12.0,27.2,76.0,0.0,10.2,132.0,1009.3,360.0
2026-04-06 18:00:00,,26.5,79.0,0.0,7.1,117.0,1008.7,300.0
2026-04-06 19:00:00,,26.3,78.0,0.0,4.2,102.0,1008.5,240.0
2026-04-06 20:00:00,,26.1,77.0,0.0,3.2,106.0,1008.6,205.0
2026-04-06 21:00:00,,26.1,75.0,0.0,3.2,124.0,1009.3,205.0
2026-04-06 22:00:00,,25.9,76.0,0.0,2.8,125.0,1009.6,190.0
2026-04-06 23:00:00,,26.5,71.0,0.0,3.2,124.0,1010.3,215.0
2026-04-07 00:00:00,28.3,27.6,66.0,0.0,0.9,90.0,1010.9,375.0
2026-04-07 01:00:00,,29.6,57.0,0.0,0.7,270.0,1011.1,930.0
2026-04-07 02:00:00,,31.3,50.0,0.0,2.1,255.0,1010.9,1165.0
2026-04-07 03:00:00,,32.5,46.0,0.0,5.2,258.0,1010.4,1300.0
2026-04-07 04:00:00,17.1,33.2,45.0,0.0,8.4,254.0,1009.8,1195.0
2026-04-07 05:00:00,13.7,33.9,42.0,0.0,7.6,248.0,1008.8,1370.0
2026-04-07 06:00:00,18.4,34.1,36.0,0.0,9.9,261.0,1007.9,1400.0
2026-04-07 07:00:00,,34.4,31.0,0.0,11.2,266.0,1007.1,960.0
2026-04-07 08:00:00,,34.6,27.0,0.0,12.1,267.0,1006.8,425.0
2026-04-07 09:00:00,,31.7,51.0,0.0,14.7,256.0,1007.1,285.0
2026-04-07 10:00:00,,30.8,56.0,0.0,13.1,237.0,1007.5,320.0
2026-04-07 11:00:00,,30.4,53.0,0.0,10.9,211.0,1008.3,290.0
2026-04-07 12:00:00,,30.2,59.0,0.0,12.0,219.0,1008.7,405.0
2026-04-07 13:00:00,,30.1,57.0,0.0,9.8,216.0,1009.4,405.0
2026-04-07 14:00:00,27.8,29.7,60.0,0.0,4.3,242.0,1010.1,160.0
2026-04-07 15:00:00,31.8,29.3,63.0,0.0,4.5,223.0,1010.3,355.0
2026-04-07 16:00:00,,29.0,69.0,0.0,7.8,189.0,1010.0,335.0
2026-04-07 17:00:00,,28.5,73.0,0.0,6.7,160.0,1009.9,310.0
2026-04-07 18:00:00,9.01,28.1,74.0,0.0,1.3,214.0,1009.8,490.0
2026-04-07 19:00:00,10.8,27.8,73.0,0.0,3.7,247.0,1009.3,385.0
2026-04-07 20:00:00,,27.5,73.0,0.1,3.1,225.0,1009.4,350.0
2026-04-07 21:00:00,,27.3,74.0,0.0,3.9,164.0,1009.9,370.0
2026-04-07 22:00:00,,27.1,75.0,0.0,5.2,139.0,1010.5,295.0
2026-04-07 23:00:00,,27.5,71.0,0.0,4.7,137.0,1011.5,415.0
2026-04-08 00:00:00,,28.3,68.0,0.0,2.3,135.0,1011.8,605.0
2026-04-08 01:00:00,,30.2,57.0,0.0,1.5,159.0,1011.9,1105.0
2026-04-08 02:00:00,28.6,31.9,48.0,0.0,1.0,248.0,1011.7,1475.0
2026-04-08 03:00:00,,32.9,43.0,0.0,4.0,270.0,1011.3,1740.0
2026-04-08 04:00:00,15.6,33.8,38.0,0.0,6.9,263.0,1010.5,1900.0
2026-04-08 05:00:00,14.4,33.8,43.0,0.0,9.2,258.0,1009.5,1355.0
2026-04-08 06:00:00,18.0,34.2,39.0,0.0,7.2,251.0,1008.7,2060.0
2026-04-08 07:00:00,,34.7,33.0,0.0,3.6,200.0,1007.8,2190.0
2026-04-08 08:00:00,,34.6,32.0,0.0,6.4,133.0,1007.5,2085.0
2026-04-08 09:00:00,,34.0,34.0,0.0,9.2,125.0,1007.9,1795.0
2026-04-08 10:00:00,,32.3,40.0,0.0,11.6,123.0,1008.7,830.0
2026-04-08 11:00:00,,30.6,47.0,0.0,12.3,111.0,1009.4,520.0
2026-04-08 12:00:00,,29.6,53.0,0.0,10.9,124.0,1009.9,475.0
2026-04-08 13:00:00,,28.9,58.0,0.0,10.7,140.0,1010.3,440.0
2026-04-08 14:00:00,,28.2,63.0,0.0,8.7,142.0,1010.8,415.0
2026-04-08 15:00:00,,27.7,64.0,0.0,7.5,140.0,1011.1,410.0
2026-04-08 16:00:00,,27.2,66.0,0.0,6.0,131.0,1010.6,385.0
2026-04-08 17:00:00,,26.9,67.0,0.0,6.4,128.0,1010.4,375.0
2026-04-08 18:00:00,,26.3,65.0,0.0,7.3,123.0,1010.3,330.0
2026-04-08 19:00:00,,26.0,65.0,0.0,6.8,117.0,1009.8,265.0
2026-04-08 20:00:00,,25.4,67.0,0.0,5.7,108.0,1010.0,185.0
2026-04-08 21:00:00,,24.9,69.0,0.0,4.0,90.0,1010.5,85.0
2026-04-08 22:00:00,,24.6,71.0,0.0,2.4,63.0,1010.8,70.0
2026-04-08 23:00:00,35.0,25.4,68.0,0.0,2.2,24.0,1011.5,145.0
2026-04-09 00:00:00,21.1,27.4,56.0,0.0,1.6,354.0,1012.0,235.0
2026-04-09 01:00:00,15.2,29.6,48.0,0.0,1.7,238.0,1012.2,750.0
2026-04-09 02:00:00,,31.3,47.0,0.0,3.8,221.0,1011.9,1200.0
2026-04-09 03:00:00,13.8,32.7,45.0,0.0,5.3,246.0,1011.2,1550.0
2026-04-09 04:00:00,14.2,32.8,47.0,0.0,8.6,250.0,1010.4,1075.0
2026-04-09 05:00:00,14.5,32.9,47.0,0.0,7.5,262.0,1009.2,1050.0
2026-04-09 06:00:00,13.3,33.1,46.0,0.0,6.4,254.0,1008.5,1105.0
2026-04-09 07:00:00,,33.4,44.0,0.2,8.8,223.0,1008.1,1205.0
2026-04-09 08:00:00,,33.2,44.0,0.2,9.5,181.0,1008.2,1080.0
2026-04-09 09:00:00,,32.6,47.0,0.2,14.7,144.0,1008.2,950.0
2026-04-09 10:00:00,19.5,31.2,54.0,0.0,17.1,131.0,1008.5,705.0
2026-04-09 11:00:00,,29.7,60.0,0.0,17.4,129.0,1009.1,565.0
2026-04-09 12:00:00,,29.4,66.0,0.0,13.9,138.0,1009.7,500.0
2026-04-09 13:00:00,14.0,28.7,70.0,0.0,13.8,143.0,1010.1,460.0
2026-04-09 14:00:00,8.54,28.3,72.0,0.0,13.7,141.0,1010.7,460.0
2026-04-09 15:00:00,,28.0,74.0,0.0,12.4,138.0,1010.8,435.0
2026-04-09 16:00:00,,27.6,75.0,0.0,11.0,128.0,1010.6,425.0
2026-04-09 17:00:00,,27.4,76.0,0.0,8.0,121.0,1009.8,405.0
2026-04-09 18:00:00,14.9,27.1,75.0,0.0,5.0,109.0,1009.5,340.0
2026-04-09 19:00:00,9.8,27.0,75.0,0.0,3.8,107.0,1008.9,305.0
2026-04-09 20:00:00,,26.9,75.0,0.0,1.6,27.0,1008.9,290.0
2026-04-09 21:00:00,,26.9,75.0,0.0,2.3,360.0,1009.6,290.0
2026-04-09 22:00:00,,26.8,75.0,0.0,1.9,343.0,1010.3,280.0
2026-04-09 23:00:00,,27.2,72.0,0.0,1.3,344.0,1011.1,350.0
2026-04-10 00:00:00,27.7,28.4,68.0,0.0,5.2,360.0,1011.6,495.0
2026-04-10 01:00:00,27.9,30.1,58.0,0.1,1.8,354.0,1011.9,1040.0
2026-04-10 02:00:00,33.1,31.8,49.0,0.0,2.3,266.0,1011.6,1380.0
2026-04-10 03:00:00,38.3,32.8,47.0,0.0,7.8,262.0,1011.2,1415.0
2026-04-10 04:00:00,38.9,32.8,48.0,0.0,11.0,266.0,1010.3,1060.0
2026-04-10 05:00:00,,33.6,45.0,0.0,10.8,267.0,1009.4,1155.0
2026-04-10 06:00:00,,32.9,46.0,0.0,15.5,273.0,1008.3,555.0
2026-04-10 07:00:00,,33.0,41.0,0.0,14.6,273.0,1007.7,445.0
2026-04-10 08:00:00,,32.6,42.0,0.0,14.5,262.0,1007.4,365.0
2026-04-10 09:00:00,,31.9,52.0,0.0,11.9,245.0,1007.6,320.0
2026-04-10 10:00:00,29.2,31.0,58.0,0.0,13.0,217.0,1008.1,370.0
2026-04-10 11:00:00,,30.3,61.0,0.0,12.7,215.0,1008.9,355.0
2026-04-10 12:00:00,,30.4,61.0,0.0,11.1,202.0,1009.2,360.0
2026-04-10 13:00:00,20.0,30.0,62.0,0.0,9.9,178.0,1009.8,595.0
2026-04-10 14:00:00,17.7,29.4,66.0,0.0,7.6,166.0,1010.4,415.0
2026-04-10 15:00:00,20.3,28.9,69.0,0.0,6.3,160.0,1010.5,405.0
2026-04-10 16:00:00,,28.6,70.0,0.0,6.8,153.0,1010.1,415.0
2026-04-10 17:00:00,10.2,28.1,73.0,0.0,8.1,152.0,1009.6,355.0
2026-04-10 18:00:00,11.5,27.7,77.0,0.0,10.3,175.0,1009.2,445.0
2026-04-10 19:00:00,8.94,27.3,77.0,0.0,11.6,164.0,1008.7,430.0
2026-04-10 20:00:00,,27.2,77.0,0.0,8.7,150.0,1008.8,365.0
2026-04-10 21:00:00,,27.1,78.0,0.0,6.9,127.0,1009.1,365.0
2026-04-10 22:00:00,31.2,27.1,78.0,0.0,6.5,113.0,1009.6,335.0
2026-04-10 23:00:00,35.7,27.5,75.0,0.0,2.0,360.0,1010.2,430.0
2026-04-11 00:00:00,32.0,28.5,68.0,0.1,2.9,360.0,1011.0,665.0
2026-04-11 01:00:00,39.0,30.1,60.0,0.0,0.0,270.0,1011.0,900.0
2026-04-11 02:00:00,,31.6,53.0,0.0,2.3,252.0,1010.8,1205.0
2026-04-11 03:00:00,,32.7,48.0,0.0,6.3,267.0,1010.2,1340.0
2026-04-11 04:00:00,,33.1,48.0,0.0,10.1,266.0,1009.4,1275.0
2026-04-11 05:00:00,,33.6,46.0,0.0,11.0,264.0,1008.4,1445.0
2026-04-11 06:00:00,42.0,33.2,47.0,0.0,11.7,272.0,1007.3,470.0
2026-04-11 07:00:00,,33.8,43.0,0.0,4.4,279.0,1006.4,115.0
2026-04-11 08:00:00,52.9,33.6,44.0,0.0,6.3,277.0,1006.2,225.0
2026-04-11 09:00:00,51.5,32.6,50.0,0.0,11.9,243.0,1006.3,305.0
2026-04-11 10:00:00,50.0,31.8,56.0,0.0,12.9,205.0,1007.0,920.0
2026-04-11 11:00:00,,30.4,58.0,0.0,15.8,154.0,1007.9,675.0
2026-04-11 12:00:00,,29.3,69.0,0.0,12.0,167.0,1008.8,610.0
2026-04-11 13:00:00,,28.6,73.0,0.0,12.4,150.0,1009.4,525.0
2026-04-11 14:00:00,18.3,28.2,72.0,0.0,14.3,144.0,1010.1,435.0
2026-04-11 15:00:00,19.5,27.9,71.0,0.0,11.6,137.0,1010.3,425.0
2026-04-11 16:00:00,18.5,27.6,71.0,0.0,6.6,116.0,1009.9,410.0
2026-04-11 17:00:00,,27.2,73.0,0.0,4.3,114.0,1009.3,380.0
2026-04-11 18:00:00,15.9,26.6,76.0,0.0,3.8,311.0,1008.9,460.0
2026-04-11 19:00:00,15.0,26.6,77.0,0.0,1.8,246.0,1008.3,405.0
2026-04-11 20:00:00,17.1,26.6,77.0,0.0,3.3,193.0,1008.4,385.0
2026-04-11 21:00:00,,26.4,78.0,0.0,4.8,153.0,1008.8,405.0
2026-04-11 22:00:00,,26.2,78.0,0.0,6.3,129.0,1009.6,350.0
2026-04-11 23:00:00,,26.7,74.0,0.0,5.5,128.0,1010.2,370.0
2026-04-12 00:00:00,,27.8,70.0,0.0,0.8,135.0,1010.8,525.0
2026-04-12 01:00:00,34.1,29.5,61.0,0.0,2.3,198.0,1011.1,870.0
2026-04-12 02:00:00,35.7,31.0,53.0,0.0,3.1,220.0,1010.6,1230.0
2026-04-12 03:00:00,,32.2,47.0,0.0,3.8,245.0,1010.1,1405.0
2026-04-12 04:00:00,31.4,33.0,43.0,0.0,5.0,235.0,1009.3,1525.0
2026-04-12 05:00:00,,32.8,45.0,0.0,6.2,202.0,1008.5,1390.0
2026-04-12 06:00:00,25.4,32.3,44.0,0.0,4.8,207.0,1007.7,1175.0
2026-04-12 07:00:00,,33.9,40.0,0.0,5.6,197.0,1006.8,1220.0
2026-04-12 08:00:00,,33.9,39.0,0.0,9.7,192.0,1006.6,1205.0
2026-04-12 09:00:00,,33.1,43.0,0.0,11.6,156.0,1006.7,1050.0
2026-04-12 10:00:00,26.4,31.9,46.0,0.0,14.1,146.0,1007.1,760.0
2026-04-12 11:00:00,31.6,30.5,49.0,0.0,12.3,143.0,1007.9,485.0
2026-04-12 12:00:00,,29.2,60.0,0.0,13.0,155.0,1008.7,430.0
2026-04-12 13:00:00,,29.0,61.0,0.0,10.9,156.0,1009.4,465.0
2026-04-12 14:00:00,,28.5,62.0,0.0,12.1,152.0,1009.9,455.0
2026-04-12 15:00:00,,28.0,65.0,0.0,10.8,137.0,1010.1,460.0
2026-04-12 16:00:00,20.1,27.6,65.0,0.0,8.2,126.0,1009.7,395.0
2026-04-12 17:00:00,18.3,27.3,65.0,0.0,7.4,124.0,1009.3,320.0
2026-04-12 18:00:00,,26.8,66.0,0.0,9.0,121.0,1009.2,335.0
2026-04-12 19:00:00,15.0,26.5,69.0,0.0,8.3,129.0,1008.9,355.0
2026-04-12 20:00:00,13.4,26.3,70.0,0.0,8.5,125.0,1009.0,400.0
2026-04-12 21:00:00,,26.1,72.0,0.0,8.5,118.0,1009.5,410.0
2026-04-12 22:00:00,,26.0,73.0,0.0,7.2,117.0,1010.2,370.0
2026-04-12 23:00:00,24.6,26.6,69.0,0.0,6.6,112.0,1011.0,405.0
2026-04-13 00:00:00,24.8,27.9,61.0,0.0,4.5,104.0,1011.8,595.0
2026-04-13 01:00:00,,29.9,53.0,0.0,2.7,143.0,1012.1,955.0
2026-04-13 02:00:00,36.8,31.8,44.0,0.0,2.1,232.0,1011.6,1450.0
2026-04-13 03:00:00,31.8,32.5,43.0,0.0,6.5,276.0,1011.0,1545.0
2026-04-13 04:00:00,,32.7,44.0,0.0,9.6,278.0,1010.1,1440.0
2026-04-13 05:00:00,,33.1,44.0,0.0,10.6,269.0,1009.1,1435.0
2026-04-13 06:00:00,,32.5,46.0,0.0,13.9,271.0,1008.3,1070.0
2026-04-13 07:00:00,,33.1,44.0,0.0,8.5,274.0,1007.7,1075.0
2026-04-13 08:00:00,,34.2,38.0,0.0,4.0,262.0,1007.5,1395.0
2026-04-13 09:00:00,,33.8,36.0,0.0,8.1,181.0,1007.5,1110.0
2026-04-13 10:00:00,,32.4,39.0,0.0,12.4,166.0,1008.0,775.0
2026-04-13 11:00:00,,31.5,44.0,0.0,12.1,177.0,1009.0,835.0
2026-04-13 12:00:00,,30.4,53.0,0.0,9.5,180.0,1009.9,550.0
2026-04-13 13:00:00,16.7,29.8,58.0,0.0,10.5,168.0,1010.3,590.0
2026-04-13 14:00:00,14.1,29.0,65.0,0.0,9.1,163.0,1010.8,530.0
2026-04-13 15:00:00,,28.7,67.0,0.0,8.0,155.0,1010.8,490.0
2026-04-13 16:00:00,,28.4,67.0,0.0,7.5,150.0,1010.4,440.0
2026-04-13 17:00:00,,28.2,67.0,0.0,6.6,145.0,1009.9,410.0
2026-04-13 18:00:00,,27.7,71.0,0.0,4.4,153.0,1009.4,440.0
2026-04-13 19:00:00,,27.5,70.0,0.0,3.3,135.0,1009.2,450.0
2026-04-13 20:00:00,19.4,27.3,68.0,0.0,4.4,99.0,1009.5,240.0
2026-04-13 21:00:00,,27.2,65.0,0.0,4.9,84.0,1010.0,210.0
2026-04-13 22:00:00,,26.9,65.0,0.0,3.5,62.0,1010.5,130.0
2026-04-13 23:00:00,,27.5,62.0,0.0,2.9,22.0,1011.2,340.0
2026-04-14 00:00:00,,28.5,57.0,0.0,1.3,74.0,1011.5,550.0
2026-04-14 01:00:00,,30.4,50.0,0.0,1.4,130.0,1011.8,1090.0
2026-04-14 02:00:00,28.4,31.8,45.0,0.0,2.4,193.0,1011.7,1565.0
2026-04-14 03:00:00,27.9,32.9,41.0,0.0,5.7,224.0,1010.8,1685.0
2026-04-14 04:00:00,,32.2,48.0,0.0,12.7,213.0,1009.7,1105.0
2026-04-14 05:00:00,,32.1,47.0,0.0,14.8,179.0,1008.8,1045.0
2026-04-14 06:00:00,,32.6,44.0,0.0,14.5,158.0,1007.8,995.0
2026-04-14 07:00:00,17.4,33.5,42.0,0.0,15.3,156.0,1006.7,1075.0
2026-04-14 08:00:00,,33.4,43.0,0.0,16.0,155.0,1006.2,1000.0
2026-04-14 09:00:00,,32.5,47.0,0.0,17.9,151.0,1006.3,765.0
2026-04-14 10:00:00,25.1,31.1,51.0,0.0,18.6,142.0,1006.8,615.0
2026-04-14 11:00:00,28.8,29.4,60.0,0.0,16.9,124.0,1007.3,515.0
2026-04-14 12:00:00,,28.5,66.0,0.0,13.1,138.0,1007.9,465.0
2026-04-14 13:00:00,24.1,28.4,66.0,0.0,10.2,148.0,1008.3,455.0
2026-04-14 14:00:00,21.2,28.0,68.0,0.0,7.1,135.0,1008.9,470.0
2026-04-14 15:00:00,23.5,27.6,69.0,0.0,5.4,111.0,1009.0,495.0
2026-04-14 16:00:00,,27.4,69.0,0.0,5.8,124.0,1008.4,305.0
2026-04-14 17:00:00,,27.1,69.0,0.0,6.9,137.0,1007.7,305.0
2026-04-14 18:00:00,,26.4,70.0,0.0,7.5,130.0,1007.4,340.0
2026-04-14 19:00:00,21.6,26.2,70.0,0.0,8.6,131.0,1007.2,350.0
2026-04-14 20:00:00,20.2,25.9,71.0,0.0,9.0,125.0,1007.2,335.0
2026-04-14 21:00:00,,25.7,72.0,0.0,9.1,124.0,1007.8,350.0
2026-04-14 22:00:00,,25.4,75.0,0.0,9.9,123.0,1008.7,360.0
2026-04-14 23:00:00,,25.8,70.0,0.0,10.3,117.0,1009.4,435.0
2026-04-15 00:00:00,,27.3,63.0,0.0,6.5,104.0,1010.1,600.0
2026-04-15 01:00:00,,28.8,55.0,0.0,5.0,125.0,1010.5,1015.0
2026-04-15 02:00:00,,30.3,47.0,0.0,5.1,144.0,1010.5,1400.0
2026-04-15 03:00:00,,31.8,41.0,0.0,5.6,174.0,1009.9,1625.0
2026-04-15 04:00:00,21.2,33.0,36.0,0.0,7.6,188.0,1008.8,1780.0
2026-04-15 05:00:00,,33.6,34.0,0.0,9.3,189.0,1007.6,1835.0
2026-04-15 06:00:00,,33.6,35.0,0.0,12.4,182.0,1006.5,1745.0
2026-04-15 07:00:00,,33.8,35.0,0.0,13.9,170.0,1005.6,1590.0
2026-04-15 08:00:00,25.6,33.8,33.0,0.0,13.6,149.0,1005.3,1180.0
2026-04-15 09:00:00,,33.7,31.0,0.0,10.3,133.0,1005.4,990.0
2026-04-15 10:00:00,33.5,32.6,35.0,0.0,8.2,165.0,1006.1,745.0
2026-04-15 11:00:00,,31.3,41.0,0.0,12.4,118.0,1006.8,560.0
2026-04-15 12:00:00,28.7,30.2,50.0,0.0,8.3,178.0,1007.4,630.0
2026-04-15 13:00:00,23.7,29.6,53.0,0.0,8.9,152.0,1008.0,540.0
2026-04-15 14:00:00,18.2,28.8,58.0,0.0,10.0,147.0,1008.4,435.0
2026-04-15 15:00:00,13.6,27.9,67.0,0.0,11.2,138.0,1008.5,500.0
2026-04-15 16:00:00,,27.6,68.0,0.0,9.2,129.0,1008.4,440.0
2026-04-15 17:00:00,21.5,27.2,68.0,0.0,7.6,126.0,1007.8,355.0
2026-04-15 18:00:00,27.1,26.8,67.0,0.0,5.1,113.0,1007.9,190.0
2026-04-15 19:00:00,28.7,26.4,68.0,0.0,5.4,116.0,1007.5,170.0
2026-04-15 20:00:00,,25.9,70.0,0.0,5.4,120.0,1007.7,170.0
2026-04-15 21:00:00,,25.6,71.0,0.0,4.2,121.0,1008.0,145.0
2026-04-15 22:00:00,29.1,25.3,72.0,0.0,3.1,114.0,1008.4,85.0
2026-04-15 23:00:00,28.1,26.2,65.0,0.0,2.3,113.0,1009.4,130.0
2026-04-16 00:00:00,,28.0,55.0,0.0,1.3,106.0,1010.3,445.0
2026-04-16 01:00:00,29.0,29.7,52.0,0.0,0.9,180.0,1010.4,960.0
2026-04-16 02:00:00,31.0,31.1,48.0,0.0,2.9,210.0,1010.4,1215.0
2026-04-16 03:00:00,,32.1,45.0,0.0,4.7,212.0,1009.9,1390.0
2026-04-16 04:00:00,26.8,32.8,43.0,0.0,6.0,245.0,1009.2,1410.0
2026-04-16 05:00:00,25.0,33.2,42.0,0.0,6.9,253.0,1008.1,1345.0
2026-04-16 06:00:00,29.0,33.3,40.0,0.0,6.3,243.0,1007.4,1265.0
2026-04-16 07:00:00,,34.4,36.0,0.0,8.9,238.0,1006.6,1440.0
2026-04-16 08:00:00,33.5,32.4,50.0,0.0,14.4,238.0,1006.7,405.0
2026-04-16 09:00:00,,31.7,54.0,0.0,16.1,229.0,1006.9,470.0
2026-04-16 10:00:00,28.8,30.9,54.0,0.0,15.7,225.0,1007.3,610.0
2026-04-16 11:00:00,,30.8,53.0,0.0,14.9,221.0,1007.9,930.0
2026-04-16 12:00:00,,30.1,55.0,0.0,10.8,212.0,1008.8,870.0
2026-04-16 13:00:00,28.2,29.7,59.0,0.0,8.3,198.0,1009.2,860.0
2026-04-16 14:00:00,27.3,29.2,63.0,0.1,5.4,176.0,1009.9,575.0
2026-04-16 15:00:00,,28.8,65.0,0.1,4.8,149.0,1009.7,510.0
2026-04-16 16:00:00,25.7,28.5,66.0,0.0,4.5,143.0,1009.3,470.0
2026-04-16 17:00:00,,28.3,65.0,0.0,4.5,146.0,1008.6,410.0
2026-04-16 18:00:00,,28.0,65.0,0.0,3.5,152.0,1008.2,405.0
2026-04-16 19:00:00,,27.9,66.0,0.0,3.6,150.0,1008.0,365.0
2026-04-16 20:00:00,,27.7,67.0,0.0,2.3,135.0,1007.9,340.0
2026-04-16 21:00:00,,27.5,68.0,0.0,2.3,135.0,1008.6,285.0
2026-04-16 22:00:00,,27.3,69.0,0.0,2.9,120.0,1009.0,280.0
2026-04-16 23:00:00,,27.8,64.0,0.0,4.0,85.0,1009.7,450.0
2026-04-17 00:00:00,36.8,28.7,61.0,0.0,2.1,52.0,1010.6,815.0
2026-04-17 01:00:00,38.5,30.2,54.0,0.0,1.2,39.0,1010.7,1060.0
2026-04-17 02:00:00,,31.4,48.0,0.0,1.7,212.0,1010.4,1420.0
2026-04-17 03:00:00,,32.3,45.0,0.0,5.1,216.0,1009.9,1445.0
2026-04-17 04:00:00,,32.2,46.0,0.1,5.9,223.0,1009.6,1305.0
2026-04-17 05:00:00,,32.7,43.0,0.1,1.3,8.0,1008.6,1265.0
2026-04-17 06:00:00,,32.9,40.0,0.1,2.7,270.0,1007.5,1225.0
2026-04-17 07:00:00,,33.9,38.0,0.0,4.9,260.0,1006.6,1295.0
2026-04-17 08:00:00,,33.7,37.0,0.0,2.8,243.0,1006.4,1400.0
2026-04-17 09:00:00,,32.5,45.0,0.0,12.4,221.0,1006.4,440.0
2026-04-17 10:00:00,,31.6,49.0,0.0,12.2,202.0,1006.9,1025.0
2026-04-17 11:00:00,47.7,30.6,54.0,0.0,11.4,169.0,1007.3,665.0
2026-04-17 12:00:00,60.8,30.4,58.0,0.0,9.6,200.0,1007.9,650.0
2026-04-17 13:00:00,42.0,30.0,61.0,0.0,7.8,187.0,1008.5,625.0
2026-04-17 14:00:00,30.7,29.6,64.0,0.0,6.2,190.0,1009.5,520.0
2026-04-17 15:00:00,,29.2,67.0,0.0,6.7,189.0,1009.7,540.0
2026-04-17 16:00:00,,28.7,70.0,0.0,5.4,184.0,1009.4,475.0
2026-04-17 17:00:00,,28.3,72.0,0.0,4.4,161.0,1009.2,440.0
2026-04-17 18:00:00,55.6,27.5,71.0,0.0,3.0,104.0,1008.7,185.0
2026-04-17 19:00:00,,27.5,70.0,0.0,2.7,127.0,1008.1,180.0
2026-04-17 20:00:00,,27.2,71.0,0.0,2.7,138.0,1008.1,185.0
2026-04-17 21:00:00,28.6,27.0,71.0,0.0,4.5,127.0,1008.8,235.0
2026-04-17 22:00:00,28.9,26.7,73.0,0.0,6.6,137.0,1009.2,250.0
2026-04-17 23:00:00,,27.0,73.0,0.0,8.3,136.0,1009.8,370.0
2026-04-18 00:00:00,33.6,28.6,64.0,0.0,5.6,138.0,1010.1,745.0
2026-04-18 01:00:00,,29.9,57.0,0.0,4.8,151.0,1010.2,935.0
2026-04-18 02:00:00,,31.4,49.0,0.0,2.5,159.0,1010.2,1365.0
2026-04-18 03:00:00,47.6,32.4,45.0,0.0,4.3,213.0,1009.5,1410.0
2026-04-18 04:00:00,43.0,33.0,43.0,0.0,5.5,218.0,1008.9,1405.0
2026-04-18 05:00:00,,33.4,41.0,0.0,5.1,243.0,1007.6,1360.0
2026-04-18 06:00:00,38.6,33.7,40.0,0.0,7.6,242.0,1006.6,1475.0
2026-04-18 07:00:00,38.1,34.2,37.0,0.0,9.5,234.0,1006.0,1625.0
2026-04-18 08:00:00,39.3,34.2,36.0,0.0,7.3,213.0,1005.7,1670.0
2026-04-18 09:00:00,41.4,33.0,40.0,0.0,13.6,230.0,1006.1,405.0
2026-04-18 10:00:00,60.2,31.6,49.0,0.0,14.5,219.0,1006.7,705.0
2026-04-18 11:00:00,67.1,30.6,56.0,0.0,12.7,198.0,1007.7,985.0
2026-04-18 12:00:00,,30.0,60.0,0.0,13.2,185.0,1008.4,735.0
2026-04-18 13:00:00,32.3,29.7,63.0,0.0,6.9,186.0,1008.8,640.0
2026-04-18 14:00:00,,29.1,67.0,0.2,4.0,198.0,1009.8,470.0
2026-04-18 15:00:00,30.6,28.8,69.0,0.1,6.9,165.0,1009.5,360.0
2026-04-18 16:00:00,,28.5,70.0,0.0,8.1,156.0,1008.9,300.0
2026-04-18 17:00:00,,28.2,71.0,0.0,6.7,142.0,1008.4,300.0
2026-04-18 18:00:00,28.9,28.1,70.0,0.0,2.3,148.0,1008.1,380.0
2026-04-18 19:00:00,27.9,27.9,71.0,0.0,2.3,119.0,1007.4,405.0
2026-04-18 20:00:00,26.5,27.5,72.0,0.0,2.3,94.0,1007.5,260.0
2026-04-18 21:00:00,30.4,27.0,73.0,0.0,2.9,112.0,1007.9,195.0
2026-04-18 22:00:00,,26.8,73.0,0.0,3.9,124.0,1008.4,200.0
2026-04-18 23:00:00,,27.5,67.0,0.0,4.6,121.0,1009.2,345.0
2026-04-19 00:00:00,,28.6,65.0,0.0,2.7,148.0,1009.7,770.0
2026-04-19 01:00:00,35.4,30.5,55.0,0.0,3.6,150.0,1010.1,1090.0
2026-04-19 02:00:00,36.8,31.7,49.0,0.0,3.7,151.0,1010.0,1305.0
2026-04-19 03:00:00,35.7,32.1,47.0,0.1,3.7,203.0,1009.4,1355.0
2026-04-19 04:00:00,32.1,32.6,45.0,0.1,4.1,247.0,1008.6,1290.0
2026-04-19 05:00:00,,33.1,44.0,0.1,6.0,237.0,1007.6,1315.0
2026-04-19 06:00:00,30.5,32.9,45.0,0.1,8.0,250.0,1006.8,1385.0
2026-04-19 07:00:00,,33.3,44.0,0.1,5.5,247.0,1006.3,1495.0
2026-04-19 08:00:00,35.7,32.7,45.0,0.0,11.0,232.0,1006.4,1435.0
2026-04-19 09:00:00,,30.6,55.0,1.0,12.0,219.0,1007.1,740.0
2026-04-19 10:00:00,,28.8,59.0,0.9,11.5,177.0,1007.6,485.0
2026-04-19 11:00:00,55.5,28.9,61.0,0.1,10.1,170.0,1008.2,510.0
2026-04-19 12:00:00,60.9,29.4,59.0,0.0,8.1,167.0,1008.8,750.0
2026-04-19 13:00:00,47.0,28.8,61.0,0.0,5.3,102.0,1009.5,370.0
2026-04-19 14:00:00,28.9,28.9,59.0,0.0,4.0,100.0,1010.0,260.0
2026-04-19 15:00:00,29.0,28.6,60.0,0.0,4.3,112.0,1010.1,230.0
2026-04-19 16:00:00,,28.4,61.0,0.0,4.4,111.0,1009.7,230.0
2026-04-19 17:00:00,30.2,28.1,63.0,0.0,3.5,125.0,1009.3,195.0
2026-04-19 18:00:00,40.8,27.6,68.0,0.0,4.2,160.0,1008.9,240.0
2026-04-19 19:00:00,41.2,26.9,71.0,0.0,1.9,22.0,1008.8,305.0
2026-04-19 20:00:00,49.5,26.6,72.0,0.0,4.7,353.0,1008.7,335.0
2026-04-19 21:00:00,50.7,26.7,72.0,0.0,4.0,58.0,1009.1,275.0
2026-04-19 22:00:00,,26.7,72.0,0.0,4.4,58.0,1009.3,240.0
2026-04-19 23:00:00,55.4,27.3,68.0,0.0,4.1,45.0,1009.8,255.0
2026-04-20 00:00:00,,29.2,59.0,0.0,3.2,109.0,1010.8,890.0
2026-04-20 01:00:00,,30.4,53.0,0.0,4.7,118.0,1010.9,1085.0
2026-04-20 02:00:00,,32.0,47.0,0.0,5.2,119.0,1010.7,1455.0
2026-04-20 03:00:00,,33.3,41.0,0.0,3.7,133.0,1010.1,1590.0
2026-04-20 04:00:00,,34.0,38.0,0.0,4.1,236.0,1009.4,1650.0
2026-04-20 05:00:00,,33.9,40.0,0.0,7.7,245.0,1008.3,1485.0
2026-04-20 06:00:00,,33.2,43.0,0.0,8.9,257.0,1007.5,1440.0
2026-04-20 07:00:00,32.1,33.6,41.0,0.1,7.1,254.0,1006.9,1510.0
2026-04-20 08:00:00,33.6,33.3,41.0,0.1,7.8,224.0,1006.5,1315.0
2026-04-20 09:00:00,33.9,32.2,48.0,0.1,13.5,164.0,1006.6,890.0
2026-04-20 10:00:00,38.6,31.1,54.0,0.0,17.5,130.0,1007.2,665.0
2026-04-20 11:00:00,,30.0,58.0,0.0,14.2,120.0,1008.1,565.0
2026-04-20 12:00:00,,29.9,57.0,0.0,11.8,126.0,1008.6,450.0
2026-04-20 13:00:00,,29.6,57.0,0.0,9.8,130.0,1009.6,470.0
2026-04-20 14:00:00,,29.1,60.0,0.0,8.9,124.0,1010.2,460.0
2026-04-20 15:00:00,,28.6,63.0,0.0,4.4,120.0,1010.7,490.0
2026-04-20 16:00:00,,28.2,64.0,0.0,3.9,137.0,1010.2,440.0
2026-04-20 17:00:00,,27.8,66.0,0.0,6.4,133.0,1009.5,405.0
2026-04-20 18:00:00,,27.3,68.0,0.0,7.8,130.0,1009.2,430.0
2026-04-20 19:00:00,,27.1,70.0,0.0,8.5,118.0,1008.7,410.0
2026-04-20 20:00:00,29.3,26.6,72.0,0.0,9.3,114.0,1008.9,335.0
2026-04-20 21:00:00,,26.3,73.0,0.0,8.1,118.0,1009.1,265.0
2026-04-20 22:00:00,,26.2,73.0,0.0,8.1,111.0,1009.7,245.0
2026-04-20 23:00:00,,27.1,67.0,0.0,7.0,103.0,1010.1,295.0
2026-04-21 00:00:00,,28.8,62.0,0.0,7.6,98.0,1010.8,805.0
2026-04-21 01:00:00,,30.8,51.0,0.0,9.0,105.0,1010.7,1170.0
2026-04-21 02:00:00,,32.4,44.0,0.0,11.8,119.0,1010.2,1520.0
2026-04-21 03:00:00,,33.1,43.0,0.0,14.0,126.0,1009.8,1570.0
2026-04-21 04:00:00,,34.3,38.0,0.0,14.5,136.0,1008.5,1770.0
2026-04-21 05:00:00,,34.8,35.0,0.0,14.8,138.0,1007.4,1790.0
2026-04-21 06:00:00,,34.8,34.0,0.0,17.3,138.0,1006.4,1765.0
2026-04-21 07:00:00,,34.8,34.0,0.0,18.7,133.0,1005.5,1650.0
2026-04-21 08:00:00,35.0,34.2,35.0,0.0,18.5,135.0,1005.3,1375.0
2026-04-21 09:00:00,34.0,33.0,39.0,0.0,17.8,132.0,1005.7,1140.0
2026-04-21 10:00:00,,31.4,45.0,0.0,16.5,123.0,1006.4,830.0
2026-04-21 11:00:00,,30.2,52.0,0.0,13.9,115.0,1007.1,745.0
2026-04-21 12:00:00,,29.5,58.0,0.0,12.1,115.0,1008.3,730.0
2026-04-21 13:00:00,24.9,29.0,62.0,0.0,10.2,124.0,1008.7,645.0
2026-04-21 14:00:00,24.2,28.5,65.0,0.0,11.2,128.0,1009.5,640.0
2026-04-21 15:00:00,23.2,28.1,67.0,0.0,11.1,120.0,1009.8,635.0
2026-04-21 16:00:00,,27.7,69.0,0.0,9.5,117.0,1009.2,555.0
2026-04-21 17:00:00,,27.4,70.0,0.0,8.5,111.0,1008.9,520.0
2026-04-21 18:00:00,25.2,27.3,68.0,0.0,6.2,116.0,1008.6,590.0
2026-04-21 19:00:00,25.5,27.1,67.0,0.0,6.7,124.0,1008.1,455.0
2026-04-21 20:00:00,,26.8,69.0,0.0,6.9,131.0,1008.0,410.0
2026-04-21 21:00:00,30.0,26.4,70.0,0.0,7.6,128.0,1008.2,440.0
2026-04-21 22:00:00,,26.1,71.0,0.0,7.7,121.0,1008.7,455.0
2026-04-21 23:00:00,,26.8,66.0,0.0,7.9,110.0,1009.5,545.0
2026-04-22 00:00:00,29.0,28.4,60.0,0.0,4.7,90.0,1010.1,800.0
2026-04-22 01:00:00,31.2,30.5,52.0,0.0,5.6,107.0,1009.9,1180.0
2026-04-22 02:00:00,27.6,32.8,40.0,0.0,8.8,116.0,1009.4,1695.0
2026-04-22 03:00:00,34.3,34.0,36.0,0.0,10.8,138.0,1008.8,1970.0
2026-04-22 04:00:00,,34.3,35.0,0.0,10.5,160.0,1008.0,1975.0
2026-04-22 05:00:00,29.1,34.6,32.0,0.0,12.5,147.0,1007.2,1875.0
2026-04-22 06:00:00,30.2,34.7,30.0,0.0,18.5,131.0,1006.2,1850.0
2026-04-22 07:00:00,31.7,34.6,28.0,0.0,18.6,123.0,1005.6,1570.0
2026-04-22 08:00:00,,34.4,29.0,0.0,16.1,124.0,1005.5,1435.0
2026-04-22 09:00:00,,33.5,33.0,0.0,15.1,117.0,1005.5,1030.0
2026-04-22 10:00:00,,32.5,38.0,0.0,14.8,113.0,1005.8,805.0
2026-04-22 11:00:00,34.2,31.0,46.0,0.0,14.2,122.0,1006.6,650.0
2026-04-22 12:00:00,30.9,29.8,57.0,0.0,14.3,126.0,1007.4,555.0
2026-04-22 13:00:00,,29.4,60.0,0.0,13.5,127.0,1008.1,560.0
2026-04-22 14:00:00,29.9,29.0,63.0,0.0,11.5,131.0,1008.6,510.0
2026-04-22 15:00:00,26.4,28.5,66.0,0.0,9.4,132.0,1009.0,430.0
2026-04-22 16:00:00,25.0,28.0,70.0,0.0,6.0,131.0,1008.5,405.0
2026-04-22 17:00:00,26.1,27.6,72.0,0.0,2.0,95.0,1008.4,460.0
2026-04-22 18:00:00,29.9,26.7,73.0,0.0,1.1,72.0,1008.0,30.0
2026-04-22 19:00:00,,26.7,73.0,0.0,2.2,138.0,1007.6,310.0
2026-04-22 20:00:00,,26.5,74.0,0.0,4.2,140.0,1007.8,300.0
2026-04-22 21:00:00,,26.3,75.0,0.0,4.6,141.0,1008.1,260.0
2026-04-22 22:00:00,,26.1,77.0,0.0,5.9,140.0,1008.5,235.0
2026-04-22 23:00:00,34.7,26.7,74.0,0.0,5.6,135.0,1009.2,270.0
2026-04-23 00:00:00,,28.6,64.0,0.0,6.4,122.0,1009.6,475.0
2026-04-23 01:00:00,,30.5,54.0,0.0,3.2,124.0,1009.5,1040.0
2026-04-23 02:00:00,,32.0,47.0,0.0,2.2,175.0,1008.9,1400.0
2026-04-23 03:00:00,,33.0,44.0,0.0,4.0,219.0,1008.2,1580.0
2026-04-23 04:00:00,,33.7,43.0,0.0,5.6,230.0,1007.4,1590.0
2026-04-23 05:00:00,,34.1,41.0,0.0,7.2,231.0,1006.4,1575.0
2026-04-23 06:00:00,28.1,34.1,39.0,0.0,8.7,232.0,1005.4,1655.0
2026-04-23 07:00:00,27.9,34.2,37.0,0.0,9.8,215.0,1004.9,1465.0
2026-04-23 08:00:00,,34.1,35.0,0.0,13.5,176.0,1004.7,1315.0
2026-04-23 09:00:00,33.1,33.3,37.0,0.0,18.7,147.0,1005.1,1150.0
2026-04-23 10:00:00,,32.4,38.0,0.0,15.9,117.0,1005.7,720.0
2026-04-23 11:00:00,,31.3,42.0,0.0,12.6,95.0,1006.6,495.0
2026-04-23 12:00:00,,30.9,46.0,0.0,5.8,182.0,1007.8,510.0
2026-04-23 13:00:00,,29.9,58.0,0.0,9.1,144.0,1008.7,445.0
2026-04-23 14:00:00,27.1,29.2,67.0,0.0,9.4,151.0,1009.3,430.0
2026-04-23 15:00:00,27.0,28.8,70.0,0.0,7.8,146.0,1009.5,405.0
2026-04-23 16:00:00,24.8,28.5,71.0,0.0,6.2,131.0,1009.0,405.0
2026-04-23 17:00:00,,28.2,71.0,0.0,4.3,138.0,1008.9,405.0
2026-04-23 18:00:00,,27.7,74.0,0.0,3.7,137.0,1008.4,355.0
2026-04-23 19:00:00,33.0,27.6,73.0,0.0,2.8,130.0,1008.4,325.0
2026-04-23 20:00:00,33.1,27.4,73.0,0.0,2.2,104.0,1008.6,215.0
2026-04-23 21:00:00,38.6,27.2,72.0,0.0,2.6,74.0,1009.3,200.0
2026-04-23 22:00:00,35.6,26.9,72.0,0.0,2.6,56.0,1010.2,165.0
2026-04-23 23:00:00,,27.5,69.0,0.0,1.1,72.0,1010.8,335.0
2026-04-24 00:00:00,,28.9,62.0,0.0,2.3,141.0,1011.2,505.0
2026-04-24 01:00:00,,30.7,55.0,0.0,1.8,156.0,1011.3,1010.0
2026-04-24 02:00:00,,32.3,47.0,0.0,1.5,240.0,1011.0,1410.0
2026-04-24 03:00:00,,33.5,42.0,0.0,4.4,258.0,1010.3,1510.0
2026-04-24 04:00:00,28.0,33.6,42.0,0.0,6.8,248.0,1009.5,1410.0
2026-04-24 05:00:00,27.2,33.7,42.0,0.0,6.6,235.0,1008.5,1300.0
2026-04-24 06:00:00,25.8,33.9,40.0,0.0,7.0,203.0,1007.5,1310.0
2026-04-24 07:00:00,,34.9,37.0,0.0,11.2,162.0,1006.5,1550.0
2026-04-24 08:00:00,,34.8,38.0,0.0,16.3,148.0,1006.3,1550.0
2026-04-24 09:00:00,,33.7,41.0,0.0,17.7,141.0,1006.4,1155.0
2026-04-24 10:00:00,,32.0,46.0,0.0,16.8,129.0,1007.3,650.0
2026-04-24 11:00:00,32.7,30.7,53.0,0.0,14.1,106.0,1008.2,475.0
2026-04-24 12:00:00,26.6,30.2,58.0,0.0,10.1,125.0,1008.8,515.0
2026-04-24 13:00:00,29.3,30.0,62.0,0.0,8.0,160.0,1009.7,555.0
2026-04-24 14:00:00,,29.7,64.0,0.0,7.2,148.0,1010.7,445.0
2026-04-24 15:00:00,23.9,29.4,65.0,0.0,5.5,128.0,1011.0,430.0
2026-04-24 16:00:00,,29.2,64.0,0.0,3.4,93.0,1010.6,495.0
2026-04-24 17:00:00,,28.8,64.0,0.0,2.3,23.0,1010.4,430.0
2026-04-24 18:00:00,,28.2,67.0,0.0,4.7,16.0,1009.9,380.0
2026-04-24 19:00:00,28.7,27.9,69.0,0.0,4.9,86.0,1009.6,235.0
2026-04-24 20:00:00,,27.5,72.0,0.0,7.0,132.0,1009.6,240.0
2026-04-24 21:00:00,,27.2,75.0,0.0,6.4,128.0,1010.0,230.0
2026-04-24 22:00:00,26.1,27.0,74.0,0.0,4.6,111.0,1010.6,210.0
2026-04-24 23:00:00,26.6,27.7,69.0,0.0,4.2,108.0,1011.2,280.0
2026-04-25 00:00:00,30.5,29.5,61.0,0.0,2.8,105.0,1011.8,565.0
2026-04-25 01:00:00,,31.3,51.0,0.0,3.1,173.0,1011.7,1085.0
2026-04-25 02:00:00,25.1,32.9,44.0,0.0,4.3,202.0,1011.2,1530.0
2026-04-25 03:00:00,21.5,33.9,40.0,0.0,4.1,229.0,1010.4,1640.0
2026-04-25 04:00:00,20.3,34.2,40.0,0.0,4.5,265.0,1009.6,1615.0
2026-04-25 05:00:00,19.3,34.9,37.0,0.1,4.7,238.0,1008.4,1705.0
2026-04-25 06:00:00,19.1,34.8,38.0,0.3,5.8,214.0,1007.0,1705.0
2026-04-25 07:00:00,,35.4,36.0,0.0,8.3,174.0,1006.6,1855.0
2026-04-25 08:00:00,18.8,35.0,39.0,0.2,13.6,143.0,1006.7,1820.0
2026-04-25 09:00:00,21.3,33.4,46.0,0.1,18.0,128.0,1007.0,1120.0
2026-04-25 10:00:00,23.4,31.8,52.0,0.0,18.2,123.0,1008.0,605.0
2026-04-25 11:00:00,,30.5,59.0,0.0,18.4,117.0,1008.8,615.0
2026-04-25 12:00:00,25.8,30.1,64.0,0.0,13.5,126.0,1009.8,655.0
2026-04-25 13:00:00,25.1,29.9,64.0,0.0,13.1,120.0,1010.2,655.0
2026-04-25 14:00:00,23.5,29.5,64.0,0.0,11.8,121.0,1010.6,565.0
2026-04-25 15:00:00,,29.4,63.0,0.0,7.8,109.0,1010.7,565.0
2026-04-25 16:00:00,16.3,29.3,62.0,0.0,3.2,71.0,1009.7,620.0
2026-04-25 17:00:00,18.6,29.0,64.0,0.0,1.7,319.0,1009.0,480.0
2026-04-25 18:00:00,,28.4,68.0,0.0,5.4,6.0,1008.7,485.0
2026-04-25 19:00:00,14.3,28.2,70.0,0.0,5.4,4.0,1008.4,365.0
2026-04-25 20:00:00,,27.9,72.0,0.0,4.7,356.0,1008.4,290.0
2026-04-25 21:00:00,21.9,27.6,73.0,0.0,2.8,63.0,1008.8,270.0
2026-04-25 22:00:00,25.7,27.5,73.0,0.0,4.5,133.0,1009.4,260.0
2026-04-25 23:00:00,26.0,28.1,71.0,0.0,5.8,146.0,1010.0,400.0
2026-04-26 00:00:00,26.6,29.0,66.0,0.0,2.2,175.0,1010.9,610.0
2026-04-26 01:00:00,28.4,30.8,58.0,0.0,1.5,256.0,1010.7,835.0
2026-04-26 02:00:00,,32.3,52.0,0.0,2.1,285.0,1010.1,1190.0
2026-04-26 03:00:00,,33.5,47.0,0.0,4.9,264.0,1009.3,1335.0
2026-04-26 04:00:00,15.6,34.2,44.0,0.0,6.6,254.0,1008.3,1350.0
2026-04-26 05:00:00,11.9,34.5,42.0,0.0,7.5,259.0,1007.2,1365.0
2026-04-26 06:00:00,12.0,34.9,39.0,0.1,7.2,217.0,1006.0,1495.0
2026-04-26 07:00:00,17.0,35.4,36.0,0.0,6.3,200.0,1005.4,1525.0
2026-04-26 08:00:00,15.9,35.1,36.0,0.1,6.9,205.0,1005.2,1475.0
2026-04-26 09:00:00,18.2,33.9,43.0,0.1,10.2,148.0,1005.8,1010.0
2026-04-26 10:00:00,26.1,32.9,51.0,0.0,14.0,118.0,1006.7,775.0
2026-04-26 11:00:00,22.8,31.6,56.0,0.0,13.0,117.0,1007.6,645.0
2026-04-26 12:00:00,19.5,30.4,63.0,0.0,11.2,112.0,1008.3,525.0
2026-04-26 13:00:00,28.7,30.3,64.0,0.0,9.6,111.0,1009.0,575.0
2026-04-26 14:00:00,28.8,29.0,68.0,0.0,4.8,59.0,1009.9,570.0
2026-04-26 15:00:00,,28.7,68.0,0.0,5.2,301.0,1009.8,295.0
2026-04-26 16:00:00,,28.7,67.0,0.0,0.2,180.0,1009.1,275.0
2026-04-26 17:00:00,,28.6,68.0,0.0,2.8,162.0,1008.7,350.0
2026-04-26 18:00:00,,28.7,65.0,0.0,2.7,67.0,1008.2,620.0
2026-04-26 19:00:00,3.99,28.7,64.0,0.0,2.1,105.0,1008.0,600.0
2026-04-26 20:00:00,11.5,28.5,65.0,0.0,3.3,151.0,1007.9,515.0
2026-04-26 21:00:00,,28.1,68.0,0.0,5.5,139.0,1008.1,470.0
2026-04-26 22:00:00,19.9,27.9,69.0,0.0,5.1,141.0,1008.6,430.0
2026-04-26 23:00:00,15.0,28.4,66.0,0.0,4.2,115.0,1009.1,505.0
2026-04-27 00:00:00,,29.5,63.0,0.0,0.9,360.0,1009.8,630.0
2026-04-27 01:00:00,16.9,31.4,55.0,0.0,1.6,153.0,1009.9,1065.0
2026-04-27 02:00:00,12.4,33.1,47.0,0.0,5.8,146.0,1009.6,1415.0
2026-04-27 03:00:00,9.35,34.1,44.0,0.1,5.5,161.0,1008.8,1525.0
2026-04-27 04:00:00,,34.6,43.0,0.3,4.9,186.0,1008.0,1675.0
2026-04-27 05:00:00,11.3,35.2,40.0,0.0,5.7,145.0,1007.1,1855.0
2026-04-27 06:00:00,11.2,35.5,38.0,0.0,8.1,179.0,1005.8,1915.0
2026-04-27 07:00:00,11.0,35.3,39.0,0.0,11.9,132.0,1005.2,1830.0
2026-04-27 08:00:00,14.6,34.5,42.0,0.0,14.7,115.0,1005.1,1505.0
2026-04-27 09:00:00,9.24,33.3,47.0,0.1,16.7,115.0,1005.6,1195.0
2026-04-27 10:00:00,,31.8,53.0,0.0,16.1,115.0,1006.7,1035.0
2026-04-27 11:00:00,,30.5,58.0,0.0,16.1,112.0,1007.8,935.0
2026-04-27 12:00:00,,30.4,58.0,0.0,14.3,113.0,1008.3,885.0
2026-04-27 13:00:00,,30.0,60.0,0.0,13.6,110.0,1008.7,825.0
2026-04-27 14:00:00,7.04,29.4,63.0,0.0,12.6,115.0,1008.8,715.0
2026-04-27 15:00:00,,29.0,64.0,0.0,11.9,115.0,1008.8,675.0
2026-04-27 16:00:00,9.96,28.7,66.0,0.0,10.6,108.0,1008.3,675.0
2026-04-27 17:00:00,6.51,28.4,68.0,0.0,9.8,110.0,1008.2,640.0
2026-04-27 18:00:00,4.24,28.4,69.0,0.0,8.7,124.0,1007.8,640.0
2026-04-27 19:00:00,,28.1,71.0,0.0,9.8,120.0,1007.5,530.0
2026-04-27 20:00:00,,28.0,70.0,0.0,9.0,113.0,1007.6,620.0
2026-04-27 21:00:00,,27.8,71.0,0.0,7.9,110.0,1008.1,670.0
2026-04-27 22:00:00,,27.9,70.0,0.0,7.8,105.0,1008.6,675.0
2026-04-27 23:00:00,,28.5,67.0,0.0,7.7,111.0,1009.0,810.0
2026-04-28 00:00:00,,30.2,59.0,0.0,7.8,98.0,1009.7,1060.0
2026-04-28 01:00:00,,32.1,51.0,0.0,12.0,109.0,1009.9,1370.0
2026-04-28 02:00:00,,33.0,49.0,0.2,14.1,118.0,1009.5,1440.0
2026-04-28 03:00:00,,33.7,46.0,0.1,15.5,118.0,1009.0,1580.0
2026-04-28 04:00:00,,34.3,45.0,0.2,15.5,121.0,1008.2,1720.0
2026-04-28 05:00:00,,34.6,45.0,0.0,16.3,136.0,1007.3,1710.0
2026-04-28 06:00:00,,34.4,44.0,0.0,17.2,142.0,1006.4,1585.0
2026-04-28 07:00:00,,34.6,44.0,0.0,15.6,147.0,1005.8,1630.0
2026-04-28 08:00:00,,33.9,46.0,0.1,17.2,137.0,1005.5,1540.0
2026-04-28 09:00:00,17.6,32.4,50.0,0.7,13.9,137.0,1006.3,1225.0
2026-04-28 10:00:00,,31.9,52.0,0.4,14.0,126.0,1007.3,1245.0
2026-04-28 11:00:00,19.2,30.4,58.0,0.0,3.8,205.0,1008.8,925.0
2026-04-28 12:00:00,,30.7,58.0,0.2,11.7,104.0,1008.5,930.0
2026-04-28 13:00:00,,30.3,60.0,0.0,10.2,98.0,1009.2,850.0
2026-04-28 14:00:00,,30.0,60.0,0.0,8.5,102.0,1009.9,790.0
2026-04-28 15:00:00,6.88,29.6,61.0,0.0,7.4,103.0,1010.1,775.0
2026-04-28 16:00:00,,29.2,62.0,0.0,4.7,108.0,1009.8,720.0
2026-04-28 17:00:00,9.46,28.9,63.0,0.0,4.4,122.0,1009.0,605.0
2026-04-28 18:00:00,9.81,26.3,82.0,0.0,0.9,180.0,1008.4,140.0
2026-04-28 19:00:00,7.64,26.9,77.0,0.0,5.0,109.0,1008.1,340.0
2026-04-28 20:00:00,11.2,27.1,74.0,0.0,5.5,113.0,1008.2,360.0
2026-04-28 21:00:00,15.3,26.9,78.0,0.0,8.7,124.0,1008.7,520.0
2026-04-28 22:00:00,,26.7,80.0,0.0,9.4,120.0,1009.2,425.0
2026-04-28 23:00:00,,27.6,74.0,0.0,8.7,97.0,1009.6,685.0
2026-04-29 00:00:00,,29.9,62.0,0.0,7.3,73.0,1010.1,940.0
2026-04-29 01:00:00,,32.0,52.0,0.0,7.4,83.0,1010.6,1365.0
2026-04-29 02:00:00,,33.2,47.0,0.0,6.8,112.0,1010.5,1550.0
2026-04-29 03:00:00,,33.8,45.0,0.2,4.9,176.0,1009.9,1615.0
2026-04-29 04:00:00,,34.4,44.0,0.1,5.1,252.0,1008.9,1655.0
2026-04-29 05:00:00,,34.8,43.0,0.0,7.3,253.0,1008.0,1795.0
2026-04-29 06:00:00,13.5,34.4,41.0,0.0,9.4,228.0,1007.5,1530.0
2026-04-29 07:00:00,15.2,34.8,38.0,0.0,7.3,203.0,1006.9,1460.0
2026-04-29 08:00:00,20.3,34.9,35.0,0.0,7.8,172.0,1006.7,1410.0
2026-04-29 09:00:00,,34.7,36.0,0.0,10.0,139.0,1006.8,1295.0
2026-04-29 10:00:00,,33.6,40.0,0.0,11.8,118.0,1007.6,1075.0
2026-04-29 11:00:00,20.5,32.4,45.0,0.0,9.8,114.0,1008.3,620.0
2026-04-29 12:00:00,22.6,30.8,51.0,0.0,10.3,126.0,1009.0,540.0
2026-04-29 13:00:00,,30.2,56.0,0.0,9.4,133.0,1009.8,535.0
2026-04-29 14:00:00,16.3,29.6,59.0,0.0,9.7,140.0,1010.5,510.0
2026-04-29 15:00:00,13.2,29.1,58.0,0.0,9.5,129.0,1010.7,470.0
2026-04-29 16:00:00,,28.9,56.0,0.0,9.2,125.0,1010.8,415.0
2026-04-29 17:00:00,,28.6,58.0,0.0,9.1,124.0,1010.5,480.0
2026-04-29 18:00:00,,28.0,58.0,0.0,7.0,94.0,1010.1,370.0
2026-04-29 19:00:00,16.8,27.8,60.0,0.0,5.1,98.0,1009.7,215.0
2026-04-29 20:00:00,,27.5,61.0,0.0,3.5,81.0,1009.4,140.0
2026-04-29 21:00:00,21.3,27.2,63.0,0.0,3.6,30.0,1009.6,165.0
2026-04-29 22:00:00,,26.8,66.0,0.0,4.6,26.0,1010.0,205.0
2026-04-29 23:00:00,,27.3,66.0,0.0,5.1,6.0,1010.2,275.0
2026-04-30 00:00:00,,29.0,56.0,0.0,0.4,27.0,1010.7,395.0
2026-04-30 01:00:00,,30.9,50.0,0.0,2.4,216.0,1010.7,725.0
2026-04-30 02:00:00,,32.4,48.0,0.0,4.0,267.0,1010.0,1220.0
2026-04-30 03:00:00,31.9,33.4,46.0,0.0,8.2,284.0,1009.6,1265.0
2026-04-30 04:00:00,27.4,33.8,45.0,0.0,12.8,271.0,1009.1,840.0
2026-04-30 05:00:00,27.6,33.8,47.0,0.0,14.3,241.0,1008.4,1060.0
2026-04-30 06:00:00,,33.6,46.0,0.0,12.5,230.0,1007.5,1045.0
2026-04-30 07:00:00,14.2,34.5,42.0,0.0,9.3,208.0,1006.7,1045.0
2026-04-30 08:00:00,12.9,34.6,43.0,0.0,10.2,187.0,1006.5,990.0
2026-04-30 09:00:00,15.5,34.4,45.0,0.0,11.2,182.0,1006.5,1080.0
2026-04-30 10:00:00,19.2,33.4,45.0,0.0,11.4,156.0,1007.3,810.0
2026-04-30 11:00:00,26.5,32.1,49.0,0.0,13.1,124.0,1008.3,705.0
2026-04-30 12:00:00,20.1,31.1,52.0,0.0,9.3,136.0,1008.8,460.0
2026-04-30 13:00:00,28.3,30.4,56.0,0.0,9.7,141.0,1009.3,450.0
2026-04-30 14:00:00,20.9,29.6,61.0,0.0,9.3,133.0,1010.2,380.0
2026-04-30 15:00:00,18.8,29.3,62.0,0.0,8.3,112.0,1010.4,305.0
2026-04-30 16:00:00,15.7,29.0,62.0,0.0,7.7,126.0,1009.8,265.0
2026-04-30 17:00:00,,28.6,63.0,0.0,7.3,144.0,1009.1,220.0
2026-04-30 18:00:00,,27.9,64.0,0.0,7.5,127.0,1008.9,240.0
2026-04-30 19:00:00,4.4,27.9,64.0,0.0,8.1,121.0,1008.4,280.0
2026-04-30 20:00:00,,27.6,68.0,0.0,8.0,115.0,1008.4,415.0
2026-04-30 21:00:00,,27.4,74.0,0.0,8.8,125.0,1008.7,440.0
2026-04-30 22:00:00,,27.3,76.0,0.0,9.0,120.0,1009.1,515.0
2026-04-30 23:00:00,,28.1,71.0,0.0,7.9,102.0,1009.7,630.0
2026-05-01 00:00:00,19.0,29.5,62.0,0.0,2.3,18.0,1010.3,865.0
2026-05-01 01:00:00,11.5,31.2,55.0,0.0,3.2,27.0,1010.3,1280.0
2026-05-01 02:00:00,14.1,32.1,53.0,0.0,5.0,131.0,1009.8,1210.0
2026-05-01 03:00:00,12.3,34.0,47.0,0.0,4.9,144.0,1009.3,1625.0
2026-05-01 04:00:00,18.5,34.8,44.0,0.0,3.2,223.0,1008.5,1770.0
2026-05-01 05:00:00,25.6,35.7,40.0,0.0,5.2,214.0,1007.4,1915.0
2026-05-01 06:00:00,10.9,35.7,38.0,0.0,8.3,213.0,1006.7,1925.0
2026-05-01 07:00:00,9.36,35.9,37.0,0.0,8.6,182.0,1006.2,1915.0
2026-05-01 08:00:00,14.1,35.4,39.0,0.0,10.9,156.0,1005.8,1885.0
2026-05-01 09:00:00,,34.8,40.0,0.0,13.7,111.0,1006.0,1725.0
2026-05-01 10:00:00,9.46,33.2,45.0,0.0,14.7,104.0,1006.9,985.0
2026-05-01 11:00:00,,31.4,52.0,0.0,14.5,118.0,1007.9,760.0
2026-05-01 12:00:00,11.1,30.5,58.0,0.0,13.0,110.0,1008.4,660.0
2026-05-01 13:00:00,7.55,30.1,59.0,0.0,9.6,118.0,1008.6,630.0
2026-05-01 14:00:00,7.62,29.7,60.0,0.0,7.1,131.0,1009.5,600.0
2026-05-01 15:00:00,7.45,29.4,61.0,0.0,6.6,133.0,1009.3,545.0
2026-05-01 16:00:00,4.26,29.1,62.0,0.0,5.4,111.0,1008.9,505.0
2026-05-01 17:00:00,4.8,28.8,63.0,0.0,3.4,93.0,1008.4,515.0
2026-05-01 18:00:00,4.7,28.6,64.0,0.0,3.1,97.0,1008.1,550.0
2026-05-01 19:00:00,2.52,28.4,64.0,0.0,2.7,62.0,1007.5,540.0
2026-05-01 20:00:00,7.62,28.3,64.0,0.0,2.0,355.0,1007.8,480.0
2026-05-01 21:00:00,,28.1,65.0,0.0,2.2,336.0,1008.3,380.0
2026-05-01 22:00:00,18.4,28.0,65.0,0.0,1.2,27.0,1008.7,215.0
2026-05-01 23:00:00,9.65,28.5,63.0,0.0,1.7,103.0,1009.4,515.0
2026-05-02 00:00:00,,29.6,60.0,0.0,0.9,259.0,1009.6,670.0
2026-05-02 01:00:00,,31.3,54.0,0.0,2.2,215.0,1009.6,1060.0
2026-05-02 02:00:00,,33.3,46.0,0.0,1.8,225.0,1009.4,1515.0
2026-05-02 03:00:00,,34.3,41.0,0.1,3.4,273.0,1008.7,1650.0
2026-05-02 04:00:00,19.2,35.0,38.0,0.0,5.4,276.0,1008.0,1765.0
2026-05-02 05:00:00,8.69,35.6,35.0,0.0,6.1,272.0,1006.9,1950.0
2026-05-02 06:00:00,,35.6,37.0,0.0,9.1,277.0,1006.1,1250.0
2026-05-02 07:00:00,,35.1,41.0,0.1,7.8,261.0,1005.2,580.0
2026-05-02 08:00:00,13.7,35.1,38.0,0.1,3.1,216.0,1005.0,1730.0
2026-05-02 09:00:00,14.2,34.0,43.0,0.1,11.8,106.0,1005.5,1420.0
2026-05-02 10:00:00,15.9,32.3,52.0,0.0,18.8,116.0,1006.6,1085.0
2026-05-02 11:00:00,19.4,30.7,58.0,0.0,16.5,104.0,1007.5,790.0
2026-05-02 12:00:00,18.0,30.3,60.0,0.0,13.7,104.0,1008.0,785.0
2026-05-02 13:00:00,,29.9,61.0,0.0,13.5,106.0,1008.4,710.0
2026-05-02 14:00:00,10.8,29.5,62.0,0.0,12.1,107.0,1008.9,555.0
2026-05-02 15:00:00,,29.1,63.0,0.0,10.0,107.0,1008.9,505.0
2026-05-02 16:00:00,7.25,28.8,64.0,0.0,7.5,107.0,1008.7,525.0
2026-05-02 17:00:00,6.29,28.6,65.0,0.0,6.2,107.0,1008.8,470.0
2026-05-02 18:00:00,6.0,28.3,65.0,0.0,5.7,77.0,1008.2,450.0
2026-05-02 19:00:00,,28.0,67.0,0.0,4.2,65.0,1007.9,325.0
2026-05-02 20:00:00,9.97,27.7,68.0,0.0,3.1,40.0,1007.8,200.0
2026-05-02 21:00:00,,27.5,69.0,0.0,2.3,45.0,1008.0,120.0
2026-05-02 22:00:00,,27.5,69.0,0.0,1.7,72.0,1008.4,110.0
2026-05-02 23:00:00,,28.2,66.0,0.0,2.2,9.0,1008.7,430.0
2026-05-03 00:00:00,,29.2,63.0,0.0,2.4,207.0,1009.5,605.0
2026-05-03 01:00:00,21.1,30.6,58.0,0.0,2.0,260.0,1009.5,875.0
2026-05-03 02:00:00,,32.5,52.0,0.0,2.8,259.0,1009.6,1225.0
2026-05-03 03:00:00,19.5,33.9,46.0,0.0,4.5,263.0,1009.0,1485.0
2026-05-03 04:00:00,,34.8,42.0,0.0,7.5,262.0,1008.2,1680.0
2026-05-03 05:00:00,,34.9,43.0,0.0,9.3,261.0,1007.1,1240.0
2026-05-03 06:00:00,,34.8,42.0,0.0,10.0,262.0,1006.2,1335.0
2026-05-03 07:00:00,,35.0,41.0,0.0,7.8,261.0,1005.6,1265.0
2026-05-03 08:00:00,,35.0,41.0,0.0,6.5,246.0,1005.5,1110.0
2026-05-03 09:00:00,11.4,34.5,43.0,0.0,8.0,214.0,1005.4,640.0
2026-05-03 10:00:00,,33.5,48.0,0.0,14.7,156.0,1005.9,730.0
2026-05-03 11:00:00,,32.0,54.0,0.0,15.9,129.0,1006.9,665.0
2026-05-03 12:00:00,12.5,31.3,51.0,0.0,11.8,118.0,1007.4,430.0
2026-05-03 13:00:00,,30.7,54.0,0.0,10.8,126.0,1007.8,425.0
2026-05-03 14:00:00,,29.8,62.0,0.0,11.7,139.0,1008.6,475.0
2026-05-03 15:00:00,13.1,28.9,68.0,0.0,13.4,127.0,1008.8,515.0
2026-05-03 16:00:00,6.32,28.5,69.0,0.0,13.0,115.0,1008.8,490.0
2026-05-03 17:00:00,3.63,28.2,69.0,0.0,11.9,113.0,1008.6,470.0
2026-05-03 18:00:00,5.93,27.9,69.0,0.0,9.8,116.0,1008.7,430.0
2026-05-03 19:00:00,,27.8,69.0,0.0,7.7,115.0,1008.5,420.0
2026-05-03 20:00:00,,27.5,69.0,0.0,6.3,103.0,1008.9,410.0
2026-05-03 21:00:00,,27.2,70.0,0.0,5.6,86.0,1009.1,375.0
2026-05-03 22:00:00,,27.1,70.0,0.0,4.9,92.0,1009.3,330.0
2026-05-03 23:00:00,,27.5,68.0,0.0,4.2,78.0,1009.7,355.0
2026-05-04 00:00:00,,29.5,61.0,0.0,5.6,86.0,1010.5,665.0
2026-05-04 01:00:00,,31.3,54.0,0.0,3.2,74.0,1010.8,1105.0
2026-05-04 02:00:00,,33.0,46.0,0.0,1.8,336.0,1010.6,1640.0
2026-05-04 03:00:00,,34.2,41.0,0.0,4.0,300.0,1009.9,1865.0
2026-05-04 04:00:00,,34.9,37.0,0.0,4.5,277.0,1009.3,1770.0
2026-05-04 05:00:00,,35.5,35.0,0.0,5.0,257.0,1008.0,2310.0
2026-05-04 06:00:00,8.79,36.1,29.0,0.0,3.7,321.0,1007.4,2465.0
2026-05-04 07:00:00,,36.1,30.0,0.0,5.2,49.0,1006.7,2165.0
2026-05-04 08:00:00,,35.8,31.0,0.0,7.2,104.0,1006.4,1980.0
2026-05-04 09:00:00,,34.9,33.0,0.0,10.1,115.0,1006.3,1740.0
2026-05-04 10:00:00,14.9,33.4,38.0,0.0,12.8,96.0,1006.9,1110.0
2026-05-04 11:00:00,17.7,31.6,47.0,0.0,12.5,108.0,1008.2,685.0
2026-05-04 12:00:00,,30.8,52.0,0.0,11.4,125.0,1008.5,540.0
2026-05-04 13:00:00,,30.2,56.0,0.0,10.3,137.0,1008.8,505.0
2026-05-04 14:00:00,,29.7,59.0,0.0,10.0,144.0,1009.5,545.0
2026-05-04 15:00:00,,29.0,65.0,0.0,11.5,131.0,1009.8,600.0
2026-05-04 16:00:00,,28.6,67.0,0.0,9.7,118.0,1009.5,615.0
2026-05-04 17:00:00,,28.6,67.0,0.0,6.4,117.0,1008.9,535.0
2026-05-04 18:00:00,9.13,28.6,61.0,0.0,3.8,85.0,1008.5,375.0
2026-05-04 19:00:00,8.06,28.5,60.0,0.0,4.0,63.0,1008.1,320.0
2026-05-04 20:00:00,8.57,28.3,61.0,0.0,3.7,79.0,1007.9,375.0
2026-05-04 21:00:00,,27.9,63.0,0.0,5.6,107.0,1008.5,405.0
2026-05-04 22:00:00,22.3,27.4,69.0,0.0,7.3,121.0,1008.6,375.0
2026-05-04 23:00:00,,27.8,68.0,0.0,7.7,123.0,1009.2,460.0
2026-05-05 00:00:00,,29.2,57.0,0.0,0.2,360.0,1009.3,700.0
2026-05-05 01:00:00,,31.0,51.0,0.0,0.4,297.0,1009.5,1045.0
2026-05-05 02:00:00,,33.2,44.0,0.0,2.3,209.0,1008.9,1615.0
2026-05-05 03:00:00,,34.1,41.0,0.1,4.2,211.0,1008.3,1650.0
2026-05-05 04:00:00,10.2,34.2,42.0,0.0,5.5,212.0,1007.8,1575.0
2026-05-05 05:00:00,9.36,34.6,42.0,0.1,6.7,177.0,1006.9,1495.0
2026-05-05 06:00:00,6.73,34.6,42.0,0.0,8.0,132.0,1006.3,1730.0
2026-05-05 07:00:00,6.2,35.1,42.0,0.1,5.2,94.0,1005.7,1900.0
2026-05-05 08:00:00,6.84,34.7,43.0,0.0,4.5,74.0,1005.7,1800.0
2026-05-05 09:00:00,,33.3,46.0,0.5,2.1,110.0,1006.0,1440.0
2026-05-05 10:00:00,,32.8,49.0,0.2,7.0,136.0,1006.6,1285.0
2026-05-05 11:00:00,,31.6,55.0,0.0,12.7,119.0,1007.2,805.0
2026-05-05 12:00:00,12.4,29.9,65.0,0.0,3.4,223.0,1008.0,180.0
2026-05-05 13:00:00,17.4,30.0,64.0,0.0,5.8,160.0,1008.5,600.0
2026-05-05 14:00:00,16.7,29.7,65.0,0.0,9.5,123.0,1008.9,660.0
2026-05-05 15:00:00,10.3,29.6,65.0,0.0,9.2,113.0,1009.0,705.0
2026-05-05 16:00:00,,29.4,64.0,0.0,7.4,104.0,1008.6,705.0
2026-05-05 17:00:00,2.71,29.3,63.0,0.0,5.7,103.0,1007.9,705.0
2026-05-05 18:00:00,4.87,28.0,72.0,0.0,7.9,117.0,1007.8,675.0
2026-05-05 19:00:00,4.45,28.2,71.0,0.0,5.3,108.0,1007.5,545.0
2026-05-05 20:00:00,11.6,28.4,68.0,0.0,4.1,119.0,1007.7,520.0
2026-05-05 21:00:00,13.0,28.4,67.0,0.0,3.6,93.0,1007.9,515.0
2026-05-05 22:00:00,18.5,28.4,67.0,0.0,3.2,117.0,1008.5,710.0
2026-05-05 23:00:00,23.5,28.9,65.0,0.0,5.2,124.0,1008.9,775.0
2026-05-06 00:00:00,,29.8,62.0,0.0,1.5,14.0,1009.4,815.0
2026-05-06 01:00:00,14.0,31.7,53.0,0.0,3.1,103.0,1009.5,1215.0
2026-05-06 02:00:00,14.8,33.4,46.0,0.0,4.9,144.0,1009.0,1520.0
2026-05-06 03:00:00,16.2,34.2,43.0,0.0,5.2,196.0,1008.3,1615.0
2026-05-06 04:00:00,11.7,34.8,42.0,0.0,6.1,238.0,1007.3,1680.0
2026-05-06 05:00:00,13.6,35.3,40.0,0.0,6.3,235.0,1006.5,1635.0
2026-05-06 06:00:00,12.5,35.3,40.0,0.0,7.1,232.0,1005.8,1735.0
2026-05-06 07:00:00,,35.3,40.0,0.0,7.7,211.0,1005.3,1465.0
2026-05-06 08:00:00,18.4,35.0,41.0,0.0,10.5,167.0,1005.2,1280.0
2026-05-06 09:00:00,,33.9,46.0,0.0,16.8,147.0,1005.9,985.0
2026-05-06 10:00:00,,32.5,50.0,0.0,18.2,131.0,1006.7,790.0
2026-05-06 11:00:00,,31.5,50.0,0.0,14.5,117.0,1007.5,690.0
2026-05-06 12:00:00,22.7,31.0,53.0,0.0,14.5,117.0,1008.4,670.0
2026-05-06 13:00:00,13.9,30.4,57.0,0.0,12.9,123.0,1008.7,550.0
2026-05-06 14:00:00,,29.9,59.0,0.0,11.6,125.0,1009.1,475.0
2026-05-06 15:00:00,12.1,29.5,60.0,0.0,9.6,113.0,1008.9,415.0
2026-05-06 16:00:00,8.96,29.1,61.0,0.0,6.5,98.0,1008.4,385.0
2026-05-06 17:00:00,12.7,28.8,63.0,0.0,4.8,119.0,1007.8,365.0
2026-05-06 18:00:00,,28.5,64.0,0.0,5.0,136.0,1007.6,460.0
2026-05-06 19:00:00,,28.0,65.0,0.0,6.0,123.0,1007.3,295.0
2026-05-06 20:00:00,,27.5,67.0,0.0,6.8,119.0,1007.4,220.0
2026-05-06 21:00:00,22.6,27.0,70.0,0.0,6.8,117.0,1007.7,225.0
2026-05-06 22:00:00,,26.7,72.0,0.0,5.8,106.0,1008.1,205.0
2026-05-06 23:00:00,,27.6,67.0,0.0,4.9,86.0,1008.8,290.0
2026-05-07 00:00:00,,29.6,59.0,0.0,4.1,77.0,1009.1,665.0
2026-05-07 01:00:00,,31.5,53.0,0.0,3.3,68.0,1009.0,1070.0
2026-05-07 02:00:00,,33.3,45.0,0.0,0.9,307.0,1008.5,1515.0
2026-05-07 03:00:00,,34.1,42.0,0.0,4.5,272.0,1008.0,1620.0
2026-05-07 04:00:00,,34.9,40.0,0.0,6.3,243.0,1007.4,1455.0
2026-05-07 05:00:00,,35.5,38.0,0.0,9.3,198.0,1006.3,1485.0
2026-05-07 06:00:00,,36.2,36.0,0.0,10.2,157.0,1005.4,1945.0
2026-05-07 07:00:00,14.3,36.6,35.0,0.0,10.3,157.0,1004.7,2155.0
2026-05-07 08:00:00,15.3,36.3,36.0,0.1,9.1,139.0,1004.3,2085.0
2026-05-07 09:00:00,,35.4,38.0,0.0,13.5,117.0,1004.5,1875.0
2026-05-07 10:00:00,,33.4,48.0,0.0,16.3,110.0,1005.8,1045.0
2026-05-07 11:00:00,,31.5,57.0,0.0,16.9,121.0,1006.8,775.0
2026-05-07 12:00:00,11.2,30.8,61.0,0.0,12.0,131.0,1007.1,620.0
2026-05-07 13:00:00,8.84,30.4,64.0,0.0,11.1,140.0,1007.3,545.0
2026-05-07 14:00:00,5.55,30.0,67.0,0.0,11.9,139.0,1007.7,530.0
2026-05-07 15:00:00,,29.8,67.0,0.0,10.5,128.0,1007.8,515.0
2026-05-07 16:00:00,8.43,29.5,68.0,0.0,6.0,117.0,1007.3,505.0
2026-05-07 17:00:00,4.18,29.3,68.0,0.0,4.4,125.0,1007.0,440.0
2026-05-07 18:00:00,4.77,29.1,70.0,0.0,4.7,164.0,1007.0,445.0
2026-05-07 19:00:00,8.71,28.8,72.0,0.0,4.0,148.0,1007.1,535.0
2026-05-07 20:00:00,,28.7,72.0,0.0,3.9,127.0,1007.3,510.0
2026-05-07 21:00:00,,28.6,72.0,0.0,3.8,121.0,1007.6,490.0
2026-05-07 22:00:00,,28.6,71.0,0.0,3.4,90.0,1007.8,480.0
2026-05-07 23:00:00,,29.1,68.0,0.0,3.5,114.0,1008.4,710.0
2026-05-08 00:00:00,,30.3,63.0,0.0,2.2,138.0,1009.0,940.0
2026-05-08 01:00:00,,32.4,53.0,0.0,5.9,108.0,1009.1,1290.0
2026-05-08 02:00:00,,33.9,47.0,0.0,8.9,137.0,1008.7,1550.0
2026-05-08 03:00:00,,34.6,46.0,0.0,9.2,149.0,1008.1,1635.0
2026-05-08 04:00:00,,35.5,41.0,0.0,8.7,158.0,1007.1,1765.0
2026-05-08 05:00:00,13.3,36.2,37.0,0.0,8.1,145.0,1006.3,1900.0
2026-05-08 06:00:00,10.9,36.0,34.0,0.0,5.9,125.0,1005.6,1945.0
2026-05-08 07:00:00,12.9,36.0,35.0,0.0,5.7,156.0,1005.0,1990.0
2026-05-08 08:00:00,11.4,35.5,38.0,0.0,7.9,169.0,1004.9,1870.0
2026-05-08 09:00:00,18.5,34.4,44.0,0.1,11.3,146.0,1005.2,985.0
2026-05-08 10:00:00,18.4,33.4,48.0,0.0,14.0,125.0,1005.9,810.0
2026-05-08 11:00:00,,31.9,54.0,0.0,15.2,120.0,1007.0,655.0
2026-05-08 12:00:00,,31.3,53.0,0.0,14.2,122.0,1007.8,610.0
2026-05-08 13:00:00,10.7,30.7,58.0,0.0,14.1,122.0,1008.5,615.0
2026-05-08 14:00:00,7.2,30.1,63.0,0.0,12.5,122.0,1009.2,600.0
2026-05-08 15:00:00,5.93,29.7,64.0,0.0,11.7,121.0,1009.0,595.0
2026-05-08 16:00:00,,29.4,65.0,0.0,10.5,117.0,1008.5,575.0
2026-05-08 17:00:00,,29.3,66.0,0.0,7.7,108.0,1008.1,565.0
2026-05-08 18:00:00,,29.0,68.0,0.0,9.3,115.0,1007.8,555.0
2026-05-08 19:00:00,,28.9,69.0,0.0,8.6,116.0,1007.4,485.0
2026-05-08 20:00:00,,28.5,71.0,0.0,8.2,113.0,1007.4,495.0
2026-05-08 21:00:00,8.38,28.3,71.0,0.0,5.8,92.0,1007.7,445.0
2026-05-08 22:00:00,,28.3,70.0,0.0,4.5,76.0,1008.0,410.0
2026-05-08 23:00:00,,29.0,66.0,0.0,2.6,65.0,1008.8,525.0
2026-05-09 00:00:00,10.3,30.1,60.0,0.0,1.8,315.0,1009.6,810.0
2026-05-09 01:00:00,11.0,31.9,53.0,0.0,0.4,333.0,1009.8,1135.0
2026-05-09 02:00:00,,33.4,45.0,0.0,0.9,270.0,1009.5,1405.0
2026-05-09 03:00:00,12.1,34.4,40.0,0.0,2.8,259.0,1008.8,1670.0
2026-05-09 04:00:00,,35.0,38.0,0.1,1.8,264.0,1008.2,1770.0
2026-05-09 05:00:00,,35.7,35.0,0.1,2.8,225.0,1007.1,1900.0
2026-05-09 06:00:00,,35.4,36.0,0.5,5.7,191.0,1006.1,1895.0
2026-05-09 07:00:00,,36.3,35.0,0.1,7.6,166.0,1005.5,2005.0
2026-05-09 08:00:00,,35.8,38.0,0.0,9.0,142.0,1005.1,2005.0
2026-05-09 09:00:00,,35.4,40.0,0.1,10.0,126.0,1005.5,1940.0
2026-05-09 10:00:00,,34.3,44.0,0.0,12.9,109.0,1006.1,1420.0
2026-05-09 11:00:00,23.7,32.4,51.0,0.0,13.6,108.0,1007.0,850.0
2026-05-09 12:00:00,20.2,31.2,55.0,0.0,13.6,125.0,1007.6,635.0
2026-05-09 13:00:00,,30.2,63.0,0.0,13.8,130.0,1008.2,540.0
2026-05-09 14:00:00,,29.5,69.0,0.0,13.6,126.0,1008.6,520.0
2026-05-09 15:00:00,,29.3,69.0,0.0,11.9,119.0,1008.9,500.0
2026-05-09 16:00:00,,29.0,69.0,0.0,9.5,112.0,1008.5,465.0
2026-05-09 17:00:00,4.43,28.8,69.0,0.0,7.9,107.0,1008.0,430.0
2026-05-09 18:00:00,,28.5,69.0,0.0,7.3,113.0,1007.7,425.0
2026-05-09 19:00:00,7.62,28.3,70.0,0.0,7.2,122.0,1007.3,425.0
2026-05-09 20:00:00,10.0,28.1,72.0,0.0,6.6,123.0,1007.2,400.0
2026-05-09 21:00:00,25.9,28.0,71.0,0.0,4.7,108.0,1007.6,375.0
2026-05-09 22:00:00,,28.1,70.0,0.0,2.8,108.0,1008.2,400.0
2026-05-09 23:00:00,11.9,28.8,65.0,0.0,1.1,108.0,1008.7,510.0
2026-05-10 00:00:00,14.7,29.6,59.0,0.0,0.7,194.0,1009.2,765.0
2026-05-10 01:00:00,14.2,31.7,52.0,0.0,1.9,41.0,1009.3,1205.0
2026-05-10 02:00:00,29.1,33.5,45.0,0.0,1.2,309.0,1009.0,1560.0
2026-05-10 03:00:00,20.3,34.2,41.0,0.0,4.6,257.0,1008.3,1610.0
2026-05-10 04:00:00,11.3,35.0,39.0,0.0,7.6,239.0,1007.6,1545.0
2026-05-10 05:00:00,11.4,36.1,35.0,0.0,7.4,219.0,1006.4,1945.0
2026-05-10 06:00:00,,35.1,41.0,0.0,9.6,249.0,1005.7,1145.0
2026-05-10 07:00:00,,34.9,44.0,0.0,10.1,251.0,1005.1,805.0
2026-05-10 08:00:00,10.4,34.4,47.0,0.0,8.1,238.0,1004.9,795.0
2026-05-10 09:00:00,10.6,34.9,43.0,0.0,11.8,160.0,1005.1,825.0
2026-05-10 10:00:00,15.3,33.4,50.0,0.0,16.4,122.0,1006.4,1050.0
2026-05-10 11:00:00,,31.8,56.0,0.0,15.6,117.0,1007.4,765.0
2026-05-10 12:00:00,10.2,30.9,57.0,0.0,12.5,126.0,1008.1,560.0
2026-05-10 13:00:00,,30.8,59.0,0.0,12.9,132.0,1008.4,545.0
2026-05-10 14:00:00,11.3,30.3,63.0,0.0,13.7,134.0,1008.7,535.0
2026-05-10 15:00:00,,29.7,67.0,0.0,11.6,125.0,1008.8,460.0
2026-05-10 16:00:00,,29.2,71.0,0.0,10.5,123.0,1008.6,410.0
2026-05-10 17:00:00,,28.8,74.0,0.0,9.2,130.0,1008.2,340.0
2026-05-10 18:00:00,3.74,28.5,73.0,0.0,7.6,124.0,1007.7,360.0
2026-05-10 19:00:00,,28.5,73.0,0.0,7.7,126.0,1007.3,360.0
2026-05-10 20:00:00,6.4,28.4,72.0,0.0,6.5,129.0,1007.3,325.0
2026-05-10 21:00:00,19.6,28.3,72.0,0.0,5.8,126.0,1007.6,345.0
2026-05-10 22:00:00,12.6,28.4,70.0,0.0,4.7,133.0,1008.3,390.0
2026-05-10 23:00:00,7.81,29.0,66.0,0.0,2.7,160.0,1008.7,585.0
2026-05-11 00:00:00,,30.2,61.0,0.0,1.6,276.0,1009.4,870.0
2026-05-11 01:00:00,19.0,31.7,55.0,0.0,1.2,309.0,1009.5,1165.0
2026-05-11 02:00:00,23.9,33.0,49.0,0.0,3.4,302.0,1009.3,1360.0
2026-05-11 03:00:00,15.1,33.5,48.0,0.0,6.7,265.0,1008.8,1125.0
2026-05-11 04:00:00,,33.5,49.0,0.0,6.2,234.0,1008.0,1000.0
2026-05-11 05:00:00,10.2,34.1,48.0,0.1,6.0,224.0,1006.9,1050.0
2026-05-11 06:00:00,13.8,34.6,45.0,0.0,8.6,191.0,1006.3,1240.0
2026-05-11 07:00:00,11.1,35.7,43.0,0.0,8.9,201.0,1005.7,1410.0
2026-05-11 08:00:00,14.1,35.2,45.0,0.0,8.9,205.0,1005.1,1305.0
2026-05-11 09:00:00,16.3,34.4,48.0,0.0,14.0,180.0,1005.2,910.0
2026-05-11 10:00:00,,33.1,52.0,0.0,16.1,164.0,1005.8,515.0
2026-05-11 11:00:00,17.8,32.1,56.0,0.0,16.3,147.0,1006.4,480.0
2026-05-11 12:00:00,16.9,30.9,65.0,0.0,14.0,157.0,1007.3,420.0
2026-05-11 13:00:00,11.9,30.5,68.0,0.0,8.7,176.0,1008.0,455.0
2026-05-11 14:00:00,13.0,30.2,69.0,0.0,10.3,176.0,1008.5,500.0
2026-05-11 15:00:00,6.7,29.7,72.0,0.0,9.4,163.0,1008.2,475.0
2026-05-11 16:00:00,11.3,29.4,73.0,0.0,6.2,147.0,1007.4,445.0
2026-05-11 17:00:00,11.1,29.4,72.0,0.0,5.0,139.0,1006.6,505.0
2026-05-11 18:00:00,14.4,29.0,74.0,0.0,3.5,125.0,1006.1,470.0
2026-05-11 19:00:00,13.0,29.0,72.0,0.0,2.5,98.0,1005.5,510.0
2026-05-11 20:00:00,9.55,28.8,72.0,0.0,2.1,75.0,1005.7,515.0
2026-05-11 21:00:00,,28.7,72.0,0.0,1.3,90.0,1005.9,480.0
2026-05-11 22:00:00,16.1,28.6,73.0,0.0,3.0,123.0,1006.5,440.0
2026-05-11 23:00:00,19.2,29.1,71.0,0.0,3.6,131.0,1007.1,580.0
2026-05-12 00:00:00,,30.0,66.0,0.0,1.2,129.0,1007.4,720.0
2026-05-12 01:00:00,28.4,31.8,58.0,0.0,0.6,252.0,1007.3,985.0
2026-05-12 02:00:00,36.6,33.2,51.0,0.0,4.2,288.0,1007.0,1270.0
2026-05-12 03:00:00,30.0,34.1,48.0,0.0,9.0,271.0,1006.1,1345.0
2026-05-12 04:00:00,24.9,34.8,46.0,0.0,12.4,262.0,1005.3,1420.0
2026-05-12 05:00:00,31.2,35.5,44.0,0.0,14.1,257.0,1004.2,1610.0
2026-05-12 06:00:00,31.7,35.5,41.0,0.0,14.1,274.0,1003.6,1600.0
2026-05-12 07:00:00,27.8,35.2,39.0,0.0,14.6,260.0,1003.0,525.0
2026-05-12 08:00:00,28.6,33.2,59.0,0.0,18.5,240.0,1002.7,420.0
2026-05-12 09:00:00,30.9,32.6,62.0,0.0,17.2,232.0,1003.1,480.0
2026-05-12 10:00:00,31.5,31.7,66.0,0.0,14.5,221.0,1003.9,400.0
2026-05-12 11:00:00,30.5,31.7,65.0,0.0,8.6,217.0,1004.8,420.0
2026-05-12 12:00:00,32.5,31.0,63.0,0.1,8.4,320.0,1005.5,595.0
2026-05-12 13:00:00,31.1,29.7,69.0,0.3,3.3,261.0,1006.3,200.0
2026-05-12 14:00:00,25.7,29.6,70.0,0.0,3.6,290.0,1006.5,220.0
2026-05-12 15:00:00,36.7,29.5,71.0,0.0,3.5,339.0,1006.4,275.0
2026-05-12 16:00:00,18.1,29.3,72.0,0.0,2.5,352.0,1006.1,275.0
2026-05-12 17:00:00,16.2,29.2,73.0,0.0,2.5,352.0,1005.4,125.0
2026-05-12 18:00:00,15.5,29.2,72.0,0.0,3.1,3.0,1005.2,255.0
2026-05-12 19:00:00,20.4,28.9,76.0,0.0,3.6,351.0,1004.8,245.0
2026-05-12 20:00:00,26.6,28.7,78.0,0.0,3.4,357.0,1005.2,220.0
2026-05-12 21:00:00,24.6,28.6,80.0,0.0,3.1,3.0,1005.4,210.0
2026-05-12 22:00:00,24.0,28.8,78.0,0.0,1.5,45.0,1006.0,185.0
2026-05-12 23:00:00,,29.6,73.0,0.0,1.3,124.0,1006.6,675.0
2026-05-13 00:00:00,,31.1,64.0,0.0,3.4,16.0,1007.0,935.0
2026-05-13 01:00:00,,31.9,61.0,0.0,3.0,346.0,1007.0,1015.0
2026-05-13 02:00:00,,32.8,57.0,0.0,4.5,310.0,1006.5,1035.0
2026-05-13 03:00:00,,33.6,53.0,0.0,7.3,287.0,1006.1,1035.0
2026-05-13 04:00:00,,33.9,51.0,0.0,11.2,276.0,1005.4,980.0
2026-05-13 05:00:00,,33.8,51.0,0.0,12.1,267.0,1004.5,835.0
2026-05-13 06:00:00,40.0,34.2,53.0,0.0,12.1,252.0,1003.8,1000.0
2026-05-13 07:00:00,31.2,34.2,52.0,0.0,12.2,234.0,1003.2,1050.0
2026-05-13 08:00:00,,33.9,54.0,0.0,13.5,223.0,1002.8,865.0
2026-05-13 09:00:00,,32.9,57.0,0.0,14.9,216.0,1002.7,535.0
2026-05-13 10:00:00,,31.7,61.0,0.0,15.0,212.0,1003.2,375.0
2026-05-13 11:00:00,,31.1,63.0,0.0,13.4,208.0,1003.6,315.0
2026-05-13 12:00:00,,31.2,65.0,0.0,13.3,229.0,1004.2,440.0
2026-05-13 13:00:00,,30.8,67.0,0.0,10.4,217.0,1004.6,470.0
2026-05-13 14:00:00,,30.4,69.0,0.0,8.9,201.0,1005.1,425.0
2026-05-13 15:00:00,15.8,30.2,70.0,0.0,8.8,203.0,1005.1,400.0
2026-05-13 16:00:00,12.5,30.0,72.0,0.0,8.7,210.0,1004.9,420.0
2026-05-13 17:00:00,,30.0,71.0,0.0,7.3,224.0,1004.6,530.0
2026-05-13 18:00:00,,29.9,70.0,0.0,6.1,240.0,1004.2,625.0
2026-05-13 19:00:00,,30.0,66.0,0.0,3.8,270.0,1004.2,805.0
2026-05-13 20:00:00,16.9,29.7,66.0,0.0,1.9,287.0,1004.2,695.0
2026-05-13 21:00:00,30.8,29.6,67.0,0.0,0.9,53.0,1004.6,25.0
2026-05-13 22:00:00,26.4,29.6,68.0,0.1,3.6,110.0,1005.1,305.0
2026-05-13 23:00:00,,30.3,66.0,0.0,6.0,134.0,1005.7,730.0
2026-05-14 00:00:00,30.0,32.2,58.0,0.0,4.3,123.0,1006.0,1095.0
2026-05-14 01:00:00,29.1,33.1,54.0,0.0,4.3,175.0,1006.4,1215.0
2026-05-14 02:00:00,35.0,34.1,51.0,0.0,4.4,212.0,1006.3,1345.0
2026-05-14 03:00:00,34.3,34.4,51.0,0.0,7.2,256.0,1005.9,1320.0
2026-05-14 04:00:00,,34.3,53.0,0.1,11.8,264.0,1005.4,1145.0
2026-05-14 05:00:00,,34.0,52.0,0.2,15.9,257.0,1004.8,970.0
2026-05-14 06:00:00,32.3,34.4,49.0,2.1,18.8,244.0,1004.0,960.0
2026-05-14 07:00:00,28.3,33.9,50.0,0.6,17.4,237.0,1003.6,1180.0
2026-05-14 08:00:00,25.0,33.0,53.0,0.2,18.1,233.0,1003.2,760.0
2026-05-14 09:00:00,26.4,32.3,56.0,0.0,15.2,227.0,1003.5,705.0
2026-05-14 10:00:00,28.9,31.8,60.0,0.0,11.5,229.0,1004.3,665.0
2026-05-14 11:00:00,24.9,31.6,61.0,0.0,9.0,240.0,1004.8,825.0
2026-05-14 12:00:00,22.1,31.9,59.0,0.0,8.1,235.0,1005.1,945.0
2026-05-14 13:00:00,21.0,31.6,59.0,0.0,7.5,246.0,1006.3,945.0
2026-05-14 14:00:00,,31.5,60.0,0.0,6.7,250.0,1006.9,850.0
2026-05-14 15:00:00,22.1,31.2,61.0,0.0,6.3,246.0,1006.9,685.0
2026-05-14 16:00:00,19.8,30.9,62.0,0.0,5.6,243.0,1006.7,540.0
2026-05-14 17:00:00,19.3,30.6,64.0,0.0,4.4,232.0,1006.1,510.0
2026-05-14 18:00:00,16.0,30.3,63.0,0.0,3.4,252.0,1005.6,770.0
2026-05-14 19:00:00,23.5,30.0,64.0,0.0,2.3,293.0,1005.2,775.0
2026-05-14 20:00:00,18.8,29.7,65.0,0.0,1.9,17.0,1005.5,770.0
2026-05-14 21:00:00,,29.3,69.0,0.0,4.9,82.0,1005.6,360.0
2026-05-14 22:00:00,,29.2,71.0,0.0,6.3,121.0,1006.0,445.0
2026-05-14 23:00:00,,29.9,68.0,0.0,5.2,134.0,1006.5,680.0
2026-05-15 00:00:00,,31.9,60.0,0.0,3.1,50.0,1007.0,1025.0
2026-05-15 01:00:00,,32.6,57.0,0.1,1.6,84.0,1007.3,1115.0
2026-05-15 02:00:00,,33.6,52.0,0.0,2.9,176.0,1006.7,1185.0
2026-05-15 03:00:00,,34.5,47.0,0.1,3.1,180.0,1006.2,1370.0
2026-05-15 04:00:00,39.8,35.1,46.0,0.1,3.7,256.0,1005.7,1490.0
2026-05-15 05:00:00,37.6,35.3,46.0,0.0,5.1,280.0,1004.7,1545.0
2026-05-15 06:00:00,43.9,35.8,45.0,0.1,9.2,268.0,1003.9,1725.0
2026-05-15 07:00:00,38.0,34.9,49.0,0.3,14.5,242.0,1003.2,1395.0
2026-05-15 08:00:00,36.8,32.7,55.0,3.3,8.4,239.0,1003.1,700.0
2026-05-15 09:00:00,35.9,32.2,58.0,1.3,8.4,217.0,1003.2,670.0
2026-05-15 10:00:00,,32.3,57.0,0.4,4.9,197.0,1003.8,1065.0
2026-05-15 11:00:00,,31.9,59.0,0.0,7.8,172.0,1004.4,945.0
2026-05-15 12:00:00,51.8,31.7,62.0,0.0,9.7,119.0,1005.1,540.0
2026-05-15 13:00:00,54.7,30.3,68.0,0.0,5.6,163.0,1005.9,370.0
2026-05-15 14:00:00,,28.8,78.0,1.3,6.3,24.0,1006.8,240.0
2026-05-15 15:00:00,,27.5,86.0,1.6,2.5,240.0,1007.0,75.0
2026-05-15 16:00:00,19.4,27.3,86.0,0.4,2.9,79.0,1006.9,170.0
2026-05-15 17:00:00,25.4,26.1,90.0,0.3,7.2,167.0,1006.6,190.0
2026-05-15 18:00:00,,27.2,80.0,0.4,7.3,113.0,1005.8,280.0
2026-05-15 19:00:00,,25.5,90.0,1.4,6.8,93.0,1005.9,280.0
2026-05-15 20:00:00,,25.1,91.0,0.8,10.0,96.0,1006.3,325.0
2026-05-15 21:00:00,,24.8,91.0,0.4,6.4,112.0,1006.2,210.0
2026-05-15 22:00:00,29.6,24.9,90.0,0.4,9.0,74.0,1006.9,215.0
2026-05-15 23:00:00,,25.7,85.0,0.1,4.8,45.0,1007.9,190.0
2026-05-16 00:00:00,,29.0,72.0,0.2,5.2,88.0,1008.1,640.0
2026-05-16 01:00:00,,29.9,69.0,0.0,1.9,61.0,1008.2,750.0
2026-05-16 02:00:00,,30.8,66.0,0.0,2.5,82.0,1008.0,835.0
2026-05-16 03:00:00,,31.9,62.0,0.0,0.9,233.0,1007.3,1025.0
2026-05-16 04:00:00,47.2,32.5,61.0,0.0,4.7,238.0,1006.4,1175.0
2026-05-16 05:00:00,,32.7,60.0,0.0,6.7,256.0,1005.6,1035.0
2026-05-16 06:00:00,41.2,32.5,63.0,0.0,10.3,269.0,1005.4,660.0
2026-05-16 07:00:00,35.3,32.2,62.0,0.2,10.8,218.0,1005.1,645.0
2026-05-16 08:00:00,27.9,31.3,61.0,0.3,2.2,95.0,1005.1,815.0
2026-05-16 09:00:00,,29.8,67.0,0.8,4.5,241.0,1005.7,735.0
2026-05-16 10:00:00,,28.8,74.0,0.2,6.7,254.0,1006.6,235.0
2026-05-16 11:00:00,48.1,28.5,77.0,0.4,4.3,272.0,1007.1,245.0
2026-05-16 12:00:00,67.6,28.1,78.0,0.4,5.8,286.0,1007.8,280.0
2026-05-16 13:00:00,27.8,28.0,76.0,0.0,5.9,333.0,1008.4,460.0
2026-05-16 14:00:00,29.2,25.6,92.0,4.4,8.6,59.0,1009.4,170.0
2026-05-16 15:00:00,29.2,25.9,92.0,1.4,3.6,72.0,1009.3,115.0
2026-05-16 16:00:00,30.8,26.0,90.0,0.1,5.8,88.0,1008.7,150.0
2026-05-16 17:00:00,30.3,26.0,87.0,0.0,4.5,74.0,1007.6,120.0
2026-05-16 18:00:00,,25.5,94.0,0.0,5.5,54.0,1007.5,175.0
2026-05-16 19:00:00,,25.9,90.0,0.4,3.1,21.0,1006.7,140.0
2026-05-16 20:00:00,,25.8,92.0,0.0,6.9,14.0,1006.5,195.0
2026-05-16 21:00:00,,25.7,90.0,0.0,4.9,24.0,1006.3,160.0
2026-05-16 22:00:00,,25.9,89.0,0.0,2.3,58.0,1006.3,130.0
2026-05-16 23:00:00,,27.0,82.0,0.0,2.2,138.0,1006.8,190.0
2026-05-17 00:00:00,28.2,30.3,62.0,0.0,3.3,167.0,1006.9,525.0
2026-05-17 01:00:00,21.0,31.8,57.0,0.0,3.6,186.0,1006.9,855.0
2026-05-17 02:00:00,,33.3,51.0,0.0,3.1,187.0,1006.6,1285.0
2026-05-17 03:00:00,,34.5,48.0,0.1,2.7,228.0,1006.1,1495.0
2026-05-17 04:00:00,,34.7,47.0,0.2,4.5,236.0,1005.7,1555.0
2026-05-17 05:00:00,,35.0,47.0,0.3,4.6,231.0,1005.2,1700.0
2026-05-17 06:00:00,,35.3,45.0,0.1,4.3,253.0,1004.8,1580.0
2026-05-17 07:00:00,,35.7,43.0,0.0,4.4,251.0,1004.1,1730.0
2026-05-17 08:00:00,12.2,32.6,52.0,0.0,3.5,249.0,1004.0,475.0
2026-05-17 09:00:00,,28.9,71.0,2.0,10.3,341.0,1005.0,205.0
2026-05-17 10:00:00,19.7,29.1,69.0,0.4,6.9,20.0,1005.3,145.0
2026-05-17 11:00:00,22.6,28.3,72.0,0.6,11.1,20.0,1006.4,215.0
2026-05-17 12:00:00,46.1,31.1,60.0,0.1,4.0,357.0,1006.4,410.0
2026-05-17 13:00:00,,30.5,61.0,0.0,7.1,339.0,1007.1,565.0
2026-05-17 14:00:00,,29.8,66.0,0.0,6.5,330.0,1007.8,470.0
2026-05-17 15:00:00,,29.3,71.0,0.0,6.7,3.0,1007.9,410.0
2026-05-17 16:00:00,,28.7,74.0,0.0,6.6,347.0,1007.7,275.0
2026-05-17 17:00:00,16.8,28.2,75.0,0.0,4.9,354.0,1007.2,230.0
2026-05-17 18:00:00,,27.8,78.0,0.0,3.4,18.0,1006.8,365.0
2026-05-17 19:00:00,,27.7,78.0,0.2,3.5,195.0,1006.7,390.0
2026-05-17 20:00:00,21.5,27.8,77.0,0.0,4.3,165.0,1006.8,400.0
2026-05-17 21:00:00,20.2,27.6,78.0,0.0,6.4,151.0,1006.7,375.0
2026-05-17 22:00:00,,27.8,77.0,0.0,6.2,163.0,1006.9,400.0
2026-05-17 23:00:00,,28.8,71.0,0.0,4.2,140.0,1007.2,495.0
2026-05-18 00:00:00,,30.3,66.0,0.0,2.6,102.0,1007.8,675.0
2026-05-18 01:00:00,29.2,31.4,62.0,0.0,0.0,270.0,1007.9,925.0
2026-05-18 02:00:00,,32.4,57.0,0.0,1.5,216.0,1007.8,1140.0
2026-05-18 03:00:00,30.6,33.0,55.0,0.1,4.9,190.0,1007.6,1120.0
2026-05-18 04:00:00,21.7,33.3,54.0,0.0,5.0,139.0,1007.0,1045.0
2026-05-18 05:00:00,24.6,34.3,50.0,0.1,5.6,138.0,1006.1,1580.0
2026-05-18 06:00:00,,32.3,55.0,0.1,11.6,164.0,1006.0,905.0
2026-05-18 07:00:00,5.02,32.4,56.0,0.8,3.2,128.0,1005.5,720.0
2026-05-18 08:00:00,12.6,32.4,57.0,0.3,5.7,118.0,1004.8,1060.0
2026-05-18 09:00:00,,30.2,68.0,2.1,5.2,102.0,1005.3,385.0
2026-05-18 10:00:00,,30.2,67.0,0.4,2.9,120.0,1006.0,450.0
2026-05-18 11:00:00,,28.0,79.0,1.3,0.9,143.0,1007.4,175.0
2026-05-18 12:00:00,,26.4,87.0,0.4,5.0,55.0,1008.1,185.0
2026-05-18 13:00:00,,27.0,82.0,1.2,5.5,9.0,1008.5,170.0
2026-05-18 14:00:00,,27.7,76.0,0.3,4.7,18.0,1009.0,210.0
2026-05-18 15:00:00,17.9,28.0,75.0,0.0,5.1,17.0,1008.9,245.0
2026-05-18 16:00:00,17.6,28.0,76.0,0.0,5.0,26.0,1008.4,265.0
2026-05-18 17:00:00,16.2,27.8,78.0,0.0,4.2,25.0,1007.9,240.0
2026-05-18 18:00:00,,27.9,82.0,0.1,5.2,56.0,1007.3,315.0
2026-05-18 19:00:00,,27.5,84.0,0.2,4.4,81.0,1006.9,290.0
2026-05-18 20:00:00,,27.6,83.0,0.1,1.5,111.0,1006.8,235.0
2026-05-18 21:00:00,,27.7,82.0,0.0,3.0,123.0,1006.9,230.0
2026-05-18 22:00:00,,27.9,80.0,0.0,3.7,137.0,1007.2,265.0
2026-05-18 23:00:00,,28.9,73.0,0.0,3.8,115.0,1007.9,510.0
2026-05-19 00:00:00,,30.4,64.0,0.0,2.9,281.0,1008.3,820.0
2026-05-19 01:00:00,25.9,30.8,65.0,0.1,1.9,241.0,1008.8,980.0
2026-05-19 02:00:00,23.7,30.8,64.0,0.1,7.6,179.0,1008.9,900.0
2026-05-19 03:00:00,10.1,30.3,68.0,1.6,8.3,167.0,1008.4,580.0
2026-05-19 04:00:00,,31.2,65.0,0.5,7.6,162.0,1008.0,775.0
2026-05-19 05:00:00,,31.5,64.0,0.3,6.9,141.0,1007.6,875.0
2026-05-19 06:00:00,,30.6,64.0,0.8,8.4,145.0,1006.8,635.0
2026-05-19 07:00:00,,31.2,64.0,0.2,7.3,138.0,1006.8,870.0
2026-05-19 08:00:00,,29.6,71.0,1.3,9.0,128.0,1006.0,425.0
2026-05-19 09:00:00,,29.6,73.0,0.3,3.9,127.0,1006.6,440.0
2026-05-19 10:00:00,32.6,29.4,74.0,0.1,3.4,74.0,1007.2,470.0
2026-05-19 11:00:00,30.3,29.2,76.0,0.1,4.5,40.0,1007.7,515.0
2026-05-19 12:00:00,38.2,30.0,69.0,0.1,4.9,66.0,1008.1,595.0
2026-05-19 13:00:00,25.8,29.6,72.0,0.0,5.4,64.0,1008.3,465.0
2026-05-19 14:00:00,24.6,29.4,74.0,0.0,4.0,51.0,1008.6,475.0
2026-05-19 15:00:00,21.8,29.1,76.0,0.0,4.1,29.0,1008.4,405.0
2026-05-19 16:00:00,25.5,28.8,79.0,0.0,4.0,39.0,1007.8,270.0
2026-05-19 17:00:00,20.5,28.7,79.0,0.0,3.9,62.0,1007.4,340.0
2026-05-19 18:00:00,16.2,28.6,78.0,0.0,3.5,55.0,1007.0,360.0
2026-05-19 19:00:00,,28.1,82.0,0.0,3.2,56.0,1006.6,280.0
2026-05-19 20:00:00,,27.8,83.0,0.0,2.8,63.0,1006.7,255.0
2026-05-19 21:00:00,18.2,27.6,85.0,0.0,2.8,75.0,1006.9,255.0
2026-05-19 22:00:00,,27.8,83.0,0.0,3.1,90.0,1007.5,350.0
2026-05-19 23:00:00,,28.7,74.0,0.0,4.7,97.0,1008.2,520.0
2026-05-20 00:00:00,26.0,30.6,65.0,0.0,6.5,95.0,1008.4,1000.0
2026-05-20 01:00:00,24.1,31.7,59.0,0.0,8.2,105.0,1008.5,1150.0
2026-05-20 02:00:00,,32.8,54.0,0.1,8.9,119.0,1008.4,1320.0
2026-05-20 03:00:00,,33.7,51.0,0.1,9.2,129.0,1008.0,1445.0
2026-05-20 04:00:00,26.2,34.5,49.0,0.1,8.8,139.0,1007.4,1575.0
2026-05-20 05:00:00,13.6,34.9,48.0,0.0,7.1,165.0,1006.6,1640.0
2026-05-20 06:00:00,,34.5,50.0,0.0,6.7,207.0,1006.1,1585.0
2026-05-20 07:00:00,,33.8,51.0,0.2,6.7,204.0,1005.7,1345.0
2026-05-20 08:00:00,28.2,33.4,52.0,0.2,6.3,211.0,1005.6,1340.0
2026-05-20 09:00:00,27.1,32.5,55.0,0.4,2.4,9.0,1006.1,1135.0
2026-05-20 10:00:00,29.9,31.6,60.0,0.1,3.5,51.0,1006.7,295.0
2026-05-20 11:00:00,30.3,31.3,63.0,0.0,3.1,144.0,1007.4,680.0
2026-05-20 12:00:00,21.0,31.8,59.0,0.2,8.2,131.0,1007.9,1125.0
2026-05-20 13:00:00,21.3,31.5,60.0,0.0,12.8,119.0,1008.0,880.0
2026-05-20 14:00:00,14.4,30.8,63.0,0.0,12.0,120.0,1008.7,680.0
2026-05-20 15:00:00,8.87,30.2,66.0,0.0,10.9,117.0,1009.0,515.0
2026-05-20 16:00:00,7.22,29.8,68.0,0.0,10.3,113.0,1008.8,490.0
2026-05-20 17:00:00,8.54,29.5,68.0,0.0,7.4,96.0,1008.7,455.0
2026-05-20 18:00:00,6.99,29.3,69.0,0.0,4.0,85.0,1008.4,435.0
2026-05-20 19:00:00,10.1,28.9,70.0,0.0,1.7,108.0,1008.5,430.0
2026-05-20 20:00:00,12.8,28.9,69.0,0.0,3.1,118.0,1008.8,465.0
2026-05-20 21:00:00,20.5,29.0,68.0,0.0,4.6,116.0,1009.1,470.0
2026-05-20 22:00:00,23.6,28.9,69.0,0.0,5.1,96.0,1009.7,445.0
2026-05-20 23:00:00,24.9,29.6,66.0,0.0,6.0,85.0,1010.5,630.0
2026-05-21 00:00:00,,31.0,62.0,0.0,3.8,45.0,1010.9,980.0
2026-05-21 01:00:00,,32.5,55.0,0.2,4.8,79.0,1010.6,1205.0
2026-05-21 02:00:00,,34.2,49.0,0.1,5.1,96.0,1010.2,1520.0
2026-05-21 03:00:00,28.3,35.1,47.0,0.1,4.6,144.0,1009.5,1720.0
2026-05-21 04:00:00,31.9,35.5,46.0,0.0,4.7,212.0,1009.1,1780.0
2026-05-21 05:00:00,31.2,35.6,47.0,0.0,4.8,241.0,1008.3,1635.0
2026-05-21 06:00:00,27.6,35.6,47.0,0.2,5.8,265.0,1007.5,1570.0
2026-05-21 07:00:00,25.5,35.0,50.0,0.4,5.0,270.0,1006.8,1585.0
2026-05-21 08:00:00,7.57,34.9,49.0,0.1,2.6,245.0,1006.5,1540.0
2026-05-21 09:00:00,19.3,34.4,49.0,0.0,2.3,29.0,1006.5,1495.0
2026-05-21 10:00:00,15.9,33.5,52.0,0.1,3.2,106.0,1007.1,1325.0
2026-05-21 11:00:00,15.5,32.9,54.0,0.0,9.7,112.0,1007.6,1055.0
2026-05-21 12:00:00,17.1,32.5,58.0,0.0,13.0,107.0,1008.4,740.0
2026-05-21 13:00:00,,32.0,59.0,0.0,11.9,113.0,1008.8,665.0
2026-05-21 14:00:00,10.3,31.3,63.0,0.0,10.9,119.0,1009.2,610.0
2026-05-21 15:00:00,11.3,30.8,66.0,0.0,11.1,115.0,1009.3,570.0
2026-05-21 16:00:00,7.39,30.4,67.0,0.0,9.7,112.0,1009.0,540.0
2026-05-21 17:00:00,4.85,30.2,68.0,0.0,6.9,107.0,1008.9,530.0
2026-05-21 18:00:00,5.51,29.9,67.0,0.0,4.9,88.0,1009.0,540.0
2026-05-21 19:00:00,13.2,29.8,67.0,0.0,2.8,18.0,1008.9,635.0
2026-05-21 20:00:00,19.2,29.6,70.0,0.0,2.5,356.0,1009.0,590.0
2026-05-21 21:00:00,,29.3,71.0,0.0,2.4,27.0,1009.1,435.0
2026-05-21 22:00:00,23.7,29.2,72.0,0.0,2.1,75.0,1009.7,420.0
2026-05-21 23:00:00,25.4,30.0,68.0,0.0,3.1,140.0,1010.3,570.0
2026-05-22 00:00:00,13.9,32.1,56.0,0.0,5.5,131.0,1010.8,950.0
2026-05-22 01:00:00,,33.3,51.0,0.4,8.0,108.0,1010.7,1185.0
2026-05-22 02:00:00,12.3,34.9,47.0,0.1,6.6,123.0,1009.9,1630.0
2026-05-22 03:00:00,11.9,35.6,46.0,0.0,8.4,145.0,1009.3,1780.0
2026-05-22 04:00:00,,34.9,49.0,0.0,8.8,175.0,1008.6,1620.0
2026-05-22 05:00:00,,36.0,46.0,0.0,3.3,209.0,1008.1,1765.0
2026-05-22 06:00:00,10.4,36.0,43.0,0.0,2.2,90.0,1007.1,1865.0
2026-05-22 07:00:00,7.72,36.5,43.0,0.2,2.4,287.0,1006.6,1895.0
2026-05-22 08:00:00,11.8,35.8,45.0,0.0,4.4,261.0,1006.2,1830.0
2026-05-22 09:00:00,14.7,35.0,46.0,0.0,2.4,257.0,1006.7,1625.0
2026-05-22 10:00:00,18.9,33.6,51.0,0.2,2.6,321.0,1007.1,595.0
2026-05-22 11:00:00,19.6,33.4,51.0,0.0,3.2,207.0,1007.7,840.0
2026-05-22 12:00:00,14.8,33.7,49.0,0.0,6.8,155.0,1008.2,1045.0
2026-05-22 13:00:00,14.7,32.9,53.0,0.0,7.7,90.0,1008.7,630.0
2026-05-22 14:00:00,17.0,31.9,59.0,0.0,8.6,79.0,1009.3,680.0
2026-05-22 15:00:00,8.53,31.1,63.0,0.0,6.2,78.0,1009.6,675.0
2026-05-22 16:00:00,4.02,30.6,65.0,0.0,3.1,66.0,1009.3,615.0
2026-05-22 17:00:00,,30.2,67.0,0.0,1.8,45.0,1008.9,525.0
2026-05-22 18:00:00,9.31,30.1,67.0,0.0,4.6,129.0,1008.6,485.0
2026-05-22 19:00:00,10.5,29.7,68.0,0.0,6.3,117.0,1008.2,455.0
2026-05-22 20:00:00,11.9,29.4,69.0,0.0,6.9,118.0,1008.5,405.0
2026-05-22 21:00:00,,29.1,69.0,0.0,7.2,112.0,1008.6,370.0
2026-05-22 22:00:00,14.2,29.0,70.0,0.0,6.4,112.0,1009.2,330.0
2026-05-22 23:00:00,7.2,30.0,65.0,0.0,5.5,109.0,1009.9,480.0
2026-05-23 00:00:00,12.0,32.1,56.0,0.0,5.3,114.0,1010.0,1000.0
2026-05-23 01:00:00,,33.5,50.0,0.0,5.4,110.0,1009.9,1260.0
2026-05-23 02:00:00,17.1,35.1,44.0,0.0,4.9,107.0,1009.6,1680.0
2026-05-23 03:00:00,19.1,36.5,39.0,0.0,3.1,167.0,1009.0,1910.0
2026-05-23 04:00:00,,36.3,41.0,0.0,3.5,235.0,1008.4,1880.0
2026-05-23 05:00:00,11.4,35.9,45.0,0.0,6.7,256.0,1007.7,1825.0
2026-05-23 06:00:00,10.2,36.2,43.0,0.0,5.3,260.0,1007.0,1935.0
2026-05-23 07:00:00,11.5,36.0,44.0,0.0,5.5,251.0,1006.4,1810.0
2026-05-23 08:00:00,,35.7,44.0,0.0,5.9,230.0,1006.2,1755.0
2026-05-23 09:00:00,,34.8,45.0,0.1,6.2,197.0,1006.6,1350.0
2026-05-23 10:00:00,32.7,31.9,55.0,0.7,3.1,230.0,1008.0,490.0
2026-05-23 11:00:00,33.8,31.9,56.0,0.3,7.4,183.0,1008.4,540.0
2026-05-23 12:00:00,22.7,31.1,61.0,0.4,3.5,305.0,1009.6,535.0
2026-05-23 13:00:00,66.4,31.2,60.0,0.1,2.3,209.0,1009.9,855.0
2026-05-23 14:00:00,25.9,30.9,61.0,0.0,1.4,203.0,1010.1,510.0
2026-05-23 15:00:00,,30.7,62.0,0.0,3.1,273.0,1010.0,545.0
2026-05-23 16:00:00,,30.5,65.0,0.0,2.3,315.0,1009.6,620.0
2026-05-23 17:00:00,,30.2,68.0,0.0,1.0,329.0,1009.1,705.0
2026-05-23 18:00:00,24.3,29.3,69.0,0.0,2.4,253.0,1009.0,450.0
2026-05-23 19:00:00,,28.0,76.0,0.5,4.7,310.0,1009.0,320.0
2026-05-23 20:00:00,,28.2,75.0,0.0,2.7,203.0,1008.7,320.0
2026-05-23 21:00:00,,28.4,74.0,0.0,2.2,204.0,1009.0,410.0
2026-05-23 22:00:00,27.4,28.7,73.0,0.0,3.4,133.0,1009.4,510.0
2026-05-23 23:00:00,18.6,29.5,70.0,0.0,5.2,117.0,1009.8,605.0
2026-05-24 00:00:00,13.3,31.6,60.0,0.0,8.6,113.0,1010.1,940.0
2026-05-24 01:00:00,15.5,33.0,53.0,0.0,6.2,111.0,1010.1,1375.0
2026-05-24 02:00:00,13.0,34.8,44.0,0.0,4.0,117.0,1009.4,1675.0
2026-05-24 03:00:00,,36.1,38.0,0.0,4.2,168.0,1008.7,1825.0
2026-05-24 04:00:00,,36.4,38.0,0.0,6.8,220.0,1007.9,1910.0
2026-05-24 05:00:00,10.8,35.4,44.0,0.4,8.7,227.0,1007.6,1530.0
2026-05-24 06:00:00,,36.4,40.0,0.4,6.1,203.0,1006.8,1800.0
2026-05-24 07:00:00,12.9,36.1,42.0,0.0,6.6,217.0,1006.5,1750.0
2026-05-24 08:00:00,12.8,35.7,43.0,0.0,4.8,214.0,1006.2,1655.0
2026-05-24 09:00:00,11.3,35.2,44.0,0.3,7.5,150.0,1006.4,1480.0
2026-05-24 10:00:00,,34.0,50.0,0.8,11.4,127.0,1007.3,1095.0
2026-05-24 11:00:00,,32.4,56.0,0.3,10.7,127.0,1008.1,640.0
2026-05-24 12:00:00,9.64,32.6,55.0,0.2,8.3,160.0,1008.9,720.0
2026-05-24 13:00:00,9.21,32.0,57.0,0.6,10.3,157.0,1009.3,905.0
2026-05-24 14:00:00,,31.4,62.0,0.1,7.9,169.0,1009.6,680.0
2026-05-24 15:00:00,4.59,29.7,70.0,0.6,4.6,64.0,1009.9,265.0
2026-05-24 16:00:00,,28.5,75.0,0.6,3.7,43.0,1009.6,145.0
2026-05-24 17:00:00,6.57,28.4,76.0,0.1,1.3,146.0,1009.2,140.0
2026-05-24 18:00:00,,28.2,77.0,0.2,4.6,79.0,1008.6,175.0
2026-05-24 19:00:00,8.14,28.9,74.0,0.2,3.5,21.0,1008.3,200.0
2026-05-24 20:00:00,11.0,28.9,74.0,0.0,2.2,346.0,1008.2,195.0
2026-05-24 21:00:00,,29.0,73.0,0.0,2.1,31.0,1008.2,190.0
2026-05-24 22:00:00,,28.9,75.0,0.0,6.0,127.0,1008.4,385.0
2026-05-24 23:00:00,21.0,29.6,73.0,0.0,6.2,126.0,1008.7,430.0
2026-05-25 00:00:00,21.3,31.6,61.0,0.0,5.2,119.0,1008.9,965.0
2026-05-25 01:00:00,,32.6,58.0,0.0,5.0,134.0,1008.8,1145.0
2026-05-25 02:00:00,20.8,33.7,53.0,0.0,3.9,152.0,1008.2,1295.0
2026-05-25 03:00:00,21.5,34.6,50.0,0.0,3.4,162.0,1007.6,1395.0
2026-05-25 04:00:00,18.1,35.3,47.0,0.1,3.8,205.0,1007.0,1460.0
2026-05-25 05:00:00,17.4,35.5,47.0,0.1,4.2,245.0,1006.3,1400.0
2026-05-25 06:00:00,21.0,36.0,44.0,0.0,6.3,270.0,1005.7,1600.0
2026-05-25 07:00:00,,35.9,42.0,0.1,6.1,289.0,1005.2,1650.0
2026-05-25 08:00:00,14.1,33.9,53.0,0.2,11.9,252.0,1005.2,520.0
2026-05-25 09:00:00,19.1,33.2,59.0,0.2,13.7,236.0,1005.4,535.0
2026-05-25 10:00:00,16.5,32.5,60.0,0.1,14.5,219.0,1006.1,485.0
2026-05-25 11:00:00,22.3,31.6,60.0,0.1,12.1,221.0,1006.8,480.0
2026-05-25 12:00:00,,32.3,58.0,0.1,9.6,197.0,1007.3,960.0
2026-05-25 13:00:00,25.0,31.5,60.0,0.2,5.7,235.0,1008.1,655.0
2026-05-25 14:00:00,4.67,28.7,74.0,0.6,8.0,8.0,1008.9,220.0
2026-05-25 15:00:00,9.19,28.7,74.0,0.1,4.8,61.0,1008.9,110.0
2026-05-25 16:00:00,6.97,28.8,74.0,0.0,3.5,66.0,1008.4,95.0
2026-05-25 17:00:00,3.77,28.9,74.0,0.0,5.2,115.0,1007.9,120.0
2026-05-25 18:00:00,4.67,27.0,84.0,0.0,4.8,117.0,1007.2,125.0
2026-05-25 19:00:00,4.28,27.2,81.0,1.0,4.4,150.0,1007.2,220.0
2026-05-25 20:00:00,,27.5,80.0,0.1,8.4,121.0,1006.9,240.0
2026-05-25 21:00:00,,27.8,79.0,0.0,5.2,117.0,1007.1,275.0
2026-05-25 22:00:00,18.8,28.1,80.0,0.0,5.8,104.0,1007.3,375.0
2026-05-25 23:00:00,,29.3,74.0,0.0,7.6,117.0,1007.7,550.0
2026-05-26 00:00:00,20.3,31.4,63.0,0.0,6.5,134.0,1007.9,860.0
2026-05-26 01:00:00,,32.2,58.0,0.0,4.9,147.0,1008.0,1215.0
2026-05-26 02:00:00,28.2,33.5,53.0,0.0,1.9,202.0,1007.6,1370.0
2026-05-26 03:00:00,,34.1,50.0,0.0,3.3,276.0,1007.2,1345.0
2026-05-26 04:00:00,,34.3,49.0,0.1,7.6,267.0,1006.9,1300.0
2026-05-26 05:00:00,32.2,34.1,51.0,0.3,10.8,265.0,1006.5,1240.0
2026-05-26 06:00:00,31.4,34.4,50.0,0.2,14.6,261.0,1005.8,1225.0
2026-05-26 07:00:00,,33.6,54.0,0.0,14.6,243.0,1005.3,635.0
2026-05-26 08:00:00,,33.3,55.0,0.0,14.8,234.0,1004.8,520.0
2026-05-26 09:00:00,33.1,32.8,58.0,0.0,15.3,227.0,1005.3,530.0
2026-05-26 10:00:00,36.2,31.9,62.0,0.1,12.7,219.0,1006.1,470.0
2026-05-26 11:00:00,32.6,31.6,64.0,0.2,9.3,207.0,1006.7,485.0
2026-05-26 12:00:00,,31.8,64.0,0.0,11.5,214.0,1007.2,465.0
2026-05-26 13:00:00,,31.4,64.0,0.0,7.9,207.0,1007.9,480.0
2026-05-26 14:00:00,30.5,30.7,67.0,0.2,5.8,236.0,1008.7,505.0
2026-05-26 15:00:00,31.5,30.4,68.0,0.4,3.7,309.0,1008.9,530.0
2026-05-26 16:00:00,,30.3,69.0,0.0,1.7,283.0,1008.4,420.0
2026-05-26 17:00:00,29.8,30.0,71.0,0.0,1.5,135.0,1007.9,345.0
2026-05-26 18:00:00,,29.4,73.0,0.0,1.0,68.0,1007.6,305.0
2026-05-26 19:00:00,,29.2,75.0,0.0,3.7,79.0,1007.1,245.0
2026-05-26 20:00:00,,29.0,77.0,0.0,5.2,90.0,1007.0,245.0
2026-05-26 21:00:00,,28.9,80.0,0.0,4.9,114.0,1007.5,315.0
2026-05-26 22:00:00,26.2,28.9,80.0,0.0,4.5,106.0,1007.8,290.0
2026-05-26 23:00:00,31.6,30.0,70.0,0.0,4.2,102.0,1008.4,540.0
2026-05-27 00:00:00,30.8,31.8,59.0,0.0,3.4,122.0,1008.9,1005.0
2026-05-27 01:00:00,,32.7,55.0,0.0,2.3,203.0,1009.1,1165.0
2026-05-27 02:00:00,37.4,33.5,51.0,0.0,4.1,241.0,1009.0,1305.0
2026-05-27 03:00:00,37.1,34.1,50.0,0.0,5.1,260.0,1008.4,1380.0
2026-05-27 04:00:00,37.2,34.6,49.0,0.0,8.4,261.0,1008.1,1370.0
2026-05-27 05:00:00,40.0,34.3,52.0,0.0,11.9,264.0,1007.3,1215.0
2026-05-27 06:00:00,37.1,34.7,49.0,0.0,13.8,264.0,1006.8,1210.0
2026-05-27 07:00:00,,34.6,47.0,0.0,11.8,257.0,1006.0,1080.0
2026-05-27 08:00:00,,34.5,46.0,0.0,10.8,249.0,1005.6,1045.0
2026-05-27 09:00:00,,33.9,49.0,0.0,10.3,243.0,1005.7,950.0
2026-05-27 10:00:00,,33.1,54.0,0.0,10.5,231.0,1006.4,600.0
2026-05-27 11:00:00,26.0,32.4,58.0,0.0,11.0,220.0,1007.0,430.0
2026-05-27 12:00:00,26.0,32.0,62.0,0.0,9.7,215.0,1007.5,380.0
2026-05-27 13:00:00,26.6,31.7,64.0,0.0,8.1,211.0,1008.0,420.0
2026-05-27 14:00:00,,31.5,65.0,0.0,8.0,207.0,1008.6,465.0
2026-05-27 15:00:00,27.3,31.4,66.0,0.0,6.6,225.0,1008.9,595.0
2026-05-27 16:00:00,,30.5,69.0,0.3,5.3,208.0,1008.9,520.0
2026-05-27 17:00:00,,30.6,70.0,0.1,4.0,210.0,1008.5,470.0
2026-05-27 18:00:00,33.8,29.2,75.0,0.1,2.3,72.0,1008.5,165.0
2026-05-27 19:00:00,33.2,29.1,76.0,0.1,3.1,149.0,1008.5,235.0
2026-05-27 20:00:00,,28.8,77.0,0.1,1.4,293.0,1008.4,420.0
2026-05-27 21:00:00,38.4,28.7,75.0,0.1,2.2,279.0,1008.6,370.0
2026-05-27 22:00:00,35.6,29.0,74.0,0.0,2.0,243.0,1008.5,450.0
2026-05-27 23:00:00,35.0,29.9,72.0,0.0,1.3,278.0,1009.0,585.0
2026-05-28 00:00:00,,31.6,62.0,0.1,4.3,287.0,1009.2,900.0
2026-05-28 01:00:00,,32.5,58.0,0.1,6.1,282.0,1009.3,995.0
2026-05-28 02:00:00,,33.4,55.0,0.1,6.9,279.0,1008.9,1075.0
2026-05-28 03:00:00,,34.0,53.0,0.2,7.4,270.0,1008.2,1125.0
2026-05-28 04:00:00,,34.3,53.0,0.3,8.9,262.0,1007.2,1160.0
2026-05-28 05:00:00,49.2,34.6,52.0,0.0,11.6,258.0,1006.4,1060.0
2026-05-28 06:00:00,61.3,35.2,48.0,0.0,13.5,254.0,1005.9,990.0
2026-05-28 07:00:00,,34.6,52.0,0.0,14.5,247.0,1005.1,800.0
2026-05-28 08:00:00,,34.4,53.0,0.0,14.3,234.0,1004.8,955.0
2026-05-28 09:00:00,,33.0,58.0,0.3,11.2,226.0,1005.6,630.0
2026-05-28 10:00:00,,31.8,63.0,0.6,9.6,214.0,1006.2,575.0
2026-05-28 11:00:00,33.4,31.9,65.0,1.0,6.7,200.0,1006.9,500.0
2026-05-28 12:00:00,27.5,32.0,62.0,0.2,6.7,268.0,1007.8,680.0
2026-05-28 13:00:00,,28.7,79.0,0.1,11.2,358.0,1008.6,245.0
2026-05-28 14:00:00,,28.2,80.0,0.0,7.8,15.0,1008.7,205.0
2026-05-28 15:00:00,36.8,28.5,79.0,0.0,3.3,338.0,1008.5,110.0
2026-05-28 16:00:00,,28.3,81.0,0.0,6.1,328.0,1008.3,195.0
2026-05-28 17:00:00,,27.8,85.0,0.0,7.3,343.0,1007.9,185.0
2026-05-28 18:00:00,,28.1,85.0,0.0,6.2,21.0,1007.5,220.0
2026-05-28 19:00:00,34.1,28.1,85.0,0.0,2.0,63.0,1007.4,150.0
2026-05-28 20:00:00,,28.3,84.0,0.0,1.6,117.0,1007.1,30.0
2026-05-28 21:00:00,40.1,28.4,84.0,0.0,3.6,147.0,1007.3,260.0
2026-05-28 22:00:00,,28.7,81.0,0.0,3.2,153.0,1007.5,370.0
2026-05-28 23:00:00,,29.6,74.0,0.0,2.4,153.0,1007.9,480.0
2026-05-29 00:00:00,,30.4,72.0,0.0,1.5,315.0,1007.8,620.0
2026-05-29 01:00:00,34.0,31.4,67.0,0.0,4.0,288.0,1007.4,735.0
2026-05-29 02:00:00,37.0,32.1,63.0,0.0,6.0,287.0,1006.9,830.0
2026-05-29 03:00:00,34.4,32.8,59.0,0.0,8.7,277.0,1006.2,835.0
2026-05-29 04:00:00,,33.1,56.0,0.0,11.2,272.0,1005.6,790.0
2026-05-29 05:00:00,34.8,33.2,58.0,0.0,12.5,262.0,1005.3,770.0
2026-05-29 06:00:00,33.8,33.7,59.0,0.0,16.0,249.0,1004.5,965.0
2026-05-29 07:00:00,,33.4,60.0,0.2,18.0,243.0,1003.9,1060.0
2026-05-29 08:00:00,,33.0,61.0,0.2,12.3,281.0,1003.6,965.0
2026-05-29 09:00:00,30.9,32.9,60.0,0.0,11.7,293.0,1003.9,910.0
2026-05-29 10:00:00,39.4,32.9,58.0,0.0,11.0,281.0,1004.4,1100.0
2026-05-29 11:00:00,,27.7,80.0,1.9,12.7,353.0,1006.1,345.0
2026-05-29 12:00:00,30.0,28.3,83.0,0.6,3.0,38.0,1006.2,80.0
2026-05-29 13:00:00,29.6,29.1,79.0,0.2,1.2,27.0,1006.4,125.0
2026-05-29 14:00:00,34.6,29.1,80.0,0.0,2.7,8.0,1006.8,120.0
2026-05-29 15:00:00,,29.2,81.0,0.0,1.4,320.0,1006.6,75.0
2026-05-29 16:00:00,,29.1,82.0,0.1,3.9,313.0,1006.3,170.0
2026-05-29 17:00:00,,29.0,79.0,0.3,6.3,252.0,1006.2,415.0
2026-05-29 18:00:00,12.5,29.0,77.0,0.1,10.5,355.0,1005.1,725.0
2026-05-29 19:00:00,14.2,28.8,77.0,0.0,9.9,360.0,1005.1,665.0
2026-05-29 20:00:00,,28.7,77.0,0.0,7.0,347.0,1004.9,605.0
2026-05-29 21:00:00,16.4,28.4,79.0,0.0,4.2,324.0,1005.4,520.0
2026-05-29 22:00:00,,28.7,77.0,0.0,5.3,327.0,1005.6,555.0
2026-05-29 23:00:00,19.9,29.4,73.0,0.0,6.2,330.0,1006.4,615.0
2026-05-30 00:00:00,22.1,29.6,75.0,0.0,6.5,264.0,1006.8,760.0
2026-05-30 01:00:00,20.8,30.3,73.0,0.0,6.8,253.0,1007.4,860.0
2026-05-30 02:00:00,,30.6,73.0,0.1,6.8,248.0,1007.4,825.0
2026-05-30 03:00:00,,31.5,67.0,0.2,8.7,238.0,1006.5,1010.0
2026-05-30 04:00:00,17.3,31.7,65.0,0.1,11.2,230.0,1005.4,905.0
2026-05-30 05:00:00,19.3,32.1,62.0,0.0,11.1,234.0,1004.2,955.0
2026-05-30 06:00:00,16.6,33.2,56.0,0.1,8.2,238.0,1003.6,1315.0
2026-05-30 07:00:00,19.6,32.8,60.0,0.0,12.4,228.0,1002.9,1175.0
2026-05-30 08:00:00,,32.0,67.0,0.1,18.5,229.0,1002.8,835.0
2026-05-30 09:00:00,14.3,31.3,71.0,0.0,20.4,230.0,1002.9,640.0
2026-05-30 10:00:00,12.8,30.7,71.0,0.0,15.6,251.0,1003.8,695.0
2026-05-30 11:00:00,,30.2,72.0,0.2,14.9,245.0,1004.9,695.0
2026-05-30 12:00:00,15.9,24.4,99.0,0.1,5.4,178.0,1006.3,95.0
2026-05-30 13:00:00,19.8,26.8,89.0,1.0,4.3,303.0,1006.6,190.0
2026-05-30 14:00:00,5.82,26.9,88.0,0.3,4.7,50.0,1006.8,90.0
2026-05-30 15:00:00,,26.6,88.0,0.2,8.7,50.0,1006.9,180.0
2026-05-30 16:00:00,,26.7,86.0,0.0,5.0,52.0,1006.6,150.0
2026-05-30 17:00:00,12.8,26.8,86.0,0.0,4.5,92.0,1006.0,90.0
2026-05-30 18:00:00,13.9,26.9,86.0,0.0,3.2,223.0,1005.3,190.0
2026-05-30 19:00:00,,26.6,87.0,0.4,7.6,266.0,1005.3,380.0
2026-05-30 20:00:00,18.6,27.0,86.0,0.7,4.1,225.0,1005.1,160.0
2026-05-30 21:00:00,,27.1,86.0,0.0,8.0,247.0,1005.3,360.0
2026-05-30 22:00:00,,27.6,83.0,0.4,5.0,251.0,1005.5,330.0
2026-05-30 23:00:00,,28.6,76.0,0.2,5.1,247.0,1006.3,720.0
2026-05-31 00:00:00,25.2,30.1,71.0,0.1,7.6,285.0,1006.4,820.0
2026-05-31 01:00:00,,30.8,66.0,0.0,10.3,277.0,1006.9,960.0
2026-05-31 02:00:00,,31.1,64.0,0.0,10.7,262.0,1006.5,970.0
2026-05-31 03:00:00,,31.5,62.0,0.0,13.0,243.0,1006.3,940.0
2026-05-31 04:00:00,15.8,30.9,69.0,0.1,15.2,231.0,1006.0,700.0
2026-05-31 05:00:00,14.4,31.2,70.0,0.0,18.9,228.0,1005.4,670.0
2026-05-31 06:00:00,,31.9,64.0,0.0,15.9,232.0,1004.6,725.0
2026-05-31 07:00:00,18.1,31.8,64.0,0.0,20.2,231.0,1004.8,710.0
2026-05-31 08:00:00,,31.0,67.0,0.0,22.2,230.0,1004.5,695.0
2026-05-31 09:00:00,,30.0,70.0,0.1,22.2,238.0,1005.4,760.0
2026-05-31 10:00:00,,29.1,78.0,0.2,17.0,239.0,1005.8,565.0
2026-05-31 11:00:00,38.3,29.0,80.0,0.0,13.3,249.0,1006.5,555.0
2026-05-31 12:00:00,13.9,29.3,74.0,0.3,11.7,259.0,1006.9,555.0
2026-05-31 13:00:00,,28.8,77.0,0.5,9.4,271.0,1007.9,525.0
2026-05-31 14:00:00,,28.6,80.0,0.3,7.3,261.0,1008.4,420.0
2026-05-31 15:00:00,8.28,28.4,81.0,0.2,6.6,249.0,1008.2,380.0
2026-05-31 16:00:00,7.9,28.4,82.0,0.1,7.3,230.0,1007.4,450.0
2026-05-31 17:00:00,,27.8,81.0,0.5,11.3,243.0,1007.0,520.0
2026-05-31 18:00:00,,27.4,84.0,0.3,8.3,254.0,1007.1,420.0
2026-05-31 19:00:00,7.61,27.2,87.0,0.4,8.1,238.0,1006.8,435.0
2026-05-31 20:00:00,12.4,26.6,87.0,1.6,10.4,262.0,1006.5,430.0
2026-05-31 21:00:00,22.3,26.9,88.0,0.2,6.8,248.0,1006.5,465.0
2026-05-31 22:00:00,16.9,27.1,87.0,0.4,7.9,243.0,1006.8,435.0
2026-05-31 23:00:00,20.0,27.1,84.0,0.9,10.5,237.0,1007.7,460.0
2026-06-01 00:00:00,12.2,29.3,74.0,0.9,8.2,234.0,1007.9,710.0
2026-06-01 01:00:00,,30.3,70.0,0.3,9.2,250.0,1008.0,810.0
2026-06-01 02:00:00,15.6,31.3,65.0,0.1,11.1,250.0,1008.1,1060.0
2026-06-01 03:00:00,16.3,30.0,66.0,1.0,17.5,248.0,1007.8,655.0
2026-06-01 04:00:00,,28.5,79.0,3.1,24.1,237.0,1008.2,665.0
2026-06-01 05:00:00,,28.8,78.0,0.2,13.5,227.0,1007.3,675.0
2026-06-01 06:00:00,16.3,28.2,77.0,0.2,12.7,243.0,1006.9,370.0
2026-06-01 07:00:00,7.18,28.1,78.0,2.6,20.7,234.0,1006.9,665.0
2026-06-01 08:00:00,14.0,27.3,82.0,1.0,13.1,228.0,1006.9,535.0
2026-06-01 09:00:00,19.7,26.9,88.0,1.9,12.6,224.0,1006.8,525.0
2026-06-01 10:00:00,,27.1,89.0,1.7,9.4,220.0,1007.4,495.0
2026-06-01 11:00:00,,26.2,89.0,5.4,13.4,228.0,1007.9,390.0
2026-06-01 12:00:00,,27.0,90.0,2.6,10.2,219.0,1008.5,510.0
2026-06-01 13:00:00,8.78,26.9,92.0,0.6,6.1,199.0,1008.9,295.0
2026-06-01 14:00:00,8.23,26.8,92.0,0.6,7.5,210.0,1009.0,405.0
2026-06-01 15:00:00,13.8,26.6,92.0,0.8,8.7,204.0,1008.6,330.0
2026-06-01 16:00:00,,26.4,93.0,1.2,10.2,219.0,1008.3,390.0
2026-06-01 17:00:00,,26.1,93.0,1.8,11.9,222.0,1007.9,435.0
2026-06-01 18:00:00,17.2,26.2,89.0,3.3,8.7,223.0,1007.7,430.0
2026-06-01 19:00:00,,26.4,92.0,0.6,9.9,225.0,1007.3,440.0
2026-06-01 20:00:00,23.6,26.3,93.0,0.1,8.4,205.0,1006.9,365.0
2026-06-01 21:00:00,26.8,26.1,91.0,0.4,7.3,189.0,1007.3,275.0
2026-06-01 22:00:00,24.8,25.1,92.0,0.2,3.1,170.0,1008.0,70.0
2026-06-01 23:00:00,29.5,25.0,94.0,2.5,2.3,122.0,1008.3,70.0
2026-06-02 00:00:00,30.0,27.9,84.0,0.7,2.4,222.0,1008.6,385.0
2026-06-02 01:00:00,21.9,28.5,77.0,0.0,5.4,200.0,1008.4,775.0
2026-06-02 02:00:00,14.3,29.2,73.0,0.0,8.2,199.0,1007.8,785.0
2026-06-02 03:00:00,20.8,30.2,69.0,0.1,8.7,204.0,1007.4,875.0
2026-06-02 04:00:00,19.9,30.7,65.0,0.1,7.9,215.0,1006.7,1075.0
2026-06-02 05:00:00,11.5,29.4,73.0,0.4,10.9,219.0,1006.2,675.0
2026-06-02 06:00:00,6.94,29.4,75.0,1.3,9.2,244.0,1005.6,600.0
2026-06-02 07:00:00,9.09,29.2,73.0,0.6,8.6,234.0,1005.6,695.0
2026-06-02 08:00:00,,29.1,71.0,0.3,10.9,226.0,1005.3,800.0
2026-06-02 09:00:00,11.4,28.9,75.0,0.0,8.5,234.0,1005.6,710.0
2026-06-02 10:00:00,16.2,28.7,74.0,0.0,11.1,240.0,1006.7,690.0
2026-06-02 11:00:00,9.64,28.0,80.0,0.0,12.3,232.0,1007.0,565.0
2026-06-02 12:00:00,,27.1,88.0,0.3,6.2,237.0,1007.5,485.0
2026-06-02 13:00:00,9.52,27.3,88.0,0.0,6.9,239.0,1008.0,420.0
2026-06-02 14:00:00,,27.3,88.0,0.0,5.2,229.0,1008.3,410.0
2026-06-02 15:00:00,,27.1,90.0,0.1,4.4,210.0,1008.1,110.0
2026-06-02 16:00:00,,27.2,91.0,0.0,4.0,212.0,1007.8,165.0
2026-06-02 17:00:00,,27.1,87.0,0.6,9.2,227.0,1007.2,500.0
2026-06-02 18:00:00,,26.1,89.0,1.3,11.2,242.0,1007.4,385.0
2026-06-02 19:00:00,7.76,25.6,93.0,3.0,9.0,193.0,1007.6,320.0
2026-06-02 20:00:00,13.5,25.6,96.0,3.2,6.3,143.0,1007.2,205.0
2026-06-02 21:00:00,,25.3,96.0,2.0,7.2,84.0,1006.9,140.0
2026-06-02 22:00:00,,25.4,95.0,0.5,5.1,82.0,1006.9,75.0
2026-06-02 23:00:00,,26.0,93.0,0.5,1.2,207.0,1007.6,40.0
2026-06-03 00:00:00,,27.3,88.0,0.3,2.1,149.0,1007.1,250.0
2026-06-03 01:00:00,10.4,28.7,81.0,0.1,3.3,174.0,1006.9,670.0
2026-06-03 02:00:00,9.02,29.6,74.0,0.0,5.3,213.0,1007.4,870.0
2026-06-03 03:00:00,14.7,29.6,71.0,0.4,14.5,232.0,1007.5,1050.0
2026-06-03 04:00:00,19.9,29.1,77.0,1.4,14.7,230.0,1007.3,805.0
2026-06-03 05:00:00,7.7,27.7,83.0,2.4,18.5,225.0,1007.2,660.0
2026-06-03 06:00:00,5.1,27.3,88.0,2.0,18.3,229.0,1007.5,690.0
2026-06-03 07:00:00,,27.5,84.0,1.2,17.1,221.0,1006.9,600.0
2026-06-03 08:00:00,,27.4,85.0,0.8,9.1,214.0,1006.1,450.0
2026-06-03 09:00:00,,27.8,84.0,0.0,8.1,209.0,1006.0,510.0
2026-06-03 10:00:00,,27.5,87.0,0.0,7.2,181.0,1006.4,440.0
2026-06-03 11:00:00,12.3,27.2,89.0,0.0,6.9,141.0,1006.7,295.0
2026-06-03 12:00:00,20.6,28.2,82.0,0.0,6.8,198.0,1007.1,630.0
2026-06-03 13:00:00,,27.9,85.0,0.0,5.2,174.0,1007.5,115.0
2026-06-03 14:00:00,,28.0,87.0,0.0,4.3,180.0,1008.2,85.0
2026-06-03 15:00:00,20.3,27.6,87.0,0.1,4.9,208.0,1008.5,80.0
2026-06-03 16:00:00,20.2,27.6,89.0,0.1,4.7,203.0,1008.1,80.0
2026-06-03 17:00:00,,27.3,84.0,0.4,9.9,245.0,1008.0,435.0
2026-06-03 18:00:00,,28.0,81.0,0.1,9.4,227.0,1007.4,645.0
2026-06-03 19:00:00,,27.7,84.0,0.2,11.4,218.0,1007.3,570.0
2026-06-03 20:00:00,22.2,27.4,87.0,0.0,9.2,191.0,1006.8,655.0
2026-06-03 21:00:00,,27.2,89.0,0.0,7.5,190.0,1006.5,435.0
2026-06-03 22:00:00,16.1,27.1,90.0,0.0,5.3,198.0,1007.1,230.0
2026-06-03 23:00:00,20.0,27.7,86.0,0.0,7.4,187.0,1008.1,795.0
2026-06-04 00:00:00,,28.7,72.0,0.0,6.1,204.0,1007.9,670.0
2026-06-04 01:00:00,21.5,29.0,71.0,0.0,6.9,203.0,1008.2,575.0
2026-06-04 02:00:00,,29.8,70.0,0.0,7.6,216.0,1008.2,870.0
2026-06-04 03:00:00,11.3,30.1,69.0,0.0,9.0,247.0,1008.3,1025.0
2026-06-04 04:00:00,,29.0,75.0,0.1,14.4,233.0,1008.3,675.0
2026-06-04 05:00:00,,28.5,79.0,0.1,12.9,234.0,1007.7,760.0
2026-06-04 06:00:00,10.5,28.8,77.0,0.4,14.5,251.0,1007.0,850.0
2026-06-04 07:00:00,10.9,28.8,77.0,0.4,16.7,238.0,1006.8,745.0
2026-06-04 08:00:00,12.6,28.5,80.0,0.1,16.1,231.0,1006.4,720.0
2026-06-04 09:00:00,16.1,28.8,79.0,0.0,14.8,229.0,1006.2,800.0
2026-06-04 10:00:00,,28.8,77.0,0.0,16.7,228.0,1007.1,830.0
2026-06-04 11:00:00,,28.6,79.0,0.0,13.6,224.0,1007.2,795.0
2026-06-04 12:00:00,,28.3,82.0,0.0,13.3,247.0,1007.9,755.0
2026-06-04 13:00:00,13.3,28.3,81.0,0.0,13.1,243.0,1008.5,660.0
2026-06-04 14:00:00,10.5,28.2,82.0,0.1,15.4,244.0,1009.1,640.0
2026-06-04 15:00:00,8.63,27.9,85.0,0.2,14.8,243.0,1009.1,560.0
2026-06-04 16:00:00,7.49,27.7,85.0,0.2,13.4,244.0,1008.4,515.0
2026-06-04 17:00:00,,28.0,85.0,0.1,10.1,241.0,1007.6,545.0
2026-06-04 18:00:00,1.58,27.2,88.0,0.3,11.6,263.0,1008.1,555.0
2026-06-04 19:00:00,0.807,27.4,87.0,0.2,12.0,240.0,1007.4,655.0
2026-06-04 20:00:00,4.68,27.7,86.0,0.1,13.0,244.0,1007.2,725.0
2026-06-04 21:00:00,,27.8,85.0,0.1,12.7,243.0,1007.3,700.0
2026-06-04 22:00:00,,27.5,88.0,0.8,12.8,230.0,1007.7,575.0
2026-06-04 23:00:00,,26.9,88.0,2.1,16.7,237.0,1008.5,540.0
2026-06-05 00:00:00,,28.1,84.0,2.5,3.4,288.0,1008.7,500.0
2026-06-05 01:00:00,23.5,28.3,84.0,0.5,5.2,282.0,1009.2,515.0
2026-06-05 02:00:00,,28.5,82.0,0.2,6.1,275.0,1009.5,510.0
2026-06-05 03:00:00,19.4,28.1,82.0,0.5,13.2,263.0,1009.8,535.0
2026-06-05 04:00:00,,28.4,78.0,0.6,15.6,254.0,1009.5,635.0
2026-06-05 05:00:00,13.9,28.5,78.0,0.8,16.3,239.0,1008.9,660.0
2026-06-05 06:00:00,18.2,27.8,83.0,0.3,15.8,246.0,1008.5,665.0
2026-06-05 07:00:00,14.0,27.7,86.0,1.6,15.0,246.0,1008.3,705.0
2026-06-05 08:00:00,,27.2,90.0,1.7,11.7,226.0,1007.9,540.0
2026-06-05 09:00:00,14.8,27.5,89.0,0.9,6.7,261.0,1007.9,470.0
2026-06-05 10:00:00,,27.5,89.0,0.4,5.9,247.0,1008.5,255.0
2026-06-05 11:00:00,17.6,27.3,89.0,0.3,5.6,211.0,1008.6,205.0
2026-06-05 12:00:00,30.7,27.4,87.0,0.0,8.3,193.0,1008.9,435.0
2026-06-05 13:00:00,16.7,27.2,90.0,0.3,3.2,207.0,1009.7,180.0
2026-06-05 14:00:00,,27.2,92.0,0.7,3.8,270.0,1009.5,140.0
2026-06-05 15:00:00,,26.9,91.0,0.1,5.2,264.0,1009.6,110.0
2026-06-05 16:00:00,,26.8,89.0,0.2,7.9,254.0,1009.8,245.0
2026-06-05 17:00:00,,26.6,89.0,1.0,11.7,234.0,1009.4,390.0
2026-06-05 18:00:00,18.2,26.6,93.0,0.4,2.4,333.0,1008.7,100.0
2026-06-05 19:00:00,20.4,26.5,93.0,0.1,0.4,207.0,1007.8,25.0
2026-06-05 20:00:00,26.2,26.8,91.0,0.0,5.7,229.0,1008.1,155.0
2026-06-05 21:00:00,,27.2,89.0,0.1,8.1,239.0,1008.5,315.0
2026-06-05 22:00:00,29.3,27.3,89.0,0.4,10.7,230.0,1008.9,465.0
2026-06-05 23:00:00,27.2,27.6,88.0,0.4,11.6,213.0,1009.0,575.0
2026-06-06 00:00:00,27.4,27.9,88.0,0.5,9.4,244.0,1009.6,740.0
2026-06-06 01:00:00,,28.2,83.0,0.5,11.4,246.0,1010.0,605.0
2026-06-06 02:00:00,,28.5,81.0,1.2,14.0,237.0,1010.3,750.0
2026-06-06 03:00:00,,28.1,81.0,0.9,12.6,227.0,1010.2,750.0
2026-06-06 04:00:00,6.82,27.9,84.0,1.4,10.2,224.0,1010.1,745.0
2026-06-06 05:00:00,,28.2,81.0,0.7,5.8,234.0,1009.9,620.0
2026-06-06 06:00:00,7.55,29.5,72.0,0.2,13.7,256.0,1009.1,815.0
2026-06-06 07:00:00,12.0,29.0,76.0,0.4,12.3,256.0,1008.5,655.0
2026-06-06 08:00:00,,29.2,76.0,0.2,10.4,252.0,1008.2,620.0
2026-06-06 09:00:00,,29.3,76.0,0.0,7.8,257.0,1008.7,615.0
2026-06-06 10:00:00,,28.8,81.0,0.0,6.8,241.0,1009.2,480.0
2026-06-06 11:00:00,12.8,28.5,82.0,0.0,7.3,234.0,1009.7,485.0
2026-06-06 12:00:00,,28.5,85.0,0.1,0.9,180.0,1010.0,65.0
2026-06-06 13:00:00,,28.2,85.0,0.0,2.5,201.0,1010.4,85.0
2026-06-06 14:00:00,,28.0,88.0,0.0,1.9,202.0,1010.5,75.0
2026-06-06 15:00:00,11.5,27.9,88.0,0.0,1.3,214.0,1010.4,60.0
2026-06-06 16:00:00,,27.8,89.0,0.1,1.8,217.0,1010.0,60.0
2026-06-06 17:00:00,,27.7,88.0,0.2,2.5,225.0,1009.5,65.0
2026-06-06 18:00:00,18.6,27.3,92.0,0.2,2.5,172.0,1008.9,75.0
2026-06-06 19:00:00,17.1,27.0,92.0,0.1,2.9,180.0,1008.7,60.0
2026-06-06 20:00:00,19.4,27.0,93.0,0.0,3.8,175.0,1008.3,105.0
2026-06-06 21:00:00,,26.7,90.0,0.1,2.4,171.0,1008.4,65.0
2026-06-06 22:00:00,,27.0,90.0,0.1,3.2,254.0,1009.0,80.0
2026-06-06 23:00:00,,27.8,85.0,0.1,3.2,243.0,1009.7,360.0
2026-06-07 00:00:00,,29.4,76.0,0.1,6.3,231.0,1009.9,760.0
2026-06-07 01:00:00,17.7,30.2,70.0,0.1,10.3,234.0,1010.0,870.0
2026-06-07 02:00:00,27.2,30.8,66.0,0.0,10.3,239.0,1009.6,850.0
2026-06-07 03:00:00,,31.2,65.0,0.0,9.8,244.0,1009.0,875.0
2026-06-07 04:00:00,,31.4,63.0,0.0,12.1,247.0,1008.5,895.0
2026-06-07 05:00:00,15.5,31.3,63.0,0.0,17.3,241.0,1008.2,825.0
2026-06-07 06:00:00,12.0,31.4,61.0,0.6,17.3,246.0,1007.8,800.0
2026-06-07 07:00:00,16.8,31.3,61.0,0.0,16.3,256.0,1007.7,830.0
2026-06-07 08:00:00,18.8,30.8,64.0,0.0,13.0,260.0,1007.6,860.0
2026-06-07 09:00:00,20.8,30.5,66.0,0.0,11.3,263.0,1007.7,855.0
2026-06-07 10:00:00,,29.8,72.0,0.1,8.5,265.0,1008.0,725.0
2026-06-07 11:00:00,,29.4,75.0,0.0,6.5,262.0,1008.5,295.0
2026-06-07 12:00:00,15.9,29.5,79.0,0.0,4.0,265.0,1008.7,85.0
2026-06-07 13:00:00,12.7,29.3,81.0,0.0,3.4,254.0,1008.9,55.0
2026-06-07 14:00:00,27.4,29.2,81.0,0.0,5.2,272.0,1009.4,115.0
2026-06-07 15:00:00,28.1,28.8,82.0,0.0,3.6,288.0,1009.2,110.0
2026-06-07 16:00:00,,28.6,83.0,0.0,1.1,288.0,1008.9,95.0
2026-06-07 17:00:00,,28.3,83.0,0.0,0.7,270.0,1008.7,65.0
2026-06-07 18:00:00,19.0,27.6,85.0,0.1,1.9,331.0,1008.2,95.0
2026-06-07 19:00:00,,27.4,86.0,0.2,2.2,279.0,1007.9,70.0
2026-06-07 20:00:00,15.8,27.4,87.0,0.1,2.5,274.0,1007.7,80.0
2026-06-07 21:00:00,,27.5,86.0,0.0,2.8,259.0,1008.0,80.0
2026-06-07 22:00:00,,27.7,87.0,0.1,4.5,241.0,1008.4,275.0
2026-06-07 23:00:00,22.6,28.6,79.0,0.1,7.2,238.0,1009.0,685.0
2026-06-08 00:00:00,21.8,30.0,71.0,0.1,7.8,251.0,1009.1,910.0
2026-06-08 01:00:00,,30.5,67.0,0.0,11.8,259.0,1009.6,945.0
2026-06-08 02:00:00,,29.5,70.0,0.5,11.5,248.0,1009.3,685.0
2026-06-08 03:00:00,,29.1,76.0,1.6,14.8,237.0,1009.4,630.0
2026-06-08 04:00:00,13.0,29.1,77.0,0.3,12.9,245.0,1008.7,570.0
2026-06-08 05:00:00,14.6,29.6,76.0,0.3,9.9,238.0,1008.2,625.0
2026-06-08 06:00:00,13.9,30.8,64.0,0.2,9.5,261.0,1007.2,515.0
2026-06-08 07:00:00,,31.4,64.0,0.0,9.3,278.0,1006.9,1070.0
2026-06-08 08:00:00,14.6,30.6,65.0,0.2,8.1,270.0,1006.8,670.0
2026-06-08 09:00:00,24.2,30.6,66.0,0.0,2.0,265.0,1006.8,305.0
2026-06-08 10:00:00,21.8,30.2,70.0,0.0,2.2,185.0,1007.3,105.0
2026-06-08 11:00:00,24.0,29.4,78.0,0.0,4.5,164.0,1007.3,135.0
2026-06-08 12:00:00,20.5,29.7,78.0,0.0,6.8,191.0,1007.6,240.0
2026-06-08 13:00:00,16.5,29.6,75.0,0.0,7.7,210.0,1008.0,260.0
2026-06-08 14:00:00,,29.3,76.0,0.0,6.5,204.0,1008.0,195.0
2026-06-08 15:00:00,18.4,29.1,79.0,0.0,5.9,220.0,1007.9,185.0
2026-06-08 16:00:00,13.2,29.0,80.0,0.0,7.2,215.0,1007.7,255.0
2026-06-08 17:00:00,15.9,29.0,81.0,0.0,7.0,209.0,1007.5,320.0
2026-06-08 18:00:00,,28.8,81.0,0.0,5.5,221.0,1007.2,375.0
2026-06-08 19:00:00,11.3,28.6,82.0,0.0,6.4,209.0,1006.9,240.0
2026-06-08 20:00:00,,28.3,85.0,0.0,6.5,193.0,1006.6,185.0
2026-06-08 21:00:00,21.6,28.1,86.0,0.0,4.8,200.0,1006.8,120.0
2026-06-08 22:00:00,,28.1,88.0,0.0,3.4,198.0,1007.4,70.0
2026-06-08 23:00:00,,29.3,77.0,0.0,3.4,186.0,1008.0,450.0
2026-06-09 00:00:00,,30.4,69.0,0.0,10.6,236.0,1008.4,965.0
2026-06-09 01:00:00,,30.9,66.0,0.1,15.4,238.0,1008.5,965.0
2026-06-09 02:00:00,,31.3,65.0,0.0,18.4,238.0,1008.5,1005.0
2026-06-09 03:00:00,,31.5,64.0,0.0,18.5,240.0,1008.1,1015.0
2026-06-09 04:00:00,15.2,31.6,64.0,0.0,18.2,243.0,1007.6,1030.0
2026-06-09 05:00:00,,31.7,63.0,0.0,17.9,241.0,1007.0,990.0
2026-06-09 06:00:00,15.6,31.9,60.0,0.0,18.3,247.0,1006.9,1055.0
2026-06-09 07:00:00,,31.7,61.0,0.0,17.8,243.0,1006.8,1050.0
2026-06-09 08:00:00,9.48,31.3,63.0,0.0,16.3,244.0,1006.6,1005.0
2026-06-09 09:00:00,15.5,30.9,65.0,0.0,13.6,240.0,1006.7,955.0
2026-06-09 10:00:00,,30.4,69.0,0.0,11.7,238.0,1007.3,810.0
2026-06-09 11:00:00,13.1,30.0,71.0,0.0,10.7,235.0,1007.7,695.0
2026-06-09 12:00:00,,30.1,70.0,0.0,8.0,247.0,1008.3,415.0
2026-06-09 13:00:00,,29.9,70.0,0.0,9.1,238.0,1008.7,530.0
2026-06-09 14:00:00,13.9,29.8,71.0,0.0,9.8,242.0,1008.6,700.0
2026-06-09 15:00:00,12.9,29.6,73.0,0.0,9.7,239.0,1008.7,685.0
2026-06-09 16:00:00,7.13,29.4,75.0,0.0,10.1,239.0,1008.3,725.0
2026-06-09 17:00:00,7.16,29.3,76.0,0.0,10.0,232.0,1007.9,740.0
2026-06-09 18:00:00,8.54,28.7,78.0,0.0,9.7,251.0,1008.0,880.0
2026-06-09 19:00:00,14.2,28.7,77.0,0.0,9.8,247.0,1008.1,775.0
2026-06-09 20:00:00,,28.7,77.0,0.1,9.8,246.0,1008.0,760.0
2026-06-09 21:00:00,20.2,28.6,77.0,0.1,8.6,239.0,1008.4,495.0
2026-06-09 22:00:00,,28.7,77.0,0.0,8.5,218.0,1008.3,375.0
2026-06-09 23:00:00,,29.4,75.0,0.0,9.4,206.0,1009.0,760.0
2026-06-10 00:00:00,,30.8,67.0,0.0,12.6,242.0,1009.7,1110.0
2026-06-10 01:00:00,17.0,31.1,66.0,0.0,13.3,247.0,1010.0,985.0
2026-06-10 02:00:00,19.9,31.7,64.0,0.0,13.5,249.0,1009.7,985.0
2026-06-10 03:00:00,14.2,31.9,64.0,0.0,14.4,248.0,1009.2,910.0
2026-06-10 04:00:00,14.2,32.1,63.0,0.0,17.3,246.0,1008.9,930.0
2026-06-10 05:00:00,12.8,31.9,66.0,0.1,20.0,244.0,1008.6,905.0
2026-06-10 06:00:00,19.0,32.6,60.0,0.0,18.2,247.0,1008.1,970.0
2026-06-10 07:00:00,,32.7,58.0,0.0,17.5,249.0,1007.8,1010.0
2026-06-10 08:00:00,,31.8,62.0,0.8,16.1,257.0,1007.8,925.0
2026-06-10 09:00:00,16.4,31.4,63.0,0.0,12.6,268.0,1007.8,765.0
2026-06-10 10:00:00,18.8,30.9,65.0,0.0,8.5,276.0,1008.4,815.0
2026-06-10 11:00:00,18.6,30.7,66.0,0.0,7.7,269.0,1009.1,860.0
2026-06-10 12:00:00,21.6,30.7,64.0,0.0,8.3,294.0,1010.0,800.0
2026-06-10 13:00:00,18.2,30.2,68.0,0.1,8.4,307.0,1010.7,665.0
2026-06-10 14:00:00,20.8,29.5,74.0,0.0,9.0,305.0,1011.3,545.0
2026-06-10 15:00:00,24.1,29.2,76.0,0.0,8.7,310.0,1011.6,525.0
2026-06-10 16:00:00,23.5,28.8,77.0,0.0,5.1,350.0,1011.1,325.0
2026-06-10 17:00:00,19.0,28.6,77.0,0.0,4.3,338.0,1010.4,245.0
2026-06-10 18:00:00,15.7,28.3,78.0,0.0,3.3,9.0,1010.0,150.0
2026-06-10 19:00:00,15.3,28.2,78.0,0.0,2.7,8.0,1009.6,120.0
2026-06-10 20:00:00,17.8,28.0,79.0,0.0,2.9,360.0,1009.5,110.0
2026-06-10 21:00:00,20.6,27.8,80.0,0.0,3.2,47.0,1009.6,70.0
2026-06-10 22:00:00,19.8,28.1,77.0,0.0,3.1,31.0,1009.7,115.0
2026-06-10 23:00:00,28.3,29.2,72.0,0.0,2.1,340.0,1010.4,500.0
2026-06-11 00:00:00,23.9,30.6,67.0,0.0,3.4,335.0,1011.0,760.0
2026-06-11 01:00:00,,31.6,63.0,0.0,4.5,307.0,1011.2,860.0
2026-06-11 02:00:00,,32.6,58.0,0.0,5.9,293.0,1011.1,960.0
2026-06-11 03:00:00,,33.2,56.0,0.0,9.2,282.0,1011.0,1020.0
2026-06-11 04:00:00,23.7,33.4,53.0,0.0,12.0,277.0,1010.7,1025.0
2026-06-11 05:00:00,,33.5,52.0,0.0,12.5,266.0,1010.0,980.0
2026-06-11 06:00:00,,34.5,49.0,0.0,15.0,247.0,1009.4,1240.0
2026-06-11 07:00:00,,33.7,53.0,0.1,17.3,240.0,1009.1,1225.0
2026-06-11 08:00:00,,32.4,56.0,1.9,13.2,255.0,1008.9,795.0
2026-06-11 09:00:00,,31.3,66.0,1.3,6.9,263.0,1009.7,710.0
2026-06-11 10:00:00,,30.3,70.0,0.2,5.2,239.0,1010.5,475.0
2026-06-11 11:00:00,16.5,28.2,77.0,1.1,15.3,338.0,1011.8,540.0
2026-06-11 12:00:00,,27.3,92.0,0.3,6.8,42.0,1012.0,170.0
2026-06-11 13:00:00,19.1,28.4,80.0,0.1,5.5,23.0,1012.4,240.0
2026-06-11 14:00:00,23.0,28.6,78.0,0.0,2.8,35.0,1012.3,190.0
2026-06-11 15:00:00,16.7,28.7,77.0,0.0,4.0,36.0,1012.6,215.0
2026-06-11 16:00:00,17.7,28.8,76.0,0.0,1.6,27.0,1012.4,155.0
2026-06-11 17:00:00,18.7,28.8,77.0,0.0,2.4,297.0,1011.6,160.0
2026-06-11 18:00:00,,28.5,77.0,0.0,1.2,219.0,1011.0,20.0
2026-06-11 19:00:00,,28.3,78.0,0.0,3.8,360.0,1010.7,165.0
2026-06-11 20:00:00,,27.8,83.0,0.0,5.6,17.0,1010.6,210.0
2026-06-11 21:00:00,,27.4,85.0,0.0,5.4,15.0,1011.1,200.0
2026-06-11 22:00:00,22.9,27.4,85.0,0.0,4.5,5.0,1011.7,185.0
2026-06-11 23:00:00,18.9,28.4,80.0,0.0,4.7,360.0,1012.1,260.0
2026-06-12 00:00:00,,30.8,68.0,0.0,6.3,353.0,1012.5,455.0
2026-06-12 01:00:00,19.1,32.3,60.0,0.0,4.9,343.0,1012.6,850.0
2026-06-12 02:00:00,,33.3,54.0,0.1,2.7,332.0,1012.4,1095.0
2026-06-12 03:00:00,,33.9,53.0,0.1,3.5,279.0,1011.5,1095.0
2026-06-12 04:00:00,,34.2,53.0,0.0,5.7,283.0,1010.6,1180.0
2026-06-12 05:00:00,,34.3,52.0,0.1,9.2,270.0,1009.8,1310.0
2026-06-12 06:00:00,,34.1,50.0,0.5,13.0,294.0,1009.2,840.0
2026-06-12 07:00:00,,34.0,48.0,0.0,8.5,263.0,1008.8,1145.0
2026-06-12 08:00:00,,33.5,52.0,0.0,10.6,247.0,1008.4,1235.0
2026-06-12 09:00:00,29.5,33.1,54.0,0.1,9.4,247.0,1008.5,1235.0
2026-06-12 10:00:00,27.2,30.5,64.0,0.7,8.8,247.0,1009.7,435.0
2026-06-12 11:00:00,27.4,30.8,66.0,1.0,6.7,216.0,1010.3,485.0
2026-06-12 12:00:00,23.2,27.3,85.0,0.3,8.7,354.0,1011.4,230.0
2026-06-12 13:00:00,,27.5,83.0,0.0,5.9,360.0,1011.7,270.0
2026-06-12 14:00:00,,27.8,82.0,0.0,7.0,328.0,1012.0,320.0
2026-06-12 15:00:00,,27.7,81.0,0.0,6.5,316.0,1012.1,270.0
2026-06-12 16:00:00,,27.7,81.0,0.0,3.7,331.0,1011.3,230.0
2026-06-12 17:00:00,21.3,27.7,80.0,0.0,1.8,354.0,1010.6,275.0
2026-06-12 18:00:00,21.3,28.1,78.0,0.0,2.1,15.0,1010.2,290.0
2026-06-12 19:00:00,23.4,27.8,80.0,0.0,5.0,358.0,1009.7,275.0
2026-06-12 20:00:00,,27.5,82.0,0.0,6.2,10.0,1009.7,235.0
2026-06-12 21:00:00,,27.2,83.0,0.0,5.6,15.0,1009.7,200.0
2026-06-12 22:00:00,,27.4,81.0,0.0,3.5,12.0,1010.1,190.0
2026-06-12 23:00:00,,28.4,76.0,0.0,1.5,54.0,1010.6,245.0
2026-06-13 00:00:00,25.5,30.6,66.0,0.0,8.0,351.0,1011.1,555.0
2026-06-13 01:00:00,22.9,31.9,58.0,0.1,7.5,339.0,1011.3,930.0
2026-06-13 02:00:00,,32.8,54.0,0.2,6.3,333.0,1010.8,1235.0
2026-06-13 03:00:00,29.9,33.1,55.0,0.1,6.5,300.0,1010.4,1345.0
2026-06-13 04:00:00,,33.3,56.0,0.2,6.7,272.0,1009.4,1285.0
2026-06-13 05:00:00,,33.3,57.0,0.1,7.9,271.0,1008.2,1160.0
2026-06-13 06:00:00,,33.6,53.0,0.0,14.9,270.0,1007.8,630.0
2026-06-13 07:00:00,30.1,32.9,54.0,0.4,12.0,287.0,1007.3,810.0
2026-06-13 08:00:00,29.8,32.4,57.0,0.0,7.8,289.0,1007.0,825.0
2026-06-13 09:00:00,33.2,31.0,63.0,0.6,4.8,299.0,1007.2,685.0
2026-06-13 10:00:00,37.1,30.9,64.0,0.1,2.1,308.0,1007.9,670.0
2026-06-13 11:00:00,38.2,30.7,64.0,0.0,1.5,187.0,1008.7,770.0
2026-06-13 12:00:00,41.4,28.2,84.0,1.0,6.6,286.0,1009.5,270.0
2026-06-13 13:00:00,27.5,27.0,89.0,1.3,9.5,351.0,1010.2,325.0
2026-06-13 14:00:00,32.2,27.3,85.0,0.5,2.8,191.0,1010.9,340.0
2026-06-13 15:00:00,,27.3,84.0,0.5,4.8,158.0,1011.1,390.0
2026-06-13 16:00:00,22.2,27.1,83.0,0.2,3.5,141.0,1010.2,270.0
2026-06-13 17:00:00,,27.1,83.0,0.1,4.2,110.0,1009.3,240.0
2026-06-13 18:00:00,19.9,26.1,85.0,0.0,3.5,35.0,1009.0,265.0
2026-06-13 19:00:00,21.6,26.3,83.0,0.0,0.7,76.0,1009.0,320.0
2026-06-13 20:00:00,,26.4,82.0,0.0,3.0,128.0,1008.3,255.0
2026-06-13 21:00:00,,26.5,81.0,0.0,4.5,146.0,1007.9,245.0
2026-06-13 22:00:00,,26.5,81.0,0.0,5.1,138.0,1008.1,235.0
2026-06-13 23:00:00,,27.2,77.0,0.0,3.1,83.0,1008.5,250.0
2026-06-14 00:00:00,,28.5,79.0,0.0,3.4,354.0,1008.9,295.0
2026-06-14 01:00:00,,29.4,77.0,0.0,1.6,27.0,1009.5,430.0
2026-06-14 02:00:00,,30.4,71.0,0.0,1.9,158.0,1009.6,685.0
2026-06-14 03:00:00,,31.4,63.0,0.0,5.0,244.0,1009.2,935.0
2026-06-14 04:00:00,35.6,31.5,62.0,0.1,8.7,257.0,1008.7,945.0
2026-06-14 05:00:00,30.5,31.5,64.0,0.1,10.6,259.0,1008.0,790.0
2026-06-14 06:00:00,,31.7,61.0,0.0,10.8,249.0,1007.5,825.0
2026-06-14 07:00:00,,31.5,61.0,0.0,13.8,234.0,1007.3,850.0
2026-06-14 08:00:00,,31.2,64.0,0.0,13.7,235.0,1007.2,815.0
2026-06-14 09:00:00,,30.5,68.0,0.0,12.2,227.0,1007.5,750.0
2026-06-14 10:00:00,,30.2,71.0,0.0,10.7,234.0,1007.7,640.0
2026-06-14 11:00:00,,29.7,75.0,0.1,9.4,220.0,1008.3,530.0
2026-06-14 12:00:00,,29.9,71.0,0.0,5.6,202.0,1008.5,540.0
2026-06-14 13:00:00,27.9,30.1,68.0,0.0,6.8,202.0,1009.3,615.0
2026-06-14 14:00:00,27.1,30.0,68.0,0.0,5.9,203.0,1009.7,620.0
2026-06-14 15:00:00,,29.9,69.0,0.0,5.4,200.0,1009.7,575.0
2026-06-14 16:00:00,27.8,29.5,72.0,0.0,5.0,180.0,1009.3,370.0
2026-06-14 17:00:00,28.4,29.1,74.0,0.1,3.6,162.0,1008.6,300.0
2026-06-14 18:00:00,,29.1,71.0,0.1,2.2,180.0,1008.3,390.0
2026-06-14 19:00:00,,28.8,72.0,0.0,1.6,186.0,1007.9,80.0
2026-06-14 20:00:00,34.4,28.7,72.0,0.0,2.2,180.0,1008.0,150.0
2026-06-14 21:00:00,35.9,28.5,74.0,0.0,2.7,212.0,1008.4,390.0
2026-06-14 22:00:00,,28.7,73.0,0.0,3.6,207.0,1008.7,515.0
2026-06-14 23:00:00,,29.4,69.0,0.0,3.8,188.0,1009.1,650.0
2026-06-15 00:00:00,30.8,30.1,67.0,0.0,4.8,239.0,1009.7,640.0
2026-06-15 01:00:00,26.9,31.1,63.0,0.2,2.7,242.0,1009.7,895.0
2026-06-15 02:00:00,,32.1,59.0,0.3,5.5,247.0,1009.7,1150.0
2026-06-15 03:00:00,,32.6,56.0,0.1,6.6,259.0,1009.5,1295.0
2026-06-15 04:00:00,,32.6,56.0,0.3,10.7,257.0,1009.1,1235.0
2026-06-15 05:00:00,24.0,32.1,60.0,0.9,12.4,240.0,1008.8,955.0
2026-06-15 06:00:00,,29.7,66.0,0.7,12.3,203.0,1008.9,615.0
2026-06-15 07:00:00,,29.2,69.0,1.4,6.4,101.0,1008.5,405.0
2026-06-15 08:00:00,,27.8,74.0,2.3,4.4,145.0,1009.3,350.0
2026-06-15 09:00:00,,27.7,77.0,0.7,0.6,326.0,1008.4,355.0
2026-06-15 10:00:00,22.8,27.8,77.0,0.1,1.6,84.0,1009.1,370.0
2026-06-15 11:00:00,27.6,27.6,79.0,0.0,3.2,74.0,1009.1,230.0
2026-06-15 12:00:00,26.5,30.7,63.0,0.0,2.8,230.0,1009.9,725.0
2026-06-15 13:00:00,,30.4,65.0,0.0,2.3,203.0,1010.2,640.0
2026-06-15 14:00:00,37.6,30.3,66.0,0.0,1.5,150.0,1010.8,715.0
2026-06-15 15:00:00,29.0,29.8,68.0,0.0,1.4,320.0,1011.1,445.0
2026-06-15 16:00:00,27.0,29.4,71.0,0.0,2.7,28.0,1010.5,165.0
2026-06-15 17:00:00,,29.1,74.0,0.0,4.0,21.0,1010.0,165.0
2026-06-15 18:00:00,,28.1,79.0,0.0,4.5,344.0,1009.9,310.0
2026-06-15 19:00:00,,27.9,80.0,0.0,2.3,360.0,1009.6,230.0
2026-06-15 20:00:00,,27.7,81.0,0.0,2.3,72.0,1009.2,65.0
2026-06-15 21:00:00,32.5,27.5,81.0,0.0,4.5,106.0,1009.4,125.0
2026-06-15 22:00:00,41.7,27.4,81.0,0.0,3.9,103.0,1009.6,85.0
2026-06-15 23:00:00,39.9,28.6,75.0,0.0,4.4,109.0,1010.4,435.0
2026-06-16 00:00:00,32.6,30.7,65.0,0.0,3.1,121.0,1010.5,855.0
2026-06-16 01:00:00,28.9,32.2,57.0,0.1,3.3,126.0,1010.4,1135.0
2026-06-16 02:00:00,24.3,33.4,52.0,0.0,3.3,144.0,1010.1,1315.0
2026-06-16 03:00:00,25.4,34.6,46.0,0.0,4.0,183.0,1009.6,1505.0
2026-06-16 04:00:00,,34.9,44.0,0.0,4.8,228.0,1009.1,1560.0
2026-06-16 05:00:00,,35.1,43.0,0.0,6.6,241.0,1008.6,1580.0
2026-06-16 06:00:00,,35.2,42.0,0.1,5.7,257.0,1008.1,1620.0
2026-06-16 07:00:00,,34.9,42.0,0.1,6.4,234.0,1007.7,1715.0
2026-06-16 08:00:00,,34.5,44.0,0.3,6.7,243.0,1007.7,1700.0
2026-06-16 09:00:00,,33.6,47.0,0.2,7.2,238.0,1007.6,1470.0
2026-06-16 10:00:00,,32.6,51.0,0.4,6.6,235.0,1008.3,960.0
2026-06-16 11:00:00,,32.4,51.0,0.0,4.3,225.0,1009.2,1185.0
2026-06-16 12:00:00,,32.5,50.0,0.0,4.4,150.0,1009.8,1270.0
2026-06-16 13:00:00,,32.0,53.0,0.0,8.7,130.0,1010.2,1175.0
2026-06-16 14:00:00,,31.2,60.0,0.0,7.9,91.0,1010.6,815.0
2026-06-16 15:00:00,,30.0,69.0,0.0,8.7,47.0,1011.2,360.0
2026-06-16 16:00:00,,29.1,73.0,0.0,8.9,9.0,1010.9,260.0
2026-06-16 17:00:00,,28.4,76.0,0.0,5.9,346.0,1010.7,215.0
2026-06-16 18:00:00,,28.2,76.0,0.0,3.9,344.0,1010.2,155.0
2026-06-16 19:00:00,,27.7,80.0,0.0,4.3,355.0,1010.0,170.0
2026-06-16 20:00:00,,27.1,84.0,0.0,4.2,12.0,1010.0,150.0
2026-06-16 21:00:00,,27.0,85.0,0.0,3.1,24.0,1010.0,130.0
2026-06-16 22:00:00,,26.9,85.0,0.0,2.9,4.0,1010.5,110.0
2026-06-16 23:00:00,,28.2,76.0,0.0,1.3,344.0,1011.0,180.0
2026-06-17 00:00:00,,30.4,65.0,0.0,3.7,101.0,1011.5,815.0
2026-06-17 01:00:00,,32.0,57.0,0.2,3.1,114.0,1011.3,1115.0
2026-06-17 02:00:00,,33.7,48.0,0.1,3.9,106.0,1010.9,1420.0
2026-06-17 03:00:00,,34.8,44.0,0.2,4.2,144.0,1010.6,1585.0
2026-06-17 04:00:00,,35.4,43.0,0.2,4.7,203.0,1010.1,1665.0
2026-06-17 05:00:00,,35.6,42.0,0.1,6.6,202.0,1009.5,1725.0
2026-06-17 06:00:00,,35.6,40.0,0.0,5.8,196.0,1008.6,1765.0
2026-06-17 07:00:00,,35.5,41.0,0.1,4.5,220.0,1008.1,1755.0
2026-06-17 08:00:00,14.7,35.4,40.0,0.0,3.2,223.0,1007.6,1840.0
2026-06-17 09:00:00,17.5,34.8,40.0,0.0,5.5,193.0,1007.9,1755.0
2026-06-17 10:00:00,,33.9,42.0,0.0,7.2,145.0,1008.6,1555.0
2026-06-17 11:00:00,,32.7,50.0,0.0,11.2,120.0,1009.3,1150.0
2026-06-17 12:00:00,22.8,32.3,54.0,0.0,14.0,119.0,1010.2,1020.0
2026-06-17 13:00:00,,31.7,57.0,0.0,13.2,118.0,1010.7,925.0
2026-06-17 14:00:00,,31.1,58.0,0.0,12.0,99.0,1010.9,760.0
2026-06-17 15:00:00,,31.0,58.0,0.0,7.5,82.0,1011.4,675.0
2026-06-17 16:00:00,,29.7,66.0,0.0,5.6,360.0,1011.1,440.0
2026-06-17 17:00:00,8.49,28.1,77.0,0.0,10.2,350.0,1010.6,350.0
2026-06-17 18:00:00,16.3,27.5,78.0,0.0,8.5,1.0,1010.6,280.0
2026-06-17 19:00:00,,27.2,79.0,0.0,7.6,22.0,1010.3,245.0
2026-06-17 20:00:00,,27.4,78.0,0.0,6.9,17.0,1009.8,195.0
2026-06-17 21:00:00,,27.5,78.0,0.0,4.7,18.0,1010.0,145.0
2026-06-17 22:00:00,,27.8,76.0,0.0,1.8,37.0,1010.4,160.0
2026-06-17 23:00:00,,29.1,68.0,0.0,2.0,85.0,1010.8,440.0
2026-06-18 00:00:00,,31.4,59.0,0.0,1.8,11.0,1010.6,980.0
2026-06-18 01:00:00,17.9,33.4,50.0,0.0,0.7,360.0,1010.1,1310.0
2026-06-18 02:00:00,,34.8,45.0,0.0,1.6,207.0,1010.0,1675.0
2026-06-18 03:00:00,,35.6,42.0,0.0,1.9,236.0,1009.4,1805.0
2026-06-18 04:00:00,,36.1,42.0,0.0,3.4,264.0,1008.7,1935.0
2026-06-18 05:00:00,,36.0,43.0,0.2,4.2,275.0,1008.0,1965.0
2026-06-18 06:00:00,,35.4,41.0,0.3,2.3,231.0,1007.6,1800.0
2026-06-18 07:00:00,,35.1,44.0,0.5,4.8,119.0,1007.9,1610.0
2026-06-18 08:00:00,,34.3,46.0,0.4,6.4,108.0,1007.8,1460.0
2026-06-18 09:00:00,,33.4,50.0,0.5,8.8,99.0,1007.9,1295.0
2026-06-18 10:00:00,,32.4,54.0,0.8,8.1,95.0,1008.5,1125.0
2026-06-18 11:00:00,,32.0,57.0,0.0,9.4,113.0,1009.1,1025.0
2026-06-18 12:00:00,,32.1,54.0,0.0,9.0,89.0,1009.6,675.0
2026-06-18 13:00:00,,31.6,57.0,0.0,4.0,82.0,1009.8,510.0
2026-06-18 14:00:00,,31.3,60.0,0.0,3.2,63.0,1010.4,435.0
2026-06-18 15:00:00,,31.0,64.0,0.0,1.9,56.0,1010.3,310.0
2026-06-18 16:00:00,13.5,30.3,67.0,0.0,5.3,342.0,1010.1,305.0
2026-06-18 17:00:00,,29.0,74.0,0.1,6.7,9.0,1009.8,330.0
2026-06-18 18:00:00,,27.9,76.0,0.4,10.5,3.0,1009.8,365.0
2026-06-18 19:00:00,19.8,27.4,78.0,0.0,9.6,357.0,1009.2,320.0
2026-06-18 20:00:00,7.98,27.5,78.0,0.0,7.6,14.0,1008.7,235.0
2026-06-18 21:00:00,,27.6,78.0,0.0,3.8,41.0,1008.6,185.0
2026-06-18 22:00:00,15.9,28.3,76.0,0.0,6.0,141.0,1008.8,415.0
2026-06-18 23:00:00,,29.1,72.0,0.0,9.3,134.0,1009.1,530.0
2026-06-19 00:00:00,,29.6,75.0,0.0,7.0,125.0,1009.6,440.0
2026-06-19 01:00:00,,30.6,69.0,0.0,7.5,111.0,1009.5,690.0
2026-06-19 02:00:00,18.8,31.5,65.0,0.0,7.3,99.0,1009.7,970.0
2026-06-19 03:00:00,,32.3,61.0,0.1,5.8,74.0,1009.0,1090.0
2026-06-19 04:00:00,,32.8,61.0,0.1,3.7,23.0,1008.7,1250.0
2026-06-19 05:00:00,,29.7,72.0,1.6,6.2,324.0,1008.5,330.0
2026-06-19 06:00:00,26.1,32.0,66.0,1.0,5.8,290.0,1007.7,640.0
2026-06-19 07:00:00,22.1,32.3,64.0,0.1,5.0,289.0,1007.4,735.0
2026-06-19 08:00:00,,32.4,63.0,0.1,3.2,317.0,1006.9,830.0
2026-06-19 09:00:00,,32.1,63.0,0.1,3.3,331.0,1007.6,780.0
2026-06-19 10:00:00,22.8,31.6,65.0,0.0,3.8,281.0,1008.2,690.0
2026-06-19 11:00:00,27.3,30.1,74.0,0.1,6.6,29.0,1008.7,315.0
2026-06-19 12:00:00,31.9,27.4,86.0,0.0,9.0,273.0,1009.7,315.0
2026-06-19 13:00:00,35.4,27.2,88.0,1.4,2.9,150.0,1009.8,65.0
2026-06-19 14:00:00,,25.9,93.0,5.0,5.5,189.0,1010.9,105.0
2026-06-19 15:00:00,35.4,25.7,95.0,0.9,4.1,124.0,1010.2,80.0
2026-06-19 16:00:00,,25.9,93.0,0.0,5.6,86.0,1009.6,95.0
2026-06-19 17:00:00,,26.1,91.0,0.0,5.3,100.0,1009.4,95.0
2026-06-19 18:00:00,,27.4,89.0,0.4,4.4,83.0,1008.7,85.0
2026-06-19 19:00:00,,27.5,89.0,0.0,3.6,131.0,1008.5,100.0
2026-06-19 20:00:00,,27.6,86.0,0.0,2.8,125.0,1008.6,130.0
2026-06-19 21:00:00,,27.8,84.0,0.0,2.2,132.0,1008.7,140.0
2026-06-19 22:00:00,,28.1,82.0,0.0,1.9,151.0,1008.8,155.0
2026-06-19 23:00:00,,28.6,81.0,0.0,3.5,118.0,1009.1,380.0
2026-06-20 00:00:00,,30.0,69.0,0.0,3.5,9.0,1009.1,400.0
2026-06-20 01:00:00,,31.5,63.0,0.0,3.2,313.0,1009.3,925.0
2026-06-20 02:00:00,,32.7,58.0,0.0,1.8,315.0,1009.2,1400.0
2026-06-20 03:00:00,,33.0,58.0,0.0,5.1,297.0,1008.6,1220.0
2026-06-20 04:00:00,32.9,33.2,60.0,0.0,8.9,278.0,1008.1,1080.0
2026-06-20 05:00:00,24.8,33.8,58.0,0.3,9.5,271.0,1007.5,1115.0
2026-06-20 06:00:00,21.3,34.1,55.0,0.2,12.2,286.0,1007.0,1225.0
2026-06-20 07:00:00,14.7,34.1,54.0,0.0,11.8,290.0,1006.4,1160.0
2026-06-20 08:00:00,,34.0,55.0,0.0,10.1,294.0,1006.1,970.0
2026-06-20 09:00:00,,33.8,56.0,0.0,8.1,275.0,1006.2,375.0
2026-06-20 10:00:00,,32.7,62.0,0.0,8.5,252.0,1006.9,315.0
2026-06-20 11:00:00,21.3,31.8,68.0,0.1,7.6,232.0,1007.3,285.0
2026-06-20 12:00:00,25.2,31.3,68.0,0.7,10.5,258.0,1008.5,420.0
2026-06-20 13:00:00,8.8,30.7,72.0,0.0,6.8,230.0,1008.6,210.0
2026-06-20 14:00:00,,30.4,74.0,0.2,5.8,240.0,1009.0,255.0
2026-06-20 15:00:00,,30.4,75.0,0.3,2.8,255.0,1009.3,465.0
2026-06-20 16:00:00,,30.0,75.0,0.0,4.3,292.0,1008.9,345.0
2026-06-20 17:00:00,19.9,29.7,76.0,0.0,3.1,310.0,1008.6,385.0
2026-06-20 18:00:00,11.2,29.5,74.0,0.0,5.8,360.0,1008.0,405.0
2026-06-20 19:00:00,11.7,29.2,74.0,0.0,5.4,358.0,1008.0,320.0
2026-06-20 20:00:00,20.2,29.0,75.0,0.0,4.2,340.0,1008.0,305.0
2026-06-20 21:00:00,23.0,28.7,78.0,0.0,5.6,329.0,1008.1,300.0
2026-06-20 22:00:00,22.4,28.3,83.0,0.0,7.1,326.0,1008.3,280.0
2026-06-20 23:00:00,,28.6,81.0,0.0,5.6,333.0,1008.8,270.0
2026-06-21 00:00:00,,31.4,65.0,0.0,3.8,25.0,1008.4,740.0
2026-06-21 01:00:00,,32.9,56.0,0.0,2.1,142.0,1008.5,1125.0
2026-06-21 02:00:00,,34.0,51.0,0.0,2.6,205.0,1007.8,1310.0
2026-06-21 03:00:00,,34.4,50.0,0.0,5.6,264.0,1007.2,1380.0
2026-06-21 04:00:00,,34.4,52.0,0.1,9.2,277.0,1006.7,1380.0
2026-06-21 05:00:00,,35.0,51.0,0.1,9.4,281.0,1006.1,1520.0
2026-06-21 06:00:00,,35.6,49.0,0.0,9.4,273.0,1005.3,1665.0
2026-06-21 07:00:00,,35.5,48.0,0.0,10.3,274.0,1004.5,1575.0
2026-06-21 08:00:00,,34.4,51.0,0.0,14.2,258.0,1004.4,550.0
2026-06-21 09:00:00,28.7,32.9,59.0,1.6,14.9,208.0,1005.2,625.0
2026-06-21 10:00:00,21.4,31.9,61.0,0.8,8.5,209.0,1005.8,485.0
2026-06-21 11:00:00,12.4,28.6,72.0,0.9,10.2,14.0,1007.5,490.0
2026-06-21 12:00:00,,30.8,67.0,0.5,3.3,103.0,1007.4,370.0
2026-06-21 13:00:00,,30.5,69.0,0.0,4.4,117.0,1007.7,500.0
2026-06-21 14:00:00,,30.1,72.0,0.0,3.6,93.0,1007.7,260.0
2026-06-21 15:00:00,,29.9,72.0,0.0,3.0,322.0,1007.2,360.0
2026-06-21 16:00:00,,29.8,71.0,0.0,4.1,331.0,1006.4,400.0
2026-06-21 17:00:00,21.2,28.3,76.0,0.2,7.0,270.0,1006.3,370.0
2026-06-21 18:00:00,24.1,28.5,78.0,0.1,5.1,288.0,1005.9,340.0
2026-06-21 19:00:00,,28.2,81.0,0.0,3.9,326.0,1005.5,360.0
2026-06-21 20:00:00,,28.1,83.0,0.0,3.3,331.0,1005.1,345.0
2026-06-21 21:00:00,,27.9,84.0,0.0,4.3,332.0,1004.9,295.0
2026-06-21 22:00:00,,27.9,85.0,0.0,4.6,329.0,1005.4,270.0
2026-06-21 23:00:00,32.6,28.4,81.0,0.0,6.5,337.0,1005.6,345.0
2026-06-22 00:00:00,31.2,29.7,72.0,0.0,6.3,345.0,1006.3,680.0
2026-06-22 01:00:00,,30.5,69.0,0.0,6.2,330.0,1006.1,750.0
2026-06-22 02:00:00,,31.1,67.0,0.0,7.9,297.0,1005.5,795.0
2026-06-22 03:00:00,30.3,31.7,65.0,0.0,8.7,278.0,1005.2,870.0
2026-06-22 04:00:00,30.8,32.1,63.0,0.0,8.1,252.0,1005.3,860.0
2026-06-22 05:00:00,,32.7,61.0,0.0,10.3,251.0,1004.4,905.0
2026-06-22 06:00:00,,32.9,58.0,0.0,10.9,250.0,1003.8,1005.0
2026-06-22 07:00:00,20.7,32.8,59.0,0.0,14.2,238.0,1003.1,1060.0
2026-06-22 08:00:00,,32.6,58.0,0.1,16.5,248.0,1002.5,1070.0
2026-06-22 09:00:00,,32.0,61.0,0.3,12.8,269.0,1002.8,1000.0
2026-06-22 10:00:00,,31.5,65.0,0.0,10.7,275.0,1003.3,860.0
2026-06-22 11:00:00,24.6,31.0,68.0,0.0,9.4,258.0,1003.7,725.0
2026-06-22 12:00:00,,31.0,65.0,0.0,10.1,282.0,1004.0,770.0
2026-06-22 13:00:00,,30.7,66.0,0.0,8.1,271.0,1004.2,765.0
2026-06-22 14:00:00,31.4,30.5,66.0,0.0,6.8,268.0,1004.7,825.0
2026-06-22 15:00:00,30.1,30.4,67.0,0.0,6.3,270.0,1004.8,875.0
2026-06-22 16:00:00,,30.0,68.0,0.0,6.7,265.0,1004.6,745.0
2026-06-22 17:00:00,,29.9,67.0,0.0,8.6,258.0,1003.8,750.0
2026-06-22 18:00:00,,29.9,66.0,0.0,9.6,267.0,1003.1,950.0
2026-06-22 19:00:00,,29.7,67.0,0.0,12.8,276.0,1003.0,1050.0
2026-06-22 20:00:00,16.3,29.2,70.0,0.0,14.8,280.0,1003.0,945.0
2026-06-22 21:00:00,,28.9,74.0,0.0,16.1,280.0,1003.1,885.0
2026-06-22 22:00:00,,29.0,73.0,0.0,17.7,280.0,1003.4,940.0
2026-06-22 23:00:00,,29.4,71.0,0.0,17.7,282.0,1004.4,1015.0
2026-06-23 00:00:00,20.3,30.5,65.0,0.0,18.0,288.0,1004.7,1110.0
2026-06-23 01:00:00,,30.8,65.0,0.0,16.7,290.0,1005.0,940.0
2026-06-23 02:00:00,,31.5,64.0,0.0,14.8,284.0,1005.2,1050.0
2026-06-23 03:00:00,,32.0,59.0,0.1,15.4,265.0,1005.0,1055.0
2026-06-23 04:00:00,,31.7,62.0,0.3,19.3,248.0,1004.6,955.0
2026-06-23 05:00:00,,30.8,71.0,0.7,23.4,239.0,1004.1,760.0
2026-06-23 06:00:00,18.7,31.7,65.0,0.1,19.3,256.0,1003.7,990.0
2026-06-23 07:00:00,17.9,31.7,63.0,0.0,20.1,264.0,1003.4,1025.0
2026-06-23 08:00:00,19.8,31.0,65.0,0.0,18.7,269.0,1002.9,885.0
2026-06-23 09:00:00,21.2,30.6,69.0,0.0,18.3,280.0,1003.3,920.0
2026-06-23 10:00:00,20.7,30.5,69.0,0.0,18.3,280.0,1003.8,890.0
2026-06-23 11:00:00,15.8,30.5,68.0,0.0,16.6,274.0,1004.7,925.0
2026-06-23 12:00:00,,30.8,67.0,0.1,19.3,278.0,1004.7,980.0
2026-06-23 13:00:00,16.2,30.7,67.0,0.1,17.3,279.0,1005.3,995.0
2026-06-23 14:00:00,13.8,29.4,71.0,0.4,14.8,261.0,1006.2,745.0
2026-06-23 15:00:00,9.58,28.7,78.0,0.5,12.9,237.0,1006.6,605.0
2026-06-23 16:00:00,,28.6,77.0,0.1,13.0,264.0,1006.4,675.0
2026-06-23 17:00:00,9.64,28.9,75.0,0.0,14.4,258.0,1005.4,740.0
2026-06-23 18:00:00,,29.0,75.0,0.0,13.2,285.0,1004.8,675.0
2026-06-23 19:00:00,5.68,28.8,75.0,0.0,12.2,239.0,1005.0,630.0
2026-06-23 20:00:00,,28.5,78.0,0.0,11.9,236.0,1004.9,605.0
2026-06-23 21:00:00,11.1,28.0,80.0,0.5,14.9,240.0,1005.0,565.0
2026-06-23 22:00:00,,27.0,85.0,0.7,12.9,235.0,1006.0,450.0
2026-06-23 23:00:00,,27.6,83.0,0.6,14.3,226.0,1006.6,525.0
2026-06-24 00:00:00,,28.2,78.0,0.6,16.5,232.0,1007.2,685.0
2026-06-24 01:00:00,,29.1,77.0,0.1,20.7,231.0,1007.4,830.0
2026-06-24 02:00:00,,30.1,72.0,0.2,20.4,243.0,1007.4,1020.0
2026-06-24 03:00:00,17.3,30.2,69.0,0.2,20.2,240.0,1006.4,925.0
2026-06-24 04:00:00,11.4,30.3,69.0,0.0,19.5,245.0,1006.1,1060.0
2026-06-24 05:00:00,,29.6,74.0,0.3,21.1,243.0,1006.1,780.0
2026-06-24 06:00:00,,29.1,75.0,1.1,17.1,262.0,1006.5,765.0
2026-06-24 07:00:00,,28.2,81.0,0.8,17.5,250.0,1006.2,675.0
2026-06-24 08:00:00,8.66,28.8,77.0,0.6,20.7,241.0,1005.0,885.0
2026-06-24 09:00:00,11.2,29.2,75.0,0.1,21.2,239.0,1005.1,975.0
2026-06-24 10:00:00,6.16,29.1,76.0,0.0,18.5,238.0,1005.9,1005.0
2026-06-24 11:00:00,,28.6,79.0,0.1,16.8,238.0,1006.8,705.0
2026-06-24 12:00:00,,28.3,81.0,0.4,13.5,249.0,1006.7,715.0
2026-06-24 13:00:00,3.94,28.4,79.0,0.2,17.5,238.0,1007.2,680.0
2026-06-24 14:00:00,,28.3,80.0,0.1,16.2,239.0,1007.6,650.0
2026-06-24 15:00:00,,28.4,79.0,0.1,15.6,237.0,1007.7,660.0
2026-06-24 16:00:00,,28.2,80.0,0.2,14.9,233.0,1007.2,655.0
2026-06-24 17:00:00,5.32,27.9,83.0,0.2,13.1,232.0,1006.8,570.0
2026-06-24 18:00:00,1.25,27.9,83.0,0.2,12.6,250.0,1006.6,710.0
2026-06-24 19:00:00,4.88,27.6,84.0,0.3,12.0,244.0,1006.4,620.0
2026-06-24 20:00:00,12.1,27.8,84.0,0.4,9.0,240.0,1006.2,550.0
2026-06-24 21:00:00,10.3,27.7,85.0,0.3,8.0,218.0,1006.2,345.0
2026-06-24 22:00:00,22.7,27.0,86.0,0.1,10.5,213.0,1006.8,345.0
2026-06-24 23:00:00,15.7,26.6,85.0,0.7,11.2,237.0,1007.9,475.0
2026-06-25 00:00:00,,29.2,74.0,1.1,16.7,226.0,1008.2,845.0
2026-06-25 01:00:00,,29.7,71.0,0.3,17.0,237.0,1007.9,755.0
2026-06-25 02:00:00,,30.1,72.0,0.1,15.7,240.0,1007.5,820.0
2026-06-25 03:00:00,,30.6,69.0,0.1,19.6,240.0,1007.5,945.0
2026-06-25 04:00:00,,30.6,71.0,0.0,18.3,246.0,1006.8,895.0
2026-06-25 05:00:00,,30.6,70.0,0.1,21.9,247.0,1006.3,865.0
2026-06-25 06:00:00,8.34,30.0,69.0,0.2,24.3,245.0,1006.3,930.0
2026-06-25 07:00:00,,28.7,78.0,0.8,21.1,239.0,1006.3,765.0
2026-06-25 08:00:00,9.6,28.2,81.0,1.1,18.8,245.0,1006.1,645.0
2026-06-25 09:00:00,13.3,28.4,79.0,0.4,13.6,248.0,1006.3,610.0
2026-06-25 10:00:00,18.8,28.2,81.0,0.3,13.1,255.0,1006.6,585.0
2026-06-25 11:00:00,,27.9,83.0,0.4,10.3,245.0,1007.0,490.0
2026-06-25 12:00:00,13.7,28.7,79.0,0.2,7.9,257.0,1007.5,645.0
2026-06-25 13:00:00,12.4,28.3,82.0,0.1,9.7,236.0,1007.9,630.0
2026-06-25 14:00:00,10.2,28.1,82.0,0.2,12.0,238.0,1008.2,635.0
2026-06-25 15:00:00,,27.8,84.0,0.3,13.0,242.0,1008.2,620.0
2026-06-25 16:00:00,6.25,27.8,84.0,0.2,11.9,250.0,1007.7,585.0
2026-06-25 17:00:00,3.48,27.9,81.0,0.8,10.1,258.0,1007.1,510.0
2026-06-25 18:00:00,,27.2,85.0,0.3,11.0,245.0,1007.2,640.0
2026-06-25 19:00:00,4.43,27.1,83.0,0.5,11.1,250.0,1007.0,545.0
2026-06-25 20:00:00,,27.3,83.0,0.2,9.5,245.0,1006.6,545.0
2026-06-25 21:00:00,10.0,27.4,84.0,0.1,10.0,247.0,1006.7,575.0
2026-06-25 22:00:00,,27.4,83.0,0.1,14.2,243.0,1007.2,630.0
2026-06-25 23:00:00,,27.9,81.0,0.2,12.0,252.0,1007.7,615.0
2026-06-26 00:00:00,,28.7,76.0,0.2,15.1,255.0,1008.0,795.0
2026-06-26 01:00:00,,29.0,74.0,0.2,16.7,245.0,1008.1,795.0
2026-06-26 02:00:00,,29.3,73.0,0.1,16.1,235.0,1007.8,765.0
2026-06-26 03:00:00,,29.1,76.0,0.1,16.7,240.0,1008.1,720.0
2026-06-26 04:00:00,11.3,28.3,80.0,0.8,18.2,237.0,1008.0,735.0
2026-06-26 05:00:00,11.9,28.1,81.0,1.6,19.0,241.0,1008.0,780.0
2026-06-26 06:00:00,13.5,28.5,79.0,1.1,16.1,234.0,1006.5,715.0
2026-06-26 07:00:00,,29.0,77.0,0.3,19.6,238.0,1006.2,705.0
2026-06-26 08:00:00,,28.3,79.0,0.4,19.9,233.0,1006.3,695.0
2026-06-26 09:00:00,15.0,27.5,85.0,1.7,15.9,233.0,1006.8,610.0
2026-06-26 10:00:00,7.97,27.6,83.0,0.3,16.2,228.0,1007.5,595.0
2026-06-26 11:00:00,,27.5,84.0,0.2,15.9,222.0,1007.9,575.0
2026-06-26 12:00:00,,27.0,87.0,0.0,14.9,236.0,1008.8,550.0
2026-06-26 13:00:00,,27.4,85.0,0.6,15.3,232.0,1008.7,605.0
2026-06-26 14:00:00,,27.5,84.0,0.2,16.0,232.0,1008.6,620.0
2026-06-26 15:00:00,,27.6,83.0,0.1,14.6,235.0,1008.9,620.0
2026-06-26 16:00:00,2.86,27.6,83.0,0.0,13.6,238.0,1008.4,625.0
2026-06-26 17:00:00,,27.5,82.0,0.1,14.7,248.0,1007.5,625.0
2026-06-26 18:00:00,4.7,25.5,90.0,0.1,8.8,255.0,1007.5,180.0
2026-06-26 19:00:00,4.49,26.4,87.0,1.0,10.1,237.0,1006.8,470.0
2026-06-26 20:00:00,8.42,26.7,86.0,0.2,9.2,235.0,1006.4,485.0
2026-06-26 21:00:00,11.9,27.0,84.0,0.2,9.8,235.0,1006.6,530.0
2026-06-26 22:00:00,,27.4,83.0,0.1,10.7,235.0,1007.0,670.0
2026-06-26 23:00:00,,27.9,79.0,0.5,14.1,247.0,1007.6,750.0
2026-06-27 00:00:00,,28.4,76.0,0.3,13.4,255.0,1008.2,895.0
2026-06-27 01:00:00,,28.7,75.0,0.2,13.2,246.0,1008.4,790.0
2026-06-27 02:00:00,,29.2,73.0,0.0,13.0,251.0,1008.0,915.0
2026-06-27 03:00:00,,29.8,72.0,0.0,9.0,248.0,1007.3,800.0
2026-06-27 04:00:00,,30.4,70.0,0.0,10.3,251.0,1006.5,890.0
2026-06-27 05:00:00,,30.4,70.0,0.0,12.3,248.0,1006.2,895.0
2026-06-27 06:00:00,,30.7,67.0,0.0,6.2,244.0,1005.5,725.0
2026-06-27 07:00:00,,30.4,69.0,0.0,6.7,243.0,1005.0,615.0
2026-06-27 08:00:00,,30.1,70.0,0.0,9.2,231.0,1004.7,550.0
2026-06-27 09:00:00,,29.7,71.0,0.0,11.5,228.0,1004.6,495.0
2026-06-27 10:00:00,13.8,29.2,76.0,0.0,14.1,238.0,1005.4,475.0
2026-06-27 11:00:00,15.9,28.8,78.0,0.1,17.2,249.0,1006.5,525.0
2026-06-27 12:00:00,9.58,28.8,76.0,0.1,11.0,236.0,1007.0,475.0
2026-06-27 13:00:00,9.59,28.6,80.0,0.0,7.3,234.0,1007.3,355.0
2026-06-27 14:00:00,10.5,28.4,82.0,0.0,6.7,226.0,1007.7,210.0
2026-06-27 15:00:00,10.4,28.2,84.0,0.0,5.1,234.0,1008.0,80.0
2026-06-27 16:00:00,10.5,28.1,84.0,0.1,5.7,226.0,1007.7,65.0
2026-06-27 17:00:00,9.41,27.8,82.0,0.5,9.8,234.0,1007.5,285.0
2026-06-27 18:00:00,6.39,27.7,81.0,0.1,11.6,221.0,1007.1,610.0
2026-06-27 19:00:00,8.48,27.6,80.0,0.0,13.2,211.0,1006.8,555.0
2026-06-27 20:00:00,15.7,27.5,81.0,0.0,12.1,220.0,1006.8,545.0
2026-06-27 21:00:00,21.5,27.2,82.0,0.1,11.2,217.0,1006.8,440.0
2026-06-27 22:00:00,12.1,27.1,85.0,0.1,8.5,232.0,1007.0,385.0
2026-06-27 23:00:00,33.4,26.1,86.0,1.0,15.6,236.0,1007.9,350.0
2026-06-28 00:00:00,7.03,28.9,74.0,0.2,12.7,259.0,1007.9,705.0
2026-06-28 01:00:00,6.02,29.2,74.0,0.0,11.0,256.0,1008.4,775.0
2026-06-28 02:00:00,16.2,29.9,71.0,0.0,7.9,253.0,1007.7,730.0
2026-06-28 03:00:00,11.9,30.3,70.0,0.0,7.7,273.0,1007.4,690.0
2026-06-28 04:00:00,9.32,30.6,68.0,0.0,7.5,262.0,1007.1,630.0
2026-06-28 05:00:00,13.8,30.5,68.0,0.0,8.8,261.0,1006.6,545.0
2026-06-28 06:00:00,8.37,30.7,67.0,0.0,8.6,244.0,1006.1,585.0
2026-06-28 07:00:00,11.4,30.8,68.0,0.0,11.4,241.0,1005.5,675.0
2026-06-28 08:00:00,10.4,30.5,68.0,0.0,13.9,228.0,1005.3,630.0
2026-06-28 09:00:00,,29.8,72.0,0.0,13.6,235.0,1005.3,515.0
2026-06-28 10:00:00,9.87,29.1,78.0,0.0,13.8,233.0,1005.9,455.0
2026-06-28 11:00:00,10.4,28.5,82.0,0.0,15.8,232.0,1006.7,465.0
2026-06-28 12:00:00,10.6,28.5,81.0,0.0,11.7,233.0,1007.4,460.0
2026-06-28 13:00:00,,28.5,80.0,0.0,8.5,238.0,1007.6,485.0
2026-06-28 14:00:00,,28.3,80.0,0.0,10.8,242.0,1008.1,500.0
2026-06-28 15:00:00,3.1,28.2,81.0,0.0,7.4,236.0,1008.3,455.0
2026-06-28 16:00:00,4.15,28.1,82.0,0.1,6.0,221.0,1007.5,465.0
2026-06-28 17:00:00,8.27,27.9,84.0,0.1,4.1,236.0,1006.8,220.0
2026-06-28 18:00:00,12.3,27.7,87.0,0.0,0.3,225.0,1006.2,35.0
2026-06-28 19:00:00,9.68,27.7,85.0,0.1,3.0,232.0,1006.0,90.0
2026-06-28 20:00:00,14.5,27.4,85.0,0.0,2.3,241.0,1006.0,65.0
2026-06-28 21:00:00,,26.9,86.0,0.2,1.6,186.0,1006.2,60.0
2026-06-28 22:00:00,22.9,26.7,87.0,0.3,3.7,133.0,1006.8,65.0
2026-06-28 23:00:00,24.0,27.9,83.0,0.0,2.5,159.0,1007.8,360.0
2026-06-29 00:00:00,28.0,29.6,75.0,0.0,0.8,135.0,1008.0,710.0
2026-06-29 01:00:00,26.2,30.5,72.0,0.0,1.8,315.0,1008.2,800.0
2026-06-29 02:00:00,,31.0,70.0,0.1,7.4,270.0,1008.2,980.0
2026-06-29 03:00:00,,30.5,72.0,1.3,9.9,273.0,1007.9,580.0
2026-06-29 04:00:00,15.4,31.0,70.0,1.3,9.4,275.0,1006.9,595.0
2026-06-29 05:00:00,9.12,29.5,79.0,5.3,8.5,283.0,1006.8,375.0
2026-06-29 06:00:00,,29.7,76.0,2.0,2.2,66.0,1006.6,330.0
2026-06-29 07:00:00,,31.4,68.0,0.0,4.9,274.0,1006.0,650.0
2026-06-29 08:00:00,9.77,30.9,68.0,0.2,8.8,250.0,1005.5,680.0
2026-06-29 09:00:00,21.9,29.5,76.0,2.3,7.3,259.0,1006.0,440.0
2026-06-29 10:00:00,16.0,29.0,86.0,1.5,4.7,227.0,1006.7,510.0
2026-06-29 11:00:00,,25.6,93.0,5.7,8.6,89.0,1007.9,185.0
2026-06-29 12:00:00,22.1,27.0,93.0,0.8,2.1,149.0,1007.3,70.0
2026-06-29 13:00:00,16.4,27.4,91.0,0.0,4.0,159.0,1007.4,185.0
2026-06-29 14:00:00,18.1,27.6,89.0,0.0,5.1,126.0,1008.0,185.0
2026-06-29 15:00:00,,27.5,90.0,0.2,5.7,103.0,1008.2,180.0
2026-06-29 16:00:00,19.7,27.0,94.0,0.3,5.4,88.0,1007.5,105.0
2026-06-29 17:00:00,18.8,26.8,95.0,0.1,4.0,87.0,1007.0,75.0
2026-06-29 18:00:00,17.5,27.2,88.0,0.0,3.5,321.0,1006.6,100.0
2026-06-29 19:00:00,15.4,26.7,89.0,0.1,6.5,321.0,1006.1,185.0
2026-06-29 20:00:00,15.9,26.8,88.0,0.0,6.6,319.0,1005.7,305.0
2026-06-29 21:00:00,,26.6,89.0,0.1,8.7,355.0,1005.4,310.0
2026-06-29 22:00:00,30.9,26.0,92.0,0.2,7.9,3.0,1005.4,220.0
2026-06-29 23:00:00,20.4,26.8,89.0,0.1,6.4,342.0,1006.2,235.0
2026-06-30 00:00:00,11.9,26.3,90.0,0.4,11.4,13.0,1006.6,390.0
2026-06-30 01:00:00,15.7,26.6,86.0,1.0,10.5,6.0,1007.3,430.0
2026-06-30 02:00:00,29.0,25.9,91.0,3.0,12.3,331.0,1007.0,430.0
2026-06-30 03:00:00,24.1,26.5,90.0,1.8,13.3,341.0,1006.7,425.0
2026-06-30 04:00:00,23.3,27.5,87.0,1.7,10.7,355.0,1005.9,530.0
2026-06-30 05:00:00,18.5,27.3,87.0,1.1,9.9,351.0,1005.5,465.0
2026-06-30 06:00:00,,28.1,83.0,0.7,9.0,2.0,1005.2,545.0
2026-06-30 07:00:00,,28.6,81.0,0.7,6.4,342.0,1004.2,540.0
2026-06-30 08:00:00,,27.2,85.0,4.0,8.3,14.0,1004.3,335.0
2026-06-30 09:00:00,23.2,27.0,90.0,0.6,7.4,29.0,1004.2,295.0
2026-06-30 10:00:00,24.6,26.3,92.0,1.1,3.6,45.0,1004.8,195.0
2026-06-30 11:00:00,19.1,26.3,95.0,0.6,10.2,353.0,1004.8,380.0
2026-06-30 12:00:00,,26.0,91.0,0.1,3.2,164.0,1005.2,140.0
2026-06-30 13:00:00,22.8,26.2,92.0,0.0,4.4,35.0,1005.5,115.0
2026-06-30 14:00:00,,26.3,91.0,0.0,6.6,53.0,1006.0,175.0
2026-06-30 15:00:00,10.8,26.5,86.0,0.0,10.2,60.0,1006.0,585.0
2026-06-30 16:00:00,6.03,26.3,84.0,0.0,13.6,83.0,1005.7,525.0
2026-06-30 17:00:00,7.43,26.2,85.0,0.0,12.9,106.0,1005.3,545.0
2026-06-30 18:00:00,4.61,26.6,86.0,0.0,10.9,119.0,1005.0,500.0
2026-06-30 19:00:00,,26.5,85.0,0.0,11.2,96.0,1004.4,500.0
2026-06-30 20:00:00,,26.5,84.0,0.0,10.3,106.0,1004.2,485.0
2026-06-30 21:00:00,,26.4,85.0,0.0,10.5,109.0,1004.5,385.0
2026-06-30 22:00:00,,26.5,85.0,0.0,13.1,113.0,1005.3,385.0
2026-06-30 23:00:00,,27.2,83.0,0.0,13.2,105.0,1006.1,435.0
2026-07-01 00:00:00,9.19,28.8,76.0,0.0,12.0,131.0,1006.8,605.0
2026-07-01 01:00:00,13.6,29.5,74.0,0.1,10.4,154.0,1007.1,830.0
2026-07-01 02:00:00,7.59,30.2,71.0,0.1,9.7,132.0,1007.3,860.0
2026-07-01 03:00:00,10.9,31.0,67.0,0.1,9.7,137.0,1006.8,905.0
2026-07-01 04:00:00,11.6,31.6,65.0,0.0,11.6,126.0,1006.5,1010.0
2026-07-01 05:00:00,8.46,32.0,62.0,0.1,8.9,162.0,1006.0,1165.0
2026-07-01 06:00:00,15.7,29.2,78.0,0.1,11.1,222.0,1006.3,535.0
2026-07-01 07:00:00,13.1,29.1,77.0,1.5,4.7,208.0,1005.7,510.0
2026-07-01 08:00:00,18.6,28.9,77.0,0.3,5.2,224.0,1005.4,600.0
2026-07-01 09:00:00,10.3,28.7,78.0,0.5,2.0,243.0,1005.5,450.0
2026-07-01 10:00:00,12.0,27.1,88.0,1.5,7.0,111.0,1006.2,255.0
2026-07-01 11:00:00,20.9,26.3,94.0,2.6,3.7,55.0,1007.1,100.0
2026-07-01 12:00:00,19.0,27.7,89.0,0.2,5.1,98.0,1007.2,140.0
2026-07-01 13:00:00,11.1,27.5,91.0,0.4,5.9,128.0,1007.7,220.0
2026-07-01 14:00:00,15.4,27.7,91.0,0.0,3.2,133.0,1008.1,130.0
2026-07-01 15:00:00,13.9,27.7,91.0,0.0,4.6,116.0,1008.5,175.0
2026-07-01 16:00:00,8.26,27.1,93.0,0.1,8.5,144.0,1008.0,285.0
2026-07-01 17:00:00,,25.5,94.0,2.4,9.2,163.0,1008.6,365.0
2026-07-01 18:00:00,2.27,27.6,88.0,2.3,7.1,128.0,1008.1,320.0
2026-07-01 19:00:00,15.3,27.2,90.0,0.0,6.0,127.0,1007.5,185.0
2026-07-01 20:00:00,12.6,27.1,90.0,0.0,5.5,136.0,1007.4,150.0
2026-07-01 21:00:00,15.6,27.0,91.0,0.0,7.1,161.0,1007.9,270.0
2026-07-01 22:00:00,17.6,26.8,91.0,0.0,8.3,138.0,1008.5,385.0
2026-07-01 23:00:00,,26.9,88.0,0.2,9.6,124.0,1008.7,385.0
2026-07-02 00:00:00,,29.0,78.0,0.0,2.8,105.0,1009.3,305.0
2026-07-02 01:00:00,13.2,29.5,75.0,0.0,5.7,122.0,1009.4,555.0
2026-07-02 02:00:00,15.3,30.4,67.0,0.1,6.8,130.0,1009.1,855.0
2026-07-02 03:00:00,,31.0,64.0,0.1,9.9,138.0,1009.1,935.0
2026-07-02 04:00:00,11.2,31.6,62.0,0.0,10.9,149.0,1008.7,1015.0
2026-07-02 05:00:00,,31.7,61.0,0.1,12.1,145.0,1008.6,1265.0
2026-07-02 06:00:00,17.3,30.6,67.0,0.7,10.7,134.0,1008.3,860.0
2026-07-02 07:00:00,,29.8,72.0,0.6,10.3,97.0,1008.3,590.0
2026-07-02 08:00:00,,29.6,75.0,0.0,8.4,101.0,1007.7,570.0
2026-07-02 09:00:00,,29.3,76.0,0.0,9.6,104.0,1007.8,605.0
2026-07-02 10:00:00,,28.8,79.0,0.0,9.8,107.0,1008.5,560.0
2026-07-02 11:00:00,23.5,28.2,81.0,0.0,11.2,122.0,1009.3,445.0
2026-07-02 12:00:00,,28.4,79.0,0.0,11.1,121.0,1009.9,360.0
2026-07-02 13:00:00,24.5,28.1,79.0,0.0,8.0,110.0,1010.0,360.0
2026-07-02 14:00:00,17.1,28.0,80.0,0.0,5.5,107.0,1010.3,315.0
2026-07-02 15:00:00,15.0,27.8,80.0,0.0,5.5,107.0,1010.8,310.0
2026-07-02 16:00:00,14.9,27.6,79.0,0.0,6.9,110.0,1010.4,290.0
2026-07-02 17:00:00,9.75,27.5,80.0,0.0,7.2,109.0,1010.2,275.0
2026-07-02 18:00:00,,27.4,82.0,0.0,8.9,118.0,1010.2,290.0
2026-07-02 19:00:00,15.0,27.3,83.0,0.0,8.3,106.0,1009.7,265.0
2026-07-02 20:00:00,,27.1,83.0,0.0,7.1,100.0,1009.3,235.0
2026-07-02 21:00:00,,27.0,83.0,0.0,5.4,96.0,1009.5,190.0
2026-07-02 22:00:00,,27.0,83.0,0.0,4.9,98.0,1009.5,170.0
2026-07-02 23:00:00,,27.7,80.0,0.0,4.8,101.0,1010.2,265.0
2026-07-03 00:00:00,23.9,29.3,75.0,0.0,4.7,99.0,1010.6,400.0
2026-07-03 01:00:00,24.2,30.6,68.0,0.0,6.3,117.0,1010.6,850.0
2026-07-03 02:00:00,17.4,31.6,61.0,0.2,8.4,121.0,1010.5,1040.0
2026-07-03 03:00:00,,32.2,58.0,0.2,9.3,126.0,1010.5,1105.0
2026-07-03 04:00:00,16.7,32.7,57.0,0.3,9.7,138.0,1009.9,1160.0
2026-07-03 05:00:00,,32.8,57.0,0.4,9.8,154.0,1009.4,1145.0
2026-07-03 06:00:00,,33.1,56.0,0.4,9.7,177.0,1008.9,1270.0
2026-07-03 07:00:00,,32.8,56.0,0.1,9.0,165.0,1008.4,1175.0
2026-07-03 08:00:00,,33.0,55.0,0.1,8.2,161.0,1007.8,1325.0
2026-07-03 09:00:00,,32.2,56.0,0.0,8.8,165.0,1008.1,1210.0
2026-07-03 10:00:00,26.2,31.2,63.0,0.0,7.9,160.0,1008.8,640.0
2026-07-03 11:00:00,26.5,30.1,69.0,0.0,9.3,171.0,1009.4,485.0
2026-07-03 12:00:00,23.2,29.0,79.0,0.0,10.1,221.0,1010.1,200.0
2026-07-03 13:00:00,26.9,29.0,78.0,0.0,9.1,210.0,1010.4,225.0
2026-07-03 14:00:00,20.1,29.0,82.0,0.0,4.9,190.0,1010.9,170.0
2026-07-03 15:00:00,19.8,28.0,86.0,0.2,4.8,42.0,1011.3,135.0
2026-07-03 16:00:00,,27.5,85.0,0.2,5.6,354.0,1010.8,115.0
2026-07-03 17:00:00,17.3,25.7,89.0,0.6,6.7,360.0,1011.0,180.0
2026-07-03 18:00:00,17.5,26.0,93.0,4.1,9.4,334.0,1010.6,210.0
2026-07-03 19:00:00,26.0,25.4,91.0,0.0,9.4,360.0,1010.5,200.0
2026-07-03 20:00:00,,25.1,91.0,0.0,7.5,24.0,1010.4,155.0
2026-07-03 21:00:00,24.4,25.1,91.0,0.0,6.4,27.0,1010.5,145.0
2026-07-03 22:00:00,24.6,25.6,89.0,0.0,6.7,360.0,1010.4,170.0
2026-07-03 23:00:00,,26.7,84.0,0.0,6.6,11.0,1011.0,235.0
2026-07-04 00:00:00,,29.4,77.0,0.0,5.8,360.0,1011.0,480.0
2026-07-04 01:00:00,,30.6,70.0,0.0,4.9,358.0,1010.9,830.0
2026-07-04 02:00:00,,31.5,65.0,0.1,3.2,34.0,1010.6,1005.0
2026-07-04 03:00:00,28.1,32.1,63.0,0.1,2.7,118.0,1010.3,1095.0
2026-07-04 04:00:00,28.2,32.3,62.0,0.1,3.9,152.0,1009.8,1025.0
2026-07-04 05:00:00,,32.4,63.0,0.1,4.6,116.0,1009.2,930.0
2026-07-04 06:00:00,14.6,33.0,58.0,0.1,5.8,110.0,1008.5,1155.0
2026-07-04 07:00:00,5.52,32.8,59.0,0.1,5.3,147.0,1008.0,1020.0
2026-07-04 08:00:00,6.98,32.4,61.0,0.1,5.9,153.0,1007.7,925.0
2026-07-04 09:00:00,11.4,32.6,59.0,0.0,6.8,155.0,1007.6,1085.0
2026-07-04 10:00:00,,32.1,59.0,0.0,6.2,134.0,1008.2,780.0
2026-07-04 11:00:00,13.7,31.1,65.0,0.0,8.3,138.0,1008.7,500.0
2026-07-04 12:00:00,,30.7,66.0,0.0,6.5,120.0,1009.4,235.0
2026-07-04 13:00:00,,30.1,67.0,0.0,8.3,112.0,1009.8,235.0
2026-07-04 14:00:00,17.9,29.6,67.0,0.0,8.6,120.0,1010.1,235.0
2026-07-04 15:00:00,13.7,29.2,70.0,0.0,7.8,116.0,1010.1,230.0
2026-07-04 16:00:00,12.0,28.6,74.0,0.0,5.8,97.0,1009.7,160.0
2026-07-04 17:00:00,10.1,27.9,79.0,0.0,5.2,20.0,1009.2,110.0
2026-07-04 18:00:00,16.2,27.3,85.0,0.0,7.9,347.0,1008.9,215.0
2026-07-04 19:00:00,17.5,26.9,86.0,0.0,5.9,349.0,1008.7,190.0
2026-07-04 20:00:00,10.9,26.6,88.0,0.0,5.2,14.0,1008.9,170.0
2026-07-04 21:00:00,14.4,26.6,87.0,0.0,4.4,12.0,1009.2,130.0
2026-07-04 22:00:00,,26.8,87.0,0.0,1.2,27.0,1009.8,90.0
2026-07-04 23:00:00,,28.1,79.0,0.0,2.3,148.0,1010.5,360.0
2026-07-05 00:00:00,23.6,30.2,70.0,0.0,4.7,171.0,1010.4,690.0
2026-07-05 01:00:00,20.2,31.5,62.0,0.0,5.1,153.0,1010.2,880.0
2026-07-05 02:00:00,23.7,32.8,56.0,0.1,4.3,112.0,1010.1,1140.0
2026-07-05 03:00:00,,33.8,53.0,0.0,1.6,117.0,1009.4,1405.0
2026-07-05 04:00:00,,33.7,54.0,0.1,3.8,273.0,1008.8,1430.0
2026-07-05 05:00:00,24.0,33.5,56.0,0.1,8.5,266.0,1008.3,1375.0
2026-07-05 06:00:00,21.8,31.4,64.0,0.0,2.3,241.0,1008.4,710.0
2026-07-05 07:00:00,,31.1,64.0,1.5,5.5,234.0,1008.0,400.0
2026-07-05 08:00:00,,31.3,64.0,0.3,4.1,167.0,1007.5,705.0
2026-07-05 09:00:00,21.1,31.3,63.0,0.1,2.4,189.0,1007.5,775.0
2026-07-05 10:00:00,23.0,30.7,65.0,0.0,1.5,240.0,1007.9,800.0
2026-07-05 11:00:00,18.3,30.5,66.0,0.0,1.1,180.0,1008.3,720.0
2026-07-05 12:00:00,,30.7,69.0,0.0,7.5,140.0,1008.6,745.0
2026-07-05 13:00:00,12.4,28.8,78.0,0.2,6.7,355.0,1009.3,145.0
2026-07-05 14:00:00,,28.5,80.0,0.1,3.7,14.0,1009.3,90.0
2026-07-05 15:00:00,,28.1,83.0,0.0,4.8,22.0,1009.5,120.0
2026-07-05 16:00:00,10.3,27.7,84.0,0.0,6.5,358.0,1009.3,130.0
2026-07-05 17:00:00,14.7,27.6,83.0,0.0,4.9,360.0,1008.8,115.0
2026-07-05 18:00:00,19.6,27.0,81.0,0.0,2.8,252.0,1008.6,120.0
2026-07-05 19:00:00,15.2,27.0,83.0,0.0,2.7,312.0,1008.6,130.0
2026-07-05 20:00:00,,27.1,84.0,0.0,0.5,225.0,1008.7,10.0
2026-07-05 21:00:00,,26.8,86.0,0.0,2.1,121.0,1008.9,45.0
2026-07-05 22:00:00,19.3,26.6,90.0,0.0,3.5,81.0,1008.9,75.0
2026-07-05 23:00:00,20.9,27.3,85.0,0.0,3.6,49.0,1009.5,190.0
2026-07-06 00:00:00,22.6,29.6,75.0,0.1,2.1,59.0,1009.6,460.0
2026-07-06 01:00:00,19.1,31.2,65.0,0.0,0.2,90.0,1009.4,865.0
2026-07-06 02:00:00,28.4,32.2,58.0,0.0,1.9,253.0,1009.1,1035.0
2026-07-06 03:00:00,24.7,33.1,54.0,0.0,4.8,259.0,1008.5,1250.0
2026-07-06 04:00:00,,33.4,54.0,0.0,8.1,267.0,1007.8,1340.0
2026-07-06 05:00:00,,33.7,53.0,0.0,11.0,271.0,1007.3,1355.0
2026-07-06 06:00:00,,33.6,51.0,0.0,14.4,269.0,1006.7,960.0
2026-07-06 07:00:00,20.9,33.1,54.0,0.0,15.3,249.0,1006.4,965.0
2026-07-06 08:00:00,19.6,31.8,57.0,0.6,12.5,238.0,1006.4,540.0
2026-07-06 09:00:00,,31.3,61.0,1.0,9.7,227.0,1006.7,685.0
2026-07-06 10:00:00,,31.2,62.0,0.0,7.9,225.0,1007.3,770.0
2026-07-06 11:00:00,41.2,27.7,76.0,0.3,6.8,205.0,1008.4,210.0
2026-07-06 12:00:00,38.4,29.3,71.0,1.3,6.8,42.0,1008.6,285.0
2026-07-06 13:00:00,,28.5,73.0,0.1,6.3,77.0,1008.6,145.0
2026-07-06 14:00:00,26.9,28.2,74.0,0.0,4.8,27.0,1008.9,145.0
2026-07-06 15:00:00,,27.8,76.0,0.0,6.7,14.0,1008.6,205.0
2026-07-06 16:00:00,,27.7,77.0,0.0,3.3,9.0,1008.3,150.0
2026-07-06 17:00:00,,27.6,79.0,0.0,3.4,342.0,1008.2,135.0
2026-07-06 18:00:00,,28.1,77.0,0.0,2.6,155.0,1008.1,65.0
2026-07-06 19:00:00,30.2,27.7,82.0,0.0,4.2,149.0,1008.2,125.0
2026-07-06 20:00:00,31.2,27.0,85.0,0.0,1.0,22.0,1008.0,55.0
2026-07-06 21:00:00,28.2,26.9,86.0,0.0,3.9,13.0,1007.9,90.0
2026-07-06 22:00:00,,26.7,88.0,0.0,3.0,33.0,1008.0,95.0
2026-07-06 23:00:00,,27.7,82.0,0.0,1.8,53.0,1008.6,235.0
2026-07-07 00:00:00,,29.6,70.0,0.0,2.2,5.0,1008.5,350.0
2026-07-07 01:00:00,,31.2,63.0,0.0,4.1,331.0,1008.4,780.0
2026-07-07 02:00:00,,32.2,59.0,0.0,5.4,304.0,1008.3,1035.0
2026-07-07 03:00:00,,32.4,61.0,0.0,9.9,279.0,1008.1,1130.0
2026-07-07 04:00:00,29.3,30.5,66.0,0.0,14.2,261.0,1007.4,490.0
2026-07-07 05:00:00,30.7,32.2,59.0,1.4,10.5,254.0,1006.6,685.0
2026-07-07 06:00:00,,33.3,57.0,0.0,12.3,267.0,1005.8,1145.0
2026-07-07 07:00:00,,33.2,56.0,0.0,12.4,260.0,1005.3,1170.0
2026-07-07 08:00:00,32.3,33.3,55.0,0.0,9.7,266.0,1004.8,1190.0
2026-07-07 09:00:00,,32.8,55.0,0.4,10.0,257.0,1004.6,1080.0
2026-07-07 10:00:00,25.5,30.3,61.0,0.4,4.7,286.0,1005.5,575.0
2026-07-07 11:00:00,,28.1,75.0,3.0,2.7,82.0,1006.5,165.0
2026-07-07 12:00:00,,27.1,83.0,2.3,5.0,19.0,1007.2,205.0
2026-07-07 13:00:00,,27.9,80.0,0.2,3.7,67.0,1007.5,160.0
2026-07-07 14:00:00,,28.1,80.0,0.0,3.1,114.0,1007.8,240.0
2026-07-07 15:00:00,,27.8,81.0,0.0,3.2,146.0,1007.9,230.0
2026-07-07 16:00:00,24.0,27.8,83.0,0.0,2.9,184.0,1007.5,205.0
2026-07-07 17:00:00,,27.7,84.0,0.0,2.0,5.0,1007.1,215.0
2026-07-07 18:00:00,24.2,28.0,83.0,0.1,2.1,345.0,1006.8,260.0
2026-07-07 19:00:00,19.2,27.5,84.0,0.0,7.5,21.0,1006.8,420.0
2026-07-07 20:00:00,20.1,26.7,84.0,0.2,5.5,27.0,1006.7,180.0
2026-07-07 21:00:00,,26.5,85.0,0.0,3.1,3.0,1006.8,175.0
2026-07-07 22:00:00,20.7,26.8,82.0,0.0,2.0,355.0,1007.1,170.0
2026-07-07 23:00:00,,27.7,78.0,0.0,3.3,306.0,1007.5,405.0
2026-07-08 00:00:00,,29.0,75.0,0.0,8.5,270.0,1007.3,630.0
2026-07-08 01:00:00,23.2,29.7,71.0,0.1,9.9,286.0,1007.6,710.0
2026-07-08 02:00:00,,30.1,71.0,0.1,10.9,286.0,1007.2,835.0
2026-07-08 03:00:00,25.0,30.5,69.0,0.0,11.3,280.0,1006.6,815.0
2026-07-08 04:00:00,,31.2,66.0,0.0,12.5,277.0,1006.2,920.0
2026-07-08 05:00:00,,31.5,64.0,0.0,16.0,277.0,1005.3,995.0
2026-07-08 06:00:00,,30.4,70.0,1.4,11.8,244.0,1005.3,760.0
2026-07-08 07:00:00,21.2,30.8,69.0,0.2,11.9,275.0,1004.7,845.0
2026-07-08 08:00:00,21.7,30.2,71.0,0.1,11.8,283.0,1004.3,800.0
2026-07-08 09:00:00,19.0,30.6,70.0,0.1,10.1,290.0,1004.3,995.0
2026-07-08 10:00:00,,30.0,69.0,0.7,13.4,294.0,1004.9,860.0
2026-07-08 11:00:00,,29.4,73.0,0.2,12.7,313.0,1005.1,765.0
2026-07-08 12:00:00,,30.0,71.0,0.1,10.4,306.0,1005.1,865.0
2026-07-08 13:00:00,,29.4,75.0,0.2,9.4,306.0,1005.2,700.0
2026-07-08 14:00:00,,29.3,77.0,0.0,9.3,306.0,1005.5,705.0
2026-07-08 15:00:00,9.03,29.0,77.0,0.1,10.5,305.0,1005.7,650.0
2026-07-08 16:00:00,4.42,28.9,77.0,0.2,11.1,307.0,1005.1,715.0
2026-07-08 17:00:00,,28.9,78.0,0.2,11.8,308.0,1004.6,675.0
2026-07-08 18:00:00,5.69,28.5,78.0,0.0,12.3,302.0,1004.5,725.0
2026-07-08 19:00:00,,28.7,76.0,0.0,13.0,287.0,1004.0,975.0
2026-07-08 20:00:00,,28.7,75.0,0.2,15.9,292.0,1003.9,965.0
2026-07-08 21:00:00,,28.6,75.0,0.0,18.4,285.0,1003.9,915.0
2026-07-08 22:00:00,,28.7,75.0,0.0,18.5,283.0,1003.7,955.0
2026-07-08 23:00:00,,29.1,73.0,0.0,18.7,286.0,1004.4,1030.0
2026-07-09 00:00:00,,30.0,69.0,0.0,22.6,295.0,1004.6,1165.0
2026-07-09 01:00:00,12.7,30.5,66.0,0.0,22.6,293.0,1005.1,1195.0
2026-07-09 02:00:00,,31.0,64.0,0.1,23.4,292.0,1004.7,1145.0
2026-07-09 03:00:00,,31.4,64.0,0.0,22.2,287.0,1004.3,1215.0
2026-07-09 04:00:00,16.6,31.3,65.0,0.3,21.3,279.0,1003.9,1115.0
2026-07-09 05:00:00,16.4,31.7,64.0,0.0,20.6,265.0,1003.3,1220.0
2026-07-09 06:00:00,,30.8,62.0,0.0,24.1,269.0,1002.7,990.0
2026-07-09 07:00:00,17.9,30.9,66.0,0.0,23.9,269.0,1002.0,1040.0
2026-07-09 08:00:00,,30.7,69.0,0.0,22.3,270.0,1001.4,1075.0
2026-07-09 09:00:00,,30.4,70.0,0.0,21.2,275.0,1001.4,1060.0
2026-07-09 10:00:00,,30.0,71.0,0.0,20.7,277.0,1002.2,1045.0
2026-07-09 11:00:00,24.7,29.6,73.0,0.0,21.4,280.0,1003.2,920.0
2026-07-09 12:00:00,,29.9,72.0,0.0,20.3,285.0,1003.8,975.0
2026-07-09 13:00:00,,29.7,72.0,0.0,20.5,278.0,1003.8,890.0
2026-07-09 14:00:00,,29.6,71.0,0.0,20.5,277.0,1003.9,930.0
2026-07-09 15:00:00,,29.4,71.0,0.0,18.8,274.0,1004.1,950.0
2026-07-09 16:00:00,3.9,28.8,75.0,0.0,19.2,280.0,1003.5,840.0
2026-07-09 17:00:00,7.81,28.4,79.0,0.0,19.0,290.0,1002.9,860.0
2026-07-09 18:00:00,6.03,28.0,79.0,0.0,21.4,270.0,1002.6,660.0
2026-07-09 19:00:00,6.18,27.6,81.0,0.4,18.1,260.0,1002.5,780.0
2026-07-09 20:00:00,12.5,26.7,85.0,0.3,12.3,260.0,1001.6,580.0
2026-07-09 21:00:00,,27.5,83.0,0.0,16.0,261.0,1001.8,725.0
2026-07-09 22:00:00,,27.7,81.0,0.0,13.5,280.0,1001.9,735.0
2026-07-09 23:00:00,,28.0,80.0,0.0,14.3,280.0,1002.5,735.0
2026-07-10 00:00:00,,28.6,78.0,0.0,21.6,255.0,1002.5,830.0
2026-07-10 01:00:00,,29.0,77.0,0.0,18.4,265.0,1002.6,845.0
2026-07-10 02:00:00,,29.6,74.0,0.0,20.7,262.0,1002.1,1010.0
2026-07-10 03:00:00,,30.2,70.0,0.0,22.2,262.0,1001.5,1065.0
2026-07-10 04:00:00,16.6,30.3,66.0,0.0,23.9,263.0,1001.4,1050.0
2026-07-10 05:00:00,11.0,30.2,67.0,0.2,22.8,260.0,1001.5,1075.0
2026-07-10 06:00:00,,28.3,79.0,1.0,22.6,249.0,1000.9,845.0
2026-07-10 07:00:00,13.7,29.5,73.0,1.0,24.2,246.0,1000.1,875.0
2026-07-10 08:00:00,,27.0,84.0,6.0,26.0,252.0,1000.8,715.0
2026-07-10 09:00:00,14.2,27.4,85.0,1.6,18.0,242.0,1001.5,650.0
2026-07-10 10:00:00,,27.3,86.0,0.9,18.8,249.0,1001.7,610.0
2026-07-10 11:00:00,7.73,27.5,84.0,0.8,18.9,255.0,1002.4,655.0
2026-07-10 12:00:00,16.9,27.6,85.0,2.1,16.0,245.0,1002.5,635.0
2026-07-10 13:00:00,18.9,27.1,89.0,2.3,20.7,237.0,1002.3,605.0
2026-07-10 14:00:00,11.3,27.3,87.0,1.0,20.4,244.0,1002.9,610.0
2026-07-10 15:00:00,20.5,27.4,84.0,0.6,17.0,250.0,1003.0,640.0
2026-07-10 16:00:00,5.2,25.7,91.0,1.9,16.3,263.0,1003.1,560.0
2026-07-10 17:00:00,2.65,26.4,90.0,2.4,11.6,263.0,1002.6,550.0
2026-07-10 18:00:00,1.33,26.8,88.0,0.9,20.0,243.0,1001.8,705.0
2026-07-10 19:00:00,2.82,27.0,88.0,1.7,21.0,254.0,1001.5,745.0
2026-07-10 20:00:00,1.98,27.1,86.0,1.7,20.8,251.0,1001.5,815.0
2026-07-10 21:00:00,,27.5,84.0,1.7,22.8,250.0,1001.4,855.0
2026-07-10 22:00:00,,27.5,85.0,0.8,21.3,250.0,1001.5,825.0
2026-07-10 23:00:00,,27.8,83.0,0.5,21.2,241.0,1001.6,865.0
2026-07-11 00:00:00,,27.1,84.0,0.3,23.2,228.0,1002.8,760.0
2026-07-11 01:00:00,,27.3,83.0,0.5,20.9,223.0,1003.2,775.0
2026-07-11 02:00:00,12.0,27.4,84.0,0.9,24.5,230.0,1003.0,685.0
2026-07-11 03:00:00,,28.3,80.0,0.9,24.9,233.0,1002.7,755.0
2026-07-11 04:00:00,,27.8,84.0,0.7,23.9,231.0,1002.5,740.0
2026-07-11 05:00:00,6.47,27.7,80.0,1.6,28.4,242.0,1002.3,900.0
2026-07-11 06:00:00,,27.3,81.0,0.9,22.2,239.0,1002.3,810.0
2026-07-11 07:00:00,,27.7,83.0,0.3,24.2,237.0,1002.2,905.0
2026-07-11 08:00:00,,26.3,87.0,0.8,25.2,235.0,1002.2,710.0
2026-07-11 09:00:00,10.2,26.9,83.0,1.1,23.8,246.0,1002.3,760.0
2026-07-11 10:00:00,9.72,27.4,82.0,0.4,19.2,243.0,1002.9,860.0
2026-07-11 11:00:00,8.69,27.1,83.0,0.4,20.5,235.0,1004.0,685.0
2026-07-11 12:00:00,7.81,26.2,86.0,1.3,20.3,235.0,1004.2,630.0
2026-07-11 13:00:00,8.45,25.9,86.0,1.0,18.8,219.0,1004.8,650.0
2026-07-11 14:00:00,9.08,26.6,85.0,0.8,17.5,217.0,1005.7,800.0
2026-07-11 15:00:00,15.3,26.4,87.0,0.7,16.1,207.0,1005.8,775.0
2026-07-11 16:00:00,,26.3,86.0,0.2,10.2,201.0,1005.1,700.0
2026-07-11 17:00:00,10.8,25.4,89.0,1.0,8.6,181.0,1004.7,555.0
2026-07-11 18:00:00,2.5,26.1,88.0,1.1,9.1,214.0,1004.2,545.0
2026-07-11 19:00:00,3.35,25.0,93.0,2.4,10.9,213.0,1004.4,555.0
2026-07-11 20:00:00,6.72,24.9,92.0,1.5,12.9,205.0,1004.2,615.0
2026-07-11 21:00:00,8.48,25.3,91.0,0.7,14.7,215.0,1004.2,635.0
2026-07-11 22:00:00,16.0,25.5,91.0,1.5,12.1,210.0,1004.7,635.0
2026-07-11 23:00:00,11.3,25.6,93.0,1.3,13.7,220.0,1005.5,680.0
2026-07-12 00:00:00,9.42,26.0,91.0,1.5,16.9,208.0,1006.2,665.0
2026-07-12 01:00:00,,26.1,93.0,4.7,14.3,197.0,1006.6,665.0
2026-07-12 02:00:00,12.8,26.6,91.0,1.4,9.4,206.0,1006.6,660.0
2026-07-12 03:00:00,11.2,27.0,85.0,1.4,13.8,227.0,1006.9,710.0
2026-07-12 04:00:00,17.1,26.6,87.0,1.5,15.1,225.0,1006.4,610.0
2026-07-12 05:00:00,12.7,27.2,83.0,1.0,10.2,204.0,1005.8,675.0
2026-07-12 06:00:00,9.22,28.8,76.0,0.8,17.4,232.0,1005.2,985.0
2026-07-12 07:00:00,13.2,29.0,74.0,0.2,21.9,226.0,1005.0,1110.0
2026-07-12 08:00:00,13.7,28.2,77.0,0.4,20.3,229.0,1005.0,895.0
2026-07-12 09:00:00,,27.6,82.0,0.5,17.6,223.0,1005.0,750.0
2026-07-12 10:00:00,17.4,27.4,83.0,0.4,12.8,215.0,1005.6,745.0
2026-07-12 11:00:00,19.3,27.2,85.0,0.4,11.9,219.0,1006.6,655.0
2026-07-12 12:00:00,,26.9,93.0,4.3,6.6,197.0,1007.1,695.0
2026-07-12 13:00:00,,26.4,92.0,2.7,11.4,185.0,1007.8,675.0
2026-07-12 14:00:00,10.5,25.7,91.0,8.1,12.3,187.0,1008.5,530.0
2026-07-12 15:00:00,2.25,25.5,92.0,4.9,8.6,160.0,1008.7,360.0
2026-07-12 16:00:00,,25.7,93.0,1.7,7.8,128.0,1007.7,325.0
2026-07-12 17:00:00,,25.8,94.0,1.2,6.8,130.0,1007.0,275.0
2026-07-12 18:00:00,3.5,25.6,94.0,0.1,7.4,198.0,1006.9,535.0
2026-07-12 19:00:00,2.87,25.9,91.0,0.0,10.6,201.0,1006.4,575.0
2026-07-12 20:00:00,,25.9,91.0,0.1,9.2,200.0,1006.2,475.0
2026-07-12 21:00:00,19.8,26.0,91.0,0.1,8.8,192.0,1005.9,435.0
2026-07-12 22:00:00,,26.1,89.0,0.0,8.6,191.0,1006.3,500.0
2026-07-12 23:00:00,20.0,26.7,85.0,0.0,7.6,205.0,1007.3,560.0
2026-07-13 00:00:00,,27.7,80.0,0.0,10.4,214.0,1007.5,800.0
2026-07-13 01:00:00,,28.4,76.0,0.0,12.0,213.0,1007.4,810.0
2026-07-13 02:00:00,,29.4,72.0,0.2,14.3,216.0,1007.6,940.0
2026-07-13 03:00:00,13.6,30.1,70.0,0.0,14.2,229.0,1007.4,1085.0
2026-07-13 04:00:00,14.0,30.1,72.0,0.0,14.7,245.0,1007.0,1085.0
2026-07-13 05:00:00,17.0,29.1,77.0,1.6,17.9,246.0,1006.7,790.0
2026-07-13 06:00:00,11.6,28.2,78.0,0.2,23.9,242.0,1007.5,715.0
2026-07-13 07:00:00,8.04,26.9,85.0,3.8,22.6,240.0,1007.7,725.0
2026-07-13 08:00:00,9.12,27.6,81.0,1.8,21.8,240.0,1007.7,855.0
2026-07-13 09:00:00,12.2,27.8,79.0,0.2,19.6,250.0,1007.8,820.0
2026-07-13 10:00:00,19.5,27.6,76.0,0.0,14.2,255.0,1007.7,700.0
2026-07-13 11:00:00,15.9,27.4,78.0,0.0,8.7,257.0,1008.2,575.0
2026-07-13 12:00:00,9.83,26.3,89.0,0.0,5.8,56.0,1008.5,195.0
2026-07-13 13:00:00,21.8,26.0,90.0,0.0,5.0,75.0,1008.8,110.0
2026-07-13 14:00:00,18.6,25.9,92.0,0.0,3.6,93.0,1009.3,60.0
2026-07-13 15:00:00,20.9,25.9,93.0,0.0,3.6,108.0,1009.4,55.0
2026-07-13 16:00:00,,25.9,92.0,0.0,3.9,118.0,1008.6,55.0
2026-07-13 17:00:00,20.0,25.9,91.0,0.0,4.6,129.0,1008.2,85.0
2026-07-13 18:00:00,15.2,25.8,90.0,0.0,5.6,123.0,1008.6,105.0
2026-07-13 19:00:00,17.3,25.7,88.0,0.0,5.0,128.0,1008.4,130.0
2026-07-13 20:00:00,,25.6,88.0,0.0,4.6,141.0,1008.0,100.0
2026-07-13 21:00:00,24.9,25.5,88.0,0.0,6.8,119.0,1007.4,120.0
2026-07-13 22:00:00,,25.7,86.0,0.0,4.5,106.0,1007.8,110.0
2026-07-13 23:00:00,,26.8,83.0,0.0,2.2,99.0,1008.6,195.0
2026-07-14 00:00:00,25.4,28.4,78.0,0.0,3.7,104.0,1009.6,520.0
2026-07-14 01:00:00,24.5,29.4,73.0,0.0,1.3,124.0,1010.1,885.0
2026-07-14 02:00:00,,30.1,67.0,0.0,3.2,232.0,1010.1,925.0
2026-07-14 03:00:00,24.4,30.7,66.0,0.0,4.6,234.0,1009.7,975.0
2026-07-14 04:00:00,,31.2,63.0,0.0,5.6,243.0,1009.3,1015.0
2026-07-14 05:00:00,25.5,31.3,63.0,0.0,7.8,262.0,1008.7,975.0
2026-07-14 06:00:00,24.3,31.4,63.0,0.0,9.9,260.0,1008.1,730.0
2026-07-14 07:00:00,16.4,31.4,61.0,0.0,11.7,256.0,1007.7,705.0
2026-07-14 08:00:00,17.6,31.3,59.0,0.0,13.2,253.0,1007.5,700.0
2026-07-14 09:00:00,22.1,30.8,61.0,0.0,12.6,261.0,1007.9,590.0
2026-07-14 10:00:00,21.6,30.2,66.0,0.0,10.7,254.0,1008.4,580.0
2026-07-14 11:00:00,25.7,29.6,69.0,0.0,10.2,252.0,1009.3,510.0
2026-07-14 12:00:00,21.4,29.4,71.0,0.0,8.9,251.0,1009.9,475.0
2026-07-14 13:00:00,19.5,29.1,74.0,0.0,8.2,256.0,1010.3,335.0
2026-07-14 14:00:00,21.8,28.8,78.0,0.0,5.4,230.0,1010.7,145.0
2026-07-14 15:00:00,18.5,28.5,82.0,0.0,5.0,226.0,1011.0,70.0
2026-07-14 16:00:00,21.8,28.1,84.0,0.0,4.0,252.0,1010.4,50.0
2026-07-14 17:00:00,24.6,27.8,86.0,0.0,4.6,239.0,1009.8,55.0
2026-07-14 18:00:00,28.4,27.3,88.0,0.0,0.7,90.0,1009.3,50.0
2026-07-14 19:00:00,29.7,26.9,89.0,0.0,1.9,139.0,1009.3,60.0
2026-07-14 20:00:00,32.0,26.5,90.0,0.0,3.3,131.0,1009.3,60.0
2026-07-14 21:00:00,32.6,26.3,91.0,0.0,2.1,142.0,1009.4,40.0
2026-07-14 22:00:00,30.1,26.3,91.0,0.0,3.3,119.0,1009.5,40.0
2026-07-14 23:00:00,35.5,27.4,85.0,0.0,3.2,117.0,1010.1,120.0
2026-07-15 00:00:00,34.1,29.1,78.0,0.0,1.2,129.0,1010.7,560.0
2026-07-15 01:00:00,19.4,30.1,70.0,0.0,3.9,242.0,1010.9,880.0
2026-07-15 02:00:00,21.3,30.9,63.0,0.0,5.9,243.0,1010.7,1030.0
2026-07-15 03:00:00,18.2,31.4,60.0,0.0,7.3,245.0,1010.5,1085.0
2026-07-15 04:00:00,18.5,31.6,59.0,0.0,8.4,255.0,1010.1,1040.0
2026-07-15 05:00:00,20.9,31.3,62.0,0.0,9.4,257.0,1009.5,760.0
2026-07-15 06:00:00,18.2,31.8,60.0,0.0,9.5,259.0,1009.0,835.0
2026-07-15 07:00:00,17.6,31.6,61.0,0.0,10.7,250.0,1008.4,710.0
2026-07-15 08:00:00,20.6,31.2,63.0,0.0,11.1,241.0,1008.1,590.0
2026-07-15 09:00:00,30.2,30.7,66.0,0.0,11.5,238.0,1008.3,480.0
2026-07-15 10:00:00,26.6,30.0,70.0,0.0,11.7,234.0,1008.7,445.0
2026-07-15 11:00:00,21.7,29.5,73.0,0.0,12.2,237.0,1009.4,445.0
2026-07-15 12:00:00,27.5,30.0,71.0,0.0,7.5,253.0,1010.1,240.0
2026-07-15 13:00:00,22.8,29.5,73.0,0.0,6.6,286.0,1010.3,175.0
2026-07-15 14:00:00,20.4,29.1,76.0,0.0,6.5,309.0,1010.7,200.0
2026-07-15 15:00:00,16.1,28.8,78.0,0.0,6.7,308.0,1010.8,225.0
2026-07-15 16:00:00,15.1,28.5,80.0,0.0,5.5,311.0,1010.4,175.0
2026-07-15 17:00:00,14.4,28.1,81.0,0.0,4.0,324.0,1010.1,130.0
2026-07-15 18:00:00,22.3,27.5,86.0,0.0,3.6,20.0,1009.3,105.0
2026-07-15 19:00:00,23.7,26.9,89.0,0.0,3.3,41.0,1009.0,55.0
2026-07-15 20:00:00,24.6,26.6,89.0,0.0,3.3,81.0,1008.8,40.0
2026-07-15 21:00:00,30.3,26.5,89.0,0.0,1.0,121.0,1009.1,30.0
2026-07-15 22:00:00,27.2,26.7,89.0,0.0,1.5,166.0,1009.5,20.0
2026-07-15 23:00:00,23.0,27.9,83.0,0.0,2.7,176.0,1010.1,205.0
2026-07-16 00:00:00,,29.3,76.0,0.1,4.0,207.0,1010.5,570.0
2026-07-16 01:00:00,,30.5,66.0,0.1,5.1,247.0,1010.5,795.0
2026-07-16 02:00:00,20.9,31.3,61.0,0.0,5.4,250.0,1010.3,960.0
2026-07-16 03:00:00,17.5,31.7,59.0,0.0,7.1,255.0,1009.9,995.0
2026-07-16 04:00:00,,31.9,58.0,0.0,9.5,256.0,1009.2,930.0
2026-07-16 05:00:00,,31.9,58.0,0.0,11.7,247.0,1008.9,910.0
2026-07-16 06:00:00,16.3,32.3,58.0,0.0,14.7,245.0,1008.3,1050.0
2026-07-16 07:00:00,18.5,32.1,58.0,0.0,15.6,241.0,1007.9,1010.0
2026-07-16 08:00:00,,31.8,58.0,0.0,14.8,244.0,1007.7,990.0
2026-07-16 09:00:00,16.0,31.1,62.0,0.0,14.1,242.0,1007.7,885.0
2026-07-16 10:00:00,22.0,30.5,65.0,0.0,12.9,243.0,1008.2,770.0
2026-07-16 11:00:00,18.8,29.9,69.0,0.0,10.7,239.0,1008.7,630.0
2026-07-16 12:00:00,21.0,30.4,65.0,0.0,10.4,250.0,1009.5,760.0
2026-07-16 13:00:00,15.6,30.4,65.0,0.0,9.1,263.0,1010.2,785.0
2026-07-16 14:00:00,13.4,30.2,65.0,0.0,8.1,273.0,1010.9,775.0
2026-07-16 15:00:00,17.6,29.9,66.0,0.0,6.3,285.0,1010.9,765.0
2026-07-16 16:00:00,14.6,29.5,67.0,0.0,3.4,267.0,1010.2,325.0
2026-07-16 17:00:00,,29.4,68.0,0.0,3.6,279.0,1009.7,250.0
2026-07-16 18:00:00,,28.9,69.0,0.0,2.3,270.0,1009.2,180.0
2026-07-16 19:00:00,16.2,28.6,70.0,0.0,1.6,264.0,1009.2,105.0
2026-07-16 20:00:00,17.9,28.2,74.0,0.0,1.0,292.0,1009.2,90.0
2026-07-16 21:00:00,21.5,27.8,77.0,0.0,2.4,63.0,1009.1,90.0
2026-07-16 22:00:00,,27.6,78.0,0.0,3.0,115.0,1009.0,75.0
2026-07-16 23:00:00,24.9,28.6,74.0,0.0,1.8,114.0,1009.3,330.0
2026-07-17 00:00:00,27.8,30.1,66.0,0.0,4.0,302.0,1009.4,845.0
2026-07-17 01:00:00,,31.0,61.0,0.0,5.3,278.0,1009.4,1010.0
2026-07-17 02:00:00,,31.7,58.0,0.0,7.8,265.0,1009.3,1125.0
2026-07-17 03:00:00,,32.1,57.0,0.0,9.5,260.0,1009.2,1140.0
2026-07-17 04:00:00,14.3,32.5,55.0,0.0,12.0,252.0,1008.7,1120.0
2026-07-17 05:00:00,11.7,32.7,54.0,0.0,14.4,246.0,1008.1,1090.0
2026-07-17 06:00:00,10.3,33.4,51.0,0.0,15.9,252.0,1007.5,1270.0
2026-07-17 07:00:00,,32.9,53.0,0.0,16.7,250.0,1007.0,1145.0
2026-07-17 08:00:00,15.0,32.3,55.0,0.0,16.5,250.0,1006.6,1115.0
2026-07-17 09:00:00,,31.6,59.0,0.0,14.6,254.0,1006.7,1030.0
2026-07-17 10:00:00,17.8,30.9,62.0,0.0,13.0,256.0,1007.1,965.0
2026-07-17 11:00:00,,30.5,64.0,0.0,9.3,255.0,1007.9,885.0
2026-07-17 12:00:00,,30.7,62.0,0.0,9.2,249.0,1008.1,890.0
2026-07-17 13:00:00,,30.5,62.0,0.0,8.2,256.0,1008.5,880.0
2026-07-17 14:00:00,14.2,30.3,63.0,0.0,8.4,263.0,1009.0,875.0
2026-07-17 15:00:00,12.9,30.1,63.0,0.0,7.7,267.0,1009.3,885.0
2026-07-17 16:00:00,,30.0,64.0,0.0,5.9,272.0,1008.9,880.0
2026-07-17 17:00:00,11.8,29.8,65.0,0.0,3.6,279.0,1008.6,880.0
2026-07-17 18:00:00,13.5,29.4,64.0,0.0,3.4,264.0,1008.1,850.0
2026-07-17 19:00:00,21.2,29.0,66.0,0.0,1.8,246.0,1007.8,780.0
2026-07-17 20:00:00,,28.8,67.0,0.0,1.9,214.0,1007.4,230.0
2026-07-17 21:00:00,,28.5,69.0,0.0,2.8,198.0,1007.6,175.0
2026-07-17 22:00:00,,28.4,72.0,0.0,2.8,191.0,1007.6,235.0
2026-07-17 23:00:00,,28.9,71.0,0.0,1.0,239.0,1008.5,580.0
2026-07-18 00:00:00,,30.5,64.0,0.1,4.1,225.0,1008.2,915.0
2026-07-18 01:00:00,,31.4,60.0,0.0,6.6,244.0,1008.5,1025.0
2026-07-18 02:00:00,15.8,32.1,56.0,0.0,10.6,247.0,1008.4,1115.0
2026-07-18 03:00:00,,32.5,55.0,0.0,12.9,245.0,1008.2,1145.0
2026-07-18 04:00:00,13.7,32.5,56.0,0.0,16.0,240.0,1007.8,1110.0
2026-07-18 05:00:00,,32.7,55.0,0.0,20.1,246.0,1007.5,1210.0
2026-07-18 06:00:00,,33.2,53.0,1.3,17.4,249.0,1006.7,1245.0
2026-07-18 07:00:00,11.0,32.7,55.0,0.0,15.8,244.0,1005.8,1170.0
2026-07-18 08:00:00,12.4,31.9,59.0,0.0,19.1,251.0,1005.5,1080.0
2026-07-18 09:00:00,24.1,31.3,60.0,0.2,15.4,256.0,1006.0,975.0
2026-07-18 10:00:00,17.8,30.8,62.0,0.0,14.5,258.0,1006.7,955.0
2026-07-18 11:00:00,18.5,30.4,64.0,0.0,12.3,263.0,1007.6,905.0
2026-07-18 12:00:00,13.6,30.1,66.0,0.0,6.5,294.0,1008.0,790.0
2026-07-18 13:00:00,16.3,29.6,69.0,0.2,6.0,297.0,1008.3,685.0
2026-07-18 14:00:00,15.6,29.4,72.0,0.0,5.1,287.0,1008.7,625.0
2026-07-18 15:00:00,17.6,29.1,74.0,0.0,4.2,280.0,1008.7,570.0
2026-07-18 16:00:00,17.5,28.8,78.0,0.0,3.1,273.0,1008.2,245.0
2026-07-18 17:00:00,10.9,28.5,82.0,0.0,2.2,261.0,1008.0,80.0
2026-07-18 18:00:00,,28.5,75.0,0.1,1.9,248.0,1007.9,145.0
2026-07-18 19:00:00,12.4,28.1,79.0,0.0,2.2,246.0,1007.9,90.0
2026-07-18 20:00:00,,28.1,76.0,0.0,2.9,259.0,1007.8,190.0
2026-07-18 21:00:00,,27.9,77.0,0.0,3.5,291.0,1008.0,220.0
2026-07-18 22:00:00,,27.6,79.0,0.0,2.0,315.0,1007.9,180.0
2026-07-18 23:00:00,13.2,28.1,78.0,0.1,2.2,360.0,1008.5,390.0
2026-07-19 00:00:00,17.4,29.8,67.0,0.1,6.5,294.0,1008.8,885.0
2026-07-19 01:00:00,20.2,30.3,66.0,0.0,4.6,315.0,1008.9,860.0
2026-07-19 02:00:00,16.6,31.0,62.0,0.1,8.1,265.0,1008.5,980.0
2026-07-19 03:00:00,,31.6,62.0,0.1,9.5,259.0,1008.4,980.0
2026-07-19 04:00:00,20.6,31.7,62.0,0.0,14.2,254.0,1008.3,980.0
2026-07-19 05:00:00,,31.6,63.0,0.0,17.6,244.0,1007.8,970.0
2026-07-19 06:00:00,,30.1,69.0,0.0,12.0,254.0,1007.0,520.0
2026-07-19 07:00:00,11.4,31.3,62.0,0.0,12.4,244.0,1006.7,1020.0
2026-07-19 08:00:00,11.2,30.4,66.0,0.3,14.2,248.0,1006.2,825.0
2026-07-19 09:00:00,10.3,29.6,67.0,0.6,15.3,249.0,1006.9,750.0
2026-07-19 10:00:00,20.2,29.3,71.0,0.5,11.7,272.0,1007.6,730.0
2026-07-19 11:00:00,,28.3,75.0,0.9,6.7,275.0,1008.3,450.0
2026-07-19 12:00:00,,27.3,82.0,0.2,5.7,32.0,1008.4,170.0
2026-07-19 13:00:00,,27.2,82.0,0.0,5.6,17.0,1008.7,155.0
2026-07-19 14:00:00,,27.4,83.0,0.0,4.9,4.0,1008.9,160.0
2026-07-19 15:00:00,,27.4,83.0,0.0,7.0,296.0,1009.7,405.0
2026-07-19 16:00:00,,27.4,83.0,0.2,2.1,290.0,1008.6,365.0
2026-07-19 17:00:00,,27.4,84.0,0.0,3.1,324.0,1008.2,435.0
2026-07-19 18:00:00,8.64,27.1,83.0,0.0,1.0,149.0,1008.4,25.0
2026-07-19 19:00:00,7.35,26.8,86.0,0.0,6.4,234.0,1008.5,390.0
2026-07-19 20:00:00,12.7,26.7,90.0,0.1,3.5,195.0,1007.9,205.0
2026-07-19 21:00:00,20.1,26.4,87.0,0.2,5.9,232.0,1008.4,270.0
2026-07-19 22:00:00,,26.6,86.0,0.5,0.4,207.0,1008.1,15.0
2026-07-19 23:00:00,23.2,27.3,82.0,0.1,2.8,235.0,1008.5,425.0
2026-07-20 00:00:00,20.7,28.7,78.0,0.0,5.9,322.0,1008.7,550.0
2026-07-20 01:00:00,22.7,28.6,77.0,1.6,7.2,282.0,1009.0,495.0
2026-07-20 02:00:00,,30.0,70.0,0.2,6.1,267.0,1008.2,700.0
2026-07-20 03:00:00,20.2,30.9,67.0,0.0,7.2,270.0,1008.2,750.0
2026-07-20 04:00:00,,31.4,64.0,0.0,7.9,258.0,1007.9,765.0
2026-07-20 05:00:00,,31.9,61.0,0.0,9.3,246.0,1007.4,820.0
2026-07-20 06:00:00,,32.4,57.0,0.0,13.2,241.0,1006.5,880.0
2026-07-20 07:00:00,14.3,32.5,58.0,0.1,14.6,235.0,1006.4,1045.0
2026-07-20 08:00:00,18.0,32.0,59.0,0.1,13.5,240.0,1006.2,1045.0
2026-07-20 09:00:00,20.1,30.6,64.0,0.2,4.6,279.0,1007.1,665.0
2026-07-20 10:00:00,19.3,30.4,65.0,0.2,5.3,308.0,1007.4,780.0
2026-07-20 11:00:00,14.4,29.7,68.0,0.2,6.8,328.0,1007.9,670.0
2026-07-20 12:00:00,16.0,30.5,64.0,0.0,3.4,302.0,1008.5,640.0
2026-07-20 13:00:00,,30.1,66.0,0.1,0.4,297.0,1009.1,305.0
2026-07-20 14:00:00,,29.4,70.0,0.2,3.4,3.0,1009.2,355.0
2026-07-20 15:00:00,,28.8,74.0,0.1,5.6,315.0,1009.3,450.0
2026-07-20 16:00:00,,28.3,79.0,0.0,5.4,340.0,1008.6,325.0
2026-07-20 17:00:00,,27.9,82.0,0.0,3.8,355.0,1008.3,245.0
2026-07-20 18:00:00,,28.0,80.0,0.0,3.8,341.0,1007.9,280.0
2026-07-20 19:00:00,,27.8,80.0,0.0,2.3,328.0,1008.2,255.0
2026-07-20 20:00:00,19.9,27.8,79.0,0.0,2.2,312.0,1008.0,290.0
2026-07-20 21:00:00,22.0,27.9,78.0,0.0,2.7,332.0,1008.2,320.0
2026-07-20 22:00:00,24.4,27.9,79.0,0.0,2.4,126.0,1008.5,240.0
2026-07-20 23:00:00,35.1,28.6,74.0,0.0,1.1,261.0,1008.7,550.0
2026-07-21 00:00:00,,29.9,69.0,0.0,6.1,272.0,1009.0,685.0
2026-07-21 01:00:00,,30.8,65.0,0.1,6.9,276.0,1009.2,900.0
2026-07-21 02:00:00,26.5,31.2,63.0,0.1,7.7,269.0,1008.8,900.0
2026-07-21 03:00:00,32.7,31.8,60.0,0.2,8.5,264.0,1008.6,980.0
2026-07-21 04:00:00,,32.3,58.0,0.0,8.5,269.0,1008.1,1035.0
2026-07-21 05:00:00,26.2,32.7,56.0,0.1,7.6,270.0,1007.3,985.0
2026-07-21 06:00:00,21.4,33.8,52.0,0.0,9.7,251.0,1006.7,1295.0
2026-07-21 07:00:00,21.0,32.5,55.0,0.5,5.3,260.0,1006.3,985.0
2026-07-21 08:00:00,,31.1,62.0,1.1,3.6,323.0,1006.2,865.0
2026-07-21 09:00:00,,30.6,66.0,0.1,5.6,320.0,1006.3,845.0
2026-07-21 10:00:00,25.0,30.2,68.0,0.2,2.7,8.0,1006.7,705.0
2026-07-21 11:00:00,,28.9,74.0,1.5,1.8,270.0,1007.8,330.0
2026-07-21 12:00:00,34.7,29.7,69.0,0.0,7.2,179.0,1008.3,560.0
2026-07-21 13:00:00,,29.1,71.0,0.1,2.6,16.0,1009.0,570.0
2026-07-21 14:00:00,,27.2,79.0,0.2,11.1,8.0,1009.6,360.0
2026-07-21 15:00:00,,26.6,83.0,0.6,7.7,33.0,1009.4,200.0
2026-07-21 16:00:00,25.7,26.6,81.0,0.0,5.6,25.0,1008.6,175.0
2026-07-21 17:00:00,,26.7,80.0,0.0,6.6,339.0,1008.5,230.0
2026-07-21 18:00:00,,26.8,81.0,0.1,7.6,342.0,1008.1,215.0
2026-07-21 19:00:00,,25.7,87.0,0.0,8.5,359.0,1008.2,200.0
2026-07-21 20:00:00,,25.3,88.0,0.0,7.0,1.0,1007.9,180.0
2026-07-21 21:00:00,34.9,25.1,90.0,0.0,6.7,6.0,1007.9,185.0
2026-07-21 22:00:00,,24.9,91.0,0.0,5.8,2.0,1008.2,160.0
2026-07-21 23:00:00,,25.7,87.0,0.0,5.1,10.0,1008.8,165.0
2026-07-22 00:00:00,,28.3,74.0,0.0,1.0,22.0,1008.6,200.0
2026-07-22 01:00:00,,30.7,62.0,0.0,0.7,284.0,1008.5,935.0
2026-07-22 02:00:00,,32.2,54.0,0.0,0.5,270.0,1008.0,1195.0
2026-07-22 03:00:00,,33.0,52.0,0.0,4.8,283.0,1007.3,1310.0
2026-07-22 04:00:00,36.0,32.8,53.0,0.3,9.5,281.0,1006.5,1130.0
2026-07-22 05:00:00,36.4,32.8,55.0,0.5,11.9,276.0,1005.8,925.0
2026-07-22 06:00:00,34.9,33.0,52.0,0.2,11.6,277.0,1005.6,1160.0
2026-07-22 07:00:00,32.3,33.2,51.0,0.0,10.8,270.0,1005.0,1125.0
2026-07-22 08:00:00,,33.1,51.0,0.0,10.4,261.0,1004.8,1100.0
2026-07-22 09:00:00,,32.5,54.0,0.0,10.4,249.0,1004.9,970.0
2026-07-22 10:00:00,25.2,31.7,59.0,0.0,8.6,234.0,1005.7,470.0
2026-07-22 11:00:00,,31.1,63.0,0.0,6.4,225.0,1006.2,675.0
2026-07-22 12:00:00,,29.8,70.0,0.5,2.4,216.0,1006.4,385.0
2026-07-22 13:00:00,26.8,29.5,71.0,0.1,6.2,142.0,1006.6,330.0
2026-07-22 14:00:00,24.7,28.9,73.0,0.1,3.7,325.0,1007.4,420.0
2026-07-22 15:00:00,15.9,28.7,74.0,0.0,3.6,279.0,1007.7,530.0
2026-07-22 16:00:00,14.6,28.3,75.0,0.0,7.4,304.0,1007.2,475.0
2026-07-22 17:00:00,,26.9,81.0,0.1,8.9,352.0,1007.1,370.0
2026-07-22 18:00:00,,28.3,77.0,0.1,3.3,257.0,1005.6,355.0
2026-07-22 19:00:00,,28.3,78.0,0.0,3.8,295.0,1005.8,485.0
2026-07-22 20:00:00,,28.1,78.0,0.0,3.9,313.0,1005.5,455.0
2026-07-22 21:00:00,,27.8,79.0,0.0,3.2,333.0,1005.7,310.0
2026-07-22 22:00:00,30.4,27.7,80.0,0.0,4.2,335.0,1005.7,270.0
2026-07-22 23:00:00,,28.3,77.0,0.0,4.2,7.0,1006.1,425.0
2026-07-23 00:00:00,,29.6,69.0,0.0,3.5,325.0,1006.4,735.0
2026-07-23 01:00:00,22.8,30.1,67.0,0.0,5.2,286.0,1006.4,825.0
2026-07-23 02:00:00,24.7,30.7,64.0,0.2,6.1,270.0,1006.2,855.0
2026-07-23 03:00:00,,31.4,62.0,0.3,6.9,255.0,1005.6,985.0
2026-07-23 04:00:00,,31.3,65.0,0.4,8.9,263.0,1005.1,965.0
2026-07-23 05:00:00,,31.0,67.0,0.1,10.6,240.0,1004.2,770.0
2026-07-23 06:00:00,29.5,32.5,57.0,0.1,10.1,254.0,1003.7,970.0
2026-07-23 07:00:00,30.0,32.0,60.0,0.2,8.6,247.0,1003.2,1045.0
2026-07-23 08:00:00,,32.0,59.0,0.0,8.2,256.0,1003.0,1115.0
2026-07-23 09:00:00,,31.6,61.0,0.0,9.0,268.0,1002.8,1030.0
2026-07-23 10:00:00,19.1,30.1,68.0,0.4,5.7,281.0,1003.6,645.0
2026-07-23 11:00:00,19.1,28.4,75.0,1.4,2.3,328.0,1004.4,210.0
2026-07-23 12:00:00,24.9,28.5,76.0,1.6,8.1,323.0,1005.0,440.0
2026-07-23 13:00:00,8.55,26.3,89.0,1.5,9.6,5.0,1005.9,315.0
2026-07-23 14:00:00,,25.8,88.0,0.8,9.2,6.0,1006.3,330.0
2026-07-23 15:00:00,,25.0,91.0,2.1,3.2,117.0,1006.3,205.0
2026-07-23 16:00:00,,25.3,93.0,2.2,4.3,213.0,1004.9,265.0
2026-07-23 17:00:00,11.3,25.2,94.0,0.5,8.1,179.0,1004.3,235.0
2026-07-23 18:00:00,13.5,26.3,91.0,0.1,5.4,186.0,1002.9,245.0
2026-07-23 19:00:00,12.4,26.4,89.0,0.0,5.7,204.0,1002.9,295.0
2026-07-23 20:00:00,17.6,26.7,86.0,0.0,6.5,210.0,1002.7,400.0
2026-07-23 21:00:00,13.7,25.1,89.0,0.9,12.6,226.0,1003.1,430.0
2026-07-23 22:00:00,14.7,26.2,92.0,1.7,8.9,225.0,1003.4,545.0
2026-07-23 23:00:00,,27.2,85.0,0.5,16.1,239.0,1004.0,630.0
2026-07-24 00:00:00,,27.8,80.0,0.3,18.9,237.0,1004.4,640.0
2026-07-24 01:00:00,15.4,28.5,79.0,0.3,19.0,230.0,1004.6,765.0
2026-07-24 02:00:00,14.1,27.9,77.0,0.9,20.9,228.0,1004.6,705.0
2026-07-24 03:00:00,,27.6,80.0,0.6,20.7,237.0,1004.9,675.0
2026-07-24 04:00:00,9.0,28.5,74.0,0.3,20.6,231.0,1004.5,800.0
2026-07-24 05:00:00,,28.6,76.0,0.2,19.7,240.0,1003.9,765.0
2026-07-24 06:00:00,8.55,29.1,74.0,0.2,19.5,252.0,1002.9,805.0
2026-07-24 07:00:00,8.42,29.6,70.0,0.1,17.0,253.0,1002.5,800.0
2026-07-24 08:00:00,,29.4,70.0,0.0,17.5,241.0,1002.7,840.0
2026-07-24 09:00:00,25.7,28.6,73.0,0.2,19.5,234.0,1002.7,720.0
2026-07-24 10:00:00,9.57,27.9,77.0,0.4,22.5,235.0,1003.6,690.0
2026-07-24 11:00:00,14.9,27.7,80.0,0.1,17.9,234.0,1004.4,630.0
2026-07-24 12:00:00,11.3,28.4,76.0,0.0,18.6,231.0,1004.5,775.0
2026-07-24 13:00:00,,28.3,76.0,0.1,16.0,225.0,1005.1,760.0
2026-07-24 14:00:00,,28.2,77.0,0.1,15.1,231.0,1005.8,705.0
2026-07-24 15:00:00,,27.6,79.0,0.9,16.2,232.0,1006.0,665.0
2026-07-24 16:00:00,,27.6,80.0,0.3,15.8,235.0,1005.7,720.0
2026-07-24 17:00:00,3.99,27.0,85.0,1.4,16.0,232.0,1005.4,685.0
2026-07-24 18:00:00,6.32,27.4,77.0,0.6,16.7,224.0,1005.2,715.0
2026-07-24 19:00:00,9.63,26.4,83.0,1.1,11.1,224.0,1005.0,610.0
2026-07-24 20:00:00,8.03,26.5,84.0,0.2,10.0,218.0,1005.1,520.0
2026-07-24 21:00:00,13.0,26.2,86.0,0.6,10.7,209.0,1005.5,470.0
2026-07-24 22:00:00,13.8,26.2,89.0,0.2,5.8,158.0,1005.3,265.0
2026-07-24 23:00:00,17.8,26.7,85.0,0.0,5.9,133.0,1006.0,335.0
2026-07-25 00:00:00,,28.0,78.0,0.0,4.6,108.0,1006.3,385.0
2026-07-25 01:00:00,,28.9,74.0,0.0,5.9,145.0,1006.2,665.0
2026-07-25 02:00:00,,29.9,69.0,0.2,8.6,170.0,1006.4,890.0
2026-07-25 03:00:00,22.6,30.7,67.0,0.2,6.5,199.0,1006.3,965.0
2026-07-25 04:00:00,21.9,30.2,71.0,0.1,10.0,255.0,1006.1,840.0
2026-07-25 05:00:00,,28.5,78.0,2.2,11.3,236.0,1006.0,455.0
2026-07-25 06:00:00,14.8,29.4,73.0,0.2,12.5,238.0,1005.5,665.0
2026-07-25 07:00:00,,27.6,82.0,4.3,16.2,235.0,1005.7,615.0
2026-07-25 08:00:00,,28.0,79.0,2.7,12.6,237.0,1005.7,625.0
2026-07-25 09:00:00,,27.8,82.0,0.3,6.3,235.0,1006.2,415.0
2026-07-25 10:00:00,19.4,27.6,83.0,0.1,6.5,231.0,1006.7,475.0
2026-07-25 11:00:00,17.2,27.5,87.0,0.1,4.8,211.0,1007.1,465.0
2026-07-25 12:00:00,20.9,27.3,83.0,0.0,10.7,200.0,1007.7,665.0
2026-07-25 13:00:00,,27.3,82.0,0.0,9.4,197.0,1008.2,670.0
2026-07-25 14:00:00,,27.1,82.0,0.0,9.0,203.0,1008.7,605.0
2026-07-25 15:00:00,,26.8,83.0,0.1,8.2,209.0,1008.5,430.0
2026-07-25 16:00:00,4.77,26.5,85.0,0.2,6.9,203.0,1007.9,340.0
2026-07-25 17:00:00,,26.4,86.0,0.2,5.8,194.0,1007.4,315.0
2026-07-25 18:00:00,,26.3,90.0,0.1,6.0,201.0,1007.1,450.0
2026-07-25 19:00:00,3.62,26.4,89.0,0.0,5.6,202.0,1006.9,500.0
2026-07-25 20:00:00,,26.4,88.0,0.0,5.3,198.0,1007.1,445.0
2026-07-25 21:00:00,,26.2,89.0,0.1,5.7,169.0,1007.3,290.0
2026-07-25 22:00:00,,26.0,90.0,0.2,3.8,169.0,1007.5,135.0
2026-07-25 23:00:00,,26.2,87.0,0.2,3.5,156.0,1007.6,255.0
2026-07-26 00:00:00,11.8,27.1,85.0,0.0,3.9,202.0,1008.1,390.0
2026-07-26 01:00:00,17.6,28.1,79.0,0.1,4.1,157.0,1008.1,610.0
2026-07-26 02:00:00,,28.6,75.0,0.0,3.8,169.0,1007.6,670.0
2026-07-26 03:00:00,,29.1,72.0,0.0,3.7,141.0,1007.1,720.0
2026-07-26 04:00:00,,30.1,69.0,0.0,3.4,196.0,1006.7,955.0
2026-07-26 05:00:00,,30.3,68.0,0.0,4.6,259.0,1006.4,865.0
2026-07-26 06:00:00,,30.0,69.0,0.0,7.7,245.0,1006.3,765.0
2026-07-26 07:00:00,,30.2,68.0,0.3,6.4,232.0,1006.0,875.0
2026-07-26 08:00:00,,30.2,66.0,0.0,10.4,231.0,1006.1,910.0
2026-07-26 09:00:00,,29.3,68.0,0.2,13.2,225.0,1006.0,770.0
2026-07-26 10:00:00,,28.6,75.0,0.0,11.5,221.0,1006.7,695.0
2026-07-26 11:00:00,18.2,28.1,80.0,0.0,7.2,219.0,1007.0,540.0
2026-07-26 12:00:00,10.6,28.7,83.0,0.0,0.6,288.0,1006.6,40.0
2026-07-26 13:00:00,,28.6,82.0,0.0,0.7,194.0,1007.3,60.0
2026-07-26 14:00:00,,28.6,81.0,0.0,1.5,187.0,1008.0,95.0
2026-07-26 15:00:00,,28.3,82.0,0.1,1.8,169.0,1008.2,70.0
2026-07-26 16:00:00,,28.1,83.0,0.0,1.7,167.0,1007.7,30.0
2026-07-26 17:00:00,,28.0,84.0,0.0,0.9,191.0,1007.3,20.0
2026-07-26 18:00:00,,28.0,81.0,0.0,3.5,258.0,1007.3,475.0
2026-07-26 19:00:00,13.3,27.6,82.0,0.0,4.2,245.0,1007.3,365.0
2026-07-26 20:00:00,,27.4,84.0,0.0,4.2,211.0,1007.1,160.0
2026-07-26 21:00:00,11.0,27.0,88.0,0.1,4.4,201.0,1006.9,150.0
2026-07-26 22:00:00,,26.9,90.0,0.0,5.8,210.0,1007.1,250.0
2026-07-26 23:00:00,22.9,27.5,82.0,0.1,5.9,211.0,1008.1,540.0
2026-07-27 00:00:00,13.8,28.8,73.0,0.0,8.9,227.0,1008.2,720.0
2026-07-27 01:00:00,14.7,29.3,69.0,0.0,8.9,230.0,1008.6,805.0
2026-07-27 02:00:00,,29.8,67.0,0.0,8.5,241.0,1008.4,845.0
2026-07-27 03:00:00,,30.3,66.0,0.1,5.9,247.0,1008.4,845.0
2026-07-27 04:00:00,,30.8,65.0,0.1,4.0,238.0,1007.8,855.0
2026-07-27 05:00:00,22.4,30.7,66.0,0.0,4.8,255.0,1007.0,800.0
2026-07-27 06:00:00,28.5,30.3,71.0,0.9,13.0,256.0,1006.5,460.0
2026-07-27 07:00:00,18.1,29.6,77.0,0.1,12.2,241.0,1006.0,405.0
2026-07-27 08:00:00,,29.8,73.0,0.0,9.8,239.0,1006.0,420.0
2026-07-27 09:00:00,,29.4,72.0,0.0,11.4,237.0,1005.9,485.0
2026-07-27 10:00:00,,29.1,74.0,0.0,10.1,227.0,1006.9,405.0
2026-07-27 11:00:00,,28.8,77.0,0.0,8.7,225.0,1007.9,475.0
2026-07-27 12:00:00,12.4,25.8,96.0,0.6,5.3,108.0,1009.0,130.0
2026-07-27 13:00:00,,26.0,95.0,2.7,5.1,141.0,1009.2,135.0
2026-07-27 14:00:00,,26.1,96.0,0.8,6.1,122.0,1009.7,210.0
2026-07-27 15:00:00,7.7,25.5,91.0,2.4,5.3,114.0,1010.5,200.0
2026-07-27 16:00:00,8.78,24.7,96.0,5.0,10.4,82.0,1010.0,195.0
2026-07-27 17:00:00,,24.7,96.0,1.2,5.9,67.0,1009.0,115.0
2026-07-27 18:00:00,11.6,25.2,93.0,1.1,5.6,73.0,1008.3,75.0
2026-07-27 19:00:00,9.34,25.3,92.0,0.0,2.5,69.0,1008.1,50.0
2026-07-27 20:00:00,17.2,25.4,92.0,0.0,2.1,52.0,1007.6,45.0
2026-07-27 21:00:00,,25.5,93.0,0.0,4.1,45.0,1007.9,55.0
2026-07-27 22:00:00,26.5,25.8,92.0,0.0,2.7,32.0,1008.0,50.0
2026-07-27 23:00:00,27.2,26.4,84.0,0.0,4.4,52.0,1008.7,185.0
2026-07-28 00:00:00,,28.2,81.0,0.0,3.9,28.0,1009.1,325.0
2026-07-28 01:00:00,,29.4,73.0,0.0,2.4,13.0,1008.9,600.0
2026-07-28 02:00:00,,30.5,67.0,0.0,2.1,308.0,1009.1,935.0
2026-07-28 03:00:00,,31.1,67.0,0.0,2.9,259.0,1008.9,1005.0
2026-07-28 04:00:00,31.8,31.4,67.0,0.1,4.4,263.0,1008.6,1070.0
2026-07-28 05:00:00,28.6,31.4,69.0,0.0,5.6,266.0,1007.7,1025.0
2026-07-28 06:00:00,,30.7,67.0,0.0,7.9,258.0,1007.2,355.0
2026-07-28 07:00:00,19.6,30.0,71.0,0.7,7.6,355.0,1007.1,515.0
2026-07-28 08:00:00,,29.8,73.0,0.4,4.4,308.0,1007.0,435.0
2026-07-28 09:00:00,31.9,28.0,76.0,1.6,2.5,225.0,1007.4,175.0
2026-07-28 10:00:00,27.2,27.2,83.0,2.5,0.9,79.0,1008.2,80.0
2026-07-28 11:00:00,,26.9,84.0,0.3,2.7,270.0,1008.3,220.0
2026-07-28 12:00:00,21.6,25.6,94.0,1.7,5.2,196.0,1009.3,185.0
2026-07-28 13:00:00,,25.0,96.0,0.6,7.7,357.0,1010.4,210.0
2026-07-28 14:00:00,,25.3,93.0,0.0,4.0,330.0,1010.8,225.0
2026-07-28 15:00:00,,25.4,91.0,0.0,7.5,345.0,1010.4,290.0
2026-07-28 16:00:00,23.6,24.8,92.0,0.0,10.7,9.0,1009.9,260.0
2026-07-28 17:00:00,,24.2,92.0,0.0,9.1,10.0,1009.0,250.0
2026-07-28 18:00:00,36.6,24.5,92.0,0.0,7.1,6.0,1008.2,270.0
2026-07-28 19:00:00,,24.5,93.0,0.4,8.1,354.0,1008.2,255.0
2026-07-28 20:00:00,,24.8,91.0,0.1,8.4,351.0,1008.0,260.0
2026-07-28 21:00:00,9.5,24.8,92.0,0.1,8.8,5.0,1007.8,235.0
2026-07-28 22:00:00,,24.6,94.0,1.2,9.2,357.0,1007.4,220.0
2026-07-28 23:00:00,,25.0,95.0,0.8,8.0,354.0,1007.7,235.0
2026-07-29 00:00:00,,25.4,94.0,0.9,8.2,14.0,1008.2,315.0
2026-07-29 01:00:00,22.3,26.7,86.0,0.0,7.6,359.0,1008.4,345.0
2026-07-29 02:00:00,22.6,26.8,84.0,0.3,7.2,51.0,1008.7,580.0
2026-07-29 03:00:00,18.1,25.7,91.0,4.3,3.7,35.0,1008.8,215.0
2026-07-29 04:00:00,26.9,25.4,92.0,6.2,3.3,299.0,1008.3,265.0
2026-07-29 05:00:00,28.7,25.5,92.0,5.6,5.8,277.0,1008.1,360.0
2026-07-29 06:00:00,,25.2,87.0,13.9,5.1,4.0,1007.7,170.0
2026-07-29 07:00:00,23.9,26.4,87.0,0.9,5.3,348.0,1007.0,460.0
2026-07-29 08:00:00,,26.1,91.0,1.2,3.6,340.0,1007.0,385.0
2026-07-29 09:00:00,,25.9,91.0,2.6,1.6,360.0,1006.9,75.0
2026-07-29 10:00:00,,25.7,91.0,0.3,4.9,4.0,1007.4,280.0
2026-07-29 11:00:00,,25.2,90.0,0.4,7.1,27.0,1007.9,165.0
2026-07-29 12:00:00,47.9,25.5,93.0,0.2,4.5,37.0,1007.7,105.0
2026-07-29 13:00:00,,25.0,96.0,0.1,6.3,63.0,1008.3,135.0
2026-07-29 14:00:00,,25.0,96.0,0.0,4.6,72.0,1009.1,115.0
2026-07-29 15:00:00,,25.1,96.0,0.0,3.1,103.0,1009.1,100.0
2026-07-29 16:00:00,32.5,25.4,93.0,0.0,0.5,135.0,1008.5,25.0
2026-07-29 17:00:00,30.5,25.3,93.0,0.0,1.9,34.0,1007.9,60.0
2026-07-29 18:00:00,,25.1,96.0,0.0,5.0,38.0,1007.4,115.0
2026-07-29 19:00:00,38.1,24.8,97.0,0.0,4.0,32.0,1007.4,90.0
2026-07-29 20:00:00,31.6,24.6,97.0,0.0,4.4,30.0,1007.4,85.0
2026-07-29 21:00:00,28.1,24.4,98.0,0.0,5.2,25.0,1007.3,80.0
2026-07-29 22:00:00,,24.4,95.0,0.0,5.1,36.0,1007.4,95.0
2026-07-29 23:00:00,,25.1,92.0,0.0,2.4,36.0,1007.9,115.0
2026-07-30 00:00:00,,26.8,84.0,0.0,3.1,62.0,1008.5,270.0
2026-07-30 01:00:00,,27.9,80.0,0.0,2.8,108.0,1009.0,435.0
2026-07-30 02:00:00,19.3,29.0,72.0,0.0,3.6,153.0,1008.9,670.0
2026-07-30 03:00:00,,29.8,68.0,0.0,3.8,172.0,1008.5,765.0
2026-07-30 04:00:00,,30.5,66.0,0.0,4.9,176.0,1008.0,760.0
2026-07-30 05:00:00,14.5,30.8,64.0,0.0,5.1,190.0,1007.2,675.0
2026-07-30 06:00:00,20.9,31.3,65.0,0.0,7.4,247.0,1006.7,655.0
2026-07-30 07:00:00,,31.1,67.0,0.0,6.8,273.0,1006.2,580.0
2026-07-30 08:00:00,33.5,30.4,68.0,0.1,9.4,272.0,1006.2,420.0
2026-07-30 09:00:00,,29.8,69.0,0.0,8.2,234.0,1006.7,335.0
2026-07-30 10:00:00,20.3,29.3,71.0,0.0,9.9,226.0,1007.6,365.0
2026-07-30 11:00:00,,28.8,74.0,0.0,8.6,240.0,1008.3,315.0
2026-07-30 12:00:00,30.7,28.9,78.0,0.0,3.6,276.0,1008.9,140.0
2026-07-30 13:00:00,28.9,28.4,83.0,0.0,2.4,333.0,1009.0,40.0
2026-07-30 14:00:00,31.3,28.0,86.0,0.0,3.4,32.0,1009.2,75.0
2026-07-30 15:00:00,34.4,27.8,87.0,0.0,3.2,47.0,1009.3,90.0
2026-07-30 16:00:00,,27.7,88.0,0.1,3.7,39.0,1008.8,95.0
2026-07-30 17:00:00,,27.4,89.0,0.0,4.1,38.0,1008.2,90.0
2026-07-30 18:00:00,,27.0,91.0,0.0,4.1,45.0,1007.7,80.0
2026-07-30 19:00:00,32.1,26.8,91.0,0.0,3.6,30.0,1007.5,75.0
2026-07-30 20:00:00,38.7,26.7,90.0,0.0,4.1,360.0,1007.3,85.0
2026-07-30 21:00:00,45.5,26.7,89.0,0.0,4.7,344.0,1007.3,160.0
2026-07-30 22:00:00,,26.5,90.0,0.0,4.7,351.0,1007.7,165.0
2026-07-30 23:00:00,,26.8,86.0,0.0,6.1,358.0,1008.4,235.0
2026-07-31 00:00:00,,28.1,84.0,0.0,5.5,343.0,1008.7,280.0
2026-07-31 01:00:00,,29.3,76.0,0.0,5.3,325.0,1008.8,555.0
2026-07-31 02:00:00,45.6,30.1,69.0,0.0,5.6,299.0,1008.7,705.0
2026-07-31 03:00:00,,30.5,69.0,0.0,7.3,281.0,1008.4,735.0
2026-07-31 04:00:00,35.9,30.8,69.0,0.0,7.4,267.0,1008.0,720.0
2026-07-31 05:00:00,28.7,30.9,66.0,0.0,9.2,254.0,1007.4,440.0
2026-07-31 06:00:00,29.3,30.8,63.0,0.2,8.3,256.0,1006.8,515.0
2026-07-31 07:00:00,21.5,28.8,74.0,2.2,6.2,17.0,1007.4,380.0
2026-07-31 08:00:00,34.1,27.8,83.0,1.1,7.0,12.0,1007.2,235.0
2026-07-31 09:00:00,35.7,27.7,83.0,0.2,5.4,4.0,1007.0,230.0
2026-07-31 10:00:00,33.6,27.4,84.0,0.2,5.4,339.0,1007.7,215.0
2026-07-31 11:00:00,,27.2,85.0,0.1,6.4,324.0,1008.0,260.0
2026-07-31 12:00:00,,27.5,83.0,0.0,8.2,319.0,1008.7,495.0
2026-07-31 13:00:00,,27.2,86.0,0.1,8.2,345.0,1008.9,360.0
2026-07-31 14:00:00,,26.7,90.0,0.0,6.1,358.0,1008.8,235.0
2026-07-31 15:00:00,,26.5,89.0,0.0,5.9,14.0,1008.8,195.0
2026-07-31 16:00:00,,26.1,90.0,0.0,5.5,23.0,1008.3,180.0
2026-07-31 17:00:00,,26.0,90.0,0.0,4.9,360.0,1007.6,155.0
2026-07-31 18:00:00,20.8,25.9,90.0,0.0,7.4,359.0,1007.3,320.0
2026-07-31 19:00:00,23.9,25.7,90.0,0.0,9.7,3.0,1007.0,360.0
2026-07-31 20:00:00,,25.7,89.0,0.0,9.4,359.0,1006.6,375.0
2026-07-31 21:00:00,,25.6,90.0,0.0,8.8,349.0,1006.5,390.0
2026-07-31 22:00:00,,25.5,90.0,0.0,8.0,352.0,1006.6,360.0
2026-07-31 23:00:00,,25.9,88.0,0.0,7.8,353.0,1007.2,395.0
2026-08-01 00:00:00,,27.6,83.0,0.0,7.7,348.0,1007.6,520.0
2026-08-01 01:00:00,,28.9,78.0,0.0,7.4,342.0,1007.7,665.0
2026-08-01 02:00:00,,29.9,74.0,0.0,6.4,331.0,1007.4,775.0
2026-08-01 03:00:00,,30.7,70.0,0.0,7.6,313.0,1007.1,895.0
2026-08-01 04:00:00,21.9,31.1,70.0,0.0,8.3,275.0,1006.4,900.0
2026-08-01 05:00:00,,30.8,74.0,0.0,10.1,264.0,1005.9,585.0
2026-08-01 06:00:00,13.6,29.3,77.0,0.0,6.8,235.0,1005.7,245.0
2026-08-01 07:00:00,11.7,28.3,81.0,1.6,8.2,128.0,1005.7,235.0
2026-08-01 08:00:00,16.2,29.3,77.0,0.7,8.0,164.0,1005.5,305.0
2026-08-01 09:00:00,42.3,28.3,78.0,1.3,6.8,228.0,1005.8,475.0
2026-08-01 10:00:00,42.4,27.8,85.0,1.0,5.2,226.0,1006.3,530.0
2026-08-01 11:00:00,,27.8,84.0,0.1,0.4,180.0,1007.1,15.0
2026-08-01 12:00:00,,27.8,86.0,0.2,6.8,3.0,1006.9,320.0
2026-08-01 13:00:00,14.8,27.0,88.0,0.0,7.8,19.0,1007.3,255.0
2026-08-01 14:00:00,18.5,26.8,85.0,0.0,7.3,17.0,1007.5,220.0
2026-08-01 15:00:00,22.4,26.8,84.0,0.0,5.8,4.0,1007.2,185.0
2026-08-01 16:00:00,,26.7,86.0,0.0,4.4,339.0,1006.7,145.0
2026-08-01 17:00:00,25.7,26.5,88.0,0.0,5.4,340.0,1005.9,190.0
2026-08-01 18:00:00,39.4,25.8,90.0,0.0,9.0,354.0,1005.5,310.0
2026-08-01 19:00:00,27.1,25.7,89.0,0.0,8.7,342.0,1005.1,325.0
2026-08-01 20:00:00,,25.5,90.0,0.0,8.8,359.0,1004.9,315.0
2026-08-01 21:00:00,,25.3,90.0,0.0,7.6,12.0,1004.9,255.0
2026-08-01 22:00:00,29.1,25.5,90.0,0.0,7.1,6.0,1005.1,235.0
2026-08-01 23:00:00,29.7,26.3,88.0,0.0,7.2,13.0,1006.0,285.0
2026-08-02 00:00:00,,27.1,85.0,0.0,5.3,348.0,1006.4,280.0
2026-08-02 01:00:00,,28.0,82.0,0.0,4.9,309.0,1006.6,450.0
2026-08-02 02:00:00,,28.0,82.0,0.1,4.9,2.0,1006.8,460.0
2026-08-02 03:00:00,,27.0,85.0,0.9,8.0,306.0,1006.8,420.0
2026-08-02 04:00:00,,27.3,83.0,0.4,4.9,270.0,1006.2,360.0
2026-08-02 05:00:00,,27.7,82.0,0.4,8.3,268.0,1006.0,540.0
2026-08-02 06:00:00,33.6,26.5,93.0,1.7,10.3,265.0,1005.7,420.0
2026-08-02 07:00:00,,26.8,92.0,2.2,10.3,297.0,1005.3,460.0
2026-08-02 08:00:00,46.9,26.6,94.0,2.1,9.4,317.0,1004.9,410.0
2026-08-02 09:00:00,,26.6,94.0,1.4,7.5,320.0,1004.6,320.0
2026-08-02 10:00:00,,26.6,95.0,1.7,5.0,341.0,1004.9,180.0
2026-08-02 11:00:00,,26.6,96.0,1.2,3.2,326.0,1005.3,125.0
2026-08-02 12:00:00,,26.9,92.0,0.9,2.7,318.0,1005.1,100.0
2026-08-02 13:00:00,38.8,26.9,93.0,1.1,5.6,303.0,1005.2,220.0
2026-08-02 14:00:00,,26.9,93.0,1.1,7.9,317.0,1005.0,240.0
2026-08-02 15:00:00,,26.9,93.0,2.4,9.0,314.0,1005.4,315.0
2026-08-02 16:00:00,10.3,26.6,95.0,3.0,7.6,326.0,1004.8,235.0
2026-08-02 17:00:00,4.81,26.5,95.0,2.6,8.5,318.0,1004.4,250.0
2026-08-02 18:00:00,,26.1,95.0,4.2,12.2,314.0,1003.9,465.0
2026-08-02 19:00:00,5.9,26.4,92.0,3.7,13.7,300.0,1003.9,675.0
2026-08-02 20:00:00,,26.4,90.0,3.4,17.3,309.0,1003.9,760.0
2026-08-02 21:00:00,13.0,25.8,93.0,2.0,14.0,322.0,1003.9,500.0
2026-08-02 22:00:00,14.1,25.1,95.0,1.2,11.2,342.0,1004.2,300.0
2026-08-02 23:00:00,,24.2,95.0,3.0,5.8,351.0,1004.8,150.0
2026-08-03 00:00:00,,26.7,89.0,3.2,16.9,300.0,1005.2,795.0
2026-08-03 01:00:00,,26.8,88.0,2.0,18.0,303.0,1005.5,760.0
2026-08-03 02:00:00,,27.5,84.0,1.3,17.1,296.0,1005.6,805.0
2026-08-03 03:00:00,,27.9,79.0,0.5,16.7,286.0,1005.7,865.0
2026-08-03 04:00:00,,28.3,76.0,0.2,16.8,268.0,1005.2,1030.0
2026-08-03 05:00:00,10.3,28.2,77.0,0.3,16.8,279.0,1004.8,995.0
2026-08-03 06:00:00,4.3,28.1,78.0,0.7,17.4,283.0,1004.8,905.0
2026-08-03 07:00:00,13.0,28.2,77.0,0.0,19.2,289.0,1004.3,1075.0
2026-08-03 08:00:00,9.11,28.1,77.0,0.0,20.3,278.0,1004.2,1020.0
2026-08-03 09:00:00,,28.2,74.0,0.0,17.6,272.0,1004.1,930.0
2026-08-03 10:00:00,,28.1,75.0,0.0,14.8,273.0,1004.6,935.0
2026-08-03 11:00:00,,27.8,76.0,0.0,13.3,268.0,1005.1,910.0
2026-08-03 12:00:00,18.6,27.7,78.0,0.1,19.0,287.0,1005.4,900.0
2026-08-03 13:00:00,6.8,27.2,76.0,0.2,16.0,262.0,1006.1,675.0
2026-08-03 14:00:00,,26.3,86.0,1.7,10.8,255.0,1006.1,490.0
2026-08-03 15:00:00,,26.9,84.0,0.2,16.8,242.0,1006.1,655.0
2026-08-03 16:00:00,3.36,27.0,82.0,0.4,22.5,242.0,1005.6,680.0
2026-08-03 17:00:00,7.92,26.6,85.0,0.8,18.4,243.0,1004.6,635.0
2026-08-03 18:00:00,,27.1,82.0,0.1,17.5,253.0,1004.2,735.0
2026-08-03 19:00:00,1.53,27.4,78.0,0.2,16.3,257.0,1003.9,790.0
2026-08-03 20:00:00,,27.2,80.0,0.1,16.8,249.0,1003.7,715.0
2026-08-03 21:00:00,,27.1,78.0,0.2,18.5,241.0,1003.7,705.0
2026-08-03 22:00:00,,27.2,80.0,0.1,18.2,240.0,1004.0,785.0
2026-08-03 23:00:00,,27.3,78.0,0.6,18.9,235.0,1004.4,775.0
2026-08-04 00:00:00,,28.3,77.0,0.5,17.1,258.0,1004.5,800.0
2026-08-04 01:00:00,,28.1,78.0,0.1,16.4,257.0,1004.9,625.0
2026-08-04 02:00:00,,28.9,77.0,0.8,15.0,259.0,1005.0,790.0
2026-08-04 03:00:00,6.04,27.5,78.0,1.0,17.1,252.0,1005.1,660.0
2026-08-04 04:00:00,22.3,28.0,78.0,4.0,23.4,249.0,1005.4,860.0
2026-08-04 05:00:00,6.02,28.1,81.0,0.9,20.3,246.0,1004.8,820.0
2026-08-04 06:00:00,30.5,28.7,78.0,0.4,18.7,251.0,1004.1,825.0
2026-08-04 07:00:00,,27.3,80.0,0.9,24.5,242.0,1004.2,805.0
2026-08-04 08:00:00,4.26,27.1,83.0,1.0,23.0,239.0,1003.8,800.0
2026-08-04 09:00:00,,26.8,87.0,1.6,23.2,243.0,1003.8,705.0
2026-08-04 10:00:00,,27.0,86.0,0.9,20.3,249.0,1004.0,730.0
2026-08-04 11:00:00,,27.1,83.0,1.4,19.0,250.0,1004.4,715.0
2026-08-04 12:00:00,,27.3,80.0,0.6,18.3,250.0,1005.0,885.0
2026-08-04 13:00:00,9.1,27.2,81.0,0.7,17.9,258.0,1004.9,740.0
2026-08-04 14:00:00,,27.4,80.0,0.1,15.2,256.0,1004.8,755.0
2026-08-04 15:00:00,4.47,27.5,80.0,0.0,15.3,261.0,1004.8,725.0
2026-08-04 16:00:00,,26.8,81.0,0.2,16.2,251.0,1004.5,640.0
2026-08-04 17:00:00,0.383,26.1,87.0,0.7,18.8,231.0,1004.1,615.0
2026-08-04 18:00:00,2.07,26.6,84.0,1.0,21.7,241.0,1003.6,900.0
2026-08-04 19:00:00,0.2,27.2,80.0,0.3,21.4,239.0,1003.6,830.0
2026-08-04 20:00:00,,26.9,83.0,0.4,20.1,238.0,1003.0,790.0
2026-08-04 21:00:00,7.8,27.0,81.0,0.3,21.8,236.0,1002.8,840.0
2026-08-04 22:00:00,11.3,26.6,85.0,0.4,19.1,236.0,1003.3,780.0
2026-08-04 23:00:00,14.2,26.3,86.0,1.3,20.1,230.0,1004.1,770.0
2026-08-05 00:00:00,16.4,27.7,80.0,0.9,15.6,253.0,1004.5,890.0
2026-08-05 01:00:00,13.4,28.0,78.0,0.2,16.2,253.0,1004.6,740.0
2026-08-05 02:00:00,,27.7,78.0,0.4,18.2,247.0,1004.7,635.0
2026-08-05 03:00:00,,28.1,77.0,0.4,20.0,246.0,1004.6,735.0
2026-08-05 04:00:00,,28.1,78.0,1.4,22.8,250.0,1004.4,865.0
2026-08-05 05:00:00,,27.9,77.0,0.3,19.5,247.0,1003.7,800.0
2026-08-05 06:00:00,,26.1,84.0,0.9,19.1,247.0,1003.7,645.0
2026-08-05 07:00:00,13.7,27.6,78.0,0.9,16.5,256.0,1003.7,855.0
2026-08-05 08:00:00,17.1,26.8,87.0,2.3,15.5,252.0,1003.2,785.0
2026-08-05 09:00:00,,27.3,85.0,0.7,16.5,257.0,1003.2,760.0
2026-08-05 10:00:00,,27.0,84.0,0.3,13.8,250.0,1003.6,655.0
2026-08-05 11:00:00,18.1,26.9,84.0,0.3,12.1,238.0,1003.7,580.0
2026-08-05 12:00:00,19.4,26.5,88.0,0.3,9.5,251.0,1004.1,620.0
2026-08-05 13:00:00,,26.9,87.0,0.0,8.4,251.0,1004.8,825.0
2026-08-05 14:00:00,,26.9,84.0,0.4,12.0,254.0,1005.2,755.0
2026-08-05 15:00:00,17.2,26.5,87.0,0.5,9.2,249.0,1004.7,410.0
2026-08-05 16:00:00,6.89,26.6,85.0,0.3,9.2,235.0,1004.3,390.0
2026-08-05 17:00:00,12.5,26.3,88.0,0.7,11.3,227.0,1004.0,435.0
2026-08-05 18:00:00,6.9,25.9,89.0,0.5,13.3,251.0,1003.7,715.0
2026-08-05 19:00:00,4.23,26.0,91.0,1.6,12.7,243.0,1003.5,635.0
2026-08-05 20:00:00,3.64,26.1,91.0,2.2,13.1,247.0,1002.8,575.0
2026-08-05 21:00:00,13.8,26.5,88.0,0.9,18.5,249.0,1002.9,655.0
2026-08-05 22:00:00,19.3,26.6,87.0,0.6,19.3,255.0,1002.9,715.0
2026-08-05 23:00:00,13.5,27.0,87.0,0.1,21.7,244.0,1002.5,745.0
2026-08-06 00:00:00,,27.8,79.0,0.2,18.5,262.0,1003.5,735.0
2026-08-06 01:00:00,,28.3,75.0,0.1,19.1,251.0,1004.0,980.0
2026-08-06 02:00:00,,27.7,81.0,1.0,20.0,262.0,1004.0,895.0
2026-08-06 03:00:00,,28.1,81.0,0.2,19.6,251.0,1003.9,960.0
2026-08-06 04:00:00,24.7,28.1,79.0,0.5,21.2,249.0,1003.5,1080.0
2026-08-06 05:00:00,,28.5,80.0,0.5,21.9,259.0,1002.8,1080.0
2026-08-06 06:00:00,,28.1,79.0,0.5,22.0,267.0,1002.0,1000.0
2026-08-06 07:00:00,,27.7,81.0,1.2,22.6,249.0,1002.3,1015.0
2026-08-06 08:00:00,12.6,27.9,81.0,1.2,21.3,256.0,1002.1,970.0
2026-08-06 09:00:00,13.9,26.9,86.0,2.2,18.7,269.0,1002.3,750.0
2026-08-06 10:00:00,20.0,27.3,83.0,0.8,16.7,278.0,1003.1,760.0
2026-08-06 11:00:00,37.3,27.6,78.0,0.3,15.7,265.0,1003.7,815.0
2026-08-06 12:00:00,24.9,26.4,90.0,0.2,13.0,264.0,1003.9,525.0
2026-08-06 13:00:00,,26.4,88.0,0.8,13.7,268.0,1004.5,635.0
2026-08-06 14:00:00,,25.8,91.0,1.9,7.7,261.0,1004.5,440.0
2026-08-06 15:00:00,,26.0,91.0,1.3,10.6,252.0,1004.5,470.0
2026-08-06 16:00:00,,26.2,92.0,3.0,10.0,257.0,1003.7,540.0
2026-08-06 17:00:00,13.0,26.4,90.0,2.0,12.5,263.0,1003.3,520.0
2026-08-06 18:00:00,11.3,26.3,90.0,2.6,14.9,262.0,1002.1,615.0
2026-08-06 19:00:00,9.49,26.0,89.0,1.1,13.5,268.0,1002.4,355.0
2026-08-06 20:00:00,13.6,25.3,93.0,2.0,12.1,242.0,1002.5,330.0
2026-08-06 21:00:00,6.47,25.1,94.0,0.3,15.3,221.0,1002.6,325.0
2026-08-06 22:00:00,,25.3,93.0,0.2,12.4,244.0,1002.7,350.0
2026-08-06 23:00:00,,26.4,89.0,0.4,11.5,241.0,1003.2,465.0
2026-08-07 00:00:00,,26.5,90.0,0.3,11.9,260.0,1003.5,540.0
2026-08-07 01:00:00,,26.6,92.0,5.4,11.1,222.0,1004.3,500.0
2026-08-07 02:00:00,,27.0,89.0,2.7,16.0,249.0,1004.2,655.0
2026-08-07 03:00:00,,27.8,83.0,0.5,13.4,263.0,1003.8,780.0
2026-08-07 04:00:00,,28.2,81.0,0.9,15.8,255.0,1003.7,815.0
2026-08-07 05:00:00,,28.1,80.0,0.9,15.6,254.0,1002.8,590.0
2026-08-07 06:00:00,,26.9,89.0,1.4,17.1,261.0,1002.4,700.0
2026-08-07 07:00:00,,27.4,84.0,1.3,16.6,264.0,1002.1,755.0
2026-08-07 08:00:00,,27.3,85.0,2.3,17.5,253.0,1002.0,675.0
2026-08-07 09:00:00,,27.0,86.0,1.2,18.9,248.0,1002.0,680.0
2026-08-07 10:00:00,21.2,26.6,90.0,1.4,17.7,246.0,1002.9,545.0
2026-08-07 11:00:00,,26.5,91.0,1.9,14.3,250.0,1003.1,465.0
2026-08-07 12:00:00,,26.0,92.0,1.4,13.2,238.0,1003.9,560.0
2026-08-07 13:00:00,,26.1,90.0,2.4,12.8,256.0,1004.2,570.0
2026-08-07 14:00:00,,26.1,92.0,1.8,13.6,246.0,1004.5,455.0
2026-08-07 15:00:00,7.46,26.3,92.0,1.0,14.2,250.0,1004.4,565.0
2026-08-07 16:00:00,0.0,26.4,91.0,1.7,15.0,251.0,1003.7,555.0
2026-08-07 17:00:00,,26.3,91.0,3.0,13.9,266.0,1003.4,580.0
2026-08-07 18:00:00,5.84,25.9,93.0,2.8,10.0,263.0,1003.0,715.0
2026-08-07 19:00:00,,26.2,92.0,3.1,12.9,243.0,1002.1,685.0
2026-08-07 20:00:00,,26.4,91.0,0.7,19.2,241.0,1001.5,620.0
2026-08-07 21:00:00,,26.5,89.0,0.2,17.1,251.0,1001.7,675.0
2026-08-07 22:00:00,,26.7,84.0,0.1,15.0,246.0,1001.8,680.0
2026-08-07 23:00:00,,26.6,85.0,0.6,19.2,246.0,1003.2,640.0
2026-08-08 00:00:00,,27.7,79.0,3.9,19.7,257.0,1002.9,880.0
2026-08-08 01:00:00,,27.5,83.0,1.3,18.4,253.0,1003.5,860.0
2026-08-08 02:00:00,,27.3,83.0,2.2,20.3,258.0,1003.3,850.0
2026-08-08 03:00:00,18.5,27.1,86.0,2.1,18.7,246.0,1003.5,880.0
2026-08-08 04:00:00,12.7,27.5,84.0,2.6,21.7,245.0,1002.6,960.0
2026-08-08 05:00:00,15.6,27.9,83.0,1.0,24.2,247.0,1002.1,1055.0
2026-08-08 06:00:00,,27.2,87.0,1.7,18.5,270.0,1002.0,880.0
2026-08-08 07:00:00,,27.0,86.0,1.3,14.6,265.0,1001.3,875.0
2026-08-08 08:00:00,,27.3,81.0,0.4,11.4,251.0,1001.3,810.0
2026-08-08 09:00:00,20.5,26.9,85.0,0.9,10.7,235.0,1001.2,670.0
2026-08-08 10:00:00,,26.6,86.0,1.3,20.1,245.0,1001.7,740.0
2026-08-08 11:00:00,14.0,26.5,87.0,0.8,26.9,238.0,1002.2,805.0
2026-08-08 12:00:00,12.2,26.9,88.0,1.1,24.3,258.0,1002.3,1055.0
2026-08-08 13:00:00,9.79,27.0,89.0,0.6,17.3,247.0,1002.8,920.0
2026-08-08 14:00:00,7.19,27.3,85.0,0.2,17.0,255.0,1003.1,895.0
2026-08-08 15:00:00,,27.3,84.0,0.0,16.5,248.0,1003.4,925.0
2026-08-08 16:00:00,,26.7,84.0,0.5,17.3,247.0,1003.2,655.0
2026-08-08 17:00:00,,26.3,91.0,1.6,20.2,239.0,1002.4,565.0
2026-08-08 18:00:00,3.11,25.9,91.0,3.1,19.6,237.0,1002.5,680.0
2026-08-08 19:00:00,4.92,26.4,89.0,1.4,22.2,240.0,1001.8,845.0
2026-08-08 20:00:00,5.11,26.3,90.0,2.2,23.3,240.0,1001.7,950.0
2026-08-08 21:00:00,14.0,25.8,92.0,4.3,28.0,242.0,1001.9,965.0
2026-08-08 22:00:00,24.5,26.2,90.0,3.1,28.3,241.0,1001.9,1120.0
2026-08-08 23:00:00,,26.4,89.0,1.6,24.8,236.0,1002.0,1030.0
2026-08-09 00:00:00,,27.6,85.0,1.1,29.1,244.0,1002.1,1200.0
2026-08-09 01:00:00,,28.1,85.0,1.4,28.3,241.0,1002.1,1235.0
2026-08-09 02:00:00,,27.9,84.0,2.2,25.4,239.0,1002.2,1195.0
2026-08-09 03:00:00,,27.3,84.0,2.3,34.0,237.0,1001.9,1045.0
2026-08-09 04:00:00,,28.1,82.0,1.4,30.3,236.0,1001.0,1225.0
2026-08-09 05:00:00,21.8,28.2,81.0,1.7,30.5,239.0,1000.5,1190.0
2026-08-09 06:00:00,,27.4,86.0,1.2,23.6,243.0,999.8,1200.0
2026-08-09 07:00:00,20.2,28.4,83.0,1.6,28.2,236.0,999.4,1380.0
2026-08-09 08:00:00,21.3,28.6,79.0,0.5,29.3,241.0,999.3,1360.0
2026-08-09 09:00:00,19.6,28.3,79.0,0.8,36.0,240.0,999.3,1260.0
2026-08-09 10:00:00,,27.6,85.0,0.8,27.1,238.0,999.9,1220.0
2026-08-09 11:00:00,,26.7,87.0,1.2,31.8,234.0,1001.1,1035.0
2026-08-09 12:00:00,,27.6,80.0,1.7,23.3,259.0,1001.7,1205.0
2026-08-09 13:00:00,10.4,27.4,80.0,0.0,15.5,257.0,1002.4,1035.0
2026-08-09 14:00:00,7.22,27.3,81.0,0.1,14.3,237.0,1003.0,805.0
2026-08-09 15:00:00,6.94,26.2,89.0,0.7,25.6,233.0,1002.9,725.0
2026-08-09 16:00:00,9.08,26.6,87.0,0.7,26.8,230.0,1002.2,875.0
2026-08-09 17:00:00,9.9,26.5,87.0,0.5,27.3,231.0,1001.7,850.0
2026-08-09 18:00:00,13.8,26.5,88.0,1.2,27.0,233.0,1000.9,850.0
2026-08-09 19:00:00,8.1,26.5,90.0,1.1,26.1,235.0,1000.6,955.0
2026-08-09 20:00:00,9.88,26.4,88.0,0.9,22.2,238.0,1000.2,930.0
2026-08-09 21:00:00,7.17,26.6,87.0,0.7,24.2,239.0,1000.6,875.0
2026-08-09 22:00:00,11.0,26.5,87.0,0.9,22.5,235.0,1000.8,875.0
2026-08-09 23:00:00,18.8,26.5,88.0,1.2,26.0,235.0,1001.8,880.0
2026-08-10 00:00:00,44.1,27.8,85.0,1.0,20.1,245.0,1001.9,1100.0
2026-08-10 01:00:00,20.7,27.4,84.0,1.4,28.5,230.0,1002.4,935.0
2026-08-10 02:00:00,23.4,28.3,84.0,0.7,19.6,226.0,1002.5,1095.0
2026-08-10 03:00:00,,28.5,81.0,1.1,23.4,236.0,1002.7,1100.0
2026-08-10 04:00:00,,28.1,82.0,0.5,27.5,231.0,1002.1,1025.0
2026-08-10 05:00:00,,27.3,86.0,2.5,26.8,231.0,1002.3,1020.0
2026-08-10 06:00:00,,29.2,77.0,0.9,24.0,240.0,1001.1,1200.0
2026-08-10 07:00:00,,29.0,75.0,0.3,28.5,232.0,1001.2,1045.0
2026-08-10 08:00:00,,28.4,76.0,0.8,30.5,236.0,1001.8,945.0
2026-08-10 09:00:00,,27.8,83.0,0.4,21.5,238.0,1001.5,895.0
2026-08-10 10:00:00,20.5,26.2,90.0,2.5,23.4,236.0,1002.4,720.0
2026-08-10 11:00:00,13.3,26.1,92.0,1.3,19.4,223.0,1002.9,645.0
2026-08-10 12:00:00,25.7,27.8,84.0,1.0,18.4,231.0,1002.9,900.0
2026-08-10 13:00:00,16.8,27.6,84.0,0.9,17.3,225.0,1003.9,755.0
2026-08-10 14:00:00,,27.2,85.0,0.8,22.4,224.0,1004.0,740.0
2026-08-10 15:00:00,21.5,27.1,86.0,1.0,20.5,216.0,1004.2,765.0
2026-08-10 16:00:00,19.1,27.1,85.0,0.1,17.9,216.0,1003.5,745.0
2026-08-10 17:00:00,14.1,27.0,88.0,0.4,22.1,226.0,1002.7,820.0
2026-08-10 18:00:00,13.9,27.2,86.0,0.2,20.1,234.0,1002.5,830.0
2026-08-10 19:00:00,12.1,27.0,88.0,0.3,19.5,231.0,1002.1,740.0
2026-08-10 20:00:00,9.02,26.9,86.0,0.6,22.0,233.0,1002.1,745.0
2026-08-10 21:00:00,,26.9,87.0,0.4,19.1,229.0,1002.1,720.0
2026-08-10 22:00:00,12.0,26.8,87.0,0.5,21.3,228.0,1002.2,780.0
2026-08-10 23:00:00,,27.4,86.0,0.4,18.0,221.0,1002.8,805.0
2026-08-11 00:00:00,,28.3,79.0,0.6,18.7,236.0,1003.5,780.0
2026-08-11 01:00:00,,28.7,77.0,0.7,22.3,239.0,1003.9,910.0
2026-08-11 02:00:00,,28.6,80.0,0.3,21.9,244.0,1004.0,895.0
2026-08-11 03:00:00,,29.8,72.0,0.2,24.8,237.0,1004.1,1030.0
2026-08-11 04:00:00,,29.6,74.0,0.4,23.5,235.0,1003.9,1015.0
2026-08-11 05:00:00,,29.2,75.0,0.3,25.4,231.0,1003.7,935.0
2026-08-11 06:00:00,,27.6,82.0,0.2,19.7,242.0,1003.3,570.0
2026-08-11 07:00:00,,28.7,78.0,0.7,21.2,234.0,1002.7,715.0
2026-08-11 08:00:00,12.7,28.7,78.0,0.1,20.9,235.0,1002.4,715.0
2026-08-11 09:00:00,13.4,28.1,79.0,0.4,25.4,235.0,1002.9,720.0
2026-08-11 10:00:00,,27.2,87.0,0.3,21.6,229.0,1003.8,625.0
2026-08-11 11:00:00,,27.1,89.0,0.2,19.5,228.0,1004.0,585.0
2026-08-11 12:00:00,17.2,27.5,85.0,0.3,16.1,233.0,1004.7,585.0
2026-08-11 13:00:00,14.6,27.7,84.0,0.1,16.7,232.0,1005.1,590.0
2026-08-11 14:00:00,,27.3,86.0,0.1,15.4,225.0,1005.8,560.0
2026-08-11 15:00:00,5.67,26.9,86.0,0.3,19.2,223.0,1006.1,645.0
2026-08-11 16:00:00,,26.9,86.0,0.3,19.5,225.0,1005.9,635.0
2026-08-11 17:00:00,5.06,26.0,93.0,2.4,19.1,223.0,1005.3,615.0
2026-08-11 18:00:00,6.09,26.7,87.0,1.2,19.4,228.0,1004.8,695.0
2026-08-11 19:00:00,8.76,26.7,88.0,0.1,17.1,225.0,1004.4,645.0
2026-08-11 20:00:00,13.3,26.7,87.0,0.3,18.9,235.0,1004.2,635.0
2026-08-11 21:00:00,3.22,26.2,89.0,0.6,18.5,237.0,1004.2,585.0
2026-08-11 22:00:00,17.4,26.2,89.0,0.8,17.5,236.0,1004.3,610.0
2026-08-11 23:00:00,13.0,26.3,90.0,1.1,19.8,229.0,1004.8,615.0
2026-08-12 00:00:00,,27.2,86.0,0.7,18.3,231.0,1004.5,520.0
2026-08-12 01:00:00,14.9,28.1,83.0,0.8,22.8,235.0,1005.3,785.0
2026-08-12 02:00:00,11.9,26.7,88.0,4.9,21.4,232.0,1005.5,590.0
2026-08-12 03:00:00,,27.2,86.0,3.0,23.4,232.0,1005.8,740.0
2026-08-12 04:00:00,,26.9,87.0,4.7,27.5,235.0,1005.6,705.0
2026-08-12 05:00:00,,28.1,81.0,1.9,23.8,234.0,1004.9,890.0
2026-08-12 06:00:00,12.8,28.1,80.0,1.1,19.2,244.0,1004.3,705.0
2026-08-12 07:00:00,14.1,27.3,84.0,1.1,20.9,242.0,1004.2,585.0
2026-08-12 08:00:00,23.2,27.4,83.0,1.7,23.1,241.0,1004.1,695.0
2026-08-12 09:00:00,18.7,26.8,89.0,1.2,20.0,236.0,1004.1,675.0
2026-08-12 10:00:00,20.4,26.7,90.0,1.8,21.2,238.0,1004.8,645.0
2026-08-12 11:00:00,28.5,26.6,92.0,2.1,18.4,243.0,1005.4,630.0
2026-08-12 12:00:00,28.3,26.7,92.0,3.2,20.2,240.0,1005.7,570.0
2026-08-12 13:00:00,21.9,26.3,93.0,3.7,21.5,240.0,1006.2,490.0
2026-08-12 14:00:00,,26.2,93.0,2.9,21.2,231.0,1006.7,560.0
2026-08-12 15:00:00,3.15,26.0,93.0,2.6,18.9,229.0,1007.0,520.0
2026-08-12 16:00:00,,26.2,92.0,2.0,18.1,239.0,1006.0,545.0
2026-08-12 17:00:00,,26.7,90.0,0.8,19.4,235.0,1005.5,660.0
2026-08-12 18:00:00,7.45,26.8,89.0,0.3,20.2,245.0,1005.5,730.0
2026-08-12 19:00:00,1.94,26.9,89.0,0.8,19.0,233.0,1005.4,670.0
2026-08-12 20:00:00,8.07,26.8,90.0,1.0,19.2,243.0,1005.1,665.0
2026-08-12 21:00:00,,26.7,92.0,1.4,16.6,248.0,1005.1,570.0
2026-08-12 22:00:00,,26.6,92.0,1.0,15.4,246.0,1005.0,655.0
2026-08-12 23:00:00,,26.7,91.0,1.3,18.5,239.0,1005.1,670.0
2026-08-13 00:00:00,,27.0,89.0,0.9,15.2,241.0,1005.7,620.0
2026-08-13 01:00:00,,27.1,89.0,0.7,18.6,236.0,1006.1,615.0
2026-08-13 02:00:00,,26.2,91.0,3.3,21.4,234.0,1005.9,530.0
2026-08-13 03:00:00,,26.5,92.0,2.8,22.5,225.0,1005.4,645.0
2026-08-13 04:00:00,11.5,27.1,88.0,1.1,22.5,227.0,1005.5,685.0
2026-08-13 05:00:00,10.7,27.0,89.0,1.1,20.9,225.0,1005.1,750.0
2026-08-13 06:00:00,12.8,27.1,88.0,1.1,20.9,231.0,1005.2,840.0
2026-08-13 07:00:00,,27.0,89.0,1.2,22.3,232.0,1004.9,820.0
2026-08-13 08:00:00,15.1,26.9,90.0,1.7,21.1,231.0,1004.2,755.0
2026-08-13 09:00:00,6.6,27.5,87.0,0.2,19.5,233.0,1004.2,805.0
2026-08-13 10:00:00,18.6,27.5,86.0,0.0,19.4,236.0,1004.7,770.0
2026-08-13 11:00:00,30.1,26.7,89.0,0.1,19.9,230.0,1005.6,610.0
2026-08-13 12:00:00,,27.8,85.0,1.0,15.0,223.0,1005.8,835.0
2026-08-13 13:00:00,,27.7,85.0,0.1,16.1,238.0,1006.3,705.0
2026-08-13 14:00:00,,27.3,85.0,0.0,15.4,232.0,1007.0,625.0
2026-08-13 15:00:00,,27.1,85.0,0.0,17.7,233.0,1007.1,720.0
2026-08-13 16:00:00,,27.0,84.0,0.1,20.8,230.0,1006.7,665.0
2026-08-13 17:00:00,19.4,25.7,92.0,1.2,22.5,225.0,1006.8,720.0
2026-08-13 18:00:00,16.9,26.4,91.0,8.6,13.9,241.0,1006.6,570.0
2026-08-13 19:00:00,20.9,25.5,93.0,3.1,14.5,227.0,1006.6,495.0
2026-08-13 20:00:00,26.0,25.5,93.0,2.9,18.8,232.0,1006.7,595.0
2026-08-13 21:00:00,,25.6,93.0,0.7,18.1,223.0,1006.6,575.0
2026-08-13 22:00:00,,26.1,90.0,0.4,17.1,222.0,1006.7,630.0
2026-08-13 23:00:00,,26.5,88.0,0.4,18.6,218.0,1007.1,655.0
2026-08-14 00:00:00,,26.5,93.0,0.2,8.3,229.0,1007.5,475.0
2026-08-14 01:00:00,26.0,27.2,85.0,1.2,15.9,236.0,1007.8,520.0
2026-08-14 02:00:00,,27.7,84.0,1.3,16.9,246.0,1008.1,690.0
2026-08-14 03:00:00,21.0,27.5,86.0,2.0,19.3,231.0,1008.1,775.0
2026-08-14 04:00:00,,27.3,88.0,1.9,17.5,228.0,1007.7,750.0
2026-08-14 05:00:00,22.5,27.2,90.0,2.8,20.9,227.0,1007.3,790.0
2026-08-14 06:00:00,27.6,27.3,89.0,1.9,17.9,236.0,1006.9,705.0
2026-08-14 07:00:00,19.2,28.5,82.0,0.7,19.9,247.0,1006.8,790.0
2026-08-14 08:00:00,23.5,28.2,82.0,0.2,20.6,243.0,1006.3,805.0
2026-08-14 09:00:00,24.9,27.6,84.0,0.3,18.6,248.0,1006.6,770.0
2026-08-14 10:00:00,33.0,27.5,86.0,0.1,18.0,239.0,1007.0,750.0
2026-08-14 11:00:00,28.1,27.3,87.0,0.0,17.2,227.0,1007.3,690.0
2026-08-14 12:00:00,43.3,27.8,85.0,0.1,11.9,247.0,1008.0,615.0
2026-08-14 13:00:00,35.6,26.6,89.0,0.5,16.0,246.0,1008.7,495.0
2026-08-14 14:00:00,42.0,27.4,87.0,0.1,11.8,249.0,1008.5,480.0
2026-08-14 15:00:00,34.1,26.8,85.0,0.4,20.3,252.0,1008.8,600.0
2026-08-14 16:00:00,35.3,26.1,90.0,0.6,11.7,255.0,1008.4,525.0
2026-08-14 17:00:00,27.6,26.5,89.0,0.1,17.2,247.0,1007.9,565.0
2026-08-14 18:00:00,27.0,26.3,90.0,0.1,11.8,254.0,1007.1,475.0
2026-08-14 19:00:00,26.5,26.6,90.0,0.0,10.4,262.0,1006.9,510.0
2026-08-14 20:00:00,36.6,26.9,89.0,0.0,12.4,251.0,1006.9,560.0
2026-08-14 21:00:00,33.5,27.1,87.0,0.1,14.7,246.0,1007.0,610.0
2026-08-14 22:00:00,30.5,26.8,87.0,0.4,18.0,244.0,1007.5,615.0
2026-08-14 23:00:00,29.5,26.9,86.0,0.8,16.0,239.0,1008.2,645.0
2026-08-15 00:00:00,24.8,28.0,82.0,0.1,13.4,243.0,1008.6,755.0
2026-08-15 01:00:00,21.1,28.8,78.0,0.1,16.8,241.0,1008.4,750.0
2026-08-15 02:00:00,18.9,29.3,77.0,0.2,16.4,244.0,1008.2,825.0
2026-08-15 03:00:00,19.1,29.4,78.0,0.2,19.7,241.0,1008.0,895.0
2026-08-15 04:00:00,19.7,29.4,78.0,0.1,23.3,241.0,1007.7,885.0
2026-08-15 05:00:00,17.9,29.5,77.0,0.0,20.2,240.0,1006.9,905.0
2026-08-15 06:00:00,19.5,29.7,76.0,0.1,22.1,244.0,1006.4,1000.0
2026-08-15 07:00:00,18.1,28.9,78.0,0.3,24.6,243.0,1006.6,760.0
2026-08-15 08:00:00,22.3,28.4,80.0,0.0,15.3,249.0,1006.3,820.0
2026-08-15 09:00:00,24.6,28.0,82.0,0.5,19.3,240.0,1006.6,700.0
2026-08-15 10:00:00,15.9,26.8,85.0,0.7,18.4,247.0,1007.5,570.0
2026-08-15 11:00:00,22.0,27.2,86.0,0.8,15.5,241.0,1007.7,680.0
2026-08-15 12:00:00,,28.7,79.0,0.0,17.7,237.0,1008.0,910.0
2026-08-15 13:00:00,27.6,27.3,84.0,0.3,15.0,267.0,1008.6,545.0
2026-08-15 14:00:00,24.1,27.1,84.0,0.5,11.7,268.0,1008.8,645.0
2026-08-15 15:00:00,22.4,26.6,88.0,0.2,8.6,299.0,1008.5,420.0
2026-08-15 16:00:00,20.5,26.5,89.0,0.4,6.7,265.0,1008.2,550.0
2026-08-15 17:00:00,19.3,26.6,89.0,0.2,11.7,233.0,1007.2,665.0
2026-08-15 18:00:00,20.6,26.6,86.0,0.0,14.3,251.0,1006.9,680.0
2026-08-15 19:00:00,,26.2,89.0,0.9,16.9,247.0,1006.8,665.0
2026-08-15 20:00:00,23.9,26.8,87.0,0.3,18.7,250.0,1006.5,705.0
2026-08-15 21:00:00,22.2,26.6,88.0,0.2,17.6,247.0,1006.4,675.0
2026-08-15 22:00:00,22.4,26.5,85.0,0.7,20.5,246.0,1006.5,675.0
2026-08-15 23:00:00,,26.7,87.0,0.4,19.6,241.0,1006.8,705.0
2026-08-16 00:00:00,18.2,28.3,79.0,0.1,19.3,250.0,1007.4,885.0
2026-08-16 01:00:00,17.5,29.0,77.0,0.3,19.0,251.0,1007.3,1010.0
2026-08-16 02:00:00,18.2,29.4,75.0,0.8,24.1,244.0,1007.0,975.0
2026-08-16 03:00:00,,29.5,74.0,0.1,27.2,239.0,1006.4,1035.0
2026-08-16 04:00:00,15.7,29.2,78.0,0.0,24.7,240.0,1006.0,975.0
2026-08-16 05:00:00,18.5,29.4,77.0,0.2,21.1,240.0,1005.8,1070.0
2026-08-16 06:00:00,19.1,29.4,71.0,0.5,23.4,233.0,1005.4,1025.0
2026-08-16 07:00:00,21.2,27.0,85.0,2.4,22.8,243.0,1005.8,795.0
2026-08-16 08:00:00,,26.5,83.0,5.9,28.5,245.0,1006.6,840.0
2026-08-16 09:00:00,35.1,26.0,89.0,2.4,17.1,242.0,1006.1,600.0
2026-08-16 10:00:00,24.4,26.3,90.0,1.1,9.8,252.0,1006.4,605.0
2026-08-16 11:00:00,23.3,26.5,90.0,0.6,10.0,247.0,1006.2,675.0
2026-08-16 12:00:00,,27.3,85.0,0.3,22.5,243.0,1006.7,825.0
2026-08-16 13:00:00,34.5,27.6,84.0,0.3,20.4,248.0,1006.9,895.0
2026-08-16 14:00:00,22.4,27.8,83.0,0.2,20.7,262.0,1006.8,945.0
2026-08-16 15:00:00,,27.2,85.0,0.5,16.2,285.0,1007.0,820.0
2026-08-16 16:00:00,21.6,26.7,90.0,0.7,7.1,291.0,1005.9,570.0
2026-08-16 17:00:00,14.0,26.7,89.0,0.3,10.3,270.0,1005.4,640.0
2026-08-16 18:00:00,,26.8,88.0,0.1,8.3,294.0,1005.1,475.0
2026-08-16 19:00:00,25.8,26.5,89.0,0.2,6.7,297.0,1004.9,200.0
2026-08-16 20:00:00,,26.5,90.0,0.2,6.0,260.0,1005.0,230.0
2026-08-16 21:00:00,,26.7,88.0,0.2,11.7,252.0,1005.1,595.0
2026-08-16 22:00:00,19.2,26.7,87.0,0.2,15.6,244.0,1005.2,625.0
2026-08-16 23:00:00,12.2,26.1,89.0,1.0,14.4,261.0,1005.9,480.0
2026-08-17 00:00:00,,26.5,89.0,0.3,18.2,232.0,1006.6,695.0
2026-08-17 01:00:00,21.9,26.3,90.0,1.4,14.3,235.0,1006.6,675.0
2026-08-17 02:00:00,18.0,26.8,86.0,2.0,19.8,244.0,1006.4,665.0
2026-08-17 03:00:00,34.9,27.4,82.0,1.1,24.4,239.0,1006.3,805.0
2026-08-17 04:00:00,,26.7,86.0,4.2,21.6,235.0,1006.0,655.0
2026-08-17 05:00:00,5.67,26.8,86.0,1.5,23.5,236.0,1005.4,685.0
2026-08-17 06:00:00,,26.0,89.0,1.0,16.0,245.0,1005.4,505.0
2026-08-17 07:00:00,11.0,26.8,86.0,2.0,17.1,255.0,1005.1,725.0
2026-08-17 08:00:00,16.5,26.8,86.0,1.6,13.4,253.0,1004.7,585.0
2026-08-17 09:00:00,,26.4,88.0,1.2,8.8,244.0,1005.3,490.0
2026-08-17 10:00:00,,26.3,92.0,2.9,7.9,240.0,1005.6,370.0
2026-08-17 11:00:00,,26.4,90.0,2.6,11.8,246.0,1005.8,450.0
2026-08-17 12:00:00,,25.9,93.0,2.0,11.5,225.0,1005.9,375.0
2026-08-17 13:00:00,,25.9,90.0,1.2,16.1,230.0,1006.2,500.0
2026-08-17 14:00:00,,25.9,92.0,1.1,16.1,221.0,1006.0,530.0
2026-08-17 15:00:00,7.42,25.8,93.0,0.6,16.7,222.0,1005.8,660.0
2026-08-17 16:00:00,3.01,25.8,92.0,1.9,16.9,220.0,1005.5,680.0
2026-08-17 17:00:00,,25.9,91.0,1.0,18.1,226.0,1004.8,655.0
2026-08-17 18:00:00,,25.4,92.0,1.1,23.0,235.0,1004.6,645.0
2026-08-17 19:00:00,3.84,25.7,92.0,1.3,19.7,231.0,1004.0,665.0
2026-08-17 20:00:00,0.67,25.8,91.0,1.1,18.1,235.0,1004.2,600.0
2026-08-17 21:00:00,,25.9,90.0,1.5,18.5,235.0,1004.2,620.0
2026-08-17 22:00:00,,25.6,92.0,2.1,19.5,231.0,1004.3,595.0
2026-08-17 23:00:00,,25.6,93.0,3.5,21.8,227.0,1004.5,625.0
2026-08-18 00:00:00,,25.9,91.0,3.2,11.9,209.0,1004.7,440.0
2026-08-18 01:00:00,,26.6,86.0,0.3,12.8,219.0,1005.0,640.0
2026-08-18 02:00:00,,27.2,84.0,0.3,17.6,223.0,1005.4,750.0
2026-08-18 03:00:00,6.47,27.5,82.0,0.5,16.9,215.0,1004.8,720.0
2026-08-18 04:00:00,7.61,27.4,83.0,0.9,16.7,218.0,1004.9,780.0
2026-08-18 05:00:00,7.2,26.1,91.0,2.9,16.4,225.0,1004.3,675.0
2026-08-18 06:00:00,,26.3,89.0,5.7,20.4,233.0,1004.3,700.0
2026-08-18 07:00:00,,26.2,89.0,1.8,20.3,218.0,1004.0,745.0
2026-08-18 08:00:00,10.8,26.2,89.0,1.6,22.1,221.0,1004.0,665.0
2026-08-18 09:00:00,6.54,25.7,93.0,3.0,19.1,229.0,1004.2,760.0
2026-08-18 10:00:00,,26.1,90.0,2.9,23.6,228.0,1004.5,775.0
2026-08-18 11:00:00,13.0,25.6,92.0,2.9,24.9,225.0,1005.1,755.0
2026-08-18 12:00:00,18.4,25.8,91.0,3.9,22.4,233.0,1005.4,610.0
2026-08-18 13:00:00,,25.4,93.0,2.7,23.7,234.0,1006.6,685.0
2026-08-18 14:00:00,18.4,25.6,92.0,0.9,20.9,226.0,1006.8,690.0
2026-08-18 15:00:00,,25.0,93.0,2.3,20.2,224.0,1006.7,680.0
2026-08-18 16:00:00,5.96,25.4,94.0,1.7,13.7,208.0,1006.0,685.0
2026-08-18 17:00:00,10.7,25.4,93.0,1.6,15.6,219.0,1005.9,675.0
2026-08-18 18:00:00,17.8,26.0,90.0,0.3,15.7,220.0,1005.0,835.0
2026-08-18 19:00:00,7.96,25.4,92.0,1.4,18.0,215.0,1005.4,780.0
2026-08-18 20:00:00,15.1,25.4,93.0,1.7,11.8,200.0,1005.0,720.0
2026-08-18 21:00:00,,25.7,90.0,0.6,18.7,210.0,1005.0,785.0
2026-08-18 22:00:00,,26.0,87.0,0.1,13.0,199.0,1005.1,835.0
2026-08-18 23:00:00,,25.9,87.0,3.1,16.3,215.0,1006.3,835.0
2026-08-19 00:00:00,,25.2,92.0,1.1,19.9,215.0,1007.4,695.0
2026-08-19 01:00:00,,26.5,89.0,0.7,13.2,212.0,1007.6,745.0
2026-08-19 02:00:00,,27.5,83.0,0.2,10.4,206.0,1007.7,1070.0
2026-08-19 03:00:00,24.4,28.6,77.0,0.3,12.6,224.0,1007.0,1090.0
2026-08-19 04:00:00,,28.1,77.0,0.5,25.0,231.0,1007.2,1070.0
2026-08-19 05:00:00,,28.1,81.0,0.2,20.2,225.0,1006.9,1170.0
2026-08-19 06:00:00,21.5,28.1,82.0,0.0,13.9,229.0,1006.4,1230.0
2026-08-19 07:00:00,13.2,27.7,81.0,0.5,22.4,238.0,1006.5,1175.0
2026-08-19 08:00:00,20.4,27.5,85.0,0.5,16.7,237.0,1006.4,1045.0
2026-08-19 09:00:00,20.7,27.6,86.0,0.2,9.1,234.0,1006.4,1075.0
2026-08-19 10:00:00,22.3,26.6,87.0,0.8,18.6,240.0,1007.3,650.0
2026-08-19 11:00:00,32.3,26.7,87.0,0.1,13.0,231.0,1007.7,755.0
2026-08-19 12:00:00,,27.5,83.0,0.1,12.6,226.0,1008.0,690.0
2026-08-19 13:00:00,39.0,27.7,83.0,0.0,10.1,221.0,1008.6,655.0
2026-08-19 14:00:00,33.8,27.7,83.0,0.0,9.3,209.0,1009.0,715.0
2026-08-19 15:00:00,35.8,28.0,79.0,0.0,12.8,212.0,1008.7,810.0
2026-08-19 16:00:00,,27.8,79.0,0.0,12.0,210.0,1008.3,880.0
2026-08-19 17:00:00,39.7,27.5,80.0,0.1,11.4,198.0,1007.9,700.0
2026-08-19 18:00:00,32.4,27.4,78.0,0.0,12.8,200.0,1008.2,755.0
2026-08-19 19:00:00,32.3,27.5,75.0,0.0,13.7,207.0,1008.0,700.0
2026-08-19 20:00:00,34.0,27.3,77.0,0.0,14.0,212.0,1007.9,655.0
2026-08-19 21:00:00,34.3,27.2,81.0,0.3,14.8,223.0,1007.7,690.0
2026-08-19 22:00:00,,25.9,88.0,1.1,15.7,231.0,1008.3,560.0
2026-08-19 23:00:00,,26.7,86.0,0.9,15.7,213.0,1008.7,640.0
2026-08-20 00:00:00,,27.9,81.0,0.0,10.4,225.0,1009.3,635.0
2026-08-20 01:00:00,,27.7,82.0,0.5,20.3,239.0,1010.2,705.0
2026-08-20 02:00:00,17.3,28.5,79.0,0.4,17.3,239.0,1009.6,755.0
2026-08-20 03:00:00,,28.8,79.0,0.1,19.5,239.0,1009.0,915.0
2026-08-20 04:00:00,,29.4,77.0,0.1,19.2,236.0,1008.4,1055.0
2026-08-20 05:00:00,21.3,29.5,78.0,0.1,20.0,238.0,1007.8,1035.0
2026-08-20 06:00:00,21.5,30.3,67.0,0.0,17.6,242.0,1007.4,1110.0
2026-08-20 07:00:00,22.2,29.7,77.0,0.3,19.7,240.0,1007.1,1030.0
2026-08-20 08:00:00,31.0,29.4,73.0,0.4,22.6,241.0,1007.1,1045.0
2026-08-20 09:00:00,,28.7,81.0,0.0,16.8,241.0,1007.1,935.0
2026-08-20 10:00:00,,28.3,81.0,0.1,18.6,237.0,1007.6,960.0
2026-08-20 11:00:00,,28.0,84.0,0.0,16.1,237.0,1008.2,940.0
2026-08-20 12:00:00,29.5,28.4,83.0,0.1,10.1,243.0,1008.9,870.0
2026-08-20 13:00:00,,28.4,83.0,0.0,10.2,229.0,1009.4,905.0
2026-08-20 14:00:00,30.0,28.5,80.0,0.1,14.6,236.0,1009.7,950.0
2026-08-20 15:00:00,27.2,28.5,79.0,0.0,14.0,241.0,1009.6,855.0
2026-08-20 16:00:00,26.9,28.4,79.0,0.0,15.0,235.0,1008.9,870.0
2026-08-20 17:00:00,28.5,28.4,78.0,0.0,15.9,231.0,1008.9,920.0
2026-08-20 18:00:00,28.7,28.3,77.0,0.0,17.3,235.0,1008.5,895.0
2026-08-20 19:00:00,29.0,28.2,76.0,0.0,18.4,236.0,1008.1,905.0
2026-08-20 20:00:00,,28.2,76.0,0.0,20.1,245.0,1007.8,880.0
2026-08-20 21:00:00,,28.0,77.0,0.0,17.6,246.0,1008.0,835.0
2026-08-20 22:00:00,,28.0,77.0,0.0,17.6,245.0,1008.3,865.0
2026-08-20 23:00:00,,28.5,76.0,0.1,16.2,241.0,1008.9,895.0
2026-08-21 00:00:00,,27.8,82.0,0.1,13.3,245.0,1009.5,580.0
2026-08-21 01:00:00,,29.2,76.0,0.3,15.5,244.0,1009.8,960.0
2026-08-21 02:00:00,,29.7,69.0,0.1,19.2,243.0,1009.4,970.0
2026-08-21 03:00:00,31.9,29.2,73.0,0.6,22.7,244.0,1009.1,830.0
2026-08-21 04:00:00,31.1,29.9,72.0,0.3,23.6,241.0,1008.7,965.0
2026-08-21 05:00:00,,30.3,70.0,0.0,22.3,238.0,1007.8,1015.0
2026-08-21 06:00:00,,30.6,66.0,0.0,23.1,244.0,1007.3,1070.0
2026-08-21 07:00:00,29.5,30.2,67.0,0.0,22.5,242.0,1007.1,1010.0
2026-08-21 08:00:00,30.2,29.6,70.0,0.0,19.9,238.0,1006.5,805.0
2026-08-21 09:00:00,31.0,29.1,74.0,0.0,19.9,244.0,1006.7,850.0
2026-08-21 10:00:00,30.3,28.6,76.0,0.0,16.3,243.0,1007.3,795.0
2026-08-21 11:00:00,34.0,28.6,77.0,0.0,16.4,253.0,1007.7,805.0
2026-08-21 12:00:00,30.4,28.9,76.0,0.0,13.7,245.0,1008.0,785.0
2026-08-21 13:00:00,32.1,28.8,76.0,0.0,13.4,242.0,1008.5,770.0
2026-08-21 14:00:00,,28.7,75.0,0.0,15.5,243.0,1008.8,840.0
2026-08-21 15:00:00,30.1,28.6,74.0,0.0,17.6,243.0,1008.8,840.0
2026-08-21 16:00:00,,28.5,73.0,0.0,16.6,241.0,1008.2,830.0
2026-08-21 17:00:00,29.5,28.3,75.0,0.0,15.4,240.0,1007.6,785.0
2026-08-21 18:00:00,,28.2,75.0,0.0,17.7,240.0,1007.1,815.0
2026-08-21 19:00:00,,28.3,75.0,0.0,17.9,242.0,1006.4,815.0
2026-08-21 20:00:00,28.7,28.1,76.0,0.0,17.7,246.0,1006.1,795.0
2026-08-21 21:00:00,27.4,28.0,77.0,0.0,17.6,248.0,1006.3,745.0
2026-08-21 22:00:00,28.6,27.7,79.0,0.1,17.4,243.0,1006.5,755.0
2026-08-21 23:00:00,26.8,27.9,79.0,0.3,18.5,246.0,1007.1,795.0
2026-08-22 00:00:00,27.2,29.1,73.0,0.5,20.0,244.0,1007.9,940.0
2026-08-22 01:00:00,31.6,28.8,76.0,0.2,19.3,246.0,1008.2,820.0
2026-08-22 02:00:00,,29.3,71.0,0.2,20.9,245.0,1008.0,855.0
2026-08-22 03:00:00,,29.6,72.0,0.3,22.1,245.0,1008.2,935.0
2026-08-22 04:00:00,25.0,30.0,70.0,0.1,23.2,244.0,1007.8,950.0
2026-08-22 05:00:00,,30.3,68.0,0.0,22.9,244.0,1006.8,1045.0
2026-08-22 06:00:00,,30.1,66.0,0.0,23.3,245.0,1006.0,1000.0
2026-08-22 07:00:00,27.1,29.6,74.0,0.1,22.2,240.0,1005.9,950.0
2026-08-22 08:00:00,30.7,29.4,71.0,0.1,23.0,238.0,1005.6,1000.0
2026-08-22 09:00:00,,28.9,74.0,0.6,17.5,246.0,1006.1,905.0
2026-08-22 10:00:00,36.6,28.6,76.0,0.1,17.2,242.0,1006.7,840.0
2026-08-22 11:00:00,,28.5,76.0,0.1,18.1,241.0,1007.2,825.0
2026-08-22 12:00:00,,28.7,77.0,0.1,17.3,237.0,1007.7,815.0
2026-08-22 13:00:00,,28.6,77.0,0.0,17.3,237.0,1008.0,845.0
2026-08-22 14:00:00,,28.2,78.0,0.2,17.1,242.0,1008.2,805.0
2026-08-22 15:00:00,28.2,28.0,78.0,0.3,16.9,247.0,1008.4,720.0
2026-08-22 16:00:00,,27.7,81.0,0.1,16.8,238.0,1007.6,780.0
2026-08-22 17:00:00,26.1,27.7,81.0,0.2,17.5,234.0,1006.9,770.0
2026-08-22 18:00:00,24.1,28.1,77.0,0.2,18.2,231.0,1006.5,865.0
2026-08-22 19:00:00,24.5,27.9,79.0,0.1,19.2,234.0,1006.1,860.0
2026-08-22 20:00:00,25.4,28.0,78.0,0.1,21.1,235.0,1005.6,890.0
2026-08-22 21:00:00,,27.8,79.0,0.1,22.8,239.0,1005.6,895.0
2026-08-22 22:00:00,,27.2,80.0,0.3,20.2,239.0,1006.1,820.0
2026-08-22 23:00:00,,27.3,82.0,0.9,18.2,238.0,1006.7,770.0
2026-08-23 00:00:00,,28.7,76.0,0.6,17.1,240.0,1007.0,870.0
2026-08-23 01:00:00,,28.6,76.0,0.4,21.3,241.0,1007.4,785.0
2026-08-23 02:00:00,,29.5,73.0,0.3,20.4,243.0,1007.4,890.0
2026-08-23 03:00:00,,30.3,69.0,0.2,22.6,242.0,1007.3,1005.0
2026-08-23 04:00:00,,30.3,69.0,0.0,23.8,241.0,1007.0,1020.0
2026-08-23 05:00:00,,30.7,66.0,0.1,24.4,240.0,1006.2,1015.0
2026-08-23 06:00:00,,30.9,65.0,0.4,24.2,243.0,1005.9,1090.0
2026-08-23 07:00:00,29.9,30.4,67.0,0.0,22.1,242.0,1005.9,1020.0
2026-08-23 08:00:00,32.4,30.3,67.0,0.0,20.1,239.0,1005.5,1025.0
2026-08-23 09:00:00,33.0,29.9,67.0,0.0,23.6,237.0,1005.8,1035.0
2026-08-23 10:00:00,34.9,28.8,74.0,0.1,19.0,237.0,1006.6,860.0
2026-08-23 11:00:00,37.6,28.7,73.0,0.0,17.9,234.0,1006.9,865.0
2026-08-23 12:00:00,34.0,28.0,79.0,0.2,15.1,230.0,1007.4,805.0
2026-08-23 13:00:00,32.6,28.6,75.0,0.1,17.7,226.0,1007.5,805.0
2026-08-23 14:00:00,,27.4,80.0,0.3,17.9,239.0,1008.3,680.0
2026-08-23 15:00:00,,27.3,83.0,0.8,12.2,243.0,1007.8,595.0
2026-08-23 16:00:00,31.9,27.8,79.0,0.1,13.1,222.0,1006.8,670.0
2026-08-23 17:00:00,,27.7,81.0,0.0,13.3,221.0,1006.5,605.0
2026-08-23 18:00:00,31.5,27.7,81.0,0.1,14.1,233.0,1006.1,700.0
2026-08-23 19:00:00,33.4,27.1,82.0,0.7,17.4,239.0,1006.1,620.0
2026-08-23 20:00:00,31.0,27.5,82.0,0.3,14.8,236.0,1005.7,715.0
2026-08-23 21:00:00,43.1,27.5,82.0,0.3,15.4,232.0,1005.9,675.0
2026-08-23 22:00:00,40.9,27.5,82.0,0.2,17.6,237.0,1006.2,755.0
2026-08-23 23:00:00,,26.7,86.0,1.5,20.4,226.0,1006.8,610.0
2026-08-24 00:00:00,39.5,28.6,76.0,0.3,21.5,239.0,1007.3,905.0
2026-08-24 01:00:00,34.2,29.2,73.0,0.2,18.9,235.0,1007.7,920.0
2026-08-24 02:00:00,31.8,29.8,70.0,0.5,19.8,234.0,1007.2,990.0
2026-08-24 03:00:00,,30.1,68.0,0.3,24.0,240.0,1007.1,1080.0
2026-08-24 04:00:00,29.3,29.8,71.0,0.1,22.9,242.0,1007.2,985.0
2026-08-24 05:00:00,31.0,29.9,71.0,0.0,20.0,239.0,1006.2,1070.0
2026-08-24 06:00:00,,29.7,71.0,0.0,21.0,236.0,1005.9,1105.0
2026-08-24 07:00:00,31.2,29.5,71.0,0.2,23.7,240.0,1005.6,1075.0
2026-08-24 08:00:00,34.0,28.8,76.0,0.2,20.6,247.0,1005.6,1030.0
2026-08-24 09:00:00,36.7,28.7,76.0,0.2,15.2,246.0,1005.9,995.0
2026-08-24 10:00:00,37.6,28.4,78.0,0.1,16.7,236.0,1006.1,1020.0
2026-08-24 11:00:00,31.4,28.8,74.0,0.0,17.7,227.0,1006.5,1055.0
2026-08-24 12:00:00,34.0,29.1,74.0,0.1,17.9,239.0,1007.2,1125.0
2026-08-24 13:00:00,32.1,29.2,73.0,0.1,18.1,242.0,1007.9,1135.0
2026-08-24 14:00:00,30.8,28.4,78.0,0.4,11.1,263.0,1008.5,835.0
2026-08-24 15:00:00,29.3,28.6,78.0,0.1,11.8,251.0,1008.4,950.0
2026-08-24 16:00:00,,28.7,74.0,0.3,16.3,237.0,1008.0,860.0
2026-08-24 17:00:00,27.3,28.9,74.0,0.1,18.2,228.0,1007.4,1090.0
2026-08-24 18:00:00,25.6,28.7,73.0,0.2,19.2,234.0,1006.8,990.0
2026-08-24 19:00:00,,28.5,74.0,0.1,17.7,231.0,1006.3,960.0
2026-08-24 20:00:00,30.0,28.5,74.0,0.1,18.6,231.0,1006.3,970.0
2026-08-24 21:00:00,,28.0,77.0,0.2,20.9,243.0,1007.5,865.0
2026-08-24 22:00:00,32.3,27.3,82.0,0.5,19.0,239.0,1007.7,760.0
2026-08-24 23:00:00,,27.8,79.0,0.1,18.8,234.0,1008.2,830.0
2026-08-25 00:00:00,34.5,27.6,82.0,0.1,13.1,249.0,1008.7,760.0
2026-08-25 01:00:00,28.4,28.5,76.0,0.2,17.9,239.0,1008.9,845.0
2026-08-25 02:00:00,30.1,29.0,74.0,0.1,16.9,239.0,1008.5,935.0
2026-08-25 03:00:00,28.1,29.2,74.0,0.2,21.6,237.0,1008.3,915.0
2026-08-25 04:00:00,28.6,29.5,74.0,0.1,24.9,239.0,1007.7,950.0
2026-08-25 05:00:00,28.3,29.3,75.0,0.0,21.4,234.0,1006.9,935.0
2026-08-25 06:00:00,,29.3,76.0,0.0,21.1,245.0,1006.7,950.0
2026-08-25 07:00:00,25.7,29.1,78.0,0.1,19.8,236.0,1006.4,960.0
2026-08-25 08:00:00,32.4,29.2,77.0,0.1,19.8,235.0,1006.3,1000.0
2026-08-25 09:00:00,27.4,29.0,78.0,0.0,19.0,241.0,1006.3,1030.0
2026-08-25 10:00:00,,28.6,81.0,0.1,15.4,249.0,1006.9,1035.0
2026-08-25 11:00:00,34.8,27.9,82.0,0.3,16.2,249.0,1007.6,830.0
2026-08-25 12:00:00,29.6,27.8,83.0,0.5,10.9,262.0,1008.2,630.0
2026-08-25 13:00:00,31.8,27.6,84.0,1.0,11.8,239.0,1008.4,575.0
2026-08-25 14:00:00,31.0,27.1,86.0,0.8,12.3,240.0,1008.8,475.0
2026-08-25 15:00:00,29.1,27.5,82.0,0.5,13.6,226.0,1009.0,540.0
2026-08-25 16:00:00,28.1,27.5,81.0,0.5,18.0,244.0,1008.5,740.0
2026-08-25 17:00:00,27.8,27.2,82.0,0.3,16.5,235.0,1008.3,660.0
2026-08-25 18:00:00,24.9,28.1,78.0,0.4,14.4,237.0,1007.6,940.0
2026-08-25 19:00:00,22.8,28.0,79.0,0.3,18.6,229.0,1007.1,850.0
2026-08-25 20:00:00,25.1,27.7,79.0,0.1,19.6,231.0,1007.1,780.0
2026-08-25 21:00:00,29.8,27.4,82.0,0.1,16.7,227.0,1006.7,695.0
2026-08-25 22:00:00,28.1,27.3,83.0,0.1,15.1,218.0,1007.1,685.0
2026-08-25 23:00:00,,27.5,81.0,0.3,15.4,228.0,1007.8,750.0
2026-08-26 00:00:00,,29.0,74.0,0.2,18.0,236.0,1008.2,840.0
2026-08-26 01:00:00,18.8,29.8,72.0,0.2,17.0,234.0,1008.3,990.0
2026-08-26 02:00:00,15.7,30.7,68.0,0.0,14.8,232.0,1007.9,1095.0
2026-08-26 03:00:00,23.4,30.4,70.0,0.1,20.2,244.0,1008.1,945.0
2026-08-26 04:00:00,20.0,30.5,69.0,0.0,21.1,239.0,1008.0,1040.0
2026-08-26 05:00:00,22.1,29.9,72.0,0.0,22.9,232.0,1007.0,925.0
2026-08-26 06:00:00,21.0,31.7,59.0,0.0,21.7,239.0,1006.3,1280.0
2026-08-26 07:00:00,14.8,30.6,63.0,0.2,26.1,238.0,1006.4,1095.0
2026-08-26 08:00:00,,29.5,72.0,0.2,18.6,242.0,1006.5,960.0
2026-08-26 09:00:00,,29.0,74.0,0.0,20.3,232.0,1006.6,925.0
2026-08-26 10:00:00,21.8,28.4,75.0,0.1,21.4,232.0,1007.6,865.0
2026-08-26 11:00:00,18.1,27.5,81.0,0.4,19.5,231.0,1007.8,715.0
2026-08-26 12:00:00,19.1,28.6,77.0,0.3,16.8,244.0,1008.3,825.0
2026-08-26 13:00:00,15.5,28.0,81.0,0.3,19.2,243.0,1008.8,735.0
2026-08-26 14:00:00,15.9,28.0,81.0,0.2,19.3,245.0,1009.1,755.0
2026-08-26 15:00:00,16.6,27.6,81.0,0.1,18.9,239.0,1009.0,710.0
2026-08-26 16:00:00,15.5,27.5,82.0,0.0,17.4,233.0,1008.5,685.0
2026-08-26 17:00:00,16.4,27.5,82.0,0.1,18.0,232.0,1007.9,690.0
2026-08-26 18:00:00,16.0,27.8,80.0,0.2,18.2,237.0,1007.5,770.0
2026-08-26 19:00:00,18.2,27.4,82.0,0.2,19.6,236.0,1006.8,695.0
2026-08-26 20:00:00,,27.1,83.0,0.5,19.1,234.0,1006.7,685.0
2026-08-26 21:00:00,,27.3,84.0,0.4,17.4,233.0,1006.7,755.0
2026-08-26 22:00:00,24.9,27.2,83.0,0.7,19.5,234.0,1006.9,720.0
2026-08-26 23:00:00,22.0,27.4,82.0,0.6,20.0,244.0,1007.5,705.0
2026-08-27 00:00:00,17.1,28.2,78.0,0.6,17.6,245.0,1007.5,820.0
2026-08-27 01:00:00,,28.8,76.0,1.0,18.6,251.0,1007.9,900.0
2026-08-27 02:00:00,,29.2,74.0,0.7,20.3,250.0,1007.8,910.0
2026-08-27 03:00:00,19.9,29.7,73.0,0.3,21.3,252.0,1007.6,1040.0
2026-08-27 04:00:00,20.7,29.2,73.0,0.4,19.4,247.0,1007.8,1045.0
2026-08-27 05:00:00,,29.3,71.0,0.4,19.4,247.0,1006.7,1010.0
2026-08-27 06:00:00,,30.3,70.0,0.3,24.0,255.0,1006.2,1165.0
2026-08-27 07:00:00,,29.8,72.0,0.4,21.1,270.0,1006.0,1070.0
2026-08-27 08:00:00,23.3,28.9,74.0,0.4,18.0,273.0,1005.9,915.0
2026-08-27 09:00:00,,28.8,74.0,0.1,15.7,257.0,1005.8,985.0
2026-08-27 10:00:00,23.9,28.3,77.0,0.1,19.5,249.0,1006.4,975.0
2026-08-27 11:00:00,25.7,27.8,80.0,0.2,19.2,241.0,1007.1,875.0
2026-08-27 12:00:00,30.4,27.0,86.0,0.2,20.1,242.0,1007.5,670.0
2026-08-27 13:00:00,20.5,27.0,85.0,0.9,17.3,240.0,1008.1,715.0
2026-08-27 14:00:00,20.4,26.7,87.0,1.3,18.0,233.0,1008.4,650.0
2026-08-27 15:00:00,19.2,26.6,89.0,1.3,22.8,231.0,1008.3,745.0
2026-08-27 16:00:00,5.82,26.1,90.0,0.8,19.3,234.0,1007.8,590.0
2026-08-27 17:00:00,4.4,26.4,88.0,0.8,21.4,234.0,1007.1,685.0
2026-08-27 18:00:00,1.62,27.0,87.0,0.9,18.1,236.0,1006.8,960.0
2026-08-27 19:00:00,12.1,26.7,85.0,0.2,25.0,239.0,1006.2,960.0
2026-08-27 20:00:00,8.28,26.3,87.0,0.6,27.5,241.0,1006.3,915.0
2026-08-27 21:00:00,18.8,26.4,86.0,0.7,25.8,236.0,1006.2,905.0
2026-08-27 22:00:00,10.1,26.3,87.0,1.0,25.4,230.0,1006.4,940.0
2026-08-27 23:00:00,,26.5,87.0,0.9,23.1,228.0,1006.2,835.0
2026-08-28 00:00:00,17.3,25.5,91.0,0.7,24.5,230.0,1007.4,730.0
2026-08-28 01:00:00,,25.9,89.0,2.8,23.3,232.0,1007.6,820.0
2026-08-28 02:00:00,17.3,25.8,89.0,2.1,22.7,229.0,1007.5,780.0
2026-08-28 03:00:00,,26.4,85.0,1.9,23.2,229.0,1007.5,825.0
2026-08-28 04:00:00,10.2,26.1,88.0,2.7,21.9,234.0,1007.1,1005.0
2026-08-28 05:00:00,14.4,26.5,88.0,4.1,27.4,238.0,1006.4,1000.0
2026-08-28 06:00:00,18.2,26.3,88.0,4.6,28.6,239.0,1006.0,960.0
2026-08-28 07:00:00,,26.0,90.0,3.3,25.4,237.0,1005.6,915.0
2026-08-28 08:00:00,24.6,25.9,91.0,2.4,24.8,238.0,1005.1,845.0
2026-08-28 09:00:00,16.9,26.0,91.0,2.9,22.2,242.0,1005.5,850.0
2026-08-28 10:00:00,22.6,25.8,89.0,2.7,24.8,234.0,1006.0,805.0
2026-08-28 11:00:00,,25.8,92.0,2.9,20.7,231.0,1006.3,715.0
2026-08-28 12:00:00,,25.5,91.0,3.1,16.4,241.0,1007.0,660.0
2026-08-28 13:00:00,20.6,25.1,94.0,3.3,13.0,222.0,1007.1,550.0
2026-08-28 14:00:00,4.86,25.7,93.0,3.0,19.5,240.0,1007.7,675.0
2026-08-28 15:00:00,9.97,25.9,89.0,4.8,22.3,236.0,1007.5,675.0
2026-08-28 16:00:00,,25.7,90.0,2.7,23.0,232.0,1006.9,750.0
2026-08-28 17:00:00,10.4,25.7,90.0,4.3,23.6,232.0,1006.4,815.0
2026-08-28 18:00:00,,25.6,91.0,2.7,15.3,243.0,1006.1,680.0
2026-08-28 19:00:00,2.26,25.8,91.0,3.0,15.6,240.0,1005.8,825.0
2026-08-28 20:00:00,2.86,25.8,89.0,2.7,18.0,243.0,1005.6,725.0
2026-08-28 21:00:00,5.32,25.6,89.0,2.6,20.1,242.0,1005.9,670.0
2026-08-28 22:00:00,9.77,25.5,92.0,2.8,20.8,239.0,1005.8,655.0
2026-08-28 23:00:00,15.5,26.0,91.0,1.9,23.2,235.0,1005.8,655.0
2026-08-29 00:00:00,21.1,25.7,90.0,1.1,22.5,227.0,1007.1,825.0
2026-08-29 01:00:00,25.8,25.6,91.0,3.1,20.8,222.0,1007.2,730.0
2026-08-29 02:00:00,10.5,25.7,91.0,2.6,21.1,230.0,1007.0,805.0
2026-08-29 03:00:00,18.6,26.2,89.0,1.8,26.0,229.0,1006.9,845.0
2026-08-29 04:00:00,16.4,26.1,89.0,1.8,26.6,231.0,1006.5,900.0
2026-08-29 05:00:00,11.1,27.0,84.0,1.7,27.8,234.0,1006.3,1025.0
2026-08-29 06:00:00,,26.3,89.0,1.7,22.3,246.0,1005.9,680.0
2026-08-29 07:00:00,,26.6,87.0,1.6,19.0,255.0,1005.2,750.0
2026-08-29 08:00:00,,25.6,90.0,2.7,26.2,248.0,1005.5,710.0
2026-08-29 09:00:00,22.4,26.1,89.0,0.9,20.0,244.0,1005.4,855.0
2026-08-29 10:00:00,,26.0,88.0,0.6,21.2,238.0,1005.7,770.0
2026-08-29 11:00:00,,26.6,86.0,0.3,17.0,243.0,1006.2,845.0
2026-08-29 12:00:00,,26.6,87.0,0.3,17.2,228.0,1006.4,790.0
2026-08-29 13:00:00,,26.9,86.0,0.3,12.1,223.0,1006.7,670.0
2026-08-29 14:00:00,,27.3,83.0,0.2,17.5,233.0,1007.1,805.0
2026-08-29 15:00:00,,27.5,82.0,0.7,18.3,241.0,1007.0,830.0
2026-08-29 16:00:00,,27.2,84.0,0.8,18.6,256.0,1006.6,845.0
2026-08-29 17:00:00,32.3,27.2,83.0,0.9,18.3,255.0,1006.3,875.0
2026-08-29 18:00:00,32.8,27.7,78.0,0.4,23.6,227.0,1005.7,1040.0
2026-08-29 19:00:00,,27.4,78.0,0.4,24.1,232.0,1005.6,930.0
2026-08-29 20:00:00,28.6,26.9,79.0,0.9,23.3,235.0,1005.4,840.0
2026-08-29 21:00:00,13.2,26.7,81.0,1.0,27.4,233.0,1005.6,895.0
2026-08-29 22:00:00,19.6,26.1,87.0,0.5,20.5,227.0,1005.5,855.0
2026-08-29 23:00:00,,26.4,85.0,0.5,23.6,231.0,1006.1,735.0
2026-08-30 00:00:00,,27.0,85.0,1.3,25.9,230.0,1006.7,875.0
2026-08-30 01:00:00,,27.1,83.0,1.0,23.9,233.0,1007.2,920.0
2026-08-30 02:00:00,,27.9,82.0,0.8,26.4,233.0,1007.1,995.0
2026-08-30 03:00:00,27.8,28.5,79.0,0.3,26.7,236.0,1006.9,1070.0
2026-08-30 04:00:00,,28.5,80.0,0.3,25.6,239.0,1006.3,1030.0
2026-08-30 05:00:00,21.7,28.5,79.0,0.2,24.5,242.0,1006.2,1030.0
2026-08-30 06:00:00,32.5,27.1,83.0,1.3,23.6,239.0,1005.8,980.0
2026-08-30 07:00:00,24.1,28.0,83.0,0.1,12.7,238.0,1005.2,1100.0
2026-08-30 08:00:00,30.0,27.5,83.0,1.0,24.0,241.0,1005.2,1015.0
2026-08-30 09:00:00,36.2,27.6,81.0,0.5,25.7,245.0,1005.4,1025.0
2026-08-30 10:00:00,,27.2,85.0,0.3,24.7,245.0,1005.7,1000.0
2026-08-30 11:00:00,,26.8,87.0,0.5,20.2,246.0,1006.6,885.0
2026-08-30 12:00:00,45.9,27.9,81.0,0.3,16.7,249.0,1006.3,940.0
2026-08-30 13:00:00,46.3,28.1,78.0,0.7,22.7,243.0,1006.7,1065.0
2026-08-30 14:00:00,47.6,27.2,83.0,0.9,18.2,253.0,1006.7,740.0
2026-08-30 15:00:00,47.2,26.4,86.0,1.3,19.6,248.0,1006.6,585.0
2026-08-30 16:00:00,47.4,27.8,82.0,0.9,23.2,241.0,1006.2,1030.0
2026-08-30 17:00:00,49.5,27.2,83.0,0.7,23.9,236.0,1005.9,980.0
2026-08-30 18:00:00,44.4,27.8,78.0,0.5,25.0,226.0,1005.1,1195.0
2026-08-30 19:00:00,42.7,27.4,80.0,0.4,24.4,233.0,1005.0,1090.0
2026-08-30 20:00:00,45.7,27.8,80.0,0.4,23.8,233.0,1005.1,1155.0
2026-08-30 21:00:00,43.9,27.1,83.0,0.8,21.9,235.0,1005.5,1010.0
2026-08-30 22:00:00,52.4,25.8,88.0,1.9,22.1,243.0,1005.8,775.0
2026-08-30 23:00:00,,26.7,84.0,0.6,21.9,237.0,1006.3,855.0
2026-08-31 00:00:00,,28.4,76.0,0.3,18.4,238.0,1006.7,1050.0
2026-08-31 01:00:00,44.5,28.9,74.0,1.3,23.0,238.0,1007.0,1320.0
2026-08-31 02:00:00,47.9,29.2,74.0,0.8,22.9,228.0,1006.8,1305.0
2026-08-31 03:00:00,42.4,29.4,73.0,0.6,25.1,233.0,1006.7,1330.0
2026-08-31 04:00:00,,29.7,74.0,0.2,22.1,229.0,1006.2,1375.0
2026-08-31 05:00:00,49.2,30.6,67.0,0.0,27.6,230.0,1005.7,1560.0
2026-08-31 06:00:00,,31.0,62.0,0.0,28.3,236.0,1005.2,1735.0
2026-08-31 07:00:00,60.1,30.7,63.0,0.0,28.3,237.0,1005.4,1745.0
2026-08-31 08:00:00,66.3,30.3,67.0,0.0,25.9,241.0,1005.2,1690.0
2026-08-31 09:00:00,73.3,29.7,73.0,0.0,23.6,239.0,1005.3,1635.0
2026-08-31 10:00:00,81.8,29.2,75.0,0.0,22.4,233.0,1005.8,1550.0
2026-08-31 11:00:00,78.3,29.1,75.0,0.0,24.4,231.0,1006.3,1405.0
2026-08-31 12:00:00,66.4,29.1,75.0,0.0,20.7,233.0,1006.8,1360.0
2026-08-31 13:00:00,66.2,29.0,74.0,0.0,20.3,228.0,1007.0,1305.0
2026-08-31 14:00:00,68.2,28.9,73.0,0.0,19.1,227.0,1007.0,1175.0
2026-08-31 15:00:00,67.7,29.0,72.0,0.0,21.8,228.0,1007.0,1215.0
2026-08-31 16:00:00,65.6,28.9,73.0,0.0,25.3,229.0,1006.8,1275.0
2026-08-31 17:00:00,63.3,28.7,75.0,0.0,25.7,228.0,1006.6,1300.0
2026-08-31 18:00:00,63.8,28.5,74.0,0.0,24.9,233.0,1006.4,1265.0
2026-08-31 19:00:00,56.7,28.3,74.0,0.2,23.4,230.0,1006.1,1155.0
2026-08-31 20:00:00,49.7,27.7,76.0,0.5,22.0,239.0,1006.5,1110.0
2026-08-31 21:00:00,,27.8,77.0,0.2,18.7,229.0,1006.4,1085.0
2026-08-31 22:00:00,74.8,27.6,79.0,0.4,19.6,229.0,1006.5,970.0
2026-08-31 23:00:00,68.4,27.9,79.0,0.3,18.9,221.0,1006.7,1065.0
2026-09-01 00:00:00,55.4,28.5,79.0,0.4,20.4,233.0,1007.4,1180.0
2026-09-01 01:00:00,,29.7,74.0,0.5,22.3,234.0,1007.3,1345.0
2026-09-01 02:00:00,34.6,29.7,73.0,0.8,26.9,234.0,1007.2,1185.0
2026-09-01 03:00:00,32.7,29.9,73.0,0.8,26.2,235.0,1007.0,1240.0
2026-09-01 04:00:00,28.4,30.1,72.0,0.3,29.2,235.0,1006.4,1265.0
2026-09-01 05:00:00,,30.0,73.0,0.2,26.5,235.0,1005.8,1290.0
2026-09-01 06:00:00,19.6,30.6,72.0,0.2,28.8,242.0,1005.3,1390.0
2026-09-01 07:00:00,19.3,30.4,73.0,0.1,28.1,240.0,1005.0,1285.0
2026-09-01 08:00:00,21.6,30.1,73.0,0.0,27.1,239.0,1005.2,1250.0
2026-09-01 09:00:00,25.5,29.5,77.0,0.0,23.8,239.0,1005.3,1185.0
2026-09-01 10:00:00,,29.1,78.0,0.0,23.0,238.0,1005.8,1190.0
2026-09-01 11:00:00,23.7,28.8,77.0,0.1,21.9,235.0,1006.7,1100.0
2026-09-01 12:00:00,23.7,26.8,84.0,0.1,20.6,248.0,1007.0,665.0
2026-09-01 13:00:00,22.4,27.8,81.0,0.8,19.4,249.0,1007.6,910.0
2026-09-01 14:00:00,26.6,28.3,79.0,0.3,20.5,235.0,1007.6,1010.0
2026-09-01 15:00:00,22.7,28.7,78.0,0.1,21.6,226.0,1007.3,1155.0
2026-09-01 16:00:00,23.6,28.1,79.0,0.4,22.4,231.0,1007.0,1030.0
2026-09-01 17:00:00,24.0,27.6,82.0,0.5,20.6,230.0,1006.4,965.0
2026-09-01 18:00:00,25.8,28.3,77.0,0.4,23.1,229.0,1006.0,1240.0
2026-09-01 19:00:00,25.9,27.7,81.0,0.3,21.7,228.0,1005.5,1025.0
2026-09-01 20:00:00,27.3,27.4,82.0,0.7,22.2,234.0,1005.6,990.0
2026-09-01 21:00:00,32.6,27.6,82.0,0.6,23.5,228.0,1005.4,1040.0
2026-09-01 22:00:00,31.7,27.5,83.0,0.5,21.9,234.0,1005.2,1090.0
2026-09-01 23:00:00,30.8,27.9,81.0,0.3,23.3,228.0,1005.2,1115.0
2026-09-02 00:00:00,28.8,29.1,77.0,0.4,17.8,226.0,1005.8,1190.0
2026-09-02 01:00:00,,29.5,74.0,0.3,23.8,230.0,1006.2,1165.0
2026-09-02 02:00:00,,30.3,71.0,0.1,25.5,224.0,1005.7,1235.0
2026-09-02 03:00:00,,29.8,72.0,0.7,30.4,229.0,1005.6,1175.0
2026-09-02 04:00:00,18.9,29.5,73.0,0.4,28.5,232.0,1005.0,1155.0
2026-09-02 05:00:00,,29.1,75.0,0.8,32.4,231.0,1004.4,1080.0
2026-09-02 06:00:00,,29.6,75.0,0.2,25.7,235.0,1003.4,1315.0
2026-09-02 07:00:00,21.4,29.6,71.0,0.5,29.0,234.0,1003.3,1250.0
2026-09-02 08:00:00,,28.7,76.0,0.6,31.5,238.0,1003.8,1235.0
2026-09-02 09:00:00,,28.1,79.0,0.2,28.0,240.0,1003.8,1170.0
2026-09-02 10:00:00,26.9,27.5,82.0,0.7,27.3,240.0,1004.5,1120.0
2026-09-02 11:00:00,24.5,28.0,79.0,0.4,27.1,241.0,1004.5,1135.0
2026-09-02 12:00:00,,28.7,77.0,0.8,24.3,239.0,1004.5,1250.0
2026-09-02 13:00:00,,27.6,79.0,1.1,26.8,242.0,1005.4,975.0
2026-09-02 14:00:00,27.1,27.6,82.0,0.8,30.5,240.0,1006.0,990.0
2026-09-02 15:00:00,22.9,27.6,80.0,0.4,27.5,242.0,1005.6,1090.0
2026-09-02 16:00:00,,27.9,83.0,0.4,25.0,241.0,1004.9,1205.0
2026-09-02 17:00:00,19.0,27.8,83.0,0.9,27.0,242.0,1004.5,1305.0
2026-09-02 18:00:00,18.1,28.0,79.0,0.9,25.2,233.0,1004.0,1270.0
2026-09-02 19:00:00,17.4,27.3,81.0,0.8,27.3,235.0,1003.9,1080.0
2026-09-02 20:00:00,18.3,26.1,88.0,1.3,28.6,236.0,1004.0,965.0
2026-09-02 21:00:00,20.7,26.6,87.0,1.6,25.6,238.0,1004.1,1035.0
2026-09-02 22:00:00,24.7,26.8,86.0,0.5,26.6,240.0,1004.1,1015.0
2026-09-02 23:00:00,26.2,26.8,87.0,1.2,23.9,238.0,1004.5,1030.0
2026-09-03 00:00:00,20.3,28.5,77.0,0.9,23.8,244.0,1005.4,1170.0
2026-09-03 01:00:00,20.3,29.0,77.0,0.4,28.0,238.0,1005.6,1150.0
2026-09-03 02:00:00,19.2,28.7,76.0,0.6,30.4,240.0,1005.3,1045.0
2026-09-03 03:00:00,24.3,29.7,70.0,0.4,30.4,237.0,1005.0,1160.0
2026-09-03 04:00:00,20.7,29.6,71.0,0.7,31.1,239.0,1004.9,1150.0
2026-09-03 05:00:00,18.8,29.3,73.0,0.2,24.2,237.0,1004.3,1115.0
2026-09-03 06:00:00,13.9,29.8,72.0,0.5,28.4,236.0,1003.8,1060.0
2026-09-03 07:00:00,,29.0,76.0,0.2,31.1,240.0,1003.6,1000.0
2026-09-03 08:00:00,15.6,28.9,76.0,0.3,27.0,239.0,1003.5,1005.0
2026-09-03 09:00:00,25.8,27.8,79.0,0.6,24.4,239.0,1003.8,925.0
2026-09-03 10:00:00,20.2,27.3,84.0,1.1,24.2,235.0,1004.6,785.0
2026-09-03 11:00:00,,26.9,85.0,0.5,21.7,233.0,1005.2,795.0
2026-09-03 12:00:00,,26.5,89.0,0.8,21.9,249.0,1005.7,775.0
2026-09-03 13:00:00,10.5,26.2,91.0,2.7,23.4,239.0,1006.3,710.0
2026-09-03 14:00:00,15.5,25.9,91.0,4.4,14.7,243.0,1007.1,725.0
2026-09-03 15:00:00,16.1,25.8,91.0,3.7,14.7,235.0,1007.2,665.0
2026-09-03 16:00:00,17.2,26.0,91.0,3.0,16.4,225.0,1006.5,710.0
2026-09-03 17:00:00,4.79,26.0,91.0,2.4,19.7,228.0,1006.3,730.0
2026-09-03 18:00:00,7.73,26.2,91.0,1.2,20.8,232.0,1005.6,775.0
2026-09-03 19:00:00,5.15,26.0,91.0,3.4,24.9,230.0,1005.4,915.0
2026-09-03 20:00:00,4.2,26.0,92.0,2.2,26.2,235.0,1005.2,855.0
2026-09-03 21:00:00,26.9,26.2,91.0,2.3,24.8,240.0,1005.4,805.0
2026-09-03 22:00:00,27.0,26.6,89.0,0.6,23.2,241.0,1005.4,845.0
2026-09-03 23:00:00,27.4,27.0,86.0,0.3,20.0,242.0,1005.9,885.0
2026-09-04 00:00:00,18.4,27.0,88.0,0.4,22.5,239.0,1006.7,770.0
2026-09-04 01:00:00,,27.8,82.0,0.7,22.2,240.0,1007.0,780.0
2026-09-04 02:00:00,,27.8,80.0,0.6,22.2,241.0,1007.3,800.0
2026-09-04 03:00:00,,27.9,82.0,1.0,25.1,244.0,1007.2,860.0
2026-09-04 04:00:00,9.72,27.9,82.0,0.5,23.8,243.0,1006.7,715.0
2026-09-04 05:00:00,9.25,28.4,78.0,0.5,25.2,242.0,1006.2,755.0
2026-09-04 06:00:00,11.4,28.1,81.0,0.1,21.6,248.0,1005.4,695.0
2026-09-04 07:00:00,19.1,28.1,78.0,0.8,22.9,243.0,1005.7,785.0
2026-09-04 08:00:00,18.7,28.0,81.0,0.4,21.0,249.0,1005.5,710.0
2026-09-04 09:00:00,20.4,28.1,76.0,0.1,18.6,248.0,1005.9,715.0
2026-09-04 10:00:00,19.6,27.5,83.0,0.2,16.8,252.0,1006.7,635.0
2026-09-04 11:00:00,13.7,27.2,85.0,0.4,19.6,243.0,1007.1,655.0
2026-09-04 12:00:00,18.9,26.2,91.0,0.9,16.8,244.0,1007.6,470.0
2026-09-04 13:00:00,14.9,25.9,93.0,1.3,9.0,237.0,1008.3,300.0
2026-09-04 14:00:00,15.4,26.3,92.0,1.4,9.5,237.0,1009.0,375.0
2026-09-04 15:00:00,16.1,26.3,91.0,0.6,11.7,239.0,1008.6,390.0
2026-09-04 16:00:00,15.3,26.4,91.0,0.7,15.4,234.0,1008.0,435.0
2026-09-04 17:00:00,16.4,26.2,90.0,1.2,18.2,234.0,1007.6,515.0
2026-09-04 18:00:00,10.5,26.1,90.0,1.0,13.1,241.0,1006.9,440.0
2026-09-04 19:00:00,13.4,25.5,90.0,2.5,21.2,235.0,1006.9,580.0
2026-09-04 20:00:00,,25.7,91.0,1.1,21.2,232.0,1007.1,670.0
2026-09-04 21:00:00,3.38,25.9,90.0,1.7,20.4,227.0,1007.2,655.0
2026-09-04 22:00:00,19.7,26.0,88.0,0.1,19.5,229.0,1007.2,620.0
2026-09-04 23:00:00,11.6,26.7,83.0,0.2,20.5,238.0,1007.8,695.0
2026-09-05 00:00:00,,26.5,89.0,0.5,20.6,234.0,1008.4,740.0
2026-09-05 01:00:00,15.4,26.4,90.0,1.7,22.1,239.0,1008.6,735.0
2026-09-05 02:00:00,10.2,26.8,86.0,2.2,23.7,242.0,1008.6,825.0
2026-09-05 03:00:00,4.75,27.3,85.0,1.0,24.8,242.0,1008.4,970.0
2026-09-05 04:00:00,4.2,27.4,84.0,1.0,23.4,235.0,1008.1,1040.0
2026-09-05 05:00:00,2.81,27.2,86.0,1.9,24.1,241.0,1007.2,1075.0
2026-09-05 06:00:00,9.66,27.0,85.0,2.5,20.9,243.0,1006.9,790.0
2026-09-05 07:00:00,18.2,26.5,83.0,1.8,19.8,250.0,1006.9,705.0
2026-09-05 08:00:00,13.1,26.4,86.0,1.2,20.9,241.0,1007.2,705.0
2026-09-05 09:00:00,12.2,26.4,87.0,0.6,18.4,248.0,1007.3,685.0
2026-09-05 10:00:00,16.2,26.0,88.0,1.2,18.3,244.0,1008.4,610.0
2026-09-05 11:00:00,15.1,26.1,90.0,1.5,17.6,243.0,1008.7,575.0
2026-09-05 12:00:00,16.9,25.8,91.0,1.4,12.5,230.0,1008.9,380.0
2026-09-05 13:00:00,,26.0,89.0,0.1,10.8,240.0,1009.4,430.0
2026-09-05 14:00:00,12.0,26.0,90.0,0.0,14.8,234.0,1010.1,500.0
2026-09-05 15:00:00,14.1,26.0,87.0,0.1,16.4,240.0,1009.5,445.0
2026-09-05 16:00:00,13.9,26.1,87.0,0.0,16.1,238.0,1008.9,615.0
2026-09-05 17:00:00,12.7,26.4,85.0,0.2,17.7,246.0,1008.6,630.0
2026-09-05 18:00:00,,25.7,90.0,0.0,13.9,237.0,1007.9,570.0
2026-09-05 19:00:00,11.0,25.9,89.0,0.9,20.1,250.0,1007.5,625.0
2026-09-05 20:00:00,10.1,25.8,87.0,0.8,22.2,244.0,1007.2,635.0
2026-09-05 21:00:00,11.7,26.3,88.0,0.5,22.6,242.0,1007.4,750.0
2026-09-05 22:00:00,18.2,26.6,86.0,0.2,19.5,253.0,1007.6,715.0
2026-09-05 23:00:00,14.5,26.3,86.0,0.5,18.1,255.0,1008.4,725.0
2026-09-06 00:00:00,,27.5,82.0,0.3,17.7,258.0,1008.6,780.0
2026-09-06 01:00:00,17.4,28.0,80.0,0.3,16.5,259.0,1009.4,790.0
2026-09-06 02:00:00,15.8,27.0,85.0,3.0,17.7,255.0,1009.5,705.0
2026-09-06 03:00:00,15.1,27.1,84.0,1.7,14.1,255.0,1008.9,640.0
2026-09-06 04:00:00,11.7,28.1,80.0,0.7,17.9,244.0,1008.6,755.0
2026-09-06 05:00:00,9.05,27.7,82.0,0.6,21.6,246.0,1008.0,745.0
2026-09-06 06:00:00,14.7,27.8,81.0,0.4,19.8,249.0,1008.1,750.0
2026-09-06 07:00:00,15.9,27.7,80.0,0.2,16.3,257.0,1007.6,720.0
2026-09-06 08:00:00,19.3,27.3,81.0,0.0,14.5,251.0,1007.2,675.0
2026-09-06 09:00:00,15.8,26.8,86.0,0.0,11.2,238.0,1007.4,510.0
2026-09-06 10:00:00,15.5,27.0,87.0,0.0,11.9,236.0,1008.2,575.0
2026-09-06 11:00:00,14.1,27.1,86.0,0.1,12.9,240.0,1008.5,580.0
2026-09-06 12:00:00,12.3,26.6,90.0,0.0,11.5,228.0,1008.8,355.0
2026-09-06 13:00:00,12.7,26.8,87.0,0.1,13.8,234.0,1009.3,435.0
2026-09-06 14:00:00,15.0,26.8,87.0,0.0,18.3,240.0,1010.1,530.0
2026-09-06 15:00:00,,26.1,91.0,2.0,20.2,239.0,1009.9,490.0
2026-09-06 16:00:00,1.84,25.7,92.0,1.0,18.1,240.0,1008.8,445.0
2026-09-06 17:00:00,5.03,26.3,89.0,0.1,16.9,248.0,1008.0,585.0
2026-09-06 18:00:00,5.43,26.1,88.0,0.2,12.3,239.0,1007.0,490.0
2026-09-06 19:00:00,,26.3,87.0,0.0,15.0,251.0,1007.3,530.0
2026-09-06 20:00:00,12.8,26.4,86.0,0.1,12.9,251.0,1007.2,435.0
2026-09-06 21:00:00,16.9,26.4,87.0,0.1,11.5,256.0,1007.1,410.0
2026-09-06 22:00:00,19.8,26.3,87.0,0.2,9.4,267.0,1007.4,395.0
2026-09-06 23:00:00,25.4,26.1,89.0,0.1,8.8,265.0,1007.8,300.0
2026-09-07 00:00:00,,27.0,86.0,1.0,10.2,262.0,1008.6,450.0
2026-09-07 01:00:00,,27.0,84.0,1.9,9.0,247.0,1008.8,500.0
2026-09-07 02:00:00,22.3,27.1,84.0,0.5,12.9,233.0,1008.7,550.0
2026-09-07 03:00:00,18.3,27.5,83.0,1.3,17.0,250.0,1008.7,630.0
2026-09-07 04:00:00,,26.3,87.0,2.8,20.1,241.0,1008.5,530.0
2026-09-07 05:00:00,20.2,26.2,89.0,1.7,18.0,248.0,1007.7,600.0
2026-09-07 06:00:00,24.5,27.1,84.0,1.1,15.9,257.0,1007.3,660.0
2026-09-07 07:00:00,26.1,26.7,86.0,1.0,11.5,268.0,1006.9,625.0
2026-09-07 08:00:00,18.1,26.3,91.0,2.0,10.1,270.0,1006.7,535.0
2026-09-07 09:00:00,30.1,26.2,93.0,1.7,7.0,270.0,1006.9,515.0
2026-09-07 10:00:00,22.4,26.1,94.0,1.1,5.0,296.0,1007.2,360.0
2026-09-07 11:00:00,15.4,26.0,94.0,0.8,4.5,310.0,1007.8,315.0
2026-09-07 12:00:00,23.6,26.5,90.0,0.4,8.7,238.0,1007.9,525.0
2026-09-07 13:00:00,21.7,26.4,90.0,0.1,8.4,250.0,1008.8,445.0
2026-09-07 14:00:00,20.6,26.3,90.0,0.1,6.5,264.0,1009.1,295.0
2026-09-07 15:00:00,20.2,26.2,90.0,0.3,7.3,259.0,1009.2,470.0
2026-09-07 16:00:00,12.5,26.0,92.0,1.0,5.8,256.0,1008.3,220.0
2026-09-07 17:00:00,14.1,25.8,93.0,1.9,9.4,230.0,1007.4,380.0
2026-09-07 18:00:00,14.5,25.5,92.0,1.3,9.3,242.0,1007.5,370.0
2026-09-07 19:00:00,10.4,25.6,91.0,1.0,10.2,252.0,1007.0,360.0
2026-09-07 20:00:00,11.2,25.6,91.0,0.3,11.3,234.0,1006.8,385.0
2026-09-07 21:00:00,18.9,25.7,91.0,0.3,13.8,242.0,1006.6,460.0
2026-09-07 22:00:00,11.2,25.9,89.0,0.2,14.2,243.0,1006.7,465.0
2026-09-07 23:00:00,21.3,26.1,89.0,0.2,13.6,238.0,1007.0,470.0
2026-09-08 00:00:00,19.9,26.8,83.0,0.2,12.8,244.0,1008.3,520.0
2026-09-08 01:00:00,,25.5,91.0,1.5,17.4,250.0,1008.5,465.0
2026-09-08 02:00:00,16.3,26.2,89.0,4.3,13.6,258.0,1008.6,570.0
2026-09-08 03:00:00,,26.4,87.0,1.0,15.3,246.0,1008.1,545.0
2026-09-08 04:00:00,11.7,27.8,81.0,0.1,17.2,255.0,1007.4,695.0
2026-09-08 05:00:00,8.9,28.0,80.0,0.1,13.5,261.0,1006.3,660.0
2026-09-08 06:00:00,,27.2,80.0,0.0,13.2,248.0,1006.0,560.0
2026-09-08 07:00:00,10.9,27.7,80.0,0.2,16.1,248.0,1005.9,730.0
2026-09-08 08:00:00,11.3,27.5,78.0,0.2,16.9,250.0,1005.4,710.0
2026-09-08 09:00:00,19.9,26.7,84.0,0.6,14.8,249.0,1005.7,610.0
2026-09-08 10:00:00,27.1,26.4,86.0,0.4,15.1,242.0,1006.3,560.0
2026-09-08 11:00:00,22.2,26.3,88.0,0.5,14.4,240.0,1006.8,495.0
2026-09-08 12:00:00,21.3,25.5,90.0,0.9,14.4,241.0,1007.2,450.0
2026-09-08 13:00:00,23.3,25.4,91.0,1.6,12.1,240.0,1007.8,400.0
2026-09-08 14:00:00,18.3,25.7,92.0,2.0,8.7,236.0,1007.8,325.0
2026-09-08 15:00:00,21.0,25.6,91.0,3.1,11.1,230.0,1007.6,365.0
2026-09-08 16:00:00,21.3,25.7,91.0,2.2,11.1,234.0,1007.2,375.0
2026-09-08 17:00:00,,25.6,90.0,1.4,13.4,237.0,1007.0,415.0
2026-09-08 18:00:00,11.4,26.4,86.0,0.5,15.2,231.0,1006.2,615.0
2026-09-08 19:00:00,,26.2,84.0,0.7,14.9,232.0,1005.7,565.0
2026-09-08 20:00:00,,26.1,83.0,0.8,17.1,232.0,1005.8,615.0
2026-09-08 21:00:00,20.5,25.6,86.0,0.9,17.8,237.0,1005.9,605.0
2026-09-08 22:00:00,29.9,25.1,89.0,0.2,13.5,240.0,1006.2,605.0
2026-09-08 23:00:00,13.8,24.5,94.0,5.1,8.1,225.0,1007.1,435.0
2026-09-09 00:00:00,20.2,25.0,94.0,4.4,6.6,223.0,1007.4,355.0
2026-09-09 01:00:00,22.1,25.2,93.0,1.8,6.2,232.0,1007.8,390.0
2026-09-09 02:00:00,16.9,26.1,88.0,0.7,7.2,243.0,1007.5,535.0
2026-09-09 03:00:00,,26.2,86.0,0.9,15.4,215.0,1007.1,730.0
2026-09-09 04:00:00,,26.6,81.0,0.8,17.0,239.0,1006.5,605.0
2026-09-09 05:00:00,,26.9,81.0,1.0,17.3,239.0,1005.8,635.0
2026-09-09 06:00:00,8.67,27.6,80.0,1.0,13.4,235.0,1004.6,555.0
2026-09-09 07:00:00,9.68,27.7,81.0,1.2,11.6,238.0,1004.8,735.0
2026-09-09 08:00:00,13.8,26.2,89.0,3.4,15.4,227.0,1004.5,595.0
2026-09-09 09:00:00,22.1,26.1,87.0,0.8,15.8,228.0,1004.9,555.0
2026-09-09 10:00:00,17.6,26.3,85.0,0.3,14.3,227.0,1005.5,570.0
2026-09-09 11:00:00,10.1,26.1,86.0,0.5,13.4,223.0,1006.4,560.0
2026-09-09 12:00:00,,26.5,85.0,0.5,11.5,236.0,1006.4,470.0
2026-09-09 13:00:00,,26.5,86.0,0.0,10.8,227.0,1007.0,510.0
2026-09-09 14:00:00,,25.8,87.0,0.1,10.3,213.0,1007.5,330.0
2026-09-09 15:00:00,16.1,25.2,91.0,0.3,11.1,217.0,1007.9,375.0
2026-09-09 16:00:00,,24.4,95.0,5.0,7.4,209.0,1007.6,455.0
2026-09-09 17:00:00,,24.9,93.0,2.3,8.5,216.0,1007.1,480.0
2026-09-09 18:00:00,,25.5,89.0,0.3,9.7,209.0,1006.6,525.0
2026-09-09 19:00:00,5.83,25.3,89.0,0.2,9.6,213.0,1006.4,465.0
2026-09-09 20:00:00,3.48,25.4,88.0,0.1,10.9,211.0,1006.2,495.0
2026-09-09 21:00:00,12.4,25.5,89.0,0.3,9.0,211.0,1006.3,465.0
2026-09-09 22:00:00,18.7,25.2,89.0,0.7,8.2,202.0,1006.7,340.0
2026-09-09 23:00:00,12.0,25.2,94.0,1.7,4.9,178.0,1007.3,275.0
2026-09-10 00:00:00,15.3,26.5,85.0,2.3,6.8,212.0,1007.5,465.0
2026-09-10 01:00:00,,26.5,85.0,0.2,5.4,194.0,1008.1,385.0
2026-09-10 02:00:00,13.5,27.8,80.0,0.1,4.8,193.0,1008.4,525.0
2026-09-10 03:00:00,19.6,28.7,76.0,0.0,3.1,190.0,1007.8,685.0
2026-09-10 04:00:00,23.2,29.1,76.0,0.0,2.6,245.0,1007.3,810.0
2026-09-10 05:00:00,,25.3,92.0,5.6,10.9,225.0,1006.9,310.0
2026-09-10 06:00:00,,27.1,84.0,2.3,11.6,233.0,1006.9,525.0
2026-09-10 07:00:00,13.3,26.6,86.0,2.3,10.8,226.0,1006.7,500.0
2026-09-10 08:00:00,,27.1,82.0,0.7,10.2,219.0,1006.8,660.0
2026-09-10 09:00:00,,26.0,89.0,1.9,11.2,206.0,1007.0,470.0
2026-09-10 10:00:00,,25.8,91.0,1.4,10.3,215.0,1007.9,475.0
2026-09-10 11:00:00,11.4,25.5,91.0,2.0,11.7,224.0,1008.3,430.0
2026-09-10 12:00:00,,26.2,89.0,0.5,8.5,226.0,1008.4,385.0
2026-09-10 13:00:00,,26.1,90.0,0.5,10.9,225.0,1009.3,415.0
2026-09-10 14:00:00,22.7,26.1,89.0,0.1,8.3,221.0,1010.1,410.0
2026-09-10 15:00:00,23.1,26.0,91.0,0.0,6.6,201.0,1010.0,285.0
2026-09-10 16:00:00,,26.0,92.0,0.0,5.8,210.0,1009.8,285.0
2026-09-10 17:00:00,,26.0,89.0,0.0,5.4,230.0,1009.3,190.0
2026-09-10 18:00:00,18.9,25.8,87.0,0.0,9.0,226.0,1009.2,450.0
2026-09-10 19:00:00,0.0,25.7,87.0,0.2,7.8,222.0,1009.1,420.0
2026-09-10 20:00:00,,25.7,89.0,0.2,4.7,238.0,1008.8,310.0
2026-09-10 21:00:00,4.53,25.6,90.0,0.0,4.8,225.0,1009.0,225.0
2026-09-10 22:00:00,,25.6,92.0,0.0,3.4,212.0,1009.2,50.0
2026-09-10 23:00:00,,26.0,90.0,0.0,2.3,198.0,1009.6,50.0
2026-09-11 00:00:00,,27.0,82.0,0.0,7.2,252.0,1010.4,525.0
2026-09-11 01:00:00,,27.6,79.0,0.1,5.5,253.0,1010.8,520.0
2026-09-11 02:00:00,,28.4,75.0,0.0,4.8,248.0,1010.7,625.0
2026-09-11 03:00:00,,29.1,73.0,0.0,4.1,255.0,1010.5,670.0
2026-09-11 04:00:00,,29.7,71.0,0.0,7.0,241.0,1010.2,710.0
2026-09-11 05:00:00,,29.8,67.0,0.0,9.4,246.0,1009.3,665.0
2026-09-11 06:00:00,26.9,28.7,74.0,0.0,7.3,254.0,1009.0,470.0
2026-09-11 07:00:00,,28.3,75.0,0.3,9.0,258.0,1008.6,450.0
2026-09-11 08:00:00,,27.6,77.0,0.4,5.6,272.0,1008.7,275.0
2026-09-11 09:00:00,,27.1,80.0,0.4,3.7,293.0,1008.6,200.0
2026-09-11 10:00:00,,26.8,82.0,0.1,2.6,12.0,1009.2,120.0
2026-09-11 11:00:00,,26.5,85.0,0.1,4.4,58.0,1009.7,90.0
2026-09-11 12:00:00,,27.0,80.0,0.1,1.4,50.0,1010.3,60.0
2026-09-11 13:00:00,,26.5,86.0,0.2,3.4,93.0,1010.9,85.0
2026-09-11 14:00:00,,26.1,89.0,0.0,4.0,129.0,1011.2,85.0
2026-09-11 15:00:00,,26.0,90.0,0.0,3.8,90.0,1011.3,85.0
2026-09-11 16:00:00,,25.9,89.0,0.0,2.9,83.0,1010.4,70.0
2026-09-11 17:00:00,,25.6,88.0,0.0,4.0,69.0,1010.0,70.0
2026-09-11 18:00:00,,25.6,89.0,0.0,1.1,72.0,1009.7,55.0
2026-09-11 19:00:00,,25.4,90.0,0.7,0.9,79.0,1009.4,30.0
2026-09-11 20:00:00,,25.0,95.0,0.2,2.6,78.0,1009.0,40.0
2026-09-11 21:00:00,,24.9,96.0,0.0,1.5,69.0,1009.1,35.0
2026-09-11 22:00:00,,25.0,96.0,0.0,1.8,354.0,1009.2,40.0
2026-09-11 23:00:00,,25.6,89.0,0.0,4.2,18.0,1010.0,135.0
2026-09-12 00:00:00,,26.6,83.0,0.0,3.1,36.0,1010.5,120.0
2026-09-12 01:00:00,,26.5,84.0,0.2,2.8,40.0,1011.2,115.0
2026-09-12 02:00:00,,27.1,81.0,0.1,2.3,18.0,1011.3,195.0
2026-09-12 03:00:00,,28.1,77.0,0.0,1.1,252.0,1011.3,285.0
2026-09-12 04:00:00,35.8,28.8,74.0,0.0,4.3,255.0,1010.7,395.0
2026-09-12 05:00:00,29.0,29.1,72.0,0.0,7.4,248.0,1009.6,440.0
2026-09-12 06:00:00,,29.8,71.0,0.0,7.5,255.0,1009.1,785.0
2026-09-12 07:00:00,,28.3,77.0,0.7,11.0,302.0,1008.9,580.0
2026-09-12 08:00:00,55.0,27.0,86.0,2.4,7.0,342.0,1008.7,310.0
2026-09-12 09:00:00,65.8,26.9,88.0,1.0,6.1,357.0,1009.1,275.0
2026-09-12 10:00:00,,26.7,89.0,0.1,5.0,358.0,1009.6,245.0
2026-09-12 11:00:00,71.2,26.7,90.0,0.0,5.8,355.0,1010.0,275.0
2026-09-12 12:00:00,57.7,27.0,88.0,0.0,7.4,357.0,1010.7,305.0
2026-09-12 13:00:00,27.4,26.7,90.0,0.0,6.1,358.0,1011.4,235.0
2026-09-12 14:00:00,25.3,26.4,91.0,0.0,6.2,345.0,1011.4,255.0
2026-09-12 15:00:00,22.5,26.2,90.0,0.0,6.6,339.0,1011.2,365.0
2026-09-12 16:00:00,20.4,26.0,90.0,0.0,7.3,335.0,1010.7,380.0
2026-09-12 17:00:00,20.8,25.7,91.0,0.0,8.1,354.0,1010.5,375.0
2026-09-12 18:00:00,21.1,25.4,88.0,0.0,10.2,346.0,1009.9,515.0
2026-09-12 19:00:00,21.0,25.1,90.0,0.0,10.7,347.0,1009.8,535.0
2026-09-12 20:00:00,11.7,25.0,91.0,0.0,9.6,348.0,1009.7,525.0
2026-09-12 21:00:00,18.1,25.0,91.0,0.0,9.5,346.0,1009.6,535.0
2026-09-12 22:00:00,22.0,24.9,91.0,0.0,8.8,359.0,1009.3,510.0
2026-09-12 23:00:00,,25.6,89.0,0.0,8.5,2.0,1009.5,620.0
2026-09-13 00:00:00,,27.2,82.0,0.1,9.4,8.0,1010.4,650.0
2026-09-13 01:00:00,11.9,28.3,78.0,0.0,10.5,353.0,1010.6,770.0
2026-09-13 02:00:00,14.0,29.4,72.0,0.0,12.5,353.0,1010.6,820.0
2026-09-13 03:00:00,18.8,29.9,70.0,0.1,13.1,351.0,1010.0,685.0
2026-09-13 04:00:00,,30.8,66.0,0.0,10.9,336.0,1009.0,775.0
2026-09-13 05:00:00,14.3,31.1,66.0,0.1,7.0,305.0,1008.1,1010.0
2026-09-13 06:00:00,17.6,31.4,66.0,0.8,9.0,283.0,1007.1,1080.0
2026-09-13 07:00:00,16.0,30.1,70.0,0.8,7.3,335.0,1007.2,615.0
2026-09-13 08:00:00,,29.2,74.0,0.6,8.0,10.0,1007.1,585.0
2026-09-13 09:00:00,11.4,27.7,82.0,0.6,8.0,121.0,1007.8,230.0
2026-09-13 10:00:00,19.6,26.8,88.0,0.2,6.4,162.0,1008.1,130.0
2026-09-13 11:00:00,20.8,26.4,91.0,0.1,3.7,166.0,1008.7,85.0
2026-09-13 12:00:00,,26.4,92.0,0.1,3.2,47.0,1009.9,185.0
2026-09-13 13:00:00,19.9,26.1,93.0,1.2,5.8,346.0,1010.2,200.0
2026-09-13 14:00:00,15.9,25.5,93.0,0.5,9.8,17.0,1010.8,265.0
2026-09-13 15:00:00,22.2,24.6,94.0,0.9,9.5,22.0,1010.7,230.0
2026-09-13 16:00:00,18.7,24.9,92.0,0.3,10.3,3.0,1009.8,300.0
2026-09-13 17:00:00,11.7,25.0,91.0,0.0,7.6,353.0,1008.5,285.0
2026-09-13 18:00:00,9.89,25.5,89.0,0.0,3.0,327.0,1008.6,100.0
2026-09-13 19:00:00,3.96,25.3,91.0,0.0,5.9,313.0,1008.0,135.0
2026-09-13 20:00:00,7.57,25.1,92.0,0.0,7.4,359.0,1008.2,200.0
2026-09-13 21:00:00,,24.9,94.0,0.0,5.0,325.0,1007.8,155.0
2026-09-13 22:00:00,21.5,25.0,93.0,0.0,6.6,344.0,1007.8,225.0
2026-09-13 23:00:00,26.8,25.4,91.0,0.0,4.8,345.0,1008.1,225.0
2026-09-14 00:00:00,11.7,27.4,85.0,0.0,3.4,18.0,1008.9,360.0
2026-09-14 01:00:00,22.8,28.7,80.0,0.0,1.9,338.0,1008.8,430.0
2026-09-14 02:00:00,22.2,29.8,75.0,0.0,3.7,284.0,1008.5,550.0
2026-09-14 03:00:00,26.0,30.3,70.0,0.0,5.4,272.0,1008.0,630.0
2026-09-14 04:00:00,27.0,30.3,74.0,0.0,7.9,258.0,1007.0,320.0
2026-09-14 05:00:00,24.2,30.3,76.0,0.0,9.5,256.0,1006.1,270.0
2026-09-14 06:00:00,22.5,31.0,69.0,0.0,9.9,254.0,1005.3,315.0
2026-09-14 07:00:00,19.7,30.9,66.0,0.0,9.8,238.0,1005.0,330.0
2026-09-14 08:00:00,17.0,30.7,71.0,0.1,7.5,226.0,1004.8,280.0
2026-09-14 09:00:00,26.0,30.0,74.0,0.1,9.3,172.0,1005.2,535.0
2026-09-14 10:00:00,30.2,29.0,80.0,0.0,4.8,155.0,1005.8,260.0
2026-09-14 11:00:00,32.9,27.8,85.0,0.6,7.6,95.0,1006.7,160.0
2026-09-14 12:00:00,,28.9,80.0,0.3,5.4,56.0,1007.1,120.0
2026-09-14 13:00:00,42.6,28.1,85.0,0.0,6.1,56.0,1007.5,110.0
2026-09-14 14:00:00,34.7,27.9,84.0,0.0,5.2,70.0,1007.6,85.0
2026-09-14 15:00:00,27.8,27.8,83.0,0.0,4.8,65.0,1007.6,110.0
2026-09-14 16:00:00,28.2,27.6,84.0,0.0,1.8,37.0,1007.2,80.0
2026-09-14 17:00:00,28.5,27.2,86.0,0.0,3.9,294.0,1007.0,100.0
2026-09-14 18:00:00,25.2,26.2,94.0,0.0,6.2,319.0,1006.7,150.0
2026-09-14 19:00:00,22.6,25.8,95.0,0.0,5.3,348.0,1006.4,125.0
2026-09-14 20:00:00,29.8,25.7,94.0,0.0,2.2,351.0,1006.2,115.0
2026-09-14 21:00:00,20.5,25.7,93.0,0.0,2.2,76.0,1006.5,115.0
2026-09-14 22:00:00,28.2,25.8,93.0,0.0,2.3,129.0,1006.8,110.0
2026-09-14 23:00:00,29.6,26.8,88.0,0.0,2.7,176.0,1007.4,175.0
2026-09-15 00:00:00,28.0,28.7,83.0,0.0,3.1,211.0,1007.9,305.0
2026-09-15 01:00:00,,29.4,77.0,0.1,4.6,198.0,1008.3,615.0
2026-09-15 02:00:00,33.2,29.7,76.0,0.3,4.3,204.0,1008.4,625.0
2026-09-15 03:00:00,,29.6,75.0,0.3,6.1,240.0,1008.1,620.0
2026-09-15 04:00:00,32.7,28.7,81.0,0.5,4.1,326.0,1007.6,420.0
2026-09-15 05:00:00,25.5,29.5,78.0,0.8,1.6,243.0,1006.8,645.0
2026-09-15 06:00:00,,30.6,72.0,0.3,2.5,184.0,1006.2,825.0
2026-09-15 07:00:00,21.6,30.3,74.0,0.6,3.1,173.0,1005.8,745.0
2026-09-15 08:00:00,,29.7,77.0,0.4,3.5,145.0,1005.7,540.0
2026-09-15 09:00:00,22.3,29.1,78.0,0.1,4.8,143.0,1006.0,350.0
2026-09-15 10:00:00,22.8,28.1,82.0,0.2,3.9,114.0,1006.4,205.0
2026-09-15 11:00:00,25.6,27.0,88.0,0.7,9.2,173.0,1006.9,135.0
2026-09-15 12:00:00,26.9,28.1,84.0,0.1,4.0,10.0,1007.7,215.0
2026-09-15 13:00:00,39.3,27.3,89.0,0.0,2.9,338.0,1007.7,125.0
2026-09-15 14:00:00,,26.9,93.0,0.0,2.8,342.0,1007.4,90.0
2026-09-15 15:00:00,34.0,26.8,93.0,0.0,1.9,151.0,1007.3,75.0
2026-09-15 16:00:00,24.2,26.8,93.0,0.0,2.4,189.0,1006.9,120.0
2026-09-15 17:00:00,20.4,26.8,93.0,0.0,2.4,261.0,1006.8,55.0
2026-09-15 18:00:00,19.6,26.4,90.0,0.0,1.0,292.0,1006.5,20.0
2026-09-15 19:00:00,24.4,26.3,92.0,0.0,2.4,283.0,1006.4,125.0
2026-09-15 20:00:00,32.4,26.2,93.0,0.0,2.4,287.0,1006.3,175.0
2026-09-15 21:00:00,30.1,26.2,94.0,0.0,2.3,331.0,1006.6,140.0
2026-09-15 22:00:00,37.9,26.2,94.0,0.0,2.9,360.0,1006.8,155.0
2026-09-15 23:00:00,,26.5,91.0,0.0,3.8,19.0,1007.1,225.0
2026-09-16 00:00:00,14.8,28.2,86.0,0.0,1.3,254.0,1008.2,305.0
2026-09-16 01:00:00,,28.6,84.0,0.1,4.1,165.0,1008.2,475.0
2026-09-16 02:00:00,31.5,29.0,80.0,0.2,4.0,148.0,1007.7,465.0
2026-09-16 03:00:00,,29.5,75.0,0.1,5.0,150.0,1007.4,495.0
2026-09-16 04:00:00,30.2,29.8,73.0,0.1,4.7,152.0,1006.6,480.0
2026-09-16 05:00:00,,29.5,71.0,0.0,6.5,146.0,1005.7,400.0
2026-09-16 06:00:00,32.3,30.3,71.0,2.1,4.0,238.0,1005.3,325.0
2026-09-16 07:00:00,,28.3,83.0,3.1,3.9,77.0,1005.7,405.0
2026-09-16 08:00:00,27.3,27.5,86.0,1.3,6.2,147.0,1005.6,405.0
2026-09-16 09:00:00,15.9,27.3,85.0,0.5,6.5,134.0,1005.8,300.0
2026-09-16 10:00:00,20.6,25.7,92.0,7.8,3.2,43.0,1007.2,95.0
2026-09-16 11:00:00,33.5,25.7,95.0,2.1,6.2,188.0,1007.7,170.0
2026-09-16 12:00:00,13.9,26.1,94.0,1.2,8.3,1.0,1007.6,205.0
2026-09-16 13:00:00,17.3,26.2,91.0,0.0,7.3,349.0,1008.0,200.0
2026-09-16 14:00:00,19.4,26.3,91.0,0.0,6.5,347.0,1008.3,200.0
2026-09-16 15:00:00,21.5,26.2,92.0,0.0,3.6,354.0,1008.1,175.0
2026-09-16 16:00:00,14.4,26.1,93.0,0.0,2.0,63.0,1007.7,140.0
2026-09-16 17:00:00,15.9,26.0,95.0,0.0,2.9,22.0,1006.6,130.0
2026-09-16 18:00:00,17.9,25.2,93.0,0.0,7.6,357.0,1007.0,260.0
2026-09-16 19:00:00,21.5,24.8,94.0,0.0,9.1,38.0,1007.1,245.0
2026-09-16 20:00:00,,24.7,93.0,0.0,3.0,57.0,1006.4,90.0
2026-09-16 21:00:00,,24.9,91.0,0.0,2.4,13.0,1006.0,65.0
2026-09-16 22:00:00,,25.0,91.0,0.0,3.1,31.0,1006.6,90.0
2026-09-16 23:00:00,,25.4,88.0,0.0,2.4,9.0,1006.9,155.0
2026-09-17 00:00:00,31.6,27.5,84.0,0.0,1.6,6.0,1007.5,300.0
2026-09-17 01:00:00,,28.6,80.0,0.0,2.0,297.0,1007.5,495.0
2026-09-17 02:00:00,31.9,29.3,77.0,0.0,1.8,276.0,1007.2,650.0
2026-09-17 03:00:00,,29.7,76.0,0.1,3.2,232.0,1007.0,735.0
2026-09-17 04:00:00,,29.0,79.0,0.3,2.8,325.0,1006.4,530.0
2026-09-17 05:00:00,,27.2,90.0,2.1,4.0,360.0,1005.9,265.0
2026-09-17 06:00:00,,27.2,90.0,4.3,3.9,137.0,1005.7,355.0
2026-09-17 07:00:00,19.0,27.4,90.0,2.4,3.8,93.0,1006.1,415.0
2026-09-17 08:00:00,19.3,27.4,88.0,1.1,3.1,230.0,1005.9,290.0
2026-09-17 09:00:00,26.8,26.5,90.0,2.5,5.2,90.0,1006.5,310.0
2026-09-17 10:00:00,24.4,26.0,94.0,2.6,6.6,74.0,1007.2,230.0
2026-09-17 11:00:00,,26.0,95.0,1.3,3.1,62.0,1007.6,125.0
2026-09-17 12:00:00,,25.5,94.0,0.4,4.1,45.0,1008.0,100.0
2026-09-17 13:00:00,23.7,25.3,94.0,0.0,5.2,14.0,1008.6,105.0
2026-09-17 14:00:00,19.4,25.4,93.0,0.1,4.7,4.0,1009.0,105.0
2026-09-17 15:00:00,,25.5,93.0,0.1,4.8,347.0,1008.7,125.0
2026-09-17 16:00:00,,25.7,94.0,0.6,3.9,317.0,1008.3,145.0
2026-09-17 17:00:00,17.3,25.8,95.0,0.5,3.3,354.0,1007.8,155.0
2026-09-17 18:00:00,20.3,25.2,95.0,0.1,5.7,13.0,1007.9,215.0
2026-09-17 19:00:00,18.6,25.2,95.0,0.0,2.4,9.0,1007.8,110.0
2026-09-17 20:00:00,23.9,25.4,94.0,0.2,1.9,119.0,1007.8,140.0
2026-09-17 21:00:00,24.1,25.8,93.0,0.1,6.2,165.0,1007.6,330.0
2026-09-17 22:00:00,20.9,25.8,93.0,0.0,4.3,112.0,1007.3,220.0
2026-09-17 23:00:00,7.96,26.4,89.0,0.0,2.7,82.0,1008.1,255.0
2026-09-18 00:00:00,25.6,27.6,87.0,0.0,1.2,51.0,1008.8,335.0
2026-09-18 01:00:00,24.5,28.9,80.0,0.1,2.0,100.0,1009.1,510.0
2026-09-18 02:00:00,19.1,29.9,77.0,0.1,2.8,72.0,1009.4,810.0
2026-09-18 03:00:00,16.8,29.9,76.0,0.1,0.6,252.0,1009.2,665.0
2026-09-18 04:00:00,,28.9,83.0,0.2,5.0,285.0,1008.5,420.0
2026-09-18 05:00:00,16.6,29.0,85.0,0.4,6.5,19.0,1008.0,345.0
2026-09-18 06:00:00,16.5,28.4,81.0,0.4,6.1,118.0,1008.0,540.0
2026-09-18 07:00:00,15.6,29.2,79.0,0.9,2.4,117.0,1007.7,760.0
2026-09-18 08:00:00,16.7,28.7,80.0,0.6,3.4,198.0,1008.0,615.0
2026-09-18 09:00:00,36.3,27.5,86.0,1.4,7.2,177.0,1008.0,390.0
2026-09-18 10:00:00,24.8,27.2,88.0,0.2,5.9,169.0,1008.6,265.0
2026-09-18 11:00:00,,27.3,89.0,0.0,4.9,144.0,1009.3,325.0
2026-09-18 12:00:00,26.2,27.6,88.0,0.0,5.7,139.0,1009.5,345.0
2026-09-18 13:00:00,,27.5,88.0,0.0,6.3,145.0,1010.0,345.0
2026-09-18 14:00:00,40.5,27.5,88.0,0.0,3.5,102.0,1010.2,230.0
2026-09-18 15:00:00,22.0,27.2,90.0,0.0,5.0,26.0,1010.5,160.0
2026-09-18 16:00:00,21.4,26.3,94.0,0.0,8.0,14.0,1010.2,185.0
2026-09-18 17:00:00,18.2,25.7,94.0,0.0,8.2,8.0,1009.7,170.0
2026-09-18 18:00:00,22.4,25.7,93.0,0.0,5.6,343.0,1009.6,165.0
2026-09-18 19:00:00,15.2,25.4,95.0,0.0,5.7,347.0,1009.3,155.0
2026-09-18 20:00:00,18.7,25.4,96.0,0.0,3.8,357.0,1009.0,120.0
2026-09-18 21:00:00,16.8,25.3,97.0,0.0,2.6,25.0,1009.3,100.0
2026-09-18 22:00:00,17.2,25.4,96.0,0.0,1.5,14.0,1009.5,85.0
2026-09-18 23:00:00,20.9,26.2,91.0,0.0,0.5,270.0,1010.3,140.0
2026-09-19 00:00:00,13.5,27.3,90.0,0.0,1.1,90.0,1010.8,210.0
2026-09-19 01:00:00,12.7,29.0,82.0,0.0,3.2,142.0,1011.1,525.0
2026-09-19 02:00:00,,30.3,75.0,0.0,3.2,133.0,1011.0,765.0
2026-09-19 03:00:00,,31.1,73.0,0.0,3.2,183.0,1010.6,940.0
2026-09-19 04:00:00,,31.3,72.0,0.1,5.9,215.0,1010.1,990.0
2026-09-19 05:00:00,,31.3,72.0,0.1,2.2,261.0,1009.6,1040.0
2026-09-19 06:00:00,,28.8,78.0,3.3,7.7,286.0,1009.5,410.0
2026-09-19 07:00:00,18.3,27.9,84.0,1.9,2.6,106.0,1010.0,305.0
2026-09-19 08:00:00,18.9,28.1,84.0,0.8,3.5,111.0,1009.9,285.0
2026-09-19 09:00:00,26.3,27.8,85.0,0.5,4.4,125.0,1009.9,275.0
2026-09-19 10:00:00,24.4,27.7,84.0,0.1,0.6,18.0,1010.7,215.0
2026-09-19 11:00:00,,26.6,93.0,1.1,6.5,44.0,1011.3,150.0
2026-09-19 12:00:00,,27.7,90.0,0.4,3.3,6.0,1011.6,140.0
2026-09-19 13:00:00,33.8,26.5,96.0,1.7,8.3,34.0,1012.6,165.0
2026-09-19 14:00:00,29.4,26.0,95.0,0.8,6.4,22.0,1012.6,135.0
2026-09-19 15:00:00,27.2,25.8,95.0,0.2,4.3,360.0,1012.5,90.0
2026-09-19 16:00:00,28.8,25.5,96.0,0.1,6.0,353.0,1012.1,100.0
2026-09-19 17:00:00,26.2,25.3,96.0,0.0,6.9,340.0,1011.3,145.0
2026-09-19 18:00:00,23.0,25.6,98.0,0.0,5.8,5.0,1011.0,150.0
2026-09-19 19:00:00,22.5,25.3,97.0,0.0,5.4,2.0,1011.0,150.0
2026-09-19 20:00:00,21.8,25.2,96.0,0.0,4.6,13.0,1010.8,120.0
2026-09-19 21:00:00,22.7,25.1,96.0,0.0,4.1,23.0,1010.7,110.0
2026-09-19 22:00:00,23.1,25.2,95.0,0.0,3.4,360.0,1010.9,120.0
2026-09-19 23:00:00,23.6,25.7,95.0,0.0,3.0,25.0,1011.4,125.0
2026-09-20 00:00:00,27.7,26.9,90.0,0.0,0.4,360.0,1012.1,180.0
2026-09-20 01:00:00,33.2,28.7,81.0,0.0,1.0,315.0,1012.3,345.0
2026-09-20 02:00:00,,29.7,76.0,0.0,2.6,282.0,1012.1,545.0
2026-09-20 03:00:00,23.4,30.3,72.0,0.0,5.2,268.0,1011.5,660.0
2026-09-20 04:00:00,14.7,30.7,70.0,0.0,6.7,270.0,1010.6,760.0
2026-09-20 05:00:00,18.7,31.3,64.0,0.0,7.2,271.0,1009.4,865.0
2026-09-20 06:00:00,,31.1,61.0,0.0,9.6,254.0,1009.0,550.0
2026-09-20 07:00:00,21.4,30.8,67.0,0.2,12.3,236.0,1008.9,710.0
2026-09-20 08:00:00,19.0,30.3,71.0,0.0,12.5,233.0,1008.9,680.0
2026-09-20 09:00:00,13.8,29.7,74.0,0.0,11.8,231.0,1008.8,575.0
2026-09-20 10:00:00,21.8,29.1,78.0,0.0,8.1,266.0,1009.1,585.0
2026-09-20 11:00:00,16.9,28.6,81.0,0.1,6.9,315.0,1009.5,295.0
2026-09-20 12:00:00,19.0,28.7,83.0,0.0,3.9,323.0,1010.5,185.0
2026-09-20 13:00:00,17.7,28.3,87.0,0.0,4.6,347.0,1010.8,170.0
2026-09-20 14:00:00,11.2,27.9,89.0,0.0,4.5,358.0,1010.7,140.0
2026-09-20 15:00:00,8.35,27.6,91.0,0.0,3.5,351.0,1010.7,105.0
2026-09-20 16:00:00,13.6,27.3,93.0,0.0,3.1,339.0,1010.1,95.0
2026-09-20 17:00:00,15.8,27.0,94.0,0.0,2.5,330.0,1009.4,90.0
2026-09-20 18:00:00,17.7,26.5,86.0,0.0,2.1,329.0,1009.3,95.0
2026-09-20 19:00:00,4.65,25.5,93.0,1.3,3.4,25.0,1009.1,115.0
2026-09-20 20:00:00,12.7,24.9,97.0,0.8,4.0,39.0,1008.8,105.0
2026-09-20 21:00:00,18.6,23.8,98.0,3.8,10.3,36.0,1008.9,125.0
2026-09-20 22:00:00,22.6,23.5,98.0,0.8,8.1,59.0,1009.2,90.0
2026-09-20 23:00:00,20.3,24.6,95.0,0.1,5.2,61.0,1009.6,85.0
2026-09-21 00:00:00,30.3,25.0,92.0,0.0,4.8,149.0,1010.6,190.0
2026-09-21 01:00:00,23.3,25.6,85.0,2.3,3.8,197.0,1010.7,210.0
2026-09-21 02:00:00,20.4,27.4,78.0,0.2,4.2,173.0,1010.3,360.0
2026-09-21 03:00:00,20.4,28.6,77.0,0.1,3.1,225.0,1009.8,445.0
2026-09-21 04:00:00,18.8,29.4,75.0,0.0,6.8,259.0,1009.1,530.0
2026-09-21 05:00:00,16.5,29.3,76.0,0.0,7.6,255.0,1008.1,420.0
2026-09-21 06:00:00,13.1,30.8,70.0,0.0,11.8,239.0,1006.7,855.0
2026-09-21 07:00:00,13.8,30.1,71.0,0.1,14.2,244.0,1006.5,660.0
2026-09-21 08:00:00,15.0,29.0,77.0,1.4,9.3,238.0,1006.6,530.0
2026-09-21 09:00:00,18.9,27.7,83.0,0.8,6.7,262.0,1007.2,350.0
2026-09-21 10:00:00,18.6,26.9,86.0,0.7,1.2,27.0,1007.9,40.0
2026-09-21 11:00:00,18.7,26.6,89.0,0.1,8.6,16.0,1008.3,305.0
2026-09-21 12:00:00,15.2,26.5,93.0,0.0,2.3,51.0,1008.9,90.0
2026-09-21 13:00:00,13.8,26.5,93.0,0.1,5.4,53.0,1009.4,100.0
2026-09-21 14:00:00,19.2,26.6,94.0,0.0,2.3,29.0,1009.8,65.0
2026-09-21 15:00:00,9.01,26.6,94.0,0.0,5.1,356.0,1009.9,135.0
2026-09-21 16:00:00,,26.4,95.0,0.0,6.6,344.0,1009.4,185.0
2026-09-21 17:00:00,14.2,26.2,93.0,0.0,6.1,341.0,1008.9,175.0
2026-09-21 18:00:00,13.9,25.7,90.0,0.0,5.0,21.0,1008.3,130.0
2026-09-21 19:00:00,13.2,24.0,98.0,3.8,8.1,90.0,1008.6,120.0
2026-09-21 20:00:00,,24.3,97.0,0.8,5.6,92.0,1008.1,95.0
2026-09-21 21:00:00,16.0,24.5,97.0,0.5,5.4,94.0,1008.1,75.0
2026-09-21 22:00:00,21.8,24.8,96.0,0.1,1.7,108.0,1008.6,60.0
2026-09-21 23:00:00,22.2,25.6,90.0,0.0,3.2,109.0,1008.8,115.0
2026-09-22 00:00:00,20.0,27.4,84.0,0.0,1.8,101.0,1009.8,275.0
2026-09-22 01:00:00,25.2,28.8,79.0,0.0,1.8,90.0,1010.3,420.0
2026-09-22 02:00:00,33.4,30.0,73.0,0.0,0.9,233.0,1010.0,660.0
2026-09-22 03:00:00,,30.8,71.0,0.1,2.9,248.0,1009.6,875.0
2026-09-22 04:00:00,30.4,31.1,69.0,0.1,8.3,257.0,1008.7,880.0
2026-09-22 05:00:00,27.1,31.3,67.0,0.1,11.5,270.0,1007.9,860.0
2026-09-22 06:00:00,12.0,28.9,76.0,2.0,4.3,248.0,1007.9,515.0
2026-09-22 07:00:00,12.7,29.3,73.0,0.4,4.0,270.0,1007.5,570.0
2026-09-22 08:00:00,17.3,29.0,74.0,0.1,5.2,221.0,1007.1,530.0
2026-09-22 09:00:00,21.9,28.0,79.0,0.3,5.2,214.0,1007.5,150.0
2026-09-22 10:00:00,25.2,26.6,90.0,2.3,2.9,184.0,1008.4,95.0
2026-09-22 11:00:00,21.9,26.2,90.0,2.2,2.4,99.0,1009.8,80.0
2026-09-22 12:00:00,19.5,25.2,95.0,2.4,10.7,12.0,1010.6,240.0
2026-09-22 13:00:00,19.9,24.9,95.0,1.5,6.0,61.0,1011.2,145.0
2026-09-22 14:00:00,28.7,24.1,98.0,2.9,10.6,66.0,1011.8,160.0
2026-09-22 15:00:00,28.0,24.5,96.0,0.7,3.7,67.0,1011.7,85.0
2026-09-22 16:00:00,20.3,24.4,96.0,0.3,5.6,29.0,1011.2,95.0
2026-09-22 17:00:00,23.4,24.6,95.0,0.0,3.2,52.0,1010.4,75.0
2026-09-22 18:00:00,20.9,25.1,95.0,0.0,3.6,117.0,1009.5,75.0
2026-09-22 19:00:00,15.4,25.3,92.0,0.0,0.8,63.0,1009.5,40.0
2026-09-22 20:00:00,13.5,25.1,93.0,0.0,3.5,55.0,1009.0,60.0
2026-09-22 21:00:00,,24.9,95.0,0.0,4.0,51.0,1009.1,50.0
2026-09-22 22:00:00,22.5,24.9,94.0,0.0,3.3,54.0,1009.4,40.0
2026-09-22 23:00:00,,25.7,93.0,0.0,2.2,76.0,1010.1,60.0
2026-09-23 00:00:00,23.3,28.0,75.0,0.0,1.3,135.0,1010.6,315.0
2026-09-23 01:00:00,28.4,29.1,74.0,0.0,1.0,239.0,1011.1,525.0
2026-09-23 02:00:00,30.9,30.1,72.0,0.0,1.6,264.0,1011.0,670.0
2026-09-23 03:00:00,26.3,30.8,70.0,0.0,3.8,267.0,1010.6,820.0
2026-09-23 04:00:00,,31.1,69.0,0.1,7.5,262.0,1009.6,870.0
2026-09-23 05:00:00,,31.3,69.0,0.0,8.5,268.0,1008.6,955.0
2026-09-23 06:00:00,21.7,29.2,78.0,2.9,1.8,307.0,1008.6,580.0
2026-09-23 07:00:00,,29.9,74.0,0.2,4.9,231.0,1008.0,680.0
2026-09-23 08:00:00,22.9,30.0,74.0,0.1,4.5,247.0,1007.9,720.0
2026-09-23 09:00:00,,29.5,76.0,0.2,3.9,248.0,1008.6,565.0
2026-09-23 10:00:00,23.4,25.5,94.0,14.8,2.8,288.0,1010.2,35.0
2026-09-23 11:00:00,31.1,25.5,94.0,5.7,4.7,81.0,1010.4,110.0
2026-09-23 12:00:00,27.9,26.2,88.0,2.4,8.2,100.0,1010.9,150.0
2026-09-23 13:00:00,25.6,26.3,86.0,0.0,6.5,93.0,1011.2,115.0
2026-09-23 14:00:00,24.8,26.4,86.0,0.0,4.0,111.0,1011.5,95.0
2026-09-23 15:00:00,29.5,26.6,85.0,0.0,1.8,66.0,1011.3,55.0
2026-09-23 16:00:00,27.1,26.3,87.0,0.0,3.6,6.0,1010.9,65.0
2026-09-23 17:00:00,29.8,26.0,89.0,0.0,4.2,5.0,1010.3,85.0
2026-09-23 18:00:00,25.9,25.9,90.0,0.0,3.8,17.0,1009.9,80.0
2026-09-23 19:00:00,23.9,25.6,92.0,0.0,4.1,23.0,1009.8,105.0
2026-09-23 20:00:00,33.9,25.2,94.0,0.0,4.4,21.0,1009.4,100.0
2026-09-23 21:00:00,29.3,25.0,94.0,0.0,4.3,22.0,1009.7,85.0
2026-09-23 22:00:00,26.2,25.0,92.0,0.0,4.0,32.0,1010.1,75.0
2026-09-23 23:00:00,30.9,25.6,90.0,0.0,3.2,27.0,1010.7,85.0
2026-09-24 00:00:00,,27.3,86.0,0.0,3.1,357.0,1011.3,160.0
2026-09-24 01:00:00,46.8,29.0,78.0,0.0,1.5,353.0,1011.8,335.0
2026-09-24 02:00:00,,30.1,73.0,0.0,2.2,294.0,1011.6,710.0
2026-09-24 03:00:00,,30.7,70.0,0.0,6.5,267.0,1010.8,840.0
2026-09-24 04:00:00,,30.6,70.0,0.0,9.5,272.0,1009.9,730.0
2026-09-24 05:00:00,,30.3,69.0,0.0,10.6,274.0,1008.8,425.0
2026-09-24 06:00:00,,30.2,71.0,0.0,5.6,315.0,1008.3,720.0
2026-09-24 07:00:00,,30.1,71.0,0.3,3.3,347.0,1007.9,710.0
2026-09-24 08:00:00,26.1,30.0,73.0,0.1,5.8,5.0,1008.0,725.0
2026-09-24 09:00:00,31.4,28.6,78.0,1.5,0.9,349.0,1008.4,540.0
2026-09-24 10:00:00,52.0,28.4,78.0,0.3,2.4,207.0,1009.1,460.0
2026-09-24 11:00:00,58.8,27.8,82.0,0.1,2.2,156.0,1009.7,150.0
2026-09-24 12:00:00,26.0,26.2,91.0,0.0,6.6,47.0,1010.6,185.0
2026-09-24 13:00:00,15.2,26.0,92.0,0.4,6.8,58.0,1011.2,160.0
2026-09-24 14:00:00,15.6,26.2,91.0,0.0,4.7,58.0,1011.0,130.0
2026-09-24 15:00:00,19.4,26.3,90.0,0.0,3.7,104.0,1010.8,95.0
2026-09-24 16:00:00,24.6,26.1,90.0,0.0,3.5,118.0,1010.3,75.0
2026-09-24 17:00:00,27.2,25.9,92.0,0.0,3.1,114.0,1009.8,60.0
2026-09-24 18:00:00,20.4,26.0,89.0,0.0,3.1,24.0,1009.7,65.0
2026-09-24 19:00:00,,25.6,93.0,0.0,4.9,10.0,1009.4,90.0
2026-09-24 20:00:00,,25.5,95.0,0.0,3.3,354.0,1009.3,75.0
2026-09-24 21:00:00,25.2,25.3,96.0,0.0,3.1,40.0,1009.5,65.0
2026-09-24 22:00:00,30.2,25.1,97.0,0.0,3.6,49.0,1009.7,55.0
2026-09-24 23:00:00,28.6,25.9,91.0,0.0,3.0,33.0,1010.3,95.0
2026-09-25 00:00:00,37.4,28.3,79.0,0.0,1.5,45.0,1010.9,250.0
2026-09-25 01:00:00,31.7,29.7,74.0,0.0,1.1,180.0,1011.0,585.0
2026-09-25 02:00:00,,30.9,65.0,0.1,2.2,204.0,1010.9,860.0
2026-09-25 03:00:00,,31.6,61.0,0.1,3.3,234.0,1010.3,965.0
2026-09-25 04:00:00,,31.7,62.0,0.1,5.7,235.0,1009.6,1000.0
2026-09-25 05:00:00,30.8,31.7,63.0,0.0,4.7,227.0,1008.8,1030.0
2026-09-25 06:00:00,11.8,31.8,65.0,0.0,3.8,287.0,1008.2,1065.0
2026-09-25 07:00:00,11.9,31.1,63.0,0.4,4.2,301.0,1007.7,790.0
2026-09-25 08:00:00,11.4,30.6,66.0,0.0,4.2,280.0,1008.1,600.0
2026-09-25 09:00:00,,30.1,69.0,0.0,1.8,233.0,1008.4,540.0
2026-09-25 10:00:00,21.9,28.6,74.0,0.3,3.0,218.0,1009.5,110.0
2026-09-25 11:00:00,23.7,26.9,85.0,1.7,6.2,338.0,1009.9,160.0
2026-09-25 12:00:00,25.8,27.7,84.0,0.3,5.8,64.0,1010.2,150.0
2026-09-25 13:00:00,34.9,27.4,85.0,0.0,4.0,60.0,1010.3,80.0
2026-09-25 14:00:00,32.2,27.4,85.0,0.0,1.5,21.0,1010.3,65.0
2026-09-25 15:00:00,28.1,27.3,84.0,0.0,2.0,360.0,1010.2,70.0
2026-09-25 16:00:00,23.7,26.9,89.0,0.0,4.7,16.0,1009.9,80.0
2026-09-25 17:00:00,,26.5,91.0,0.0,5.2,25.0,1009.2,85.0
2026-09-25 18:00:00,11.9,26.4,88.0,0.0,3.9,13.0,1009.0,65.0
2026-09-25 19:00:00,7.1,25.8,92.0,0.0,4.5,2.0,1009.1,60.0
2026-09-25 20:00:00,11.6,25.6,94.0,0.0,5.1,6.0,1009.0,65.0
2026-09-25 21:00:00,15.7,25.3,94.0,0.0,4.4,7.0,1009.2,60.0
2026-09-25 22:00:00,16.3,25.3,93.0,0.0,4.4,21.0,1009.6,60.0
2026-09-25 23:00:00,22.0,26.0,88.0,0.0,3.4,18.0,1009.9,75.0
2026-09-26 00:00:00,28.1,28.3,75.0,0.0,1.9,56.0,1010.8,210.0
2026-09-26 01:00:00,28.3,29.9,69.0,0.0,1.0,158.0,1011.0,605.0
2026-09-26 02:00:00,38.9,30.9,66.0,0.0,2.7,238.0,1010.9,830.0
2026-09-26 03:00:00,27.6,31.4,63.0,0.0,4.2,265.0,1010.4,895.0
2026-09-26 04:00:00,28.6,31.9,61.0,0.1,5.6,272.0,1009.6,945.0
2026-09-26 05:00:00,28.3,32.2,59.0,0.2,9.6,258.0,1008.4,1020.0
2026-09-26 06:00:00,30.4,31.5,63.0,0.1,9.9,224.0,1007.9,765.0
2026-09-26 07:00:00,27.0,31.9,58.0,0.0,9.8,221.0,1007.6,975.0
2026-09-26 08:00:00,32.5,31.2,61.0,0.0,13.2,230.0,1007.5,890.0
2026-09-26 09:00:00,29.3,30.1,68.0,0.0,11.2,208.0,1007.7,690.0
2026-09-26 10:00:00,24.6,28.9,78.0,0.0,8.5,181.0,1008.2,425.0
2026-09-26 11:00:00,24.0,28.7,81.0,0.0,6.1,168.0,1009.0,270.0
2026-09-26 12:00:00,29.1,30.3,64.0,0.1,3.1,291.0,1009.5,805.0
2026-09-26 13:00:00,23.1,29.7,68.0,0.0,3.5,9.0,1010.1,290.0
2026-09-26 14:00:00,22.9,29.2,73.0,0.0,4.5,29.0,1010.1,220.0
2026-09-26 15:00:00,28.3,28.7,77.0,0.0,3.8,17.0,1009.9,160.0
2026-09-26 16:00:00,31.2,28.4,80.0,0.0,3.8,11.0,1009.2,150.0
2026-09-26 17:00:00,33.2,28.0,83.0,0.0,3.8,8.0,1008.5,135.0
2026-09-26 18:00:00,30.2,27.1,86.0,0.0,4.9,356.0,1008.5,140.0
2026-09-26 19:00:00,31.4,26.7,90.0,0.1,4.6,329.0,1008.5,140.0
2026-09-26 20:00:00,31.6,26.5,91.0,0.0,4.9,336.0,1008.5,155.0
2026-09-26 21:00:00,32.3,25.9,93.0,0.0,4.1,358.0,1008.7,155.0
2026-09-26 22:00:00,33.8,25.5,93.0,0.0,4.6,18.0,1008.8,135.0
2026-09-26 23:00:00,30.5,26.1,88.0,0.0,3.4,25.0,1009.7,125.0
2026-09-27 00:00:00,30.0,28.9,74.0,0.0,0.7,194.0,1010.3,310.0
2026-09-27 01:00:00,32.3,30.6,65.0,0.0,2.9,281.0,1010.3,690.0
2026-09-27 02:00:00,56.2,31.8,59.0,0.0,5.1,288.0,1010.1,915.0
2026-09-27 03:00:00,69.6,32.5,57.0,0.0,6.9,279.0,1009.4,1115.0
2026-09-27 04:00:00,38.8,32.7,56.0,0.0,8.7,266.0,1008.5,1085.0
2026-09-27 05:00:00,36.0,33.3,52.0,0.0,9.2,259.0,1007.5,1115.0
2026-09-27 06:00:00,36.9,33.3,50.0,0.0,10.5,262.0,1006.8,1000.0
2026-09-27 07:00:00,34.6,32.7,52.0,0.0,12.0,249.0,1006.6,735.0
2026-09-27 08:00:00,33.7,32.0,57.0,0.0,10.7,240.0,1006.4,630.0
2026-09-27 09:00:00,20.6,31.3,62.0,0.1,10.7,237.0,1006.9,675.0
2026-09-27 10:00:00,21.5,29.2,71.0,0.9,5.2,243.0,1008.0,285.0
2026-09-27 11:00:00,25.9,28.3,75.0,0.7,5.5,27.0,1008.6,120.0
2026-09-27 12:00:00,20.5,30.3,65.0,0.1,2.2,90.0,1009.2,620.0
2026-09-27 13:00:00,,29.9,69.0,0.0,5.5,122.0,1009.9,620.0
2026-09-27 14:00:00,20.4,29.0,72.0,0.2,5.1,126.0,1010.2,415.0
2026-09-27 15:00:00,15.3,28.7,75.0,0.8,3.7,133.0,1010.0,225.0
2026-09-27 16:00:00,15.2,28.8,75.0,0.0,3.1,114.0,1009.7,165.0
2026-09-27 17:00:00,13.5,28.6,75.0,0.1,1.7,302.0,1009.4,210.0
2026-09-27 18:00:00,22.0,28.8,74.0,0.0,2.6,309.0,1009.3,340.0
2026-09-27 19:00:00,,28.5,75.0,0.0,3.5,351.0,1009.3,310.0
2026-09-27 20:00:00,26.5,28.2,77.0,0.0,4.6,347.0,1009.4,270.0
2026-09-27 21:00:00,29.3,27.8,81.0,0.0,5.4,360.0,1009.6,230.0
2026-09-27 22:00:00,33.0,27.1,84.0,0.0,6.5,341.0,1010.2,220.0
2026-09-27 23:00:00,30.2,27.6,81.0,0.0,4.8,349.0,1010.8,220.0
2026-09-28 00:00:00,,28.9,79.0,0.0,4.0,321.0,1011.6,390.0
2026-09-28 01:00:00,,30.2,71.0,0.0,5.3,315.0,1011.8,710.0
2026-09-28 02:00:00,40.5,31.3,63.0,0.1,7.5,314.0,1011.9,930.0
2026-09-28 03:00:00,30.3,31.4,63.0,0.5,9.4,281.0,1011.8,1075.0
2026-09-28 04:00:00,30.6,31.9,62.0,0.1,8.6,272.0,1010.7,1035.0
2026-09-28 05:00:00,29.2,31.8,62.0,0.0,11.7,266.0,1009.5,1010.0
2026-09-28 06:00:00,,32.5,57.0,0.0,10.3,258.0,1009.0,1005.0
2026-09-28 07:00:00,28.9,32.8,55.0,0.0,10.5,251.0,1008.2,1030.0
2026-09-28 08:00:00,30.8,32.4,55.0,0.0,8.1,252.0,1008.6,1060.0
2026-09-28 09:00:00,26.8,30.9,61.0,0.5,7.3,286.0,1008.8,845.0
2026-09-28 10:00:00,23.6,29.8,68.0,0.1,4.2,353.0,1010.1,465.0
2026-09-28 11:00:00,21.8,28.8,72.0,0.3,4.2,348.0,1011.1,495.0
2026-09-28 12:00:00,27.6,25.2,93.0,0.1,3.9,124.0,1012.6,155.0
2026-09-28 13:00:00,18.2,25.4,94.0,2.2,5.8,99.0,1012.0,140.0
2026-09-28 14:00:00,28.5,25.8,90.0,0.4,6.0,69.0,1012.6,120.0
2026-09-28 15:00:00,,26.2,85.0,0.0,4.3,75.0,1012.3,120.0
2026-09-28 16:00:00,,26.4,83.0,0.0,4.0,54.0,1012.1,110.0
2026-09-28 17:00:00,26.8,26.6,81.0,0.0,3.0,38.0,1011.7,80.0
2026-09-28 18:00:00,31.0,27.3,79.0,0.0,3.3,68.0,1011.4,70.0
2026-09-28 19:00:00,,27.0,80.0,0.0,4.4,60.0,1011.3,60.0
2026-09-28 20:00:00,37.5,26.8,80.0,0.0,4.0,32.0,1010.9,55.0
2026-09-28 21:00:00,38.7,26.8,80.0,0.0,5.0,358.0,1011.0,90.0
2026-09-28 22:00:00,41.1,26.6,82.0,0.0,5.6,358.0,1011.3,125.0
2026-09-28 23:00:00,,27.1,82.0,0.0,5.3,350.0,1012.2,175.0
